Record Length,2500,Points,0.0,4.27999973,,Record Length,2500,Points,0.0,2.4400001,,Record Length,2500,Points,0.0,-39.99999911E-3,,Record Length,2500,Points,0.0,4.83999968,
Sample Interval,200.00000298E-3,s,200.00000298E-3,4.19999981,,Sample Interval,200.00000298E-3,s,200.00000298E-3,2.4400001,,Sample Interval,200.00000298E-3,s,200.00000298E-3,0.0,,Sample Interval,200.00000298E-3,s,200.00000298E-3,4.92000008,
Trigger Point,0.0,Samples,400.00000596E-3,4.19999981,,Trigger Point,0.0,Samples,400.00000596E-3,2.4800000,,Trigger Point,0.0,Samples,400.00000596E-3,0.0,,Trigger Point,0.0,Samples,400.00000596E-3,4.88000011,
,,,600.000023842E-3,4.23999977,,,,,600.000023842E-3,2.5200000,,,,,600.000023842E-3,0.0,,,,,600.000023842E-3,4.88000011,
,,,800.000011921E-3,4.19999981,,,,,800.000011921E-3,2.4400001,,,,,800.000011921E-3,0.0,,,,,800.000011921E-3,4.88000011,
,,,1.000000,4.19999981,,,,,1.000000,2.4400001,,,,,1.000000,0.0,,,,,1.000000,4.88000011,
Source,CH1,,1.2000000,4.23999977,,Source,CH2,,1.2000000,2.4400001,,Source,CH3,,1.2000000,39.99999911E-3,,Source,CH4,,1.2000000,4.88000011,
Vertical Units,Volts,,1.4000000,4.27999973,,Vertical Units,Volts,,1.4000000,2.4800000,,Vertical Units,Volts,,1.4000000,0.0,,Vertical Units,Volts,,1.4000000,4.92000008,
Vertical Scale,999.999977648E-3,,1.6000000,4.23999977,,Vertical Scale,999.999977648E-3,,1.6000000,2.4800000,,Vertical Scale,999.999977648E-3,,1.6000000,0.0,,Vertical Scale,999.999977648E-3,,1.6000000,4.88000011,
Vertical Offset,0,,1.8000001,4.19999981,,Vertical Offset,0,,1.8000001,2.4800000,,Vertical Offset,0,,1.8000001,0.0,,Vertical Offset,0,,1.8000001,4.88000011,
Horizontal Units,s,,2.0000000,3.67999983,,Horizontal Units,s,,2.0000000,3.11999989,,Horizontal Units,s,,2.0000000,0.0,,Horizontal Units,s,,2.0000000,4.96000004,
Horizontal Scale,50.00000075,,2.2000000,4.23999977,,Horizontal Scale,50.00000075,,2.2000000,2.3999999,,Horizontal Scale,50.00000075,,2.2000000,0.0,,Horizontal Scale,50.00000075,,2.2000000,4.92000008,
Pt Fmt,Y,,2.4000001,4.23999977,,Pt Fmt,Y,,2.4000001,2.4800000,,Pt Fmt,Y,,2.4000001,0.0,,Pt Fmt,Y,,2.4000001,4.92000008,
Yzero,-4.00000000,,2.6000001,4.23999977,,Yzero,-4.00000000,,2.6000001,2.4800000,,Yzero,-4.00000000,,2.6000001,0.0,,Yzero,-2.72000000,,2.6000001,4.92000008,
Probe Atten,1.000000,,2.79999995,4.31999969,,Probe Atten,1.000000,,2.79999995,2.3999999,,Probe Atten,1.000000,,2.79999995,0.0,,Probe Atten,1.000000,,2.79999995,4.88000011,
,,,3.00000000,4.23999977,,,,,3.00000000,2.4800000,,,,,3.00000000,39.99999911E-3,,,,,3.00000000,4.88000011,
Note,TDS 2004B - 7:21:30 PM   9/15/2026,,3.20000005,4.23999977,,Note,TDS 2004B - 7:21:30 PM   9/15/2026,,3.20000005,2.4400001,,Note,TDS 2004B - 7:21:30 PM   9/15/2026,,3.20000005,39.99999911E-3,,Note,TDS 2004B - 7:21:30 PM   9/15/2026,,3.20000005,4.88000011,
,,,3.40000010,4.27999973,,,,,3.40000010,2.4400001,,,,,3.40000010,0.0,,,,,3.40000010,4.88000011,
,,,3.60000014,4.23999977,,,,,3.60000014,2.4400001,,,,,3.60000014,0.0,,,,,3.60000014,4.88000011,
,,,3.79999995,4.19999981,,,,,3.79999995,2.4400001,,,,,3.79999995,39.99999911E-3,,,,,3.79999995,4.88000011,
,,,4.00000000,4.19999981,,,,,4.00000000,2.4400001,,,,,4.00000000,0.0,,,,,4.00000000,4.88000011,
,,,4.20000029,4.19999981,,,,,4.20000029,2.4400001,,,,,4.20000029,0.0,,,,,4.20000029,4.88000011,
,,,4.40000010,4.23999977,,,,,4.40000010,2.5200000,,,,,4.40000010,0.0,,,,,4.40000010,4.88000011,
,,,4.59999990,4.27999973,,,,,4.59999990,2.4400001,,,,,4.59999990,0.0,,,,,4.59999990,4.88000011,
,,,4.80000019,4.19999981,,,,,4.80000019,2.4400001,,,,,4.80000019,0.0,,,,,4.80000019,4.88000011,
,,,5.00000000,4.19999981,,,,,5.00000000,2.4800000,,,,,5.00000000,0.0,,,,,5.00000000,4.88000011,
,,,5.20000029,4.23999977,,,,,5.20000029,2.4800000,,,,,5.20000029,0.0,,,,,5.20000029,4.88000011,
,,,5.40000010,4.23999977,,,,,5.40000010,2.4400001,,,,,5.40000010,0.0,,,,,5.40000010,4.88000011,
,,,5.59999990,4.31999969,,,,,5.59999990,2.4400001,,,,,5.59999990,0.0,,,,,5.59999990,4.88000011,
,,,5.80000019,4.27999973,,,,,5.80000019,2.4400001,,,,,5.80000019,0.0,,,,,5.80000019,4.88000011,
,,,6.00000000,4.31999969,,,,,6.00000000,2.4800000,,,,,6.00000000,39.99999911E-3,,,,,6.00000000,4.88000011,
,,,6.20000029,4.31999969,,,,,6.20000029,2.4400001,,,,,6.20000029,0.0,,,,,6.20000029,4.88000011,
,,,6.40000010,4.27999973,,,,,6.40000010,2.3999999,,,,,6.40000010,0.0,,,,,6.40000010,4.88000011,
,,,6.59999990,4.27999973,,,,,6.59999990,2.3999999,,,,,6.59999990,0.0,,,,,6.59999990,4.88000011,
,,,6.80000019,4.27999973,,,,,6.80000019,2.3999999,,,,,6.80000019,0.0,,,,,6.80000019,4.88000011,
,,,7.00000000,4.27999973,,,,,7.00000000,2.4400001,,,,,7.00000000,39.99999911E-3,,,,,7.00000000,4.88000011,
,,,7.20000029,4.23999977,,,,,7.20000029,2.4400001,,,,,7.20000029,0.0,,,,,7.20000029,4.88000011,
,,,7.400000095,4.27999973,,,,,7.400000095,2.4400001,,,,,7.400000095,39.99999911E-3,,,,,7.400000095,4.88000011,
,,,7.599999905,4.19999981,,,,,7.599999905,2.3999999,,,,,7.599999905,0.0,,,,,7.599999905,4.88000011,
,,,7.800000191,4.19999981,,,,,7.800000191,2.4400001,,,,,7.800000191,0.0,,,,,7.800000191,4.88000011,
,,,8.000000000,4.23999977,,,,,8.000000000,2.4400001,,,,,8.000000000,39.99999911E-3,,,,,8.000000000,4.88000011,
,,,8.199999809,4.27999973,,,,,8.199999809,2.4400001,,,,,8.199999809,0.0,,,,,8.199999809,4.88000011,
,,,8.400000572,2.75999999,,,,,8.400000572,4.07999992,,,,,8.400000572,-39.99999911E-3,,,,,8.400000572,4.83999968,
,,,8.600000381,2.5200000,,,,,8.600000381,4.27999973,,,,,8.600000381,0.0,,,,,8.600000381,4.88000011,
,,,8.800000191,2.4400001,,,,,8.800000191,4.27999973,,,,,8.800000191,0.0,,,,,8.800000191,4.88000011,
,,,9.000000000,2.4400001,,,,,9.000000000,4.27999973,,,,,9.000000000,0.0,,,,,9.000000000,4.88000011,
,,,9.199999809,2.4400001,,,,,9.199999809,4.27999973,,,,,9.199999809,0.0,,,,,9.199999809,4.88000011,
,,,9.400000572,2.5999999,,,,,9.400000572,4.11999989,,,,,9.400000572,39.99999911E-3,,,,,9.400000572,4.88000011,
,,,9.600000381,2.6799998,,,,,9.600000381,4.07999992,,,,,9.600000381,0.0,,,,,9.600000381,4.88000011,
,,,9.800000191,2.72000003,,,,,9.800000191,4.07999992,,,,,9.800000191,0.0,,,,,9.800000191,4.92000008,
,,,10.0000000,2.6799998,,,,,10.0000000,4.03999996,,,,,10.0000000,39.99999911E-3,,,,,10.0000000,4.88000011,
,,,10.1999998,2.6799998,,,,,10.1999998,4.03999996,,,,,10.1999998,0.0,,,,,10.1999998,4.88000011,
,,,10.4000006,2.6799998,,,,,10.4000006,4.00000000,,,,,10.4000006,0.0,,,,,10.4000006,4.88000011,
,,,10.6000004,2.6799998,,,,,10.6000004,4.03999996,,,,,10.6000004,0.0,,,,,10.6000004,4.88000011,
,,,10.8000002,2.6799998,,,,,10.8000002,4.03999996,,,,,10.8000002,0.0,,,,,10.8000002,4.88000011,
,,,11.0000000,2.6799998,,,,,11.0000000,4.00000000,,,,,11.0000000,39.99999911E-3,,,,,11.0000000,4.88000011,
,,,11.1999998,2.6799998,,,,,11.1999998,4.00000000,,,,,11.1999998,0.0,,,,,11.1999998,4.88000011,
,,,11.4000006,2.6799998,,,,,11.4000006,3.95999980,,,,,11.4000006,0.0,,,,,11.4000006,4.88000011,
,,,11.6000004,2.6799998,,,,,11.6000004,3.95999980,,,,,11.6000004,0.0,,,,,11.6000004,4.79999971,
,,,11.8000002,2.6799998,,,,,11.8000002,3.95999980,,,,,11.8000002,39.99999911E-3,,,,,11.8000002,4.92000008,
,,,12.0000000,2.6799998,,,,,12.0000000,3.95999980,,,,,12.0000000,0.0,,,,,12.0000000,4.88000011,
,,,12.1999998,2.6799998,,,,,12.1999998,3.91999984,,,,,12.1999998,0.0,,,,,12.1999998,4.88000011,
,,,12.4000006,2.6799998,,,,,12.4000006,3.91999984,,,,,12.4000006,0.0,,,,,12.4000006,4.88000011,
,,,12.6000004,2.6799998,,,,,12.6000004,3.91999984,,,,,12.6000004,0.0,,,,,12.6000004,4.88000011,
,,,12.8000002,2.6799998,,,,,12.8000002,3.91999984,,,,,12.8000002,0.0,,,,,12.8000002,4.83999968,
,,,13.0000000,2.6799998,,,,,13.0000000,3.91999984,,,,,13.0000000,39.99999911E-3,,,,,13.0000000,4.88000011,
,,,13.1999998,2.6799998,,,,,13.1999998,3.87999988,,,,,13.1999998,0.0,,,,,13.1999998,4.88000011,
,,,13.4000006,2.6799998,,,,,13.4000006,3.87999988,,,,,13.4000006,0.0,,,,,13.4000006,4.88000011,
,,,13.6000004,2.6799998,,,,,13.6000004,3.87999988,,,,,13.6000004,0.0,,,,,13.6000004,4.88000011,
,,,13.8000002,2.6799998,,,,,13.8000002,3.79999995,,,,,13.8000002,0.0,,,,,13.8000002,4.88000011,
,,,14.0000000,2.6799998,,,,,14.0000000,3.83999991,,,,,14.0000000,0.0,,,,,14.0000000,4.88000011,
,,,14.1999998,2.6799998,,,,,14.1999998,3.79999995,,,,,14.1999998,0.0,,,,,14.1999998,4.88000011,
,,,14.4000006,2.6799998,,,,,14.4000006,3.79999995,,,,,14.4000006,0.0,,,,,14.4000006,4.88000011,
,,,14.6000004,2.6799998,,,,,14.6000004,3.79999995,,,,,14.6000004,0.0,,,,,14.6000004,4.88000011,
,,,14.8000002,2.6799998,,,,,14.8000002,3.83999991,,,,,14.8000002,0.0,,,,,14.8000002,4.83999968,
,,,15.0000000,2.6799998,,,,,15.0000000,3.79999995,,,,,15.0000000,39.99999911E-3,,,,,15.0000000,4.88000011,
,,,15.1999998,2.6799998,,,,,15.1999998,3.79999995,,,,,15.1999998,0.0,,,,,15.1999998,4.88000011,
,,,15.4000006,2.6799998,,,,,15.4000006,3.75999999,,,,,15.4000006,0.0,,,,,15.4000006,4.88000011,
,,,15.6000004,2.72000003,,,,,15.6000004,3.75999999,,,,,15.6000004,0.0,,,,,15.6000004,4.88000011,
,,,15.8000002,2.6799998,,,,,15.8000002,3.75999999,,,,,15.8000002,0.0,,,,,15.8000002,4.88000011,
,,,16.0000000,2.6799998,,,,,16.0000000,3.67999983,,,,,16.0000000,-39.99999911E-3,,,,,16.0000000,4.83999968,
,,,16.2000008,2.6799998,,,,,16.2000008,3.72000003,,,,,16.2000008,0.0,,,,,16.2000008,4.88000011,
,,,16.3999996,2.6799998,,,,,16.3999996,3.72000003,,,,,16.3999996,39.99999911E-3,,,,,16.3999996,4.88000011,
,,,16.6000004,2.6799998,,,,,16.6000004,3.67999983,,,,,16.6000004,39.99999911E-3,,,,,16.6000004,4.92000008,
,,,16.8000011,2.6799998,,,,,16.8000011,3.72000003,,,,,16.8000011,39.99999911E-3,,,,,16.8000011,4.88000011,
,,,17.0000000,2.6799998,,,,,17.0000000,3.67999983,,,,,17.0000000,0.0,,,,,17.0000000,4.88000011,
,,,17.2000008,2.6799998,,,,,17.2000008,3.67999983,,,,,17.2000008,0.0,,,,,17.2000008,4.88000011,
,,,17.3999996,2.6799998,,,,,17.3999996,3.67999983,,,,,17.3999996,0.0,,,,,17.3999996,4.83999968,
,,,17.6000004,2.6799998,,,,,17.6000004,3.67999983,,,,,17.6000004,0.0,,,,,17.6000004,4.88000011,
,,,17.8000011,2.6799998,,,,,17.8000011,3.59999990,,,,,17.8000011,0.0,,,,,17.8000011,4.88000011,
,,,18.0000000,2.6799998,,,,,18.0000000,3.67999983,,,,,18.0000000,0.0,,,,,18.0000000,4.88000011,
,,,18.2000008,2.6799998,,,,,18.2000008,3.63999987,,,,,18.2000008,0.0,,,,,18.2000008,4.92000008,
,,,18.3999996,2.6399999,,,,,18.3999996,3.63999987,,,,,18.3999996,0.0,,,,,18.3999996,4.88000011,
,,,18.6000004,2.6799998,,,,,18.6000004,3.59999990,,,,,18.6000004,0.0,,,,,18.6000004,4.88000011,
,,,18.8000011,2.72000003,,,,,18.8000011,3.63999987,,,,,18.8000011,0.0,,,,,18.8000011,4.88000011,
,,,19.0000000,2.6799998,,,,,19.0000000,3.55999994,,,,,19.0000000,39.99999911E-3,,,,,19.0000000,4.88000011,
,,,19.2000008,2.6399999,,,,,19.2000008,3.59999990,,,,,19.2000008,39.99999911E-3,,,,,19.2000008,4.92000008,
,,,19.3999996,2.6799998,,,,,19.3999996,3.55999994,,,,,19.3999996,0.0,,,,,19.3999996,4.88000011,
,,,19.6000004,2.6799998,,,,,19.6000004,3.55999994,,,,,19.6000004,39.99999911E-3,,,,,19.6000004,4.88000011,
,,,19.8000011,2.6799998,,,,,19.8000011,3.59999990,,,,,19.8000011,39.99999911E-3,,,,,19.8000011,4.88000011,
,,,20.0000000,2.6799998,,,,,20.0000000,3.55999994,,,,,20.0000000,39.99999911E-3,,,,,20.0000000,4.88000011,
,,,20.20000076,2.6799998,,,,,20.20000076,3.55999994,,,,,20.20000076,39.99999911E-3,,,,,20.20000076,4.88000011,
,,,20.39999962,2.6799998,,,,,20.39999962,3.55999994,,,,,20.39999962,39.99999911E-3,,,,,20.39999962,4.92000008,
,,,20.60000038,2.6799998,,,,,20.60000038,3.51999998,,,,,20.60000038,0.0,,,,,20.60000038,4.88000011,
,,,20.80000114,2.6799998,,,,,20.80000114,3.51999998,,,,,20.80000114,0.0,,,,,20.80000114,4.88000011,
,,,21.00000000,2.6799998,,,,,21.00000000,3.51999998,,,,,21.00000000,0.0,,,,,21.00000000,4.88000011,
,,,21.20000076,2.6799998,,,,,21.20000076,3.55999994,,,,,21.20000076,0.0,,,,,21.20000076,4.88000011,
,,,21.39999962,2.6799998,,,,,21.39999962,3.51999998,,,,,21.39999962,0.0,,,,,21.39999962,4.88000011,
,,,21.60000038,2.72000003,,,,,21.60000038,3.51999998,,,,,21.60000038,0.0,,,,,21.60000038,4.88000011,
,,,21.80000114,2.6799998,,,,,21.80000114,3.48000002,,,,,21.80000114,0.0,,,,,21.80000114,4.88000011,
,,,22.00000000,2.6799998,,,,,22.00000000,3.48000002,,,,,22.00000000,0.0,,,,,22.00000000,4.88000011,
,,,22.20000076,2.6399999,,,,,22.20000076,3.48000002,,,,,22.20000076,0.0,,,,,22.20000076,4.88000011,
,,,22.39999962,2.6799998,,,,,22.39999962,3.48000002,,,,,22.39999962,0.0,,,,,22.39999962,4.88000011,
,,,22.60000038,2.6799998,,,,,22.60000038,3.48000002,,,,,22.60000038,0.0,,,,,22.60000038,4.88000011,
,,,22.80000114,2.6799998,,,,,22.80000114,3.43999982,,,,,22.80000114,39.99999911E-3,,,,,22.80000114,4.88000011,
,,,23.00000000,2.6799998,,,,,23.00000000,3.43999982,,,,,23.00000000,0.0,,,,,23.00000000,4.88000011,
,,,23.20000076,2.6799998,,,,,23.20000076,3.48000002,,,,,23.20000076,39.99999911E-3,,,,,23.20000076,4.88000011,
,,,23.39999962,2.6799998,,,,,23.39999962,3.48000002,,,,,23.39999962,0.0,,,,,23.39999962,4.88000011,
,,,23.60000038,2.6799998,,,,,23.60000038,3.43999982,,,,,23.60000038,0.0,,,,,23.60000038,4.92000008,
,,,23.80000114,2.6399999,,,,,23.80000114,3.43999982,,,,,23.80000114,0.0,,,,,23.80000114,4.88000011,
,,,24.00000000,2.6399999,,,,,24.00000000,3.43999982,,,,,24.00000000,39.99999911E-3,,,,,24.00000000,4.88000011,
,,,24.20000076,2.6399999,,,,,24.20000076,3.43999982,,,,,24.20000076,39.99999911E-3,,,,,24.20000076,4.88000011,
,,,24.39999962,2.6399999,,,,,24.39999962,3.43999982,,,,,24.39999962,39.99999911E-3,,,,,24.39999962,4.88000011,
,,,24.60000038,2.6799998,,,,,24.60000038,3.43999982,,,,,24.60000038,0.0,,,,,24.60000038,4.88000011,
,,,24.80000114,2.6799998,,,,,24.80000114,3.39999986,,,,,24.80000114,0.0,,,,,24.80000114,4.88000011,
,,,25.00000000,2.6799998,,,,,25.00000000,3.39999986,,,,,25.00000000,0.0,,,,,25.00000000,4.79999971,
,,,25.20000076,2.6399999,,,,,25.20000076,3.39999986,,,,,25.20000076,0.0,,,,,25.20000076,4.88000011,
,,,25.39999962,2.6799998,,,,,25.39999962,3.35999990,,,,,25.39999962,0.0,,,,,25.39999962,4.88000011,
,,,25.60000038,2.6399999,,,,,25.60000038,3.39999986,,,,,25.60000038,0.0,,,,,25.60000038,4.88000011,
,,,25.80000114,2.6799998,,,,,25.80000114,3.35999990,,,,,25.80000114,0.0,,,,,25.80000114,4.88000011,
,,,26.00000000,2.6399999,,,,,26.00000000,3.35999990,,,,,26.00000000,0.0,,,,,26.00000000,4.88000011,
,,,26.20000076,2.6799998,,,,,26.20000076,3.27999997,,,,,26.20000076,0.0,,,,,26.20000076,4.88000011,
,,,26.39999962,2.6399999,,,,,26.39999962,3.31999993,,,,,26.39999962,39.99999911E-3,,,,,26.39999962,4.88000011,
,,,26.60000038,2.6399999,,,,,26.60000038,3.35999990,,,,,26.60000038,0.0,,,,,26.60000038,4.92000008,
,,,26.80000114,2.6799998,,,,,26.80000114,3.31999993,,,,,26.80000114,39.99999911E-3,,,,,26.80000114,4.88000011,
,,,27.00000000,2.6799998,,,,,27.00000000,3.35999990,,,,,27.00000000,0.0,,,,,27.00000000,4.92000008,
,,,27.20000076,2.6799998,,,,,27.20000076,3.31999993,,,,,27.20000076,39.99999911E-3,,,,,27.20000076,4.88000011,
,,,27.39999962,2.6799998,,,,,27.39999962,3.31999993,,,,,27.39999962,0.0,,,,,27.39999962,4.88000011,
,,,27.60000038,2.6799998,,,,,27.60000038,3.31999993,,,,,27.60000038,0.0,,,,,27.60000038,4.88000011,
,,,27.80000114,2.6799998,,,,,27.80000114,3.27999997,,,,,27.80000114,39.99999911E-3,,,,,27.80000114,4.88000011,
,,,28.00000000,2.6799998,,,,,28.00000000,3.27999997,,,,,28.00000000,39.99999911E-3,,,,,28.00000000,4.92000008,
,,,28.20000076,2.6399999,,,,,28.20000076,3.27999997,,,,,28.20000076,39.99999911E-3,,,,,28.20000076,4.92000008,
,,,28.39999962,2.6799998,,,,,28.39999962,3.31999993,,,,,28.39999962,39.99999911E-3,,,,,28.39999962,4.88000011,
,,,28.60000038,2.6799998,,,,,28.60000038,3.31999993,,,,,28.60000038,0.0,,,,,28.60000038,4.88000011,
,,,28.80000114,2.6799998,,,,,28.80000114,3.27999997,,,,,28.80000114,0.0,,,,,28.80000114,4.88000011,
,,,29.00000000,2.6799998,,,,,29.00000000,3.27999997,,,,,29.00000000,39.99999911E-3,,,,,29.00000000,4.88000011,
,,,29.20000076,2.6799998,,,,,29.20000076,3.27999997,,,,,29.20000076,39.99999911E-3,,,,,29.20000076,4.92000008,
,,,29.39999962,2.6799998,,,,,29.39999962,3.27999997,,,,,29.39999962,0.0,,,,,29.39999962,4.88000011,
,,,29.60000038,2.6799998,,,,,29.60000038,3.27999997,,,,,29.60000038,0.0,,,,,29.60000038,4.88000011,
,,,29.80000114,2.6399999,,,,,29.80000114,3.27999997,,,,,29.80000114,39.99999911E-3,,,,,29.80000114,4.92000008,
,,,30.00000000,2.6799998,,,,,30.00000000,3.27999997,,,,,30.00000000,0.0,,,,,30.00000000,4.88000011,
,,,30.20000076,2.6799998,,,,,30.20000076,3.27999997,,,,,30.20000076,39.99999911E-3,,,,,30.20000076,4.92000008,
,,,30.39999962,2.6799998,,,,,30.39999962,3.24000001,,,,,30.39999962,39.99999911E-3,,,,,30.39999962,4.92000008,
,,,30.60000038,2.6399999,,,,,30.60000038,3.24000001,,,,,30.60000038,0.0,,,,,30.60000038,4.88000011,
,,,30.80000114,2.6799998,,,,,30.80000114,3.24000001,,,,,30.80000114,39.99999911E-3,,,,,30.80000114,4.88000011,
,,,31.00000000,2.6399999,,,,,31.00000000,3.24000001,,,,,31.00000000,0.0,,,,,31.00000000,4.88000011,
,,,31.20000076,2.6799998,,,,,31.20000076,3.27999997,,,,,31.20000076,39.99999911E-3,,,,,31.20000076,4.88000011,
,,,31.39999962,2.6399999,,,,,31.39999962,3.15999985,,,,,31.39999962,0.0,,,,,31.39999962,4.88000011,
,,,31.60000038,2.6799998,,,,,31.60000038,3.31999993,,,,,31.60000038,39.99999911E-3,,,,,31.60000038,4.88000011,
,,,31.80000114,2.6399999,,,,,31.80000114,3.24000001,,,,,31.80000114,0.0,,,,,31.80000114,4.88000011,
,,,32.00000000,2.6399999,,,,,32.00000000,3.19999981,,,,,32.00000000,39.99999911E-3,,,,,32.00000000,4.88000011,
,,,32.20000076,2.6799998,,,,,32.20000076,3.19999981,,,,,32.20000076,39.99999911E-3,,,,,32.20000076,4.88000011,
,,,32.40000153,2.6799998,,,,,32.40000153,3.19999981,,,,,32.40000153,39.99999911E-3,,,,,32.40000153,4.92000008,
,,,32.60000229,2.6399999,,,,,32.60000229,3.15999985,,,,,32.60000229,0.0,,,,,32.60000229,4.88000011,
,,,32.79999924,2.6399999,,,,,32.79999924,3.15999985,,,,,32.79999924,0.0,,,,,32.79999924,4.88000011,
,,,33.00000000,2.6799998,,,,,33.00000000,3.24000001,,,,,33.00000000,0.0,,,,,33.00000000,4.92000008,
,,,33.20000076,2.6799998,,,,,33.20000076,3.15999985,,,,,33.20000076,0.0,,,,,33.20000076,4.88000011,
,,,33.40000153,2.6799998,,,,,33.40000153,3.15999985,,,,,33.40000153,0.0,,,,,33.40000153,4.88000011,
,,,33.60000229,2.6799998,,,,,33.60000229,3.15999985,,,,,33.60000229,39.99999911E-3,,,,,33.60000229,4.88000011,
,,,33.79999924,2.6799998,,,,,33.79999924,3.15999985,,,,,33.79999924,0.0,,,,,33.79999924,4.83999968,
,,,34.00000000,2.6799998,,,,,34.00000000,3.15999985,,,,,34.00000000,39.99999911E-3,,,,,34.00000000,4.88000011,
,,,34.20000076,2.5999999,,,,,34.20000076,3.15999985,,,,,34.20000076,0.0,,,,,34.20000076,4.88000011,
,,,34.40000153,2.6399999,,,,,34.40000153,3.11999989,,,,,34.40000153,39.99999911E-3,,,,,34.40000153,4.92000008,
,,,34.60000229,2.6399999,,,,,34.60000229,3.15999985,,,,,34.60000229,0.0,,,,,34.60000229,4.92000008,
,,,34.79999924,2.6799998,,,,,34.79999924,3.15999985,,,,,34.79999924,0.0,,,,,34.79999924,4.88000011,
,,,35.00000000,2.6399999,,,,,35.00000000,3.11999989,,,,,35.00000000,39.99999911E-3,,,,,35.00000000,4.88000011,
,,,35.20000076,2.6799998,,,,,35.20000076,3.15999985,,,,,35.20000076,0.0,,,,,35.20000076,4.88000011,
,,,35.40000153,2.6799998,,,,,35.40000153,3.07999992,,,,,35.40000153,0.0,,,,,35.40000153,4.88000011,
,,,35.60000229,2.6399999,,,,,35.60000229,3.07999992,,,,,35.60000229,0.0,,,,,35.60000229,4.83999968,
,,,35.79999924,2.6399999,,,,,35.79999924,3.07999992,,,,,35.79999924,0.0,,,,,35.79999924,4.88000011,
,,,36.00000000,2.6799998,,,,,36.00000000,3.07999992,,,,,36.00000000,0.0,,,,,36.00000000,4.88000011,
,,,36.20000076,2.6799998,,,,,36.20000076,3.07999992,,,,,36.20000076,0.0,,,,,36.20000076,4.88000011,
,,,36.40000153,2.6799998,,,,,36.40000153,3.07999992,,,,,36.40000153,39.99999911E-3,,,,,36.40000153,4.92000008,
,,,36.60000229,2.6799998,,,,,36.60000229,3.11999989,,,,,36.60000229,0.0,,,,,36.60000229,4.88000011,
,,,36.79999924,2.6799998,,,,,36.79999924,3.11999989,,,,,36.79999924,0.0,,,,,36.79999924,4.88000011,
,,,37.00000000,2.6399999,,,,,37.00000000,3.03999996,,,,,37.00000000,0.0,,,,,37.00000000,4.88000011,
,,,37.20000076,2.6799998,,,,,37.20000076,3.07999992,,,,,37.20000076,0.0,,,,,37.20000076,4.88000011,
,,,37.40000153,2.6799998,,,,,37.40000153,3.07999992,,,,,37.40000153,39.99999911E-3,,,,,37.40000153,4.92000008,
,,,37.60000229,2.6799998,,,,,37.60000229,3.07999992,,,,,37.60000229,39.99999911E-3,,,,,37.60000229,4.88000011,
,,,37.79999924,2.6399999,,,,,37.79999924,3.00000000,,,,,37.79999924,0.0,,,,,37.79999924,4.88000011,
,,,38.00000000,2.6399999,,,,,38.00000000,3.03999996,,,,,38.00000000,39.99999911E-3,,,,,38.00000000,4.92000008,
,,,38.20000076,2.6799998,,,,,38.20000076,3.03999996,,,,,38.20000076,0.0,,,,,38.20000076,4.92000008,
,,,38.40000153,2.6799998,,,,,38.40000153,3.03999996,,,,,38.40000153,39.99999911E-3,,,,,38.40000153,4.92000008,
,,,38.60000229,2.6399999,,,,,38.60000229,3.07999992,,,,,38.60000229,0.0,,,,,38.60000229,4.88000011,
,,,38.79999924,2.6399999,,,,,38.79999924,3.00000000,,,,,38.79999924,0.0,,,,,38.79999924,4.88000011,
,,,39.00000000,2.6399999,,,,,39.00000000,3.03999996,,,,,39.00000000,0.0,,,,,39.00000000,4.88000011,
,,,39.20000076,2.6799998,,,,,39.20000076,3.03999996,,,,,39.20000076,39.99999911E-3,,,,,39.20000076,4.88000011,
,,,39.40000153,2.6399999,,,,,39.40000153,3.00000000,,,,,39.40000153,39.99999911E-3,,,,,39.40000153,4.88000011,
,,,39.60000229,2.6799998,,,,,39.60000229,3.00000000,,,,,39.60000229,39.99999911E-3,,,,,39.60000229,4.88000011,
,,,39.79999924,2.6799998,,,,,39.79999924,3.00000000,,,,,39.79999924,39.99999911E-3,,,,,39.79999924,4.92000008,
,,,40.00000000,2.6399999,,,,,40.00000000,3.00000000,,,,,40.00000000,39.99999911E-3,,,,,40.00000000,4.88000011,
,,,40.20000076,2.6799998,,,,,40.20000076,3.03999996,,,,,40.20000076,39.99999911E-3,,,,,40.20000076,4.88000011,
,,,40.40000153,2.6799998,,,,,40.40000153,3.03999996,,,,,40.40000153,0.0,,,,,40.40000153,4.88000011,
,,,40.60000229,2.6399999,,,,,40.60000229,3.03999996,,,,,40.60000229,39.99999911E-3,,,,,40.60000229,4.92000008,
,,,40.79999924,2.6399999,,,,,40.79999924,2.96000004,,,,,40.79999924,0.0,,,,,40.79999924,4.88000011,
,,,41.00000000,2.6399999,,,,,41.00000000,3.00000000,,,,,41.00000000,0.0,,,,,41.00000000,4.88000011,
,,,41.20000076,2.6399999,,,,,41.20000076,3.03999996,,,,,41.20000076,0.0,,,,,41.20000076,4.88000011,
,,,41.40000153,2.6799998,,,,,41.40000153,2.96000004,,,,,41.40000153,0.0,,,,,41.40000153,4.88000011,
,,,41.60000229,2.6399999,,,,,41.60000229,3.00000000,,,,,41.60000229,0.0,,,,,41.60000229,4.88000011,
,,,41.79999924,2.6799998,,,,,41.79999924,3.00000000,,,,,41.79999924,0.0,,,,,41.79999924,4.88000011,
,,,42.00000000,2.6399999,,,,,42.00000000,3.00000000,,,,,42.00000000,0.0,,,,,42.00000000,4.88000011,
,,,42.20000076,2.6399999,,,,,42.20000076,2.96000004,,,,,42.20000076,0.0,,,,,42.20000076,4.88000011,
,,,42.40000153,2.6399999,,,,,42.40000153,2.96000004,,,,,42.40000153,0.0,,,,,42.40000153,4.88000011,
,,,42.60000229,2.6399999,,,,,42.60000229,2.96000004,,,,,42.60000229,0.0,,,,,42.60000229,4.88000011,
,,,42.79999924,2.6399999,,,,,42.79999924,2.96000004,,,,,42.79999924,0.0,,,,,42.79999924,4.88000011,
,,,43.00000000,2.6399999,,,,,43.00000000,2.96000004,,,,,43.00000000,0.0,,,,,43.00000000,4.88000011,
,,,43.20000076,2.6399999,,,,,43.20000076,2.96000004,,,,,43.20000076,0.0,,,,,43.20000076,4.88000011,
,,,43.40000153,2.6399999,,,,,43.40000153,2.96000004,,,,,43.40000153,39.99999911E-3,,,,,43.40000153,4.88000011,
,,,43.60000229,2.6799998,,,,,43.60000229,2.96000004,,,,,43.60000229,39.99999911E-3,,,,,43.60000229,4.88000011,
,,,43.79999924,2.6399999,,,,,43.79999924,2.96000004,,,,,43.79999924,0.0,,,,,43.79999924,4.88000011,
,,,44.00000000,2.6799998,,,,,44.00000000,2.91999984,,,,,44.00000000,0.0,,,,,44.00000000,4.88000011,
,,,44.20000076,2.6399999,,,,,44.20000076,2.96000004,,,,,44.20000076,0.0,,,,,44.20000076,4.88000011,
,,,44.40000153,2.6399999,,,,,44.40000153,2.91999984,,,,,44.40000153,0.0,,,,,44.40000153,4.88000011,
,,,44.60000229,2.6399999,,,,,44.60000229,2.91999984,,,,,44.60000229,0.0,,,,,44.60000229,4.88000011,
,,,44.79999924,2.6799998,,,,,44.79999924,2.96000004,,,,,44.79999924,39.99999911E-3,,,,,44.79999924,4.92000008,
,,,45.00000000,2.6399999,,,,,45.00000000,2.87999988,,,,,45.00000000,0.0,,,,,45.00000000,4.88000011,
,,,45.20000076,2.6799998,,,,,45.20000076,2.91999984,,,,,45.20000076,0.0,,,,,45.20000076,4.88000011,
,,,45.40000153,2.6399999,,,,,45.40000153,2.91999984,,,,,45.40000153,0.0,,,,,45.40000153,4.88000011,
,,,45.60000229,2.6799998,,,,,45.60000229,2.91999984,,,,,45.60000229,39.99999911E-3,,,,,45.60000229,4.88000011,
,,,45.79999924,2.6799998,,,,,45.79999924,2.87999988,,,,,45.79999924,39.99999911E-3,,,,,45.79999924,4.88000011,
,,,46.00000000,2.6799998,,,,,46.00000000,2.91999984,,,,,46.00000000,0.0,,,,,46.00000000,4.88000011,
,,,46.20000076,2.6399999,,,,,46.20000076,2.91999984,,,,,46.20000076,0.0,,,,,46.20000076,4.88000011,
,,,46.40000153,2.6799998,,,,,46.40000153,2.87999988,,,,,46.40000153,39.99999911E-3,,,,,46.40000153,4.88000011,
,,,46.60000229,2.6399999,,,,,46.60000229,2.91999984,,,,,46.60000229,39.99999911E-3,,,,,46.60000229,4.88000011,
,,,46.79999924,2.6399999,,,,,46.79999924,2.91999984,,,,,46.79999924,39.99999911E-3,,,,,46.79999924,4.92000008,
,,,47.00000000,2.6399999,,,,,47.00000000,2.87999988,,,,,47.00000000,0.0,,,,,47.00000000,4.88000011,
,,,47.20000076,2.6399999,,,,,47.20000076,2.87999988,,,,,47.20000076,0.0,,,,,47.20000076,4.88000011,
,,,47.40000153,2.6399999,,,,,47.40000153,2.87999988,,,,,47.40000153,39.99999911E-3,,,,,47.40000153,4.88000011,
,,,47.60000229,2.6399999,,,,,47.60000229,2.87999988,,,,,47.60000229,0.0,,,,,47.60000229,4.88000011,
,,,47.79999924,2.6799998,,,,,47.79999924,2.87999988,,,,,47.79999924,39.99999911E-3,,,,,47.79999924,4.88000011,
,,,48.00000000,2.6399999,,,,,48.00000000,2.87999988,,,,,48.00000000,0.0,,,,,48.00000000,4.88000011,
,,,48.20000076,2.6399999,,,,,48.20000076,2.87999988,,,,,48.20000076,39.99999911E-3,,,,,48.20000076,4.92000008,
,,,48.40000153,2.6399999,,,,,48.40000153,2.87999988,,,,,48.40000153,0.0,,,,,48.40000153,4.88000011,
,,,48.60000229,2.6399999,,,,,48.60000229,2.83999991,,,,,48.60000229,0.0,,,,,48.60000229,4.88000011,
,,,48.79999924,2.6799998,,,,,48.79999924,2.87999988,,,,,48.79999924,39.99999911E-3,,,,,48.79999924,4.88000011,
,,,49.00000000,2.6399999,,,,,49.00000000,2.83999991,,,,,49.00000000,0.0,,,,,49.00000000,4.88000011,
,,,49.20000076,2.6399999,,,,,49.20000076,2.83999991,,,,,49.20000076,0.0,,,,,49.20000076,4.88000011,
,,,49.40000153,2.6399999,,,,,49.40000153,2.87999988,,,,,49.40000153,0.0,,,,,49.40000153,4.88000011,
,,,49.60000229,2.6399999,,,,,49.60000229,2.83999991,,,,,49.60000229,39.99999911E-3,,,,,49.60000229,4.88000011,
,,,49.79999924,2.6799998,,,,,49.79999924,2.87999988,,,,,49.79999924,0.0,,,,,49.79999924,4.88000011,
,,,50.00000000,2.6399999,,,,,50.00000000,2.83999991,,,,,50.00000000,0.0,,,,,50.00000000,4.88000011,
,,,50.20000076,2.6399999,,,,,50.20000076,2.87999988,,,,,50.20000076,39.99999911E-3,,,,,50.20000076,4.83999968,
,,,50.40000153,2.6799998,,,,,50.40000153,2.87999988,,,,,50.40000153,0.0,,,,,50.40000153,4.88000011,
,,,50.60000229,2.6399999,,,,,50.60000229,2.83999991,,,,,50.60000229,0.0,,,,,50.60000229,4.88000011,
,,,50.79999924,2.6399999,,,,,50.79999924,2.87999988,,,,,50.79999924,39.99999911E-3,,,,,50.79999924,4.88000011,
,,,51.00000000,2.6399999,,,,,51.00000000,2.79999995,,,,,51.00000000,0.0,,,,,51.00000000,4.83999968,
,,,51.20000076,2.6399999,,,,,51.20000076,2.79999995,,,,,51.20000076,0.0,,,,,51.20000076,4.88000011,
,,,51.40000153,2.6799998,,,,,51.40000153,2.83999991,,,,,51.40000153,0.0,,,,,51.40000153,4.88000011,
,,,51.60000229,2.6399999,,,,,51.60000229,2.87999988,,,,,51.60000229,0.0,,,,,51.60000229,4.79999971,
,,,51.79999924,2.6799998,,,,,51.79999924,2.79999995,,,,,51.79999924,39.99999911E-3,,,,,51.79999924,4.88000011,
,,,52.00000000,2.6399999,,,,,52.00000000,2.87999988,,,,,52.00000000,0.0,,,,,52.00000000,4.88000011,
,,,52.20000076,2.6399999,,,,,52.20000076,2.91999984,,,,,52.20000076,0.0,,,,,52.20000076,4.88000011,
,,,52.40000153,2.6399999,,,,,52.40000153,2.83999991,,,,,52.40000153,0.0,,,,,52.40000153,4.88000011,
,,,52.60000229,2.6399999,,,,,52.60000229,2.79999995,,,,,52.60000229,0.0,,,,,52.60000229,4.83999968,
,,,52.79999924,2.6799998,,,,,52.79999924,2.79999995,,,,,52.79999924,0.0,,,,,52.79999924,4.83999968,
,,,53.00000000,2.6399999,,,,,53.00000000,2.83999991,,,,,53.00000000,0.0,,,,,53.00000000,4.88000011,
,,,53.20000076,2.6799998,,,,,53.20000076,2.79999995,,,,,53.20000076,39.99999911E-3,,,,,53.20000076,4.88000011,
,,,53.40000153,2.6799998,,,,,53.40000153,2.79999995,,,,,53.40000153,0.0,,,,,53.40000153,4.88000011,
,,,53.60000229,2.6399999,,,,,53.60000229,2.79999995,,,,,53.60000229,39.99999911E-3,,,,,53.60000229,4.88000011,
,,,53.79999924,2.6799998,,,,,53.79999924,2.79999995,,,,,53.79999924,0.0,,,,,53.79999924,4.88000011,
,,,54.00000000,2.6799998,,,,,54.00000000,2.79999995,,,,,54.00000000,0.0,,,,,54.00000000,4.88000011,
,,,54.20000076,2.6799998,,,,,54.20000076,2.79999995,,,,,54.20000076,0.0,,,,,54.20000076,4.92000008,
,,,54.40000153,2.6799998,,,,,54.40000153,2.83999991,,,,,54.40000153,0.0,,,,,54.40000153,4.88000011,
,,,54.600002289,2.6399999,,,,,54.600002289,2.79999995,,,,,54.600002289,39.99999911E-3,,,,,54.600002289,4.92000008,
,,,54.799999237,2.6799998,,,,,54.799999237,2.79999995,,,,,54.799999237,39.99999911E-3,,,,,54.799999237,4.88000011,
,,,55.000000000,2.6399999,,,,,55.000000000,2.79999995,,,,,55.000000000,39.99999911E-3,,,,,55.000000000,4.88000011,
,,,55.200000763,2.6799998,,,,,55.200000763,2.79999995,,,,,55.200000763,0.0,,,,,55.200000763,4.88000011,
,,,55.400001526,2.6399999,,,,,55.400001526,2.79999995,,,,,55.400001526,39.99999911E-3,,,,,55.400001526,4.88000011,
,,,55.600002289,2.6799998,,,,,55.600002289,2.75999999,,,,,55.600002289,0.0,,,,,55.600002289,4.88000011,
,,,55.799999237,2.6399999,,,,,55.799999237,2.75999999,,,,,55.799999237,0.0,,,,,55.799999237,4.88000011,
,,,56.000000000,2.6399999,,,,,56.000000000,2.75999999,,,,,56.000000000,39.99999911E-3,,,,,56.000000000,4.92000008,
,,,56.200000763,2.6399999,,,,,56.200000763,2.75999999,,,,,56.200000763,39.99999911E-3,,,,,56.200000763,4.88000011,
,,,56.400001526,2.6799998,,,,,56.400001526,2.79999995,,,,,56.400001526,0.0,,,,,56.400001526,4.88000011,
,,,56.600002289,2.6799998,,,,,56.600002289,2.75999999,,,,,56.600002289,0.0,,,,,56.600002289,4.88000011,
,,,56.799999237,2.6399999,,,,,56.799999237,2.75999999,,,,,56.799999237,0.0,,,,,56.799999237,4.83999968,
,,,57.000000000,2.6399999,,,,,57.000000000,2.75999999,,,,,57.000000000,0.0,,,,,57.000000000,4.88000011,
,,,57.200000763,2.6399999,,,,,57.200000763,2.75999999,,,,,57.200000763,0.0,,,,,57.200000763,4.88000011,
,,,57.400001526,2.6399999,,,,,57.400001526,2.75999999,,,,,57.400001526,0.0,,,,,57.400001526,4.88000011,
,,,57.600002289,2.6399999,,,,,57.600002289,2.75999999,,,,,57.600002289,0.0,,,,,57.600002289,4.88000011,
,,,57.799999237,2.6399999,,,,,57.799999237,2.75999999,,,,,57.799999237,39.99999911E-3,,,,,57.799999237,4.88000011,
,,,58.000000000,2.6399999,,,,,58.000000000,2.75999999,,,,,58.000000000,39.99999911E-3,,,,,58.000000000,4.88000011,
,,,58.200000763,2.6799998,,,,,58.200000763,2.79999995,,,,,58.200000763,39.99999911E-3,,,,,58.200000763,4.88000011,
,,,58.400001526,2.6399999,,,,,58.400001526,2.75999999,,,,,58.400001526,0.0,,,,,58.400001526,4.88000011,
,,,58.600002289,2.6799998,,,,,58.600002289,2.75999999,,,,,58.600002289,39.99999911E-3,,,,,58.600002289,4.88000011,
,,,58.799999237,2.6799998,,,,,58.799999237,2.75999999,,,,,58.799999237,0.0,,,,,58.799999237,4.88000011,
,,,59.000000000,2.6399999,,,,,59.000000000,2.72000003,,,,,59.000000000,0.0,,,,,59.000000000,4.88000011,
,,,59.200000763,2.6799998,,,,,59.200000763,2.75999999,,,,,59.200000763,0.0,,,,,59.200000763,4.88000011,
,,,59.400001526,2.6799998,,,,,59.400001526,2.75999999,,,,,59.400001526,39.99999911E-3,,,,,59.400001526,4.88000011,
,,,59.600002289,2.6799998,,,,,59.600002289,2.75999999,,,,,59.600002289,0.0,,,,,59.600002289,4.88000011,
,,,59.799999237,2.6399999,,,,,59.799999237,2.75999999,,,,,59.799999237,0.0,,,,,59.799999237,4.88000011,
,,,60.000000000,2.6399999,,,,,60.000000000,2.75999999,,,,,60.000000000,0.0,,,,,60.000000000,4.88000011,
,,,60.200000763,2.6799998,,,,,60.200000763,2.72000003,,,,,60.200000763,0.0,,,,,60.200000763,4.88000011,
,,,60.400001526,2.6399999,,,,,60.400001526,2.72000003,,,,,60.400001526,0.0,,,,,60.400001526,4.88000011,
,,,60.600002289,2.6799998,,,,,60.600002289,2.72000003,,,,,60.600002289,0.0,,,,,60.600002289,4.88000011,
,,,60.799999237,2.6399999,,,,,60.799999237,2.75999999,,,,,60.799999237,39.99999911E-3,,,,,60.799999237,4.88000011,
,,,61.000000000,2.6399999,,,,,61.000000000,2.75999999,,,,,61.000000000,0.0,,,,,61.000000000,4.88000011,
,,,61.200000763,2.6799998,,,,,61.200000763,2.6799998,,,,,61.200000763,0.0,,,,,61.200000763,4.88000011,
,,,61.400001526,2.6399999,,,,,61.400001526,2.75999999,,,,,61.400001526,0.0,,,,,61.400001526,4.88000011,
,,,61.600002289,2.6799998,,,,,61.600002289,2.72000003,,,,,61.600002289,0.0,,,,,61.600002289,4.88000011,
,,,61.799999237,2.6399999,,,,,61.799999237,2.72000003,,,,,61.799999237,39.99999911E-3,,,,,61.799999237,4.88000011,
,,,62.000000000,2.6399999,,,,,62.000000000,2.72000003,,,,,62.000000000,0.0,,,,,62.000000000,4.88000011,
,,,62.200000763,2.6399999,,,,,62.200000763,2.72000003,,,,,62.200000763,0.0,,,,,62.200000763,4.88000011,
,,,62.400001526,2.6799998,,,,,62.400001526,2.75999999,,,,,62.400001526,39.99999911E-3,,,,,62.400001526,4.92000008,
,,,62.600002289,2.6399999,,,,,62.600002289,2.72000003,,,,,62.600002289,0.0,,,,,62.600002289,4.88000011,
,,,62.799999237,2.6799998,,,,,62.799999237,2.75999999,,,,,62.799999237,39.99999911E-3,,,,,62.799999237,4.88000011,
,,,63.000000000,2.6399999,,,,,63.000000000,2.75999999,,,,,63.000000000,39.99999911E-3,,,,,63.000000000,4.88000011,
,,,63.200000763,2.6399999,,,,,63.200000763,2.6799998,,,,,63.200000763,0.0,,,,,63.200000763,4.88000011,
,,,63.400001526,2.6799998,,,,,63.400001526,2.75999999,,,,,63.400001526,0.0,,,,,63.400001526,4.88000011,
,,,63.600002289,2.6399999,,,,,63.600002289,2.72000003,,,,,63.600002289,39.99999911E-3,,,,,63.600002289,4.92000008,
,,,63.799999237,2.6399999,,,,,63.799999237,2.72000003,,,,,63.799999237,0.0,,,,,63.799999237,4.88000011,
,,,64.000000000,2.6399999,,,,,64.000000000,2.6799998,,,,,64.000000000,39.99999911E-3,,,,,64.000000000,4.88000011,
,,,64.200004578,2.6399999,,,,,64.200004578,2.6799998,,,,,64.200004578,0.0,,,,,64.200004578,4.92000008,
,,,64.400001526,2.6399999,,,,,64.400001526,2.6799998,,,,,64.400001526,0.0,,,,,64.400001526,4.88000011,
,,,64.599998474,2.6399999,,,,,64.599998474,2.6799998,,,,,64.599998474,0.0,,,,,64.599998474,4.92000008,
,,,64.800003052,2.6799998,,,,,64.800003052,2.6399999,,,,,64.800003052,0.0,,,,,64.800003052,4.88000011,
,,,65.000000000,2.6399999,,,,,65.000000000,2.6799998,,,,,65.000000000,39.99999911E-3,,,,,65.000000000,4.88000011,
,,,65.200004578,2.6799998,,,,,65.200004578,2.6799998,,,,,65.200004578,39.99999911E-3,,,,,65.200004578,4.88000011,
,,,65.400001526,2.6399999,,,,,65.400001526,2.6799998,,,,,65.400001526,39.99999911E-3,,,,,65.400001526,4.88000011,
,,,65.599998474,2.6399999,,,,,65.599998474,2.72000003,,,,,65.599998474,0.0,,,,,65.599998474,4.88000011,
,,,65.800003052,2.6799998,,,,,65.800003052,2.6799998,,,,,65.800003052,39.99999911E-3,,,,,65.800003052,4.92000008,
,,,66.000000000,2.6399999,,,,,66.000000000,2.6799998,,,,,66.000000000,0.0,,,,,66.000000000,4.88000011,
,,,66.200004578,2.6399999,,,,,66.200004578,2.6799998,,,,,66.200004578,39.99999911E-3,,,,,66.200004578,4.88000011,
,,,66.400001526,2.6399999,,,,,66.400001526,2.6799998,,,,,66.400001526,0.0,,,,,66.400001526,4.88000011,
,,,66.599998474,2.6399999,,,,,66.599998474,2.6799998,,,,,66.599998474,0.0,,,,,66.599998474,4.88000011,
,,,66.800003052,2.6399999,,,,,66.800003052,2.6799998,,,,,66.800003052,39.99999911E-3,,,,,66.800003052,4.92000008,
,,,67.000000000,2.6399999,,,,,67.000000000,2.6799998,,,,,67.000000000,39.99999911E-3,,,,,67.000000000,4.88000011,
,,,67.200004578,2.6399999,,,,,67.200004578,2.6799998,,,,,67.200004578,39.99999911E-3,,,,,67.200004578,4.88000011,
,,,67.400001526,2.6399999,,,,,67.400001526,2.6399999,,,,,67.400001526,0.0,,,,,67.400001526,4.92000008,
,,,67.599998474,2.6799998,,,,,67.599998474,2.6799998,,,,,67.599998474,0.0,,,,,67.599998474,4.92000008,
,,,67.800003052,2.6399999,,,,,67.800003052,2.6799998,,,,,67.800003052,39.99999911E-3,,,,,67.800003052,4.92000008,
,,,68.000000000,2.6399999,,,,,68.000000000,2.6799998,,,,,68.000000000,0.0,,,,,68.000000000,4.88000011,
,,,68.200004578,2.6399999,,,,,68.200004578,2.6799998,,,,,68.200004578,0.0,,,,,68.200004578,4.88000011,
,,,68.400001526,2.6399999,,,,,68.400001526,2.6799998,,,,,68.400001526,0.0,,,,,68.400001526,4.88000011,
,,,68.599998474,2.6399999,,,,,68.599998474,2.6799998,,,,,68.599998474,39.99999911E-3,,,,,68.599998474,4.83999968,
,,,68.800003052,2.6399999,,,,,68.800003052,2.6799998,,,,,68.800003052,0.0,,,,,68.800003052,4.88000011,
,,,69.000000000,2.6399999,,,,,69.000000000,2.6399999,,,,,69.000000000,39.99999911E-3,,,,,69.000000000,4.92000008,
,,,69.200004578,2.6399999,,,,,69.200004578,2.6399999,,,,,69.200004578,39.99999911E-3,,,,,69.200004578,4.88000011,
,,,69.400001526,2.6799998,,,,,69.400001526,2.6799998,,,,,69.400001526,39.99999911E-3,,,,,69.400001526,4.88000011,
,,,69.599998474,2.6399999,,,,,69.599998474,2.6399999,,,,,69.599998474,0.0,,,,,69.599998474,4.88000011,
,,,69.800003052,2.6399999,,,,,69.800003052,2.6799998,,,,,69.800003052,0.0,,,,,69.800003052,4.88000011,
,,,70.000000000,2.6399999,,,,,70.000000000,2.6399999,,,,,70.000000000,39.99999911E-3,,,,,70.000000000,4.88000011,
,,,70.200004578,2.6399999,,,,,70.200004578,2.6399999,,,,,70.200004578,0.0,,,,,70.200004578,4.88000011,
,,,70.400001526,2.6399999,,,,,70.400001526,2.6399999,,,,,70.400001526,39.99999911E-3,,,,,70.400001526,4.88000011,
,,,70.599998474,2.6399999,,,,,70.599998474,2.6799998,,,,,70.599998474,0.0,,,,,70.599998474,4.92000008,
,,,70.800003052,2.6399999,,,,,70.800003052,2.6399999,,,,,70.800003052,0.0,,,,,70.800003052,4.88000011,
,,,71.000000000,2.6399999,,,,,71.000000000,2.6799998,,,,,71.000000000,0.0,,,,,71.000000000,4.88000011,
,,,71.200004578,2.6399999,,,,,71.200004578,2.6399999,,,,,71.200004578,0.0,,,,,71.200004578,4.88000011,
,,,71.400001526,2.6399999,,,,,71.400001526,2.6399999,,,,,71.400001526,0.0,,,,,71.400001526,4.88000011,
,,,71.599998474,2.6399999,,,,,71.599998474,2.6399999,,,,,71.599998474,39.99999911E-3,,,,,71.599998474,4.88000011,
,,,71.800003052,2.6399999,,,,,71.800003052,2.6799998,,,,,71.800003052,39.99999911E-3,,,,,71.800003052,4.88000011,
,,,72.000000000,2.6399999,,,,,72.000000000,2.6399999,,,,,72.000000000,39.99999911E-3,,,,,72.000000000,4.92000008,
,,,72.200004578,2.6799998,,,,,72.200004578,2.6799998,,,,,72.200004578,39.99999911E-3,,,,,72.200004578,4.92000008,
,,,72.400001526,2.6799998,,,,,72.400001526,2.6799998,,,,,72.400001526,39.99999911E-3,,,,,72.400001526,4.88000011,
,,,72.599998474,2.6399999,,,,,72.599998474,2.6399999,,,,,72.599998474,0.0,,,,,72.599998474,4.88000011,
,,,72.800003052,2.6799998,,,,,72.800003052,2.5599999,,,,,72.800003052,0.0,,,,,72.800003052,4.88000011,
,,,73.000000000,2.6799998,,,,,73.000000000,2.5999999,,,,,73.000000000,0.0,,,,,73.000000000,4.88000011,
,,,73.200004578,2.6799998,,,,,73.200004578,2.6399999,,,,,73.200004578,0.0,,,,,73.200004578,4.88000011,
,,,73.400001526,2.6799998,,,,,73.400001526,2.5999999,,,,,73.400001526,0.0,,,,,73.400001526,4.92000008,
,,,73.599998474,2.6399999,,,,,73.599998474,2.6399999,,,,,73.599998474,39.99999911E-3,,,,,73.599998474,4.88000011,
,,,73.800003052,2.6799998,,,,,73.800003052,2.6399999,,,,,73.800003052,39.99999911E-3,,,,,73.800003052,4.88000011,
,,,74.000000000,2.6799998,,,,,74.000000000,2.6399999,,,,,74.000000000,39.99999911E-3,,,,,74.000000000,4.88000011,
,,,74.200004578,2.6399999,,,,,74.200004578,2.6399999,,,,,74.200004578,0.0,,,,,74.200004578,4.92000008,
,,,74.400001526,2.6399999,,,,,74.400001526,2.6399999,,,,,74.400001526,0.0,,,,,74.400001526,4.88000011,
,,,74.599998474,2.6399999,,,,,74.599998474,2.6399999,,,,,74.599998474,39.99999911E-3,,,,,74.599998474,4.88000011,
,,,74.800003052,2.6399999,,,,,74.800003052,2.5999999,,,,,74.800003052,0.0,,,,,74.800003052,4.88000011,
,,,75.000000000,2.6399999,,,,,75.000000000,2.5200000,,,,,75.000000000,0.0,,,,,75.000000000,4.92000008,
,,,75.200004578,2.6399999,,,,,75.200004578,2.5599999,,,,,75.200004578,39.99999911E-3,,,,,75.200004578,4.92000008,
,,,75.400001526,2.6399999,,,,,75.400001526,2.5999999,,,,,75.400001526,0.0,,,,,75.400001526,4.88000011,
,,,75.599998474,2.6399999,,,,,75.599998474,2.5999999,,,,,75.599998474,0.0,,,,,75.599998474,4.88000011,
,,,75.800003052,2.6399999,,,,,75.800003052,2.5599999,,,,,75.800003052,0.0,,,,,75.800003052,4.88000011,
,,,76.000000000,2.6399999,,,,,76.000000000,2.5599999,,,,,76.000000000,39.99999911E-3,,,,,76.000000000,4.92000008,
,,,76.200004578,2.6399999,,,,,76.200004578,2.5999999,,,,,76.200004578,0.0,,,,,76.200004578,4.88000011,
,,,76.400001526,2.6399999,,,,,76.400001526,2.5599999,,,,,76.400001526,0.0,,,,,76.400001526,4.88000011,
,,,76.599998474,2.6399999,,,,,76.599998474,2.5999999,,,,,76.599998474,39.99999911E-3,,,,,76.599998474,4.88000011,
,,,76.800003052,2.6399999,,,,,76.800003052,2.5999999,,,,,76.800003052,0.0,,,,,76.800003052,4.88000011,
,,,77.000000000,2.6799998,,,,,77.000000000,2.5999999,,,,,77.000000000,0.0,,,,,77.000000000,4.88000011,
,,,77.200004578,2.6399999,,,,,77.200004578,2.5999999,,,,,77.200004578,0.0,,,,,77.200004578,4.83999968,
,,,77.400001526,2.6799998,,,,,77.400001526,2.5999999,,,,,77.400001526,0.0,,,,,77.400001526,4.88000011,
,,,77.599998474,2.6799998,,,,,77.599998474,2.5999999,,,,,77.599998474,0.0,,,,,77.599998474,4.88000011,
,,,77.800003052,2.6399999,,,,,77.800003052,2.6399999,,,,,77.800003052,0.0,,,,,77.800003052,4.88000011,
,,,78.000000000,2.6399999,,,,,78.000000000,2.5999999,,,,,78.000000000,0.0,,,,,78.000000000,4.88000011,
,,,78.200004578,2.6399999,,,,,78.200004578,2.5999999,,,,,78.200004578,0.0,,,,,78.200004578,4.88000011,
,,,78.400001526,2.6399999,,,,,78.400001526,2.5999999,,,,,78.400001526,39.99999911E-3,,,,,78.400001526,4.88000011,
,,,78.599998474,2.6399999,,,,,78.599998474,2.5999999,,,,,78.599998474,0.0,,,,,78.599998474,4.88000011,
,,,78.800003052,2.6799998,,,,,78.800003052,2.5999999,,,,,78.800003052,0.0,,,,,78.800003052,4.88000011,
,,,79.000000000,2.6399999,,,,,79.000000000,2.5999999,,,,,79.000000000,39.99999911E-3,,,,,79.000000000,4.92000008,
,,,79.200004578,2.6399999,,,,,79.200004578,2.5999999,,,,,79.200004578,39.99999911E-3,,,,,79.200004578,4.88000011,
,,,79.400001526,2.6799998,,,,,79.400001526,2.6399999,,,,,79.400001526,39.99999911E-3,,,,,79.400001526,4.88000011,
,,,79.599998474,2.6399999,,,,,79.599998474,2.5999999,,,,,79.599998474,0.0,,,,,79.599998474,4.88000011,
,,,79.800003052,2.6799998,,,,,79.800003052,2.5599999,,,,,79.800003052,0.0,,,,,79.800003052,4.83999968,
,,,80.000000000,2.6399999,,,,,80.000000000,2.5999999,,,,,80.000000000,0.0,,,,,80.000000000,4.88000011,
,,,80.200004578,2.6799998,,,,,80.200004578,2.5999999,,,,,80.200004578,0.0,,,,,80.200004578,4.88000011,
,,,80.400001526,2.6399999,,,,,80.400001526,2.5999999,,,,,80.400001526,0.0,,,,,80.400001526,4.92000008,
,,,80.599998474,2.6399999,,,,,80.599998474,2.6399999,,,,,80.599998474,0.0,,,,,80.599998474,4.88000011,
,,,80.800003052,2.6399999,,,,,80.800003052,2.5599999,,,,,80.800003052,0.0,,,,,80.800003052,4.88000011,
,,,81.000000000,2.6799998,,,,,81.000000000,2.6399999,,,,,81.000000000,0.0,,,,,81.000000000,4.88000011,
,,,81.200004578,2.6799998,,,,,81.200004578,2.5999999,,,,,81.200004578,0.0,,,,,81.200004578,4.88000011,
,,,81.400001526,2.6399999,,,,,81.400001526,2.5999999,,,,,81.400001526,39.99999911E-3,,,,,81.400001526,4.88000011,
,,,81.599998474,2.6399999,,,,,81.599998474,2.5999999,,,,,81.599998474,39.99999911E-3,,,,,81.599998474,4.88000011,
,,,81.800003052,2.6399999,,,,,81.800003052,2.5599999,,,,,81.800003052,0.0,,,,,81.800003052,4.88000011,
,,,82.000000000,2.6399999,,,,,82.000000000,2.5599999,,,,,82.000000000,0.0,,,,,82.000000000,4.88000011,
,,,82.200004578,2.6799998,,,,,82.200004578,2.5999999,,,,,82.200004578,39.99999911E-3,,,,,82.200004578,4.88000011,
,,,82.400001526,2.6399999,,,,,82.400001526,2.5999999,,,,,82.400001526,0.0,,,,,82.400001526,4.83999968,
,,,82.599998474,2.6399999,,,,,82.599998474,2.5999999,,,,,82.599998474,0.0,,,,,82.599998474,4.88000011,
,,,82.800003052,2.6399999,,,,,82.800003052,2.5599999,,,,,82.800003052,39.99999911E-3,,,,,82.800003052,4.88000011,
,,,83.000000000,2.6399999,,,,,83.000000000,2.5599999,,,,,83.000000000,0.0,,,,,83.000000000,4.88000011,
,,,83.200004578,2.6399999,,,,,83.200004578,2.5999999,,,,,83.200004578,0.0,,,,,83.200004578,4.92000008,
,,,83.400001526,2.6399999,,,,,83.400001526,2.5599999,,,,,83.400001526,39.99999911E-3,,,,,83.400001526,4.88000011,
,,,83.599998474,2.6399999,,,,,83.599998474,2.5999999,,,,,83.599998474,0.0,,,,,83.599998474,4.83999968,
,,,83.800003052,2.6799998,,,,,83.800003052,2.5599999,,,,,83.800003052,39.99999911E-3,,,,,83.800003052,4.92000008,
,,,84.000000000,2.6399999,,,,,84.000000000,2.5599999,,,,,84.000000000,39.99999911E-3,,,,,84.000000000,4.88000011,
,,,84.200004578,2.6399999,,,,,84.200004578,2.5599999,,,,,84.200004578,39.99999911E-3,,,,,84.200004578,4.92000008,
,,,84.400001526,2.6399999,,,,,84.400001526,2.4800000,,,,,84.400001526,0.0,,,,,84.400001526,4.88000011,
,,,84.599998474,2.6399999,,,,,84.599998474,2.5999999,,,,,84.599998474,0.0,,,,,84.599998474,4.83999968,
,,,84.800003052,2.6399999,,,,,84.800003052,2.5599999,,,,,84.800003052,39.99999911E-3,,,,,84.800003052,4.88000011,
,,,85.000000000,2.6399999,,,,,85.000000000,2.5599999,,,,,85.000000000,0.0,,,,,85.000000000,4.92000008,
,,,85.200004578,2.6399999,,,,,85.200004578,2.5599999,,,,,85.200004578,0.0,,,,,85.200004578,4.92000008,
,,,85.400001526,2.6399999,,,,,85.400001526,2.5599999,,,,,85.400001526,0.0,,,,,85.400001526,4.88000011,
,,,85.599998474,2.6799998,,,,,85.599998474,2.5599999,,,,,85.599998474,39.99999911E-3,,,,,85.599998474,4.88000011,
,,,85.800003052,2.6799998,,,,,85.800003052,2.5999999,,,,,85.800003052,39.99999911E-3,,,,,85.800003052,4.88000011,
,,,86.000000000,2.6799998,,,,,86.000000000,2.5599999,,,,,86.000000000,0.0,,,,,86.000000000,4.88000011,
,,,86.200004578,2.6399999,,,,,86.200004578,2.5599999,,,,,86.200004578,39.99999911E-3,,,,,86.200004578,4.92000008,
,,,86.400001526,2.6399999,,,,,86.400001526,2.5599999,,,,,86.400001526,0.0,,,,,86.400001526,4.88000011,
,,,86.599998474,2.6399999,,,,,86.599998474,2.5200000,,,,,86.599998474,0.0,,,,,86.599998474,4.92000008,
,,,86.800003052,2.6799998,,,,,86.800003052,2.5599999,,,,,86.800003052,0.0,,,,,86.800003052,4.88000011,
,,,87.000000000,2.5999999,,,,,87.000000000,2.5200000,,,,,87.000000000,0.0,,,,,87.000000000,4.88000011,
,,,87.200004578,2.6399999,,,,,87.200004578,2.5599999,,,,,87.200004578,0.0,,,,,87.200004578,4.88000011,
,,,87.400001526,2.6399999,,,,,87.400001526,2.5599999,,,,,87.400001526,0.0,,,,,87.400001526,4.88000011,
,,,87.599998474,2.6799998,,,,,87.599998474,2.5200000,,,,,87.599998474,39.99999911E-3,,,,,87.599998474,4.92000008,
,,,87.800003052,2.6399999,,,,,87.800003052,2.5599999,,,,,87.800003052,0.0,,,,,87.800003052,4.88000011,
,,,88.000000000,2.6799998,,,,,88.000000000,2.5599999,,,,,88.000000000,39.99999911E-3,,,,,88.000000000,4.88000011,
,,,88.200004578,2.6399999,,,,,88.200004578,2.5599999,,,,,88.200004578,0.0,,,,,88.200004578,4.88000011,
,,,88.400001526,2.6399999,,,,,88.400001526,2.5599999,,,,,88.400001526,0.0,,,,,88.400001526,4.79999971,
,,,88.599998474,2.6399999,,,,,88.599998474,2.5200000,,,,,88.599998474,0.0,,,,,88.599998474,4.88000011,
,,,88.800003052,2.6799998,,,,,88.800003052,2.5599999,,,,,88.800003052,0.0,,,,,88.800003052,4.88000011,
,,,89.000000000,2.6799998,,,,,89.000000000,2.5599999,,,,,89.000000000,39.99999911E-3,,,,,89.000000000,4.88000011,
,,,89.200004578,2.6799998,,,,,89.200004578,2.5999999,,,,,89.200004578,0.0,,,,,89.200004578,4.88000011,
,,,89.400001526,2.6799998,,,,,89.400001526,2.5599999,,,,,89.400001526,0.0,,,,,89.400001526,4.88000011,
,,,89.599998474,2.6399999,,,,,89.599998474,2.5599999,,,,,89.599998474,39.99999911E-3,,,,,89.599998474,4.88000011,
,,,89.800003052,2.6399999,,,,,89.800003052,2.5200000,,,,,89.800003052,0.0,,,,,89.800003052,4.88000011,
,,,90.000000000,2.6399999,,,,,90.000000000,2.5599999,,,,,90.000000000,0.0,,,,,90.000000000,4.88000011,
,,,90.200004578,2.6399999,,,,,90.200004578,2.5599999,,,,,90.200004578,0.0,,,,,90.200004578,4.92000008,
,,,90.400001526,2.6399999,,,,,90.400001526,2.5599999,,,,,90.400001526,0.0,,,,,90.400001526,4.88000011,
,,,90.599998474,2.6399999,,,,,90.599998474,2.5200000,,,,,90.599998474,0.0,,,,,90.599998474,4.88000011,
,,,90.800003052,2.6799998,,,,,90.800003052,2.5200000,,,,,90.800003052,0.0,,,,,90.800003052,4.88000011,
,,,91.000000000,2.5999999,,,,,91.000000000,2.5200000,,,,,91.000000000,0.0,,,,,91.000000000,4.88000011,
,,,91.200004578,2.6399999,,,,,91.200004578,2.5999999,,,,,91.200004578,0.0,,,,,91.200004578,4.88000011,
,,,91.400001526,2.6399999,,,,,91.400001526,2.5599999,,,,,91.400001526,0.0,,,,,91.400001526,4.88000011,
,,,91.599998474,2.6399999,,,,,91.599998474,2.5599999,,,,,91.599998474,39.99999911E-3,,,,,91.599998474,4.92000008,
,,,91.800003052,2.6399999,,,,,91.800003052,2.5599999,,,,,91.800003052,0.0,,,,,91.800003052,4.88000011,
,,,92.000000000,2.6399999,,,,,92.000000000,2.5200000,,,,,92.000000000,0.0,,,,,92.000000000,4.92000008,
,,,92.200004578,2.6399999,,,,,92.200004578,2.5200000,,,,,92.200004578,0.0,,,,,92.200004578,4.88000011,
,,,92.400001526,2.6399999,,,,,92.400001526,2.5200000,,,,,92.400001526,0.0,,,,,92.400001526,4.88000011,
,,,92.599998474,2.6399999,,,,,92.599998474,2.5599999,,,,,92.599998474,0.0,,,,,92.599998474,4.92000008,
,,,92.800003052,2.6399999,,,,,92.800003052,2.5599999,,,,,92.800003052,0.0,,,,,92.800003052,4.88000011,
,,,93.000000000,2.6399999,,,,,93.000000000,2.5200000,,,,,93.000000000,39.99999911E-3,,,,,93.000000000,4.88000011,
,,,93.200004578,2.6399999,,,,,93.200004578,2.5200000,,,,,93.200004578,39.99999911E-3,,,,,93.200004578,4.88000011,
,,,93.400001526,2.6399999,,,,,93.400001526,2.5599999,,,,,93.400001526,39.99999911E-3,,,,,93.400001526,4.88000011,
,,,93.599998474,2.6399999,,,,,93.599998474,2.5599999,,,,,93.599998474,0.0,,,,,93.599998474,4.88000011,
,,,93.800003052,2.6399999,,,,,93.800003052,2.5599999,,,,,93.800003052,0.0,,,,,93.800003052,4.88000011,
,,,94.000000000,2.6399999,,,,,94.000000000,2.5599999,,,,,94.000000000,0.0,,,,,94.000000000,4.88000011,
,,,94.200004578,2.6399999,,,,,94.200004578,2.5599999,,,,,94.200004578,39.99999911E-3,,,,,94.200004578,4.88000011,
,,,94.400001526,2.6399999,,,,,94.400001526,2.5599999,,,,,94.400001526,39.99999911E-3,,,,,94.400001526,4.88000011,
,,,94.599998474,2.6399999,,,,,94.599998474,2.5200000,,,,,94.599998474,0.0,,,,,94.599998474,4.88000011,
,,,94.800003052,2.6399999,,,,,94.800003052,2.5599999,,,,,94.800003052,39.99999911E-3,,,,,94.800003052,4.88000011,
,,,95.000000000,2.6399999,,,,,95.000000000,2.5200000,,,,,95.000000000,39.99999911E-3,,,,,95.000000000,4.88000011,
,,,95.200004578,2.6799998,,,,,95.200004578,2.5599999,,,,,95.200004578,39.99999911E-3,,,,,95.200004578,4.88000011,
,,,95.400001526,2.6799998,,,,,95.400001526,2.5599999,,,,,95.400001526,0.0,,,,,95.400001526,4.88000011,
,,,95.599998474,2.6799998,,,,,95.599998474,2.5599999,,,,,95.599998474,0.0,,,,,95.599998474,4.88000011,
,,,95.800003052,2.6399999,,,,,95.800003052,2.5599999,,,,,95.800003052,0.0,,,,,95.800003052,4.88000011,
,,,96.000000000,2.6799998,,,,,96.000000000,2.5599999,,,,,96.000000000,0.0,,,,,96.000000000,4.88000011,
,,,96.200004578,2.6399999,,,,,96.200004578,2.5599999,,,,,96.200004578,0.0,,,,,96.200004578,4.88000011,
,,,96.400001526,2.6399999,,,,,96.400001526,2.5200000,,,,,96.400001526,39.99999911E-3,,,,,96.400001526,4.88000011,
,,,96.599998474,2.6399999,,,,,96.599998474,2.5200000,,,,,96.599998474,39.99999911E-3,,,,,96.599998474,4.88000011,
,,,96.800003052,2.6399999,,,,,96.800003052,2.5200000,,,,,96.800003052,39.99999911E-3,,,,,96.800003052,4.88000011,
,,,97.000000000,2.6399999,,,,,97.000000000,2.5200000,,,,,97.000000000,0.0,,,,,97.000000000,4.88000011,
,,,97.200004578,2.6399999,,,,,97.200004578,2.5599999,,,,,97.200004578,0.0,,,,,97.200004578,4.88000011,
,,,97.400001526,2.6399999,,,,,97.400001526,2.5200000,,,,,97.400001526,0.0,,,,,97.400001526,4.88000011,
,,,97.599998474,2.6799998,,,,,97.599998474,2.5599999,,,,,97.599998474,0.0,,,,,97.599998474,4.88000011,
,,,97.800003052,2.6399999,,,,,97.800003052,2.5200000,,,,,97.800003052,39.99999911E-3,,,,,97.800003052,4.88000011,
,,,98.000000000,2.6399999,,,,,98.000000000,2.5599999,,,,,98.000000000,39.99999911E-3,,,,,98.000000000,4.88000011,
,,,98.200004578,2.6399999,,,,,98.200004578,2.5599999,,,,,98.200004578,0.0,,,,,98.200004578,4.88000011,
,,,98.400001526,2.6399999,,,,,98.400001526,2.5200000,,,,,98.400001526,39.99999911E-3,,,,,98.400001526,4.88000011,
,,,98.599998474,2.6399999,,,,,98.599998474,2.5200000,,,,,98.599998474,0.0,,,,,98.599998474,4.92000008,
,,,98.800003052,2.6399999,,,,,98.800003052,2.5200000,,,,,98.800003052,0.0,,,,,98.800003052,4.88000011,
,,,99.000000000,2.6399999,,,,,99.000000000,2.5599999,,,,,99.000000000,0.0,,,,,99.000000000,4.92000008,
,,,99.200004578,2.6399999,,,,,99.200004578,2.5599999,,,,,99.200004578,39.99999911E-3,,,,,99.200004578,4.92000008,
,,,99.400001526,2.6399999,,,,,99.400001526,2.5200000,,,,,99.400001526,0.0,,,,,99.400001526,4.92000008,
,,,99.599998474,2.6799998,,,,,99.599998474,2.5599999,,,,,99.599998474,39.99999911E-3,,,,,99.599998474,4.83999968,
,,,99.800003052,2.6399999,,,,,99.800003052,2.5200000,,,,,99.800003052,0.0,,,,,99.800003052,4.88000011,
,,,100.0000000,2.6399999,,,,,100.0000000,2.4800000,,,,,100.0000000,0.0,,,,,100.0000000,4.88000011,
,,,100.2000046,2.6399999,,,,,100.2000046,2.5200000,,,,,100.2000046,0.0,,,,,100.2000046,4.88000011,
,,,100.4000015,2.6399999,,,,,100.4000015,2.5200000,,,,,100.4000015,0.0,,,,,100.4000015,4.92000008,
,,,100.5999985,2.6399999,,,,,100.5999985,2.5200000,,,,,100.5999985,0.0,,,,,100.5999985,4.83999968,
,,,100.8000031,2.6399999,,,,,100.8000031,2.5599999,,,,,100.8000031,0.0,,,,,100.8000031,4.88000011,
,,,101.0000000,2.6399999,,,,,101.0000000,2.5200000,,,,,101.0000000,0.0,,,,,101.0000000,4.88000011,
,,,101.2000046,2.6399999,,,,,101.2000046,2.5200000,,,,,101.2000046,0.0,,,,,101.2000046,4.88000011,
,,,101.4000015,2.6399999,,,,,101.4000015,2.5200000,,,,,101.4000015,0.0,,,,,101.4000015,4.88000011,
,,,101.5999985,2.6399999,,,,,101.5999985,2.5200000,,,,,101.5999985,0.0,,,,,101.5999985,4.88000011,
,,,101.8000031,2.6399999,,,,,101.8000031,2.5200000,,,,,101.8000031,0.0,,,,,101.8000031,4.88000011,
,,,102.0000000,2.6399999,,,,,102.0000000,2.5200000,,,,,102.0000000,0.0,,,,,102.0000000,4.88000011,
,,,102.2000046,2.6799998,,,,,102.2000046,2.5200000,,,,,102.2000046,0.0,,,,,102.2000046,4.88000011,
,,,102.4000015,2.6399999,,,,,102.4000015,2.5200000,,,,,102.4000015,0.0,,,,,102.4000015,4.88000011,
,,,102.5999985,2.6399999,,,,,102.5999985,2.5200000,,,,,102.5999985,39.99999911E-3,,,,,102.5999985,4.88000011,
,,,102.8000031,2.6399999,,,,,102.8000031,2.5599999,,,,,102.8000031,0.0,,,,,102.8000031,4.88000011,
,,,103.0000000,2.6399999,,,,,103.0000000,2.5200000,,,,,103.0000000,0.0,,,,,103.0000000,4.88000011,
,,,103.2000046,2.6399999,,,,,103.2000046,2.5200000,,,,,103.2000046,0.0,,,,,103.2000046,4.88000011,
,,,103.4000015,2.6399999,,,,,103.4000015,2.5200000,,,,,103.4000015,39.99999911E-3,,,,,103.4000015,4.88000011,
,,,103.5999985,2.6399999,,,,,103.5999985,2.4800000,,,,,103.5999985,0.0,,,,,103.5999985,4.83999968,
,,,103.8000031,2.6399999,,,,,103.8000031,2.4800000,,,,,103.8000031,-39.99999911E-3,,,,,103.8000031,4.79999971,
,,,104.0000000,2.6399999,,,,,104.0000000,2.5200000,,,,,104.0000000,39.99999911E-3,,,,,104.0000000,4.88000011,
,,,104.2000046,2.6799998,,,,,104.2000046,2.4800000,,,,,104.2000046,39.99999911E-3,,,,,104.2000046,4.92000008,
,,,104.4000015,2.6399999,,,,,104.4000015,2.5200000,,,,,104.4000015,39.99999911E-3,,,,,104.4000015,4.88000011,
,,,104.5999985,2.6799998,,,,,104.5999985,2.5200000,,,,,104.5999985,0.0,,,,,104.5999985,4.88000011,
,,,104.8000031,2.6399999,,,,,104.8000031,2.5200000,,,,,104.8000031,39.99999911E-3,,,,,104.8000031,4.88000011,
,,,105.0000000,2.6399999,,,,,105.0000000,2.5200000,,,,,105.0000000,39.99999911E-3,,,,,105.0000000,4.88000011,
,,,105.2000046,2.6399999,,,,,105.2000046,2.5200000,,,,,105.2000046,0.0,,,,,105.2000046,4.88000011,
,,,105.4000015,2.6399999,,,,,105.4000015,2.5200000,,,,,105.4000015,0.0,,,,,105.4000015,4.88000011,
,,,105.5999985,2.6399999,,,,,105.5999985,2.5200000,,,,,105.5999985,0.0,,,,,105.5999985,4.88000011,
,,,105.8000031,2.6799998,,,,,105.8000031,2.5200000,,,,,105.8000031,39.99999911E-3,,,,,105.8000031,4.88000011,
,,,106.0000000,2.6399999,,,,,106.0000000,2.5200000,,,,,106.0000000,39.99999911E-3,,,,,106.0000000,4.92000008,
,,,106.2000046,2.6399999,,,,,106.2000046,2.5200000,,,,,106.2000046,0.0,,,,,106.2000046,4.88000011,
,,,106.4000015,2.6399999,,,,,106.4000015,2.5200000,,,,,106.4000015,0.0,,,,,106.4000015,4.88000011,
,,,106.5999985,2.6399999,,,,,106.5999985,2.4800000,,,,,106.5999985,0.0,,,,,106.5999985,4.83999968,
,,,106.8000031,2.6399999,,,,,106.8000031,2.5200000,,,,,106.8000031,0.0,,,,,106.8000031,4.88000011,
,,,107.0000000,2.6399999,,,,,107.0000000,2.5200000,,,,,107.0000000,39.99999911E-3,,,,,107.0000000,4.88000011,
,,,107.2000046,2.6399999,,,,,107.2000046,2.5200000,,,,,107.2000046,0.0,,,,,107.2000046,4.88000011,
,,,107.4000015,2.6799998,,,,,107.4000015,2.5599999,,,,,107.4000015,0.0,,,,,107.4000015,4.92000008,
,,,107.5999985,2.6399999,,,,,107.5999985,2.5200000,,,,,107.5999985,0.0,,,,,107.5999985,4.88000011,
,,,107.8000031,2.6399999,,,,,107.8000031,2.4800000,,,,,107.8000031,39.99999911E-3,,,,,107.8000031,4.92000008,
,,,108.0000000,2.6399999,,,,,108.0000000,2.4800000,,,,,108.0000000,39.99999911E-3,,,,,108.0000000,4.88000011,
,,,108.2000046,2.6399999,,,,,108.2000046,2.4400001,,,,,108.2000046,39.99999911E-3,,,,,108.2000046,4.88000011,
,,,108.4000015,2.6799998,,,,,108.4000015,2.5200000,,,,,108.4000015,39.99999911E-3,,,,,108.4000015,4.88000011,
,,,108.5999985,2.6399999,,,,,108.5999985,2.4800000,,,,,108.5999985,0.0,,,,,108.5999985,4.88000011,
,,,108.8000031,2.6399999,,,,,108.8000031,2.5200000,,,,,108.8000031,0.0,,,,,108.8000031,4.88000011,
,,,109.0000000,2.6399999,,,,,109.0000000,2.5200000,,,,,109.0000000,0.0,,,,,109.0000000,4.88000011,
,,,109.2000046,2.6399999,,,,,109.2000046,2.5200000,,,,,109.2000046,0.0,,,,,109.2000046,4.92000008,
,,,109.4000015,2.6399999,,,,,109.4000015,2.4400001,,,,,109.4000015,0.0,,,,,109.4000015,4.88000011,
,,,109.5999985,2.6399999,,,,,109.5999985,2.5200000,,,,,109.5999985,0.0,,,,,109.5999985,4.92000008,
,,,109.8000031,2.6399999,,,,,109.8000031,2.5200000,,,,,109.8000031,39.99999911E-3,,,,,109.8000031,4.88000011,
,,,110.0000000,2.6799998,,,,,110.0000000,2.5200000,,,,,110.0000000,39.99999911E-3,,,,,110.0000000,4.92000008,
,,,110.2000046,2.6399999,,,,,110.2000046,2.5200000,,,,,110.2000046,39.99999911E-3,,,,,110.2000046,4.88000011,
,,,110.4000015,2.6799998,,,,,110.4000015,2.5200000,,,,,110.4000015,0.0,,,,,110.4000015,4.88000011,
,,,110.5999985,2.6399999,,,,,110.5999985,2.5200000,,,,,110.5999985,0.0,,,,,110.5999985,4.88000011,
,,,110.8000031,2.6399999,,,,,110.8000031,2.5200000,,,,,110.8000031,39.99999911E-3,,,,,110.8000031,4.88000011,
,,,111.0000000,2.6399999,,,,,111.0000000,2.4800000,,,,,111.0000000,39.99999911E-3,,,,,111.0000000,4.96000004,
,,,111.2000046,2.6799998,,,,,111.2000046,2.4800000,,,,,111.2000046,39.99999911E-3,,,,,111.2000046,4.88000011,
,,,111.4000015,2.6399999,,,,,111.4000015,2.5200000,,,,,111.4000015,0.0,,,,,111.4000015,4.88000011,
,,,111.5999985,2.6399999,,,,,111.5999985,2.4800000,,,,,111.5999985,39.99999911E-3,,,,,111.5999985,4.92000008,
,,,111.8000031,2.6399999,,,,,111.8000031,2.4800000,,,,,111.8000031,0.0,,,,,111.8000031,4.88000011,
,,,112.0000000,2.6799998,,,,,112.0000000,2.5200000,,,,,112.0000000,0.0,,,,,112.0000000,4.88000011,
,,,112.2000046,2.6399999,,,,,112.2000046,2.4800000,,,,,112.2000046,0.0,,,,,112.2000046,4.88000011,
,,,112.4000015,2.6399999,,,,,112.4000015,2.5200000,,,,,112.4000015,0.0,,,,,112.4000015,4.88000011,
,,,112.5999985,2.6399999,,,,,112.5999985,2.5200000,,,,,112.5999985,39.99999911E-3,,,,,112.5999985,4.88000011,
,,,112.8000031,2.6799998,,,,,112.8000031,2.4800000,,,,,112.8000031,0.0,,,,,112.8000031,4.92000008,
,,,113.0000000,2.6399999,,,,,113.0000000,2.5200000,,,,,113.0000000,0.0,,,,,113.0000000,4.88000011,
,,,113.2000046,2.6399999,,,,,113.2000046,2.5200000,,,,,113.2000046,0.0,,,,,113.2000046,4.88000011,
,,,113.4000015,2.6399999,,,,,113.4000015,2.4800000,,,,,113.4000015,0.0,,,,,113.4000015,4.88000011,
,,,113.5999985,2.6399999,,,,,113.5999985,2.5200000,,,,,113.5999985,0.0,,,,,113.5999985,4.88000011,
,,,113.8000031,2.6799998,,,,,113.8000031,2.5200000,,,,,113.8000031,0.0,,,,,113.8000031,4.88000011,
,,,114.0000000,2.6799998,,,,,114.0000000,2.5200000,,,,,114.0000000,0.0,,,,,114.0000000,4.88000011,
,,,114.2000046,2.6399999,,,,,114.2000046,2.5200000,,,,,114.2000046,39.99999911E-3,,,,,114.2000046,4.88000011,
,,,114.4000015,2.6399999,,,,,114.4000015,2.4800000,,,,,114.4000015,0.0,,,,,114.4000015,4.88000011,
,,,114.5999985,2.6799998,,,,,114.5999985,2.5200000,,,,,114.5999985,39.99999911E-3,,,,,114.5999985,4.88000011,
,,,114.8000031,2.6399999,,,,,114.8000031,2.4800000,,,,,114.8000031,0.0,,,,,114.8000031,4.88000011,
,,,115.0000000,2.6799998,,,,,115.0000000,2.4800000,,,,,115.0000000,0.0,,,,,115.0000000,4.83999968,
,,,115.2000046,2.6399999,,,,,115.2000046,2.4400001,,,,,115.2000046,39.99999911E-3,,,,,115.2000046,4.88000011,
,,,115.4000015,2.6799998,,,,,115.4000015,2.4800000,,,,,115.4000015,0.0,,,,,115.4000015,4.88000011,
,,,115.5999985,2.6399999,,,,,115.5999985,2.4800000,,,,,115.5999985,39.99999911E-3,,,,,115.5999985,4.88000011,
,,,115.8000031,2.6799998,,,,,115.8000031,2.4800000,,,,,115.8000031,0.0,,,,,115.8000031,4.92000008,
,,,116.0000000,2.6399999,,,,,116.0000000,2.4800000,,,,,116.0000000,0.0,,,,,116.0000000,4.88000011,
,,,116.2000046,2.6399999,,,,,116.2000046,2.5200000,,,,,116.2000046,0.0,,,,,116.2000046,4.88000011,
,,,116.4000015,2.6399999,,,,,116.4000015,2.4800000,,,,,116.4000015,0.0,,,,,116.4000015,4.88000011,
,,,116.5999985,2.6399999,,,,,116.5999985,2.4400001,,,,,116.5999985,0.0,,,,,116.5999985,4.88000011,
,,,116.8000031,2.6399999,,,,,116.8000031,2.4400001,,,,,116.8000031,39.99999911E-3,,,,,116.8000031,4.88000011,
,,,117.0000000,2.6399999,,,,,117.0000000,2.4800000,,,,,117.0000000,39.99999911E-3,,,,,117.0000000,4.92000008,
,,,117.2000046,2.6399999,,,,,117.2000046,2.4800000,,,,,117.2000046,0.0,,,,,117.2000046,4.83999968,
,,,117.4000015,2.6399999,,,,,117.4000015,2.4800000,,,,,117.4000015,0.0,,,,,117.4000015,4.88000011,
,,,117.5999985,2.6399999,,,,,117.5999985,2.4800000,,,,,117.5999985,0.0,,,,,117.5999985,4.88000011,
,,,117.8000031,2.6399999,,,,,117.8000031,2.4800000,,,,,117.8000031,0.0,,,,,117.8000031,4.88000011,
,,,118.0000000,2.6399999,,,,,118.0000000,2.4800000,,,,,118.0000000,0.0,,,,,118.0000000,4.88000011,
,,,118.2000046,2.6399999,,,,,118.2000046,2.4800000,,,,,118.2000046,0.0,,,,,118.2000046,4.88000011,
,,,118.4000015,2.6399999,,,,,118.4000015,2.4800000,,,,,118.4000015,0.0,,,,,118.4000015,4.83999968,
,,,118.5999985,2.6399999,,,,,118.5999985,2.4400001,,,,,118.5999985,39.99999911E-3,,,,,118.5999985,4.92000008,
,,,118.8000031,2.6799998,,,,,118.8000031,2.4800000,,,,,118.8000031,0.0,,,,,118.8000031,4.88000011,
,,,119.0000000,2.6399999,,,,,119.0000000,2.4800000,,,,,119.0000000,39.99999911E-3,,,,,119.0000000,4.88000011,
,,,119.2000046,2.6399999,,,,,119.2000046,2.4800000,,,,,119.2000046,0.0,,,,,119.2000046,4.92000008,
,,,119.4000015,2.6399999,,,,,119.4000015,2.5200000,,,,,119.4000015,0.0,,,,,119.4000015,4.88000011,
,,,119.5999985,2.6399999,,,,,119.5999985,2.5200000,,,,,119.5999985,39.99999911E-3,,,,,119.5999985,4.88000011,
,,,119.8000031,2.6399999,,,,,119.8000031,2.4400001,,,,,119.8000031,0.0,,,,,119.8000031,4.88000011,
,,,120.0000000,2.6399999,,,,,120.0000000,2.5200000,,,,,120.0000000,0.0,,,,,120.0000000,4.88000011,
,,,120.2000046,2.6399999,,,,,120.2000046,2.4800000,,,,,120.2000046,39.99999911E-3,,,,,120.2000046,4.92000008,
,,,120.4000015,2.6399999,,,,,120.4000015,2.4800000,,,,,120.4000015,0.0,,,,,120.4000015,4.88000011,
,,,120.5999985,2.6399999,,,,,120.5999985,2.4800000,,,,,120.5999985,39.99999911E-3,,,,,120.5999985,4.88000011,
,,,120.8000031,2.6399999,,,,,120.8000031,2.4800000,,,,,120.8000031,39.99999911E-3,,,,,120.8000031,4.88000011,
,,,121.0000000,2.6799998,,,,,121.0000000,2.4800000,,,,,121.0000000,39.99999911E-3,,,,,121.0000000,4.88000011,
,,,121.2000046,2.6399999,,,,,121.2000046,2.4800000,,,,,121.2000046,0.0,,,,,121.2000046,4.88000011,
,,,121.4000015,2.6399999,,,,,121.4000015,2.4800000,,,,,121.4000015,0.0,,,,,121.4000015,4.88000011,
,,,121.5999985,2.6399999,,,,,121.5999985,2.4800000,,,,,121.5999985,0.0,,,,,121.5999985,4.88000011,
,,,121.8000031,2.6399999,,,,,121.8000031,2.4800000,,,,,121.8000031,0.0,,,,,121.8000031,4.88000011,
,,,122.0000000,2.6399999,,,,,122.0000000,2.5200000,,,,,122.0000000,0.0,,,,,122.0000000,4.88000011,
,,,122.2000046,2.6399999,,,,,122.2000046,2.5200000,,,,,122.2000046,0.0,,,,,122.2000046,4.88000011,
,,,122.4000015,2.6399999,,,,,122.4000015,2.4800000,,,,,122.4000015,39.99999911E-3,,,,,122.4000015,4.88000011,
,,,122.5999985,2.6399999,,,,,122.5999985,2.4800000,,,,,122.5999985,39.99999911E-3,,,,,122.5999985,4.88000011,
,,,122.8000031,2.6399999,,,,,122.8000031,2.4800000,,,,,122.8000031,39.99999911E-3,,,,,122.8000031,4.88000011,
,,,123.0000000,2.6399999,,,,,123.0000000,2.4800000,,,,,123.0000000,0.0,,,,,123.0000000,4.88000011,
,,,123.2000046,2.6399999,,,,,123.2000046,2.4800000,,,,,123.2000046,0.0,,,,,123.2000046,4.88000011,
,,,123.4000015,2.6399999,,,,,123.4000015,2.4800000,,,,,123.4000015,39.99999911E-3,,,,,123.4000015,4.88000011,
,,,123.5999985,2.6399999,,,,,123.5999985,2.4800000,,,,,123.5999985,39.99999911E-3,,,,,123.5999985,4.88000011,
,,,123.8000031,2.6799998,,,,,123.8000031,2.4800000,,,,,123.8000031,39.99999911E-3,,,,,123.8000031,4.88000011,
,,,124.0000000,2.6399999,,,,,124.0000000,2.4800000,,,,,124.0000000,0.0,,,,,124.0000000,4.88000011,
,,,124.2000046,2.6399999,,,,,124.2000046,2.4400001,,,,,124.2000046,0.0,,,,,124.2000046,4.88000011,
,,,124.4000015,2.6399999,,,,,124.4000015,2.4800000,,,,,124.4000015,0.0,,,,,124.4000015,4.88000011,
,,,124.5999985,2.6399999,,,,,124.5999985,2.4800000,,,,,124.5999985,0.0,,,,,124.5999985,4.88000011,
,,,124.8000031,2.6799998,,,,,124.8000031,2.5599999,,,,,124.8000031,0.0,,,,,124.8000031,4.88000011,
,,,125.0000000,2.6399999,,,,,125.0000000,2.4400001,,,,,125.0000000,39.99999911E-3,,,,,125.0000000,4.88000011,
,,,125.2000046,2.5999999,,,,,125.2000046,2.4800000,,,,,125.2000046,39.99999911E-3,,,,,125.2000046,4.88000011,
,,,125.4000015,2.6399999,,,,,125.4000015,2.5599999,,,,,125.4000015,39.99999911E-3,,,,,125.4000015,4.88000011,
,,,125.5999985,2.6399999,,,,,125.5999985,2.5200000,,,,,125.5999985,0.0,,,,,125.5999985,4.88000011,
,,,125.8000031,2.6399999,,,,,125.8000031,2.4400001,,,,,125.8000031,0.0,,,,,125.8000031,4.88000011,
,,,126.0000000,2.6799998,,,,,126.0000000,2.4800000,,,,,126.0000000,39.99999911E-3,,,,,126.0000000,4.88000011,
,,,126.2000046,2.6399999,,,,,126.2000046,2.4800000,,,,,126.2000046,0.0,,,,,126.2000046,4.88000011,
,,,126.4000015,2.6399999,,,,,126.4000015,2.4400001,,,,,126.4000015,39.99999911E-3,,,,,126.4000015,4.88000011,
,,,126.5999985,2.6399999,,,,,126.5999985,2.4800000,,,,,126.5999985,0.0,,,,,126.5999985,4.88000011,
,,,126.8000031,2.6399999,,,,,126.8000031,2.4800000,,,,,126.8000031,0.0,,,,,126.8000031,4.92000008,
,,,127.0000000,2.6399999,,,,,127.0000000,2.4800000,,,,,127.0000000,0.0,,,,,127.0000000,4.88000011,
,,,127.2000046,2.6399999,,,,,127.2000046,2.4400001,,,,,127.2000046,0.0,,,,,127.2000046,4.88000011,
,,,127.4000015,2.6399999,,,,,127.4000015,2.4800000,,,,,127.4000015,0.0,,,,,127.4000015,4.92000008,
,,,127.5999985,2.6399999,,,,,127.5999985,2.4400001,,,,,127.5999985,0.0,,,,,127.5999985,4.88000011,
,,,127.8000031,2.6799998,,,,,127.8000031,2.4400001,,,,,127.8000031,39.99999911E-3,,,,,127.8000031,4.88000011,
,,,128.0000000,2.6399999,,,,,128.0000000,2.4400001,,,,,128.0000000,0.0,,,,,128.0000000,4.92000008,
,,,128.1999969,2.6399999,,,,,128.1999969,2.4800000,,,,,128.1999969,39.99999911E-3,,,,,128.1999969,4.88000011,
,,,128.4000092,2.6399999,,,,,128.4000092,2.4800000,,,,,128.4000092,0.0,,,,,128.4000092,4.88000011,
,,,128.6000061,2.6399999,,,,,128.6000061,2.4800000,,,,,128.6000061,39.99999911E-3,,,,,128.6000061,4.88000011,
,,,128.8000031,2.6399999,,,,,128.8000031,2.4400001,,,,,128.8000031,39.99999911E-3,,,,,128.8000031,4.88000011,
,,,129.0000000,2.6799998,,,,,129.0000000,2.4800000,,,,,129.0000000,0.0,,,,,129.0000000,4.88000011,
,,,129.1999969,2.6399999,,,,,129.1999969,2.4800000,,,,,129.1999969,0.0,,,,,129.1999969,4.88000011,
,,,129.4000092,2.6799998,,,,,129.4000092,2.4800000,,,,,129.4000092,39.99999911E-3,,,,,129.4000092,4.88000011,
,,,129.6000061,2.6799998,,,,,129.6000061,2.4800000,,,,,129.6000061,39.99999911E-3,,,,,129.6000061,4.88000011,
,,,129.8000031,2.6799998,,,,,129.8000031,2.4800000,,,,,129.8000031,0.0,,,,,129.8000031,4.88000011,
,,,130.0000000,2.6799998,,,,,130.0000000,2.5200000,,,,,130.0000000,0.0,,,,,130.0000000,4.83999968,
,,,130.1999969,2.6399999,,,,,130.1999969,2.4400001,,,,,130.1999969,39.99999911E-3,,,,,130.1999969,4.88000011,
,,,130.4000092,2.6399999,,,,,130.4000092,2.4800000,,,,,130.4000092,39.99999911E-3,,,,,130.4000092,4.88000011,
,,,130.6000061,2.6799998,,,,,130.6000061,2.4400001,,,,,130.6000061,0.0,,,,,130.6000061,4.88000011,
,,,130.8000031,2.6399999,,,,,130.8000031,2.4400001,,,,,130.8000031,39.99999911E-3,,,,,130.8000031,4.88000011,
,,,131.0000000,2.6399999,,,,,131.0000000,2.4400001,,,,,131.0000000,0.0,,,,,131.0000000,4.88000011,
,,,131.1999969,2.6399999,,,,,131.1999969,2.4800000,,,,,131.1999969,0.0,,,,,131.1999969,4.88000011,
,,,131.4000092,2.6399999,,,,,131.4000092,2.4400001,,,,,131.4000092,39.99999911E-3,,,,,131.4000092,4.88000011,
,,,131.6000061,2.6399999,,,,,131.6000061,2.4800000,,,,,131.6000061,0.0,,,,,131.6000061,4.88000011,
,,,131.8000031,2.6799998,,,,,131.8000031,2.4800000,,,,,131.8000031,0.0,,,,,131.8000031,4.92000008,
,,,132.0000000,2.6399999,,,,,132.0000000,2.4800000,,,,,132.0000000,0.0,,,,,132.0000000,4.92000008,
,,,132.1999969,2.6799998,,,,,132.1999969,2.4800000,,,,,132.1999969,0.0,,,,,132.1999969,4.88000011,
,,,132.4000092,2.6399999,,,,,132.4000092,2.4800000,,,,,132.4000092,39.99999911E-3,,,,,132.4000092,4.88000011,
,,,132.6000061,2.6799998,,,,,132.6000061,2.4400001,,,,,132.6000061,39.99999911E-3,,,,,132.6000061,4.83999968,
,,,132.8000031,2.6799998,,,,,132.8000031,2.4800000,,,,,132.8000031,39.99999911E-3,,,,,132.8000031,4.88000011,
,,,133.0000000,2.6399999,,,,,133.0000000,2.4400001,,,,,133.0000000,39.99999911E-3,,,,,133.0000000,4.92000008,
,,,133.1999969,2.6799998,,,,,133.1999969,2.4400001,,,,,133.1999969,0.0,,,,,133.1999969,4.88000011,
,,,133.4000092,2.6799998,,,,,133.4000092,2.4400001,,,,,133.4000092,0.0,,,,,133.4000092,4.88000011,
,,,133.6000061,2.6399999,,,,,133.6000061,2.4800000,,,,,133.6000061,0.0,,,,,133.6000061,4.88000011,
,,,133.8000031,2.6399999,,,,,133.8000031,2.4800000,,,,,133.8000031,0.0,,,,,133.8000031,4.88000011,
,,,134.0000000,2.6399999,,,,,134.0000000,2.4800000,,,,,134.0000000,39.99999911E-3,,,,,134.0000000,4.88000011,
,,,134.1999969,2.6399999,,,,,134.1999969,2.5200000,,,,,134.1999969,0.0,,,,,134.1999969,4.88000011,
,,,134.4000092,2.6399999,,,,,134.4000092,2.4800000,,,,,134.4000092,0.0,,,,,134.4000092,4.92000008,
,,,134.6000061,2.6799998,,,,,134.6000061,2.4800000,,,,,134.6000061,39.99999911E-3,,,,,134.6000061,4.88000011,
,,,134.8000031,2.6399999,,,,,134.8000031,2.4800000,,,,,134.8000031,0.0,,,,,134.8000031,4.88000011,
,,,135.0000000,2.6399999,,,,,135.0000000,2.4400001,,,,,135.0000000,39.99999911E-3,,,,,135.0000000,4.88000011,
,,,135.1999969,2.6399999,,,,,135.1999969,2.4800000,,,,,135.1999969,0.0,,,,,135.1999969,4.88000011,
,,,135.4000092,2.6399999,,,,,135.4000092,2.4400001,,,,,135.4000092,0.0,,,,,135.4000092,4.88000011,
,,,135.6000061,2.6399999,,,,,135.6000061,2.4800000,,,,,135.6000061,39.99999911E-3,,,,,135.6000061,4.92000008,
,,,135.8000031,2.6399999,,,,,135.8000031,2.4800000,,,,,135.8000031,0.0,,,,,135.8000031,4.92000008,
,,,136.0000000,2.6399999,,,,,136.0000000,2.4800000,,,,,136.0000000,0.0,,,,,136.0000000,4.88000011,
,,,136.1999969,2.6399999,,,,,136.1999969,2.4800000,,,,,136.1999969,39.99999911E-3,,,,,136.1999969,4.88000011,
,,,136.4000092,2.6799998,,,,,136.4000092,2.4800000,,,,,136.4000092,0.0,,,,,136.4000092,4.88000011,
,,,136.6000061,2.6399999,,,,,136.6000061,2.4800000,,,,,136.6000061,39.99999911E-3,,,,,136.6000061,4.88000011,
,,,136.8000031,2.6799998,,,,,136.8000031,2.4400001,,,,,136.8000031,39.99999911E-3,,,,,136.8000031,4.92000008,
,,,137.0000000,2.6399999,,,,,137.0000000,2.4400001,,,,,137.0000000,0.0,,,,,137.0000000,4.88000011,
,,,137.1999969,2.6399999,,,,,137.1999969,2.4800000,,,,,137.1999969,39.99999911E-3,,,,,137.1999969,4.92000008,
,,,137.4000092,2.6399999,,,,,137.4000092,2.4800000,,,,,137.4000092,0.0,,,,,137.4000092,4.88000011,
,,,137.6000061,2.6399999,,,,,137.6000061,2.4400001,,,,,137.6000061,0.0,,,,,137.6000061,4.88000011,
,,,137.8000031,2.6399999,,,,,137.8000031,2.5200000,,,,,137.8000031,0.0,,,,,137.8000031,4.88000011,
,,,138.0000000,2.6399999,,,,,138.0000000,2.4400001,,,,,138.0000000,0.0,,,,,138.0000000,4.88000011,
,,,138.1999969,2.6399999,,,,,138.1999969,2.4400001,,,,,138.1999969,39.99999911E-3,,,,,138.1999969,4.88000011,
,,,138.4000092,2.6799998,,,,,138.4000092,2.4800000,,,,,138.4000092,39.99999911E-3,,,,,138.4000092,4.92000008,
,,,138.6000061,2.6399999,,,,,138.6000061,2.4800000,,,,,138.6000061,0.0,,,,,138.6000061,4.88000011,
,,,138.8000031,2.6799998,,,,,138.8000031,2.4800000,,,,,138.8000031,39.99999911E-3,,,,,138.8000031,4.88000011,
,,,139.0000000,2.6399999,,,,,139.0000000,2.4800000,,,,,139.0000000,0.0,,,,,139.0000000,4.88000011,
,,,139.1999969,2.6799998,,,,,139.1999969,2.4800000,,,,,139.1999969,0.0,,,,,139.1999969,4.88000011,
,,,139.4000092,2.6399999,,,,,139.4000092,2.4800000,,,,,139.4000092,39.99999911E-3,,,,,139.4000092,4.88000011,
,,,139.6000061,2.6399999,,,,,139.6000061,2.4400001,,,,,139.6000061,0.0,,,,,139.6000061,4.88000011,
,,,139.8000031,2.6399999,,,,,139.8000031,2.4800000,,,,,139.8000031,0.0,,,,,139.8000031,4.88000011,
,,,140.0000000,2.6399999,,,,,140.0000000,2.4800000,,,,,140.0000000,39.99999911E-3,,,,,140.0000000,4.88000011,
,,,140.1999969,2.6399999,,,,,140.1999969,2.4800000,,,,,140.1999969,0.0,,,,,140.1999969,4.88000011,
,,,140.4000092,2.6399999,,,,,140.4000092,2.4800000,,,,,140.4000092,0.0,,,,,140.4000092,4.88000011,
,,,140.6000061,2.6399999,,,,,140.6000061,2.4800000,,,,,140.6000061,0.0,,,,,140.6000061,4.88000011,
,,,140.8000031,2.6399999,,,,,140.8000031,2.4800000,,,,,140.8000031,0.0,,,,,140.8000031,4.88000011,
,,,141.0000000,2.6799998,,,,,141.0000000,2.4800000,,,,,141.0000000,0.0,,,,,141.0000000,4.88000011,
,,,141.1999969,2.6399999,,,,,141.1999969,2.4400001,,,,,141.1999969,39.99999911E-3,,,,,141.1999969,4.88000011,
,,,141.4000092,2.6399999,,,,,141.4000092,2.4800000,,,,,141.4000092,39.99999911E-3,,,,,141.4000092,4.88000011,
,,,141.6000061,2.6399999,,,,,141.6000061,2.4800000,,,,,141.6000061,0.0,,,,,141.6000061,4.88000011,
,,,141.8000031,2.6799998,,,,,141.8000031,2.4800000,,,,,141.8000031,0.0,,,,,141.8000031,4.88000011,
,,,142.0000000,2.6399999,,,,,142.0000000,2.4800000,,,,,142.0000000,39.99999911E-3,,,,,142.0000000,4.88000011,
,,,142.1999969,2.6399999,,,,,142.1999969,2.4400001,,,,,142.1999969,39.99999911E-3,,,,,142.1999969,4.88000011,
,,,142.4000092,2.6399999,,,,,142.4000092,2.5200000,,,,,142.4000092,0.0,,,,,142.4000092,4.88000011,
,,,142.6000061,2.6399999,,,,,142.6000061,2.4400001,,,,,142.6000061,39.99999911E-3,,,,,142.6000061,4.88000011,
,,,142.8000031,2.6399999,,,,,142.8000031,2.4400001,,,,,142.8000031,0.0,,,,,142.8000031,4.88000011,
,,,143.0000000,2.6399999,,,,,143.0000000,2.4400001,,,,,143.0000000,39.99999911E-3,,,,,143.0000000,4.88000011,
,,,143.1999969,2.6399999,,,,,143.1999969,2.4400001,,,,,143.1999969,39.99999911E-3,,,,,143.1999969,4.92000008,
,,,143.4000092,2.6799998,,,,,143.4000092,2.4400001,,,,,143.4000092,0.0,,,,,143.4000092,4.88000011,
,,,143.6000061,2.6399999,,,,,143.6000061,2.4400001,,,,,143.6000061,0.0,,,,,143.6000061,4.88000011,
,,,143.8000031,2.6399999,,,,,143.8000031,2.4800000,,,,,143.8000031,39.99999911E-3,,,,,143.8000031,4.88000011,
,,,144.0000000,2.6799998,,,,,144.0000000,2.4800000,,,,,144.0000000,39.99999911E-3,,,,,144.0000000,4.88000011,
,,,144.1999969,2.6399999,,,,,144.1999969,2.4400001,,,,,144.1999969,39.99999911E-3,,,,,144.1999969,4.88000011,
,,,144.4000092,2.6399999,,,,,144.4000092,2.4400001,,,,,144.4000092,0.0,,,,,144.4000092,4.88000011,
,,,144.6000061,2.6399999,,,,,144.6000061,2.4800000,,,,,144.6000061,0.0,,,,,144.6000061,4.83999968,
,,,144.8000031,2.6399999,,,,,144.8000031,2.4800000,,,,,144.8000031,0.0,,,,,144.8000031,4.88000011,
,,,145.0000000,2.6399999,,,,,145.0000000,2.4400001,,,,,145.0000000,0.0,,,,,145.0000000,4.83999968,
,,,145.1999969,2.6399999,,,,,145.1999969,2.5200000,,,,,145.1999969,0.0,,,,,145.1999969,4.88000011,
,,,145.4000092,2.6399999,,,,,145.4000092,2.4400001,,,,,145.4000092,0.0,,,,,145.4000092,4.88000011,
,,,145.6000061,2.6399999,,,,,145.6000061,2.4400001,,,,,145.6000061,39.99999911E-3,,,,,145.6000061,4.88000011,
,,,145.8000031,2.6399999,,,,,145.8000031,2.4400001,,,,,145.8000031,39.99999911E-3,,,,,145.8000031,4.88000011,
,,,146.0000000,2.6399999,,,,,146.0000000,2.4400001,,,,,146.0000000,0.0,,,,,146.0000000,4.88000011,
,,,146.1999969,2.6399999,,,,,146.1999969,2.4400001,,,,,146.1999969,39.99999911E-3,,,,,146.1999969,4.92000008,
,,,146.4000092,2.6399999,,,,,146.4000092,2.4400001,,,,,146.4000092,39.99999911E-3,,,,,146.4000092,4.92000008,
,,,146.6000061,2.6799998,,,,,146.6000061,2.4800000,,,,,146.6000061,0.0,,,,,146.6000061,4.88000011,
,,,146.8000031,2.6399999,,,,,146.8000031,2.4800000,,,,,146.8000031,0.0,,,,,146.8000031,4.88000011,
,,,147.0000000,2.6399999,,,,,147.0000000,2.4400001,,,,,147.0000000,39.99999911E-3,,,,,147.0000000,4.88000011,
,,,147.1999969,2.6399999,,,,,147.1999969,2.4800000,,,,,147.1999969,39.99999911E-3,,,,,147.1999969,4.92000008,
,,,147.4000092,2.6399999,,,,,147.4000092,2.4400001,,,,,147.4000092,0.0,,,,,147.4000092,4.88000011,
,,,147.6000061,2.6799998,,,,,147.6000061,2.4400001,,,,,147.6000061,0.0,,,,,147.6000061,4.88000011,
,,,147.8000031,2.6399999,,,,,147.8000031,2.4400001,,,,,147.8000031,0.0,,,,,147.8000031,4.88000011,
,,,148.0000000,2.6399999,,,,,148.0000000,2.4800000,,,,,148.0000000,39.99999911E-3,,,,,148.0000000,4.88000011,
,,,148.1999969,2.6399999,,,,,148.1999969,2.4400001,,,,,148.1999969,0.0,,,,,148.1999969,4.88000011,
,,,148.4000092,2.5999999,,,,,148.4000092,2.4400001,,,,,148.4000092,0.0,,,,,148.4000092,4.88000011,
,,,148.60000610,2.6799998,,,,,148.60000610,2.4400001,,,,,148.60000610,39.99999911E-3,,,,,148.60000610,4.88000011,
,,,148.80000305,2.6799998,,,,,148.80000305,2.4800000,,,,,148.80000305,39.99999911E-3,,,,,148.80000305,4.88000011,
,,,149.00000000,2.6799998,,,,,149.00000000,2.4400001,,,,,149.00000000,0.0,,,,,149.00000000,4.92000008,
,,,149.19999695,2.6399999,,,,,149.19999695,2.4400001,,,,,149.19999695,0.0,,,,,149.19999695,4.88000011,
,,,149.40000916,2.6799998,,,,,149.40000916,2.4800000,,,,,149.40000916,39.99999911E-3,,,,,149.40000916,4.88000011,
,,,149.60000610,2.6399999,,,,,149.60000610,2.4400001,,,,,149.60000610,39.99999911E-3,,,,,149.60000610,4.92000008,
,,,149.80000305,2.6399999,,,,,149.80000305,2.4400001,,,,,149.80000305,0.0,,,,,149.80000305,4.88000011,
,,,150.00000000,2.6399999,,,,,150.00000000,2.4800000,,,,,150.00000000,0.0,,,,,150.00000000,4.88000011,
,,,150.19999695,2.6399999,,,,,150.19999695,2.4400001,,,,,150.19999695,0.0,,,,,150.19999695,4.88000011,
,,,150.40000916,2.6399999,,,,,150.40000916,2.4800000,,,,,150.40000916,0.0,,,,,150.40000916,4.88000011,
,,,150.60000610,2.6799998,,,,,150.60000610,2.5200000,,,,,150.60000610,0.0,,,,,150.60000610,4.88000011,
,,,150.80000305,2.6399999,,,,,150.80000305,2.4400001,,,,,150.80000305,39.99999911E-3,,,,,150.80000305,4.88000011,
,,,151.00000000,2.6399999,,,,,151.00000000,2.4400001,,,,,151.00000000,0.0,,,,,151.00000000,4.88000011,
,,,151.19999695,2.6399999,,,,,151.19999695,2.4800000,,,,,151.19999695,0.0,,,,,151.19999695,4.88000011,
,,,151.40000916,2.6399999,,,,,151.40000916,2.4800000,,,,,151.40000916,39.99999911E-3,,,,,151.40000916,4.92000008,
,,,151.60000610,2.6399999,,,,,151.60000610,2.4400001,,,,,151.60000610,0.0,,,,,151.60000610,4.92000008,
,,,151.80000305,2.6399999,,,,,151.80000305,2.4400001,,,,,151.80000305,39.99999911E-3,,,,,151.80000305,4.88000011,
,,,152.00000000,2.6399999,,,,,152.00000000,2.3999999,,,,,152.00000000,39.99999911E-3,,,,,152.00000000,4.92000008,
,,,152.19999695,2.6399999,,,,,152.19999695,2.4800000,,,,,152.19999695,0.0,,,,,152.19999695,4.88000011,
,,,152.40000916,2.6399999,,,,,152.40000916,2.4800000,,,,,152.40000916,0.0,,,,,152.40000916,4.88000011,
,,,152.60000610,2.6399999,,,,,152.60000610,2.4400001,,,,,152.60000610,0.0,,,,,152.60000610,4.88000011,
,,,152.80000305,2.6799998,,,,,152.80000305,2.4800000,,,,,152.80000305,39.99999911E-3,,,,,152.80000305,4.88000011,
,,,153.00000000,2.6799998,,,,,153.00000000,2.4800000,,,,,153.00000000,0.0,,,,,153.00000000,4.88000011,
,,,153.19999695,2.6399999,,,,,153.19999695,2.4800000,,,,,153.19999695,0.0,,,,,153.19999695,4.88000011,
,,,153.40000916,2.6799998,,,,,153.40000916,2.4400001,,,,,153.40000916,39.99999911E-3,,,,,153.40000916,4.88000011,
,,,153.60000610,2.6799998,,,,,153.60000610,2.4400001,,,,,153.60000610,39.99999911E-3,,,,,153.60000610,4.88000011,
,,,153.80000305,2.6399999,,,,,153.80000305,2.4400001,,,,,153.80000305,39.99999911E-3,,,,,153.80000305,4.88000011,
,,,154.00000000,2.6399999,,,,,154.00000000,2.4400001,,,,,154.00000000,0.0,,,,,154.00000000,4.88000011,
,,,154.19999695,2.6399999,,,,,154.19999695,2.4800000,,,,,154.19999695,0.0,,,,,154.19999695,4.88000011,
,,,154.40000916,2.6399999,,,,,154.40000916,2.5200000,,,,,154.40000916,0.0,,,,,154.40000916,4.92000008,
,,,154.60000610,2.6399999,,,,,154.60000610,2.4400001,,,,,154.60000610,0.0,,,,,154.60000610,4.88000011,
,,,154.80000305,2.6399999,,,,,154.80000305,2.4400001,,,,,154.80000305,39.99999911E-3,,,,,154.80000305,4.88000011,
,,,155.00000000,2.6399999,,,,,155.00000000,2.4400001,,,,,155.00000000,0.0,,,,,155.00000000,4.88000011,
,,,155.19999695,2.6399999,,,,,155.19999695,2.4400001,,,,,155.19999695,0.0,,,,,155.19999695,4.88000011,
,,,155.40000916,2.6399999,,,,,155.40000916,2.4400001,,,,,155.40000916,39.99999911E-3,,,,,155.40000916,4.88000011,
,,,155.60000610,2.6799998,,,,,155.60000610,2.4800000,,,,,155.60000610,39.99999911E-3,,,,,155.60000610,4.88000011,
,,,155.80000305,2.6399999,,,,,155.80000305,2.4800000,,,,,155.80000305,0.0,,,,,155.80000305,4.88000011,
,,,156.00000000,2.6399999,,,,,156.00000000,2.4400001,,,,,156.00000000,0.0,,,,,156.00000000,4.92000008,
,,,156.19999695,2.6399999,,,,,156.19999695,2.4400001,,,,,156.19999695,39.99999911E-3,,,,,156.19999695,4.83999968,
,,,156.40000916,2.6399999,,,,,156.40000916,2.4400001,,,,,156.40000916,0.0,,,,,156.40000916,4.83999968,
,,,156.60000610,2.6399999,,,,,156.60000610,2.4400001,,,,,156.60000610,0.0,,,,,156.60000610,4.88000011,
,,,156.80000305,2.6799998,,,,,156.80000305,2.4400001,,,,,156.80000305,39.99999911E-3,,,,,156.80000305,4.88000011,
,,,157.00000000,2.6399999,,,,,157.00000000,2.4800000,,,,,157.00000000,39.99999911E-3,,,,,157.00000000,4.92000008,
,,,157.19999695,2.6399999,,,,,157.19999695,2.4400001,,,,,157.19999695,0.0,,,,,157.19999695,4.88000011,
,,,157.40000916,2.6399999,,,,,157.40000916,2.4400001,,,,,157.40000916,0.0,,,,,157.40000916,4.88000011,
,,,157.60000610,2.6399999,,,,,157.60000610,2.4400001,,,,,157.60000610,0.0,,,,,157.60000610,4.88000011,
,,,157.80000305,2.6399999,,,,,157.80000305,2.4400001,,,,,157.80000305,39.99999911E-3,,,,,157.80000305,4.88000011,
,,,158.00000000,2.6399999,,,,,158.00000000,2.4400001,,,,,158.00000000,39.99999911E-3,,,,,158.00000000,4.88000011,
,,,158.19999695,2.6399999,,,,,158.19999695,2.4400001,,,,,158.19999695,39.99999911E-3,,,,,158.19999695,4.88000011,
,,,158.40000916,2.6399999,,,,,158.40000916,2.4400001,,,,,158.40000916,39.99999911E-3,,,,,158.40000916,4.88000011,
,,,158.60000610,2.6399999,,,,,158.60000610,2.4400001,,,,,158.60000610,0.0,,,,,158.60000610,4.88000011,
,,,158.80000305,2.6399999,,,,,158.80000305,2.4400001,,,,,158.80000305,39.99999911E-3,,,,,158.80000305,4.88000011,
,,,159.00000000,2.6399999,,,,,159.00000000,2.4400001,,,,,159.00000000,39.99999911E-3,,,,,159.00000000,4.88000011,
,,,159.19999695,2.6399999,,,,,159.19999695,2.4800000,,,,,159.19999695,0.0,,,,,159.19999695,4.83999968,
,,,159.40000916,2.6399999,,,,,159.40000916,2.4800000,,,,,159.40000916,39.99999911E-3,,,,,159.40000916,4.88000011,
,,,159.60000610,2.6399999,,,,,159.60000610,2.4400001,,,,,159.60000610,39.99999911E-3,,,,,159.60000610,4.88000011,
,,,159.80000305,2.6799998,,,,,159.80000305,2.4800000,,,,,159.80000305,39.99999911E-3,,,,,159.80000305,4.88000011,
,,,160.00000000,2.6799998,,,,,160.00000000,2.4800000,,,,,160.00000000,39.99999911E-3,,,,,160.00000000,4.88000011,
,,,160.19999695,2.6399999,,,,,160.19999695,2.4400001,,,,,160.19999695,0.0,,,,,160.19999695,4.88000011,
,,,160.40000916,2.5999999,,,,,160.40000916,2.4800000,,,,,160.40000916,39.99999911E-3,,,,,160.40000916,4.88000011,
,,,160.60000610,2.6799998,,,,,160.60000610,2.4400001,,,,,160.60000610,39.99999911E-3,,,,,160.60000610,4.92000008,
,,,160.80000305,2.6399999,,,,,160.80000305,2.4800000,,,,,160.80000305,0.0,,,,,160.80000305,4.88000011,
,,,161.00000000,2.6399999,,,,,161.00000000,2.4800000,,,,,161.00000000,39.99999911E-3,,,,,161.00000000,4.88000011,
,,,161.19999695,2.6399999,,,,,161.19999695,2.4800000,,,,,161.19999695,0.0,,,,,161.19999695,4.88000011,
,,,161.40000916,2.6399999,,,,,161.40000916,2.4800000,,,,,161.40000916,0.0,,,,,161.40000916,4.88000011,
,,,161.60000610,2.6399999,,,,,161.60000610,2.4800000,,,,,161.60000610,0.0,,,,,161.60000610,4.88000011,
,,,161.80000305,2.6399999,,,,,161.80000305,2.4400001,,,,,161.80000305,0.0,,,,,161.80000305,4.88000011,
,,,162.00000000,2.6399999,,,,,162.00000000,2.4800000,,,,,162.00000000,0.0,,,,,162.00000000,4.88000011,
,,,162.19999695,2.6399999,,,,,162.19999695,2.4400001,,,,,162.19999695,39.99999911E-3,,,,,162.19999695,4.88000011,
,,,162.40000916,2.6399999,,,,,162.40000916,2.4400001,,,,,162.40000916,0.0,,,,,162.40000916,4.88000011,
,,,162.60000610,2.6399999,,,,,162.60000610,2.4400001,,,,,162.60000610,39.99999911E-3,,,,,162.60000610,4.92000008,
,,,162.80000305,2.6399999,,,,,162.80000305,2.4400001,,,,,162.80000305,0.0,,,,,162.80000305,4.88000011,
,,,163.00000000,2.6399999,,,,,163.00000000,2.4800000,,,,,163.00000000,0.0,,,,,163.00000000,4.88000011,
,,,163.19999695,2.6799998,,,,,163.19999695,2.4800000,,,,,163.19999695,0.0,,,,,163.19999695,4.88000011,
,,,163.40000916,2.6399999,,,,,163.40000916,2.4800000,,,,,163.40000916,0.0,,,,,163.40000916,4.88000011,
,,,163.60000610,2.6399999,,,,,163.60000610,2.4400001,,,,,163.60000610,0.0,,,,,163.60000610,4.88000011,
,,,163.80000305,2.6399999,,,,,163.80000305,2.4800000,,,,,163.80000305,0.0,,,,,163.80000305,4.88000011,
,,,164.00000000,2.6399999,,,,,164.00000000,2.4800000,,,,,164.00000000,0.0,,,,,164.00000000,4.88000011,
,,,164.19999695,2.6399999,,,,,164.19999695,2.4800000,,,,,164.19999695,39.99999911E-3,,,,,164.19999695,4.88000011,
,,,164.40000916,2.6399999,,,,,164.40000916,2.4800000,,,,,164.40000916,0.0,,,,,164.40000916,4.88000011,
,,,164.60000610,2.6399999,,,,,164.60000610,2.4800000,,,,,164.60000610,39.99999911E-3,,,,,164.60000610,4.88000011,
,,,164.80000305,2.6399999,,,,,164.80000305,2.4400001,,,,,164.80000305,0.0,,,,,164.80000305,4.88000011,
,,,165.00000000,2.6799998,,,,,165.00000000,2.4400001,,,,,165.00000000,0.0,,,,,165.00000000,4.92000008,
,,,165.19999695,2.6399999,,,,,165.19999695,2.4800000,,,,,165.19999695,0.0,,,,,165.19999695,4.88000011,
,,,165.40000916,2.6399999,,,,,165.40000916,2.4400001,,,,,165.40000916,0.0,,,,,165.40000916,4.88000011,
,,,165.60000610,2.6399999,,,,,165.60000610,2.4400001,,,,,165.60000610,0.0,,,,,165.60000610,4.88000011,
,,,165.80000305,2.6799998,,,,,165.80000305,2.4800000,,,,,165.80000305,0.0,,,,,165.80000305,4.88000011,
,,,166.00000000,2.6399999,,,,,166.00000000,2.4400001,,,,,166.00000000,39.99999911E-3,,,,,166.00000000,4.88000011,
,,,166.19999695,2.6399999,,,,,166.19999695,2.4400001,,,,,166.19999695,39.99999911E-3,,,,,166.19999695,4.88000011,
,,,166.40000916,2.6399999,,,,,166.40000916,2.3999999,,,,,166.40000916,0.0,,,,,166.40000916,4.88000011,
,,,166.60000610,2.6399999,,,,,166.60000610,2.4400001,,,,,166.60000610,0.0,,,,,166.60000610,4.88000011,
,,,166.80000305,2.6799998,,,,,166.80000305,2.4800000,,,,,166.80000305,0.0,,,,,166.80000305,4.88000011,
,,,167.00000000,2.6799998,,,,,167.00000000,2.4400001,,,,,167.00000000,39.99999911E-3,,,,,167.00000000,4.92000008,
,,,167.19999695,2.6399999,,,,,167.19999695,2.4400001,,,,,167.19999695,0.0,,,,,167.19999695,4.88000011,
,,,167.40000916,2.6399999,,,,,167.40000916,2.4400001,,,,,167.40000916,0.0,,,,,167.40000916,4.88000011,
,,,167.60000610,2.6399999,,,,,167.60000610,2.4800000,,,,,167.60000610,39.99999911E-3,,,,,167.60000610,4.88000011,
,,,167.80000305,2.6399999,,,,,167.80000305,2.4400001,,,,,167.80000305,0.0,,,,,167.80000305,4.88000011,
,,,168.00000000,2.6399999,,,,,168.00000000,2.4400001,,,,,168.00000000,39.99999911E-3,,,,,168.00000000,4.88000011,
,,,168.19999695,2.6399999,,,,,168.19999695,2.3999999,,,,,168.19999695,0.0,,,,,168.19999695,4.83999968,
,,,168.40000916,2.6399999,,,,,168.40000916,2.3999999,,,,,168.40000916,0.0,,,,,168.40000916,4.88000011,
,,,168.60000610,2.6399999,,,,,168.60000610,2.4400001,,,,,168.60000610,39.99999911E-3,,,,,168.60000610,4.88000011,
,,,168.80000305,2.6799998,,,,,168.80000305,2.4400001,,,,,168.80000305,0.0,,,,,168.80000305,4.92000008,
,,,169.00000000,2.6399999,,,,,169.00000000,2.4800000,,,,,169.00000000,39.99999911E-3,,,,,169.00000000,4.88000011,
,,,169.19999695,2.6399999,,,,,169.19999695,2.4400001,,,,,169.19999695,0.0,,,,,169.19999695,4.88000011,
,,,169.40000916,2.6399999,,,,,169.40000916,2.4800000,,,,,169.40000916,39.99999911E-3,,,,,169.40000916,4.92000008,
,,,169.60000610,2.6399999,,,,,169.60000610,2.4400001,,,,,169.60000610,0.0,,,,,169.60000610,4.83999968,
,,,169.80000305,2.6399999,,,,,169.80000305,2.4400001,,,,,169.80000305,0.0,,,,,169.80000305,4.88000011,
,,,170.00000000,2.6399999,,,,,170.00000000,2.4400001,,,,,170.00000000,0.0,,,,,170.00000000,4.83999968,
,,,170.19999695,2.6399999,,,,,170.19999695,2.4400001,,,,,170.19999695,0.0,,,,,170.19999695,4.88000011,
,,,170.40000916,2.6399999,,,,,170.40000916,2.4800000,,,,,170.40000916,39.99999911E-3,,,,,170.40000916,4.92000008,
,,,170.60000610,2.6399999,,,,,170.60000610,2.4400001,,,,,170.60000610,39.99999911E-3,,,,,170.60000610,4.92000008,
,,,170.80000305,2.6399999,,,,,170.80000305,2.4400001,,,,,170.80000305,0.0,,,,,170.80000305,4.88000011,
,,,171.00000000,2.6399999,,,,,171.00000000,2.4400001,,,,,171.00000000,0.0,,,,,171.00000000,4.92000008,
,,,171.19999695,2.6399999,,,,,171.19999695,2.4400001,,,,,171.19999695,0.0,,,,,171.19999695,4.88000011,
,,,171.40000916,2.6399999,,,,,171.40000916,2.4400001,,,,,171.40000916,39.99999911E-3,,,,,171.40000916,4.88000011,
,,,171.60000610,2.6399999,,,,,171.60000610,2.4400001,,,,,171.60000610,0.0,,,,,171.60000610,4.88000011,
,,,171.80000305,2.6399999,,,,,171.80000305,2.4400001,,,,,171.80000305,0.0,,,,,171.80000305,4.88000011,
,,,172.00000000,2.6399999,,,,,172.00000000,2.4800000,,,,,172.00000000,39.99999911E-3,,,,,172.00000000,4.92000008,
,,,172.19999695,2.6399999,,,,,172.19999695,2.4400001,,,,,172.19999695,39.99999911E-3,,,,,172.19999695,4.88000011,
,,,172.40000916,2.5999999,,,,,172.40000916,2.4400001,,,,,172.40000916,0.0,,,,,172.40000916,4.92000008,
,,,172.60000610,2.6399999,,,,,172.60000610,2.4400001,,,,,172.60000610,39.99999911E-3,,,,,172.60000610,4.88000011,
,,,172.80000305,2.6399999,,,,,172.80000305,2.4400001,,,,,172.80000305,39.99999911E-3,,,,,172.80000305,4.88000011,
,,,173.00000000,2.6399999,,,,,173.00000000,2.4800000,,,,,173.00000000,0.0,,,,,173.00000000,4.88000011,
,,,173.19999695,2.6399999,,,,,173.19999695,2.4800000,,,,,173.19999695,39.99999911E-3,,,,,173.19999695,4.88000011,
,,,173.40000916,2.6399999,,,,,173.40000916,2.4800000,,,,,173.40000916,0.0,,,,,173.40000916,4.88000011,
,,,173.60000610,2.6399999,,,,,173.60000610,2.4400001,,,,,173.60000610,0.0,,,,,173.60000610,4.88000011,
,,,173.80000305,2.6399999,,,,,173.80000305,2.4400001,,,,,173.80000305,0.0,,,,,173.80000305,4.92000008,
,,,174.00000000,2.6399999,,,,,174.00000000,2.4800000,,,,,174.00000000,0.0,,,,,174.00000000,4.88000011,
,,,174.19999695,2.6399999,,,,,174.19999695,2.4400001,,,,,174.19999695,39.99999911E-3,,,,,174.19999695,4.88000011,
,,,174.40000916,2.6399999,,,,,174.40000916,2.4400001,,,,,174.40000916,0.0,,,,,174.40000916,4.88000011,
,,,174.60000610,2.6399999,,,,,174.60000610,2.4400001,,,,,174.60000610,39.99999911E-3,,,,,174.60000610,4.92000008,
,,,174.80000305,2.6399999,,,,,174.80000305,2.4400001,,,,,174.80000305,39.99999911E-3,,,,,174.80000305,4.83999968,
,,,175.00000000,2.6399999,,,,,175.00000000,2.4800000,,,,,175.00000000,0.0,,,,,175.00000000,4.92000008,
,,,175.19999695,2.6399999,,,,,175.19999695,2.4800000,,,,,175.19999695,39.99999911E-3,,,,,175.19999695,4.92000008,
,,,175.40000916,2.6399999,,,,,175.40000916,2.4800000,,,,,175.40000916,39.99999911E-3,,,,,175.40000916,4.88000011,
,,,175.60000610,2.6399999,,,,,175.60000610,2.4800000,,,,,175.60000610,39.99999911E-3,,,,,175.60000610,4.88000011,
,,,175.80000305,2.6799998,,,,,175.80000305,2.4400001,,,,,175.80000305,0.0,,,,,175.80000305,4.88000011,
,,,176.00000000,2.6399999,,,,,176.00000000,2.4800000,,,,,176.00000000,0.0,,,,,176.00000000,4.88000011,
,,,176.19999695,2.6399999,,,,,176.19999695,2.4400001,,,,,176.19999695,39.99999911E-3,,,,,176.19999695,4.92000008,
,,,176.40000916,2.6799998,,,,,176.40000916,2.4400001,,,,,176.40000916,0.0,,,,,176.40000916,4.83999968,
,,,176.60000610,2.6799998,,,,,176.60000610,2.4400001,,,,,176.60000610,0.0,,,,,176.60000610,4.88000011,
,,,176.80000305,2.6399999,,,,,176.80000305,2.4400001,,,,,176.80000305,0.0,,,,,176.80000305,4.88000011,
,,,177.00000000,2.6399999,,,,,177.00000000,2.4400001,,,,,177.00000000,0.0,,,,,177.00000000,4.88000011,
,,,177.19999695,2.6799998,,,,,177.19999695,2.4800000,,,,,177.19999695,39.99999911E-3,,,,,177.19999695,4.88000011,
,,,177.40000916,2.6799998,,,,,177.40000916,2.4800000,,,,,177.40000916,0.0,,,,,177.40000916,4.88000011,
,,,177.60000610,2.6399999,,,,,177.60000610,2.4400001,,,,,177.60000610,0.0,,,,,177.60000610,4.88000011,
,,,177.80000305,2.5999999,,,,,177.80000305,2.3999999,,,,,177.80000305,39.99999911E-3,,,,,177.80000305,4.88000011,
,,,178.00000000,2.6399999,,,,,178.00000000,2.4400001,,,,,178.00000000,0.0,,,,,178.00000000,4.88000011,
,,,178.19999695,2.6399999,,,,,178.19999695,2.4400001,,,,,178.19999695,39.99999911E-3,,,,,178.19999695,4.88000011,
,,,178.40000916,2.6399999,,,,,178.40000916,2.4800000,,,,,178.40000916,0.0,,,,,178.40000916,4.88000011,
,,,178.60000610,2.5999999,,,,,178.60000610,2.4400001,,,,,178.60000610,39.99999911E-3,,,,,178.60000610,4.88000011,
,,,178.80000305,2.6399999,,,,,178.80000305,2.4800000,,,,,178.80000305,0.0,,,,,178.80000305,4.88000011,
,,,179.00000000,2.6399999,,,,,179.00000000,2.4800000,,,,,179.00000000,0.0,,,,,179.00000000,4.92000008,
,,,179.19999695,2.6399999,,,,,179.19999695,2.4800000,,,,,179.19999695,39.99999911E-3,,,,,179.19999695,4.88000011,
,,,179.40000916,2.6399999,,,,,179.40000916,2.4800000,,,,,179.40000916,0.0,,,,,179.40000916,4.88000011,
,,,179.60000610,2.6399999,,,,,179.60000610,2.4400001,,,,,179.60000610,0.0,,,,,179.60000610,4.88000011,
,,,179.80000305,2.6399999,,,,,179.80000305,2.4400001,,,,,179.80000305,39.99999911E-3,,,,,179.80000305,4.88000011,
,,,180.00000000,2.6399999,,,,,180.00000000,2.4800000,,,,,180.00000000,0.0,,,,,180.00000000,4.88000011,
,,,180.19999695,2.6399999,,,,,180.19999695,2.4400001,,,,,180.19999695,0.0,,,,,180.19999695,4.88000011,
,,,180.40000916,2.6399999,,,,,180.40000916,2.4800000,,,,,180.40000916,0.0,,,,,180.40000916,4.88000011,
,,,180.60000610,2.6399999,,,,,180.60000610,2.4400001,,,,,180.60000610,0.0,,,,,180.60000610,4.88000011,
,,,180.80000305,2.6399999,,,,,180.80000305,2.4800000,,,,,180.80000305,0.0,,,,,180.80000305,4.88000011,
,,,181.00000000,2.6399999,,,,,181.00000000,2.4800000,,,,,181.00000000,39.99999911E-3,,,,,181.00000000,4.88000011,
,,,181.19999695,2.6399999,,,,,181.19999695,2.4400001,,,,,181.19999695,39.99999911E-3,,,,,181.19999695,4.92000008,
,,,181.40000916,2.6799998,,,,,181.40000916,2.4400001,,,,,181.40000916,39.99999911E-3,,,,,181.40000916,4.96000004,
,,,181.60000610,2.6399999,,,,,181.60000610,2.4800000,,,,,181.60000610,0.0,,,,,181.60000610,4.88000011,
,,,181.80000305,2.6399999,,,,,181.80000305,2.4800000,,,,,181.80000305,0.0,,,,,181.80000305,4.88000011,
,,,182.00000000,2.6399999,,,,,182.00000000,2.4400001,,,,,182.00000000,0.0,,,,,182.00000000,4.88000011,
,,,182.19999695,2.6399999,,,,,182.19999695,2.4400001,,,,,182.19999695,39.99999911E-3,,,,,182.19999695,4.88000011,
,,,182.40000916,2.6399999,,,,,182.40000916,2.4400001,,,,,182.40000916,0.0,,,,,182.40000916,4.83999968,
,,,182.60000610,2.6399999,,,,,182.60000610,2.4400001,,,,,182.60000610,39.99999911E-3,,,,,182.60000610,4.88000011,
,,,182.80000305,2.6399999,,,,,182.80000305,2.3999999,,,,,182.80000305,0.0,,,,,182.80000305,4.88000011,
,,,183.00000000,2.6399999,,,,,183.00000000,2.4400001,,,,,183.00000000,0.0,,,,,183.00000000,4.88000011,
,,,183.19999695,2.6399999,,,,,183.19999695,2.4400001,,,,,183.19999695,39.99999911E-3,,,,,183.19999695,4.92000008,
,,,183.40000916,2.6399999,,,,,183.40000916,2.4400001,,,,,183.40000916,0.0,,,,,183.40000916,4.88000011,
,,,183.60000610,2.6399999,,,,,183.60000610,2.4800000,,,,,183.60000610,0.0,,,,,183.60000610,4.88000011,
,,,183.80000305,2.6399999,,,,,183.80000305,2.4800000,,,,,183.80000305,39.99999911E-3,,,,,183.80000305,4.88000011,
,,,184.00000000,2.6399999,,,,,184.00000000,2.4400001,,,,,184.00000000,39.99999911E-3,,,,,184.00000000,4.88000011,
,,,184.19999695,2.5999999,,,,,184.19999695,2.4400001,,,,,184.19999695,39.99999911E-3,,,,,184.19999695,4.88000011,
,,,184.40000916,2.6399999,,,,,184.40000916,2.4400001,,,,,184.40000916,0.0,,,,,184.40000916,4.88000011,
,,,184.60000610,2.6799998,,,,,184.60000610,2.4800000,,,,,184.60000610,39.99999911E-3,,,,,184.60000610,4.92000008,
,,,184.80000305,2.6399999,,,,,184.80000305,2.4800000,,,,,184.80000305,0.0,,,,,184.80000305,4.88000011,
,,,185.00000000,2.6399999,,,,,185.00000000,2.4800000,,,,,185.00000000,39.99999911E-3,,,,,185.00000000,4.88000011,
,,,185.19999695,2.6399999,,,,,185.19999695,2.4400001,,,,,185.19999695,39.99999911E-3,,,,,185.19999695,4.88000011,
,,,185.40000916,2.6799998,,,,,185.40000916,2.4400001,,,,,185.40000916,39.99999911E-3,,,,,185.40000916,4.88000011,
,,,185.60000610,2.6399999,,,,,185.60000610,2.4400001,,,,,185.60000610,0.0,,,,,185.60000610,4.88000011,
,,,185.80000305,2.6399999,,,,,185.80000305,2.4400001,,,,,185.80000305,0.0,,,,,185.80000305,4.88000011,
,,,186.00000000,2.6799998,,,,,186.00000000,2.4400001,,,,,186.00000000,39.99999911E-3,,,,,186.00000000,4.88000011,
,,,186.19999695,2.6399999,,,,,186.19999695,2.3999999,,,,,186.19999695,39.99999911E-3,,,,,186.19999695,4.88000011,
,,,186.40000916,2.6799998,,,,,186.40000916,2.4800000,,,,,186.40000916,39.99999911E-3,,,,,186.40000916,4.92000008,
,,,186.60000610,2.6399999,,,,,186.60000610,2.4800000,,,,,186.60000610,0.0,,,,,186.60000610,4.88000011,
,,,186.80000305,2.6399999,,,,,186.80000305,2.4400001,,,,,186.80000305,39.99999911E-3,,,,,186.80000305,4.88000011,
,,,187.00000000,2.6399999,,,,,187.00000000,2.4800000,,,,,187.00000000,0.0,,,,,187.00000000,4.88000011,
,,,187.19999695,2.6799998,,,,,187.19999695,2.4400001,,,,,187.19999695,39.99999911E-3,,,,,187.19999695,4.88000011,
,,,187.40000916,2.6399999,,,,,187.40000916,2.4400001,,,,,187.40000916,0.0,,,,,187.40000916,4.92000008,
,,,187.60000610,2.6799998,,,,,187.60000610,2.4400001,,,,,187.60000610,0.0,,,,,187.60000610,4.88000011,
,,,187.80000305,2.6799998,,,,,187.80000305,2.4400001,,,,,187.80000305,0.0,,,,,187.80000305,4.88000011,
,,,188.00000000,2.6799998,,,,,188.00000000,2.4400001,,,,,188.00000000,39.99999911E-3,,,,,188.00000000,4.83999968,
,,,188.19999695,2.6399999,,,,,188.19999695,2.4800000,,,,,188.19999695,39.99999911E-3,,,,,188.19999695,4.88000011,
,,,188.40000916,2.6799998,,,,,188.40000916,2.4400001,,,,,188.40000916,0.0,,,,,188.40000916,4.88000011,
,,,188.60000610,2.6399999,,,,,188.60000610,2.4400001,,,,,188.60000610,0.0,,,,,188.60000610,4.88000011,
,,,188.80000305,2.6399999,,,,,188.80000305,2.4800000,,,,,188.80000305,0.0,,,,,188.80000305,4.88000011,
,,,189.00000000,2.6399999,,,,,189.00000000,2.4400001,,,,,189.00000000,39.99999911E-3,,,,,189.00000000,4.88000011,
,,,189.19999695,2.6399999,,,,,189.19999695,2.4400001,,,,,189.19999695,0.0,,,,,189.19999695,4.88000011,
,,,189.40000916,2.6399999,,,,,189.40000916,2.4800000,,,,,189.40000916,0.0,,,,,189.40000916,4.88000011,
,,,189.60000610,2.6799998,,,,,189.60000610,2.4800000,,,,,189.60000610,0.0,,,,,189.60000610,4.88000011,
,,,189.80000305,2.6399999,,,,,189.80000305,2.4400001,,,,,189.80000305,39.99999911E-3,,,,,189.80000305,4.88000011,
,,,190.00000000,2.6399999,,,,,190.00000000,2.4400001,,,,,190.00000000,0.0,,,,,190.00000000,4.83999968,
,,,190.19999695,2.6799998,,,,,190.19999695,2.4800000,,,,,190.19999695,0.0,,,,,190.19999695,4.83999968,
,,,190.40000916,2.6399999,,,,,190.40000916,2.4800000,,,,,190.40000916,0.0,,,,,190.40000916,4.92000008,
,,,190.60000610,2.6399999,,,,,190.60000610,2.4400001,,,,,190.60000610,39.99999911E-3,,,,,190.60000610,4.88000011,
,,,190.80000305,2.5999999,,,,,190.80000305,2.4400001,,,,,190.80000305,0.0,,,,,190.80000305,4.88000011,
,,,191.00000000,2.6399999,,,,,191.00000000,2.4800000,,,,,191.00000000,0.0,,,,,191.00000000,4.88000011,
,,,191.19999695,2.6399999,,,,,191.19999695,2.5200000,,,,,191.19999695,0.0,,,,,191.19999695,4.79999971,
,,,191.40000916,2.6399999,,,,,191.40000916,2.4400001,,,,,191.40000916,0.0,,,,,191.40000916,4.88000011,
,,,191.60000610,2.6399999,,,,,191.60000610,2.4400001,,,,,191.60000610,0.0,,,,,191.60000610,4.88000011,
,,,191.80000305,2.6399999,,,,,191.80000305,2.4400001,,,,,191.80000305,39.99999911E-3,,,,,191.80000305,4.88000011,
,,,192.00000000,2.6399999,,,,,192.00000000,2.4400001,,,,,192.00000000,0.0,,,,,192.00000000,4.83999968,
,,,192.19999695,2.6399999,,,,,192.19999695,2.4400001,,,,,192.19999695,0.0,,,,,192.19999695,4.92000008,
,,,192.40000916,2.6399999,,,,,192.40000916,2.4800000,,,,,192.40000916,39.99999911E-3,,,,,192.40000916,4.88000011,
,,,192.60000610,2.6399999,,,,,192.60000610,2.4400001,,,,,192.60000610,0.0,,,,,192.60000610,4.88000011,
,,,192.80000305,2.6399999,,,,,192.80000305,2.4400001,,,,,192.80000305,0.0,,,,,192.80000305,4.88000011,
,,,193.00000000,2.6399999,,,,,193.00000000,2.4800000,,,,,193.00000000,39.99999911E-3,,,,,193.00000000,4.92000008,
,,,193.19999695,2.6799998,,,,,193.19999695,2.4800000,,,,,193.19999695,0.0,,,,,193.19999695,4.92000008,
,,,193.40000916,2.6799998,,,,,193.40000916,2.4400001,,,,,193.40000916,0.0,,,,,193.40000916,4.88000011,
,,,193.60000610,2.6799998,,,,,193.60000610,2.4400001,,,,,193.60000610,39.99999911E-3,,,,,193.60000610,4.88000011,
,,,193.80000305,2.6799998,,,,,193.80000305,2.4400001,,,,,193.80000305,39.99999911E-3,,,,,193.80000305,4.88000011,
,,,194.00000000,2.6399999,,,,,194.00000000,2.4400001,,,,,194.00000000,0.0,,,,,194.00000000,4.92000008,
,,,194.19999695,2.6399999,,,,,194.19999695,2.4400001,,,,,194.19999695,39.99999911E-3,,,,,194.19999695,4.88000011,
,,,194.40000916,2.5999999,,,,,194.40000916,2.3999999,,,,,194.40000916,39.99999911E-3,,,,,194.40000916,4.88000011,
,,,194.60000610,2.6399999,,,,,194.60000610,2.4400001,,,,,194.60000610,0.0,,,,,194.60000610,4.88000011,
,,,194.80000305,2.6399999,,,,,194.80000305,2.4400001,,,,,194.80000305,0.0,,,,,194.80000305,4.88000011,
,,,195.00000000,2.6399999,,,,,195.00000000,2.4400001,,,,,195.00000000,0.0,,,,,195.00000000,4.88000011,
,,,195.19999695,2.5999999,,,,,195.19999695,2.4400001,,,,,195.19999695,0.0,,,,,195.19999695,4.92000008,
,,,195.40000916,2.6399999,,,,,195.40000916,2.4400001,,,,,195.40000916,0.0,,,,,195.40000916,4.88000011,
,,,195.60000610,2.6799998,,,,,195.60000610,2.4400001,,,,,195.60000610,0.0,,,,,195.60000610,4.88000011,
,,,195.80000305,2.5999999,,,,,195.80000305,2.4400001,,,,,195.80000305,0.0,,,,,195.80000305,4.88000011,
,,,196.00000000,2.6399999,,,,,196.00000000,2.3999999,,,,,196.00000000,0.0,,,,,196.00000000,4.92000008,
,,,196.19999695,2.6399999,,,,,196.19999695,2.4400001,,,,,196.19999695,39.99999911E-3,,,,,196.19999695,4.92000008,
,,,196.40000916,2.6399999,,,,,196.40000916,2.4400001,,,,,196.40000916,0.0,,,,,196.40000916,4.88000011,
,,,196.60000610,2.6399999,,,,,196.60000610,2.4400001,,,,,196.60000610,39.99999911E-3,,,,,196.60000610,4.88000011,
,,,196.80000305,2.6799998,,,,,196.80000305,2.3999999,,,,,196.80000305,0.0,,,,,196.80000305,4.88000011,
,,,197.00000000,2.6399999,,,,,197.00000000,2.4400001,,,,,197.00000000,0.0,,,,,197.00000000,4.88000011,
,,,197.19999695,2.6399999,,,,,197.19999695,2.4400001,,,,,197.19999695,0.0,,,,,197.19999695,4.88000011,
,,,197.40000916,2.6399999,,,,,197.40000916,2.4800000,,,,,197.40000916,0.0,,,,,197.40000916,4.88000011,
,,,197.60000610,2.6399999,,,,,197.60000610,2.4400001,,,,,197.60000610,0.0,,,,,197.60000610,4.88000011,
,,,197.80000305,2.6399999,,,,,197.80000305,2.4800000,,,,,197.80000305,39.99999911E-3,,,,,197.80000305,4.88000011,
,,,198.00000000,2.6399999,,,,,198.00000000,2.4400001,,,,,198.00000000,39.99999911E-3,,,,,198.00000000,4.88000011,
,,,198.19999695,2.6399999,,,,,198.19999695,2.4400001,,,,,198.19999695,0.0,,,,,198.19999695,4.88000011,
,,,198.40000916,2.6399999,,,,,198.40000916,2.3999999,,,,,198.40000916,0.0,,,,,198.40000916,4.88000011,
,,,198.60000610,2.6799998,,,,,198.60000610,2.3999999,,,,,198.60000610,0.0,,,,,198.60000610,4.88000011,
,,,198.80000305,2.6399999,,,,,198.80000305,2.4800000,,,,,198.80000305,39.99999911E-3,,,,,198.80000305,4.92000008,
,,,199.00000000,2.6399999,,,,,199.00000000,2.4400001,,,,,199.00000000,0.0,,,,,199.00000000,4.88000011,
,,,199.19999695,2.6399999,,,,,199.19999695,2.4400001,,,,,199.19999695,0.0,,,,,199.19999695,4.88000011,
,,,199.40000916,2.6399999,,,,,199.40000916,2.4400001,,,,,199.40000916,0.0,,,,,199.40000916,4.88000011,
,,,199.60000610,2.6399999,,,,,199.60000610,2.4400001,,,,,199.60000610,0.0,,,,,199.60000610,4.88000011,
,,,199.80000305,2.6799998,,,,,199.80000305,2.4800000,,,,,199.80000305,0.0,,,,,199.80000305,4.88000011,
,,,200.00000000,2.5999999,,,,,200.00000000,2.4400001,,,,,200.00000000,39.99999911E-3,,,,,200.00000000,4.88000011,
,,,200.19999695,2.6799998,,,,,200.19999695,2.4400001,,,,,200.19999695,0.0,,,,,200.19999695,4.88000011,
,,,200.40000916,2.6399999,,,,,200.40000916,2.4400001,,,,,200.40000916,39.99999911E-3,,,,,200.40000916,4.88000011,
,,,200.60000610,2.6399999,,,,,200.60000610,2.4400001,,,,,200.60000610,39.99999911E-3,,,,,200.60000610,4.88000011,
,,,200.80000305,2.6399999,,,,,200.80000305,2.4400001,,,,,200.80000305,39.99999911E-3,,,,,200.80000305,4.88000011,
,,,201.00000000,2.5999999,,,,,201.00000000,2.4400001,,,,,201.00000000,39.99999911E-3,,,,,201.00000000,4.92000008,
,,,201.19999695,2.6399999,,,,,201.19999695,2.4800000,,,,,201.19999695,0.0,,,,,201.19999695,4.88000011,
,,,201.40000916,2.6399999,,,,,201.40000916,2.3999999,,,,,201.40000916,0.0,,,,,201.40000916,4.88000011,
,,,201.60000610,2.5999999,,,,,201.60000610,2.4800000,,,,,201.60000610,39.99999911E-3,,,,,201.60000610,4.88000011,
,,,201.80000305,2.6399999,,,,,201.80000305,2.4800000,,,,,201.80000305,0.0,,,,,201.80000305,4.88000011,
,,,202.00000000,2.6399999,,,,,202.00000000,2.4800000,,,,,202.00000000,39.99999911E-3,,,,,202.00000000,4.92000008,
,,,202.19999695,2.6399999,,,,,202.19999695,2.4400001,,,,,202.19999695,0.0,,,,,202.19999695,4.83999968,
,,,202.40000916,2.6399999,,,,,202.40000916,2.4800000,,,,,202.40000916,39.99999911E-3,,,,,202.40000916,4.92000008,
,,,202.60000610,2.6399999,,,,,202.60000610,2.4400001,,,,,202.60000610,0.0,,,,,202.60000610,4.88000011,
,,,202.80000305,2.6399999,,,,,202.80000305,2.4400001,,,,,202.80000305,0.0,,,,,202.80000305,4.88000011,
,,,203.00000000,2.6799998,,,,,203.00000000,2.4800000,,,,,203.00000000,0.0,,,,,203.00000000,4.88000011,
,,,203.19999695,2.6399999,,,,,203.19999695,2.4400001,,,,,203.19999695,0.0,,,,,203.19999695,4.88000011,
,,,203.40000916,2.6399999,,,,,203.40000916,2.4400001,,,,,203.40000916,-39.99999911E-3,,,,,203.40000916,4.88000011,
,,,203.60000610,2.6399999,,,,,203.60000610,2.4400001,,,,,203.60000610,39.99999911E-3,,,,,203.60000610,4.88000011,
,,,203.80000305,2.6399999,,,,,203.80000305,2.4400001,,,,,203.80000305,0.0,,,,,203.80000305,4.88000011,
,,,204.00000000,2.6399999,,,,,204.00000000,2.4800000,,,,,204.00000000,0.0,,,,,204.00000000,4.88000011,
,,,204.19999695,2.6399999,,,,,204.19999695,2.4400001,,,,,204.19999695,0.0,,,,,204.19999695,4.92000008,
,,,204.40000916,2.6399999,,,,,204.40000916,2.4400001,,,,,204.40000916,0.0,,,,,204.40000916,4.83999968,
,,,204.60000610,2.6399999,,,,,204.60000610,2.4400001,,,,,204.60000610,0.0,,,,,204.60000610,4.83999968,
,,,204.80000305,2.6399999,,,,,204.80000305,2.4400001,,,,,204.80000305,0.0,,,,,204.80000305,4.88000011,
,,,205.00000000,2.6399999,,,,,205.00000000,2.4400001,,,,,205.00000000,0.0,,,,,205.00000000,4.88000011,
,,,205.19999695,2.6399999,,,,,205.19999695,2.4400001,,,,,205.19999695,0.0,,,,,205.19999695,4.88000011,
,,,205.40000916,2.6399999,,,,,205.40000916,2.4400001,,,,,205.40000916,0.0,,,,,205.40000916,4.88000011,
,,,205.60000610,2.6799998,,,,,205.60000610,2.4400001,,,,,205.60000610,0.0,,,,,205.60000610,4.88000011,
,,,205.80000305,2.6399999,,,,,205.80000305,2.4400001,,,,,205.80000305,0.0,,,,,205.80000305,4.92000008,
,,,206.00000000,2.6399999,,,,,206.00000000,2.4400001,,,,,206.00000000,0.0,,,,,206.00000000,4.88000011,
,,,206.19999695,2.6399999,,,,,206.19999695,2.3999999,,,,,206.19999695,0.0,,,,,206.19999695,4.88000011,
,,,206.40000916,2.6799998,,,,,206.40000916,2.4800000,,,,,206.40000916,39.99999911E-3,,,,,206.40000916,4.92000008,
,,,206.60000610,2.6799998,,,,,206.60000610,2.4800000,,,,,206.60000610,199.99998808E-3,,,,,206.60000610,4.88000011,
,,,206.80000305,2.6399999,,,,,206.80000305,2.4400001,,,,,206.80000305,79.999998212E-3,,,,,206.80000305,4.88000011,
,,,207.00000000,2.6399999,,,,,207.00000000,2.4400001,,,,,207.00000000,119.9999973E-3,,,,,207.00000000,4.88000011,
,,,207.19999695,2.6399999,,,,,207.19999695,2.4400001,,,,,207.19999695,39.99999911E-3,,,,,207.19999695,4.88000011,
,,,207.40000916,2.6399999,,,,,207.40000916,2.4400001,,,,,207.40000916,39.99999911E-3,,,,,207.40000916,4.88000011,
,,,207.60000610,2.6399999,,,,,207.60000610,2.4400001,,,,,207.60000610,0.0,,,,,207.60000610,4.88000011,
,,,207.80000305,2.6399999,,,,,207.80000305,2.4400001,,,,,207.80000305,280.00000119E-3,,,,,207.80000305,4.92000008,
,,,208.00000000,2.6399999,,,,,208.00000000,2.4400001,,,,,208.00000000,359.99998450E-3,,,,,208.00000000,4.92000008,
,,,208.19999695,2.6399999,,,,,208.19999695,2.4800000,,,,,208.19999695,0.0,,,,,208.19999695,4.83999968,
,,,208.40000916,2.6399999,,,,,208.40000916,2.4400001,,,,,208.40000916,199.99998808E-3,,,,,208.40000916,4.88000011,
,,,208.60000610,2.6399999,,,,,208.60000610,2.4400001,,,,,208.60000610,280.00000119E-3,,,,,208.60000610,4.88000011,
,,,208.80000305,2.6799998,,,,,208.80000305,2.4400001,,,,,208.80000305,0.0,,,,,208.80000305,4.88000011,
,,,209.00000000,2.6399999,,,,,209.00000000,2.4400001,,,,,209.00000000,319.99999285E-3,,,,,209.00000000,4.88000011,
,,,209.19999695,2.6799998,,,,,209.19999695,2.4400001,,,,,209.19999695,280.00000119E-3,,,,,209.19999695,4.88000011,
,,,209.40000916,2.6399999,,,,,209.40000916,2.4800000,,,,,209.40000916,560.000002384E-3,,,,,209.40000916,4.88000011,
,,,209.60000610,2.6399999,,,,,209.60000610,2.4400001,,,,,209.60000610,199.99998808E-3,,,,,209.60000610,4.88000011,
,,,209.80000305,2.6399999,,,,,209.80000305,2.4400001,,,,,209.80000305,159.99999642E-3,,,,,209.80000305,4.88000011,
,,,210.00000000,2.6399999,,,,,210.00000000,2.4400001,,,,,210.00000000,39.99999911E-3,,,,,210.00000000,4.88000011,
,,,210.19999695,2.6399999,,,,,210.19999695,2.4400001,,,,,210.19999695,280.00000119E-3,,,,,210.19999695,4.88000011,
,,,210.40000916,2.6399999,,,,,210.40000916,2.4400001,,,,,210.40000916,199.99998808E-3,,,,,210.40000916,4.88000011,
,,,210.60000610,2.6399999,,,,,210.60000610,2.4400001,,,,,210.60000610,79.999998212E-3,,,,,210.60000610,4.92000008,
,,,210.80000305,2.6399999,,,,,210.80000305,2.4400001,,,,,210.80000305,199.99998808E-3,,,,,210.80000305,4.88000011,
,,,211.00000000,2.6399999,,,,,211.00000000,2.4800000,,,,,211.00000000,119.9999973E-3,,,,,211.00000000,4.88000011,
,,,211.19999695,2.6399999,,,,,211.19999695,2.4400001,,,,,211.19999695,119.9999973E-3,,,,,211.19999695,4.88000011,
,,,211.40000916,2.6399999,,,,,211.40000916,2.4400001,,,,,211.40000916,0.0,,,,,211.40000916,4.88000011,
,,,211.60000610,2.6399999,,,,,211.60000610,2.4800000,,,,,211.60000610,359.99998450E-3,,,,,211.60000610,4.88000011,
,,,211.80000305,2.6399999,,,,,211.80000305,2.4800000,,,,,211.80000305,280.00000119E-3,,,,,211.80000305,4.88000011,
,,,212.00000000,2.6399999,,,,,212.00000000,2.4400001,,,,,212.00000000,39.99999911E-3,,,,,212.00000000,4.88000011,
,,,212.19999695,2.6399999,,,,,212.19999695,2.4800000,,,,,212.19999695,239.99999464E-3,,,,,212.19999695,4.88000011,
,,,212.40000916,2.6399999,,,,,212.40000916,2.4400001,,,,,212.40000916,0.0,,,,,212.40000916,4.88000011,
,,,212.60000610,2.6399999,,,,,212.60000610,2.4800000,,,,,212.60000610,39.99999911E-3,,,,,212.60000610,4.88000011,
,,,212.80000305,2.6399999,,,,,212.80000305,2.4800000,,,,,212.80000305,239.99999464E-3,,,,,212.80000305,4.88000011,
,,,213.00000000,2.6399999,,,,,213.00000000,2.4400001,,,,,213.00000000,319.99999285E-3,,,,,213.00000000,4.83999968,
,,,213.19999695,2.6399999,,,,,213.19999695,2.4400001,,,,,213.19999695,359.99998450E-3,,,,,213.19999695,4.88000011,
,,,213.40000916,2.6399999,,,,,213.40000916,2.4400001,,,,,213.40000916,159.99999642E-3,,,,,213.40000916,4.88000011,
,,,213.60000610,2.6399999,,,,,213.60000610,2.4400001,,,,,213.60000610,39.99999911E-3,,,,,213.60000610,4.92000008,
,,,213.80000305,2.6399999,,,,,213.80000305,2.4800000,,,,,213.80000305,39.99999911E-3,,,,,213.80000305,4.88000011,
,,,214.00000000,2.6399999,,,,,214.00000000,2.4400001,,,,,214.00000000,280.00000119E-3,,,,,214.00000000,4.88000011,
,,,214.19999695,2.6399999,,,,,214.19999695,2.4400001,,,,,214.19999695,359.99998450E-3,,,,,214.19999695,4.88000011,
,,,214.40000916,2.6799998,,,,,214.40000916,2.4800000,,,,,214.40000916,479.999989271E-3,,,,,214.40000916,4.88000011,
,,,214.60000610,2.6799998,,,,,214.60000610,2.4400001,,,,,214.60000610,680.000007153E-3,,,,,214.60000610,4.88000011,
,,,214.80000305,2.6399999,,,,,214.80000305,2.4400001,,,,,214.80000305,479.999989271E-3,,,,,214.80000305,4.88000011,
,,,215.00000000,2.6399999,,,,,215.00000000,2.4400001,,,,,215.00000000,519.999980927E-3,,,,,215.00000000,4.88000011,
,,,215.19999695,2.6399999,,,,,215.19999695,2.4800000,,,,,215.19999695,479.999989271E-3,,,,,215.19999695,4.88000011,
,,,215.40000916,2.6399999,,,,,215.40000916,2.4400001,,,,,215.40000916,639.999985695E-3,,,,,215.40000916,4.88000011,
,,,215.60000610,2.5999999,,,,,215.60000610,2.4800000,,,,,215.60000610,479.999989271E-3,,,,,215.60000610,4.88000011,
,,,215.80000305,2.6399999,,,,,215.80000305,2.4400001,,,,,215.80000305,680.000007153E-3,,,,,215.80000305,4.88000011,
,,,216.00000000,2.5999999,,,,,216.00000000,2.4400001,,,,,216.00000000,519.999980927E-3,,,,,216.00000000,4.88000011,
,,,216.19999695,2.6399999,,,,,216.19999695,2.4400001,,,,,216.19999695,479.999989271E-3,,,,,216.19999695,4.88000011,
,,,216.40000916,2.6399999,,,,,216.40000916,2.4400001,,,,,216.40000916,560.000002384E-3,,,,,216.40000916,4.88000011,
,,,216.60000610,2.6399999,,,,,216.60000610,2.3999999,,,,,216.60000610,639.999985695E-3,,,,,216.60000610,4.88000011,
,,,216.80000305,2.5999999,,,,,216.80000305,2.4400001,,,,,216.80000305,680.000007153E-3,,,,,216.80000305,4.88000011,
,,,217.00000000,2.5999999,,,,,217.00000000,2.4800000,,,,,217.00000000,560.000002384E-3,,,,,217.00000000,4.88000011,
,,,217.19999695,2.6399999,,,,,217.19999695,2.3999999,,,,,217.19999695,519.999980927E-3,,,,,217.19999695,4.88000011,
,,,217.40000916,2.6399999,,,,,217.40000916,2.4400001,,,,,217.40000916,759.999990463E-3,,,,,217.40000916,4.88000011,
,,,217.60000610,2.6399999,,,,,217.60000610,2.4400001,,,,,217.60000610,639.999985695E-3,,,,,217.60000610,4.88000011,
,,,217.80000305,2.6399999,,,,,217.80000305,2.4400001,,,,,217.80000305,479.999989271E-3,,,,,217.80000305,4.83999968,
,,,218.00000000,2.6399999,,,,,218.00000000,2.4400001,,,,,218.00000000,639.999985695E-3,,,,,218.00000000,4.88000011,
,,,218.19999695,2.6399999,,,,,218.19999695,2.4400001,,,,,218.19999695,560.000002384E-3,,,,,218.19999695,4.92000008,
,,,218.40000916,2.5999999,,,,,218.40000916,2.4400001,,,,,218.40000916,799.999952316E-3,,,,,218.40000916,4.88000011,
,,,218.60000610,2.6399999,,,,,218.60000610,2.4400001,,,,,218.60000610,560.000002384E-3,,,,,218.60000610,4.83999968,
,,,218.80000305,2.6399999,,,,,218.80000305,2.4400001,,,,,218.80000305,719.999969006E-3,,,,,218.80000305,4.88000011,
,,,219.00000000,2.5999999,,,,,219.00000000,2.4400001,,,,,219.00000000,479.999989271E-3,,,,,219.00000000,4.88000011,
,,,219.19999695,2.6399999,,,,,219.19999695,2.4400001,,,,,219.19999695,799.999952316E-3,,,,,219.19999695,4.88000011,
,,,219.40000916,2.6399999,,,,,219.40000916,2.4400001,,,,,219.40000916,719.999969006E-3,,,,,219.40000916,4.88000011,
,,,219.60000610,2.6399999,,,,,219.60000610,2.4400001,,,,,219.60000610,519.999980927E-3,,,,,219.60000610,4.88000011,
,,,219.80000305,2.5999999,,,,,219.80000305,2.3999999,,,,,219.80000305,560.000002384E-3,,,,,219.80000305,4.88000011,
,,,220.00000000,2.5999999,,,,,220.00000000,2.4400001,,,,,220.00000000,599.999964237E-3,,,,,220.00000000,4.88000011,
,,,220.19999695,2.5999999,,,,,220.19999695,2.4400001,,,,,220.19999695,560.000002384E-3,,,,,220.19999695,4.88000011,
,,,220.40000916,2.5999999,,,,,220.40000916,2.4400001,,,,,220.40000916,919.999957085E-3,,,,,220.40000916,4.88000011,
,,,220.60000610,2.5999999,,,,,220.60000610,2.4400001,,,,,220.60000610,1.0799999,,,,,220.60000610,4.88000011,
,,,220.80000305,2.5999999,,,,,220.80000305,2.5200000,,,,,220.80000305,919.999957085E-3,,,,,220.80000305,4.88000011,
,,,221.00000000,2.6399999,,,,,221.00000000,2.4800000,,,,,221.00000000,839.999973774E-3,,,,,221.00000000,4.88000011,
,,,221.19999695,2.5999999,,,,,221.19999695,2.4400001,,,,,221.19999695,959.999978542E-3,,,,,221.19999695,4.88000011,
,,,221.40000916,2.6399999,,,,,221.40000916,2.4800000,,,,,221.40000916,1.000000,,,,,221.40000916,4.92000008,
,,,221.60000610,2.6399999,,,,,221.60000610,2.4400001,,,,,221.60000610,959.999978542E-3,,,,,221.60000610,4.88000011,
,,,221.80000305,2.6399999,,,,,221.80000305,2.4400001,,,,,221.80000305,879.999995232E-3,,,,,221.80000305,4.88000011,
,,,222.00000000,2.5999999,,,,,222.00000000,2.4400001,,,,,222.00000000,839.999973774E-3,,,,,222.00000000,4.88000011,
,,,222.19999695,2.5999999,,,,,222.19999695,2.4400001,,,,,222.19999695,919.999957085E-3,,,,,222.19999695,4.88000011,
,,,222.40000916,2.6399999,,,,,222.40000916,2.4800000,,,,,222.40000916,1.000000,,,,,222.40000916,4.88000011,
,,,222.60000610,2.6399999,,,,,222.60000610,2.4400001,,,,,222.60000610,1.1200000,,,,,222.60000610,4.88000011,
,,,222.80000305,2.5999999,,,,,222.80000305,2.5599999,,,,,222.80000305,1.000000,,,,,222.80000305,4.88000011,
,,,223.00000000,2.6399999,,,,,223.00000000,2.4800000,,,,,223.00000000,1.0799999,,,,,223.00000000,4.88000011,
,,,223.19999695,2.6399999,,,,,223.19999695,2.4800000,,,,,223.19999695,959.999978542E-3,,,,,223.19999695,4.88000011,
,,,223.40000916,2.6399999,,,,,223.40000916,2.4800000,,,,,223.40000916,959.999978542E-3,,,,,223.40000916,4.88000011,
,,,223.60000610,2.6399999,,,,,223.60000610,2.4400001,,,,,223.60000610,839.999973774E-3,,,,,223.60000610,4.88000011,
,,,223.80000305,2.6399999,,,,,223.80000305,2.4400001,,,,,223.80000305,959.999978542E-3,,,,,223.80000305,4.88000011,
,,,224.00000000,2.6399999,,,,,224.00000000,2.4800000,,,,,224.00000000,1.1600000,,,,,224.00000000,4.88000011,
,,,224.19999695,2.6399999,,,,,224.19999695,2.4800000,,,,,224.19999695,879.999995232E-3,,,,,224.19999695,4.88000011,
,,,224.40000916,2.6399999,,,,,224.40000916,2.4800000,,,,,224.40000916,1.1600000,,,,,224.40000916,4.88000011,
,,,224.60000610,2.5999999,,,,,224.60000610,2.5599999,,,,,224.60000610,959.999978542E-3,,,,,224.60000610,4.88000011,
,,,224.80000305,2.6399999,,,,,224.80000305,2.4400001,,,,,224.80000305,959.999978542E-3,,,,,224.80000305,4.83999968,
,,,225.00000000,2.5999999,,,,,225.00000000,2.4400001,,,,,225.00000000,1.0799999,,,,,225.00000000,4.88000011,
,,,225.19999695,2.6399999,,,,,225.19999695,2.4400001,,,,,225.19999695,1.0400000,,,,,225.19999695,4.88000011,
,,,225.40000916,2.6399999,,,,,225.40000916,2.4400001,,,,,225.40000916,1.1200000,,,,,225.40000916,4.88000011,
,,,225.60000610,2.6399999,,,,,225.60000610,2.4400001,,,,,225.60000610,1.0799999,,,,,225.60000610,4.92000008,
,,,225.80000305,2.6799998,,,,,225.80000305,2.4400001,,,,,225.80000305,1.1600000,,,,,225.80000305,4.88000011,
,,,226.00000000,2.6399999,,,,,226.00000000,2.4400001,,,,,226.00000000,1.1200000,,,,,226.00000000,4.88000011,
,,,226.19999695,2.5999999,,,,,226.19999695,2.4400001,,,,,226.19999695,1.0400000,,,,,226.19999695,4.88000011,
,,,226.40000916,2.6399999,,,,,226.40000916,2.4800000,,,,,226.40000916,639.999985695E-3,,,,,226.40000916,4.88000011,
,,,226.60000610,2.6399999,,,,,226.60000610,2.4800000,,,,,226.60000610,1.000000,,,,,226.60000610,4.88000011,
,,,226.80000305,2.6399999,,,,,226.80000305,2.4400001,,,,,226.80000305,1.2800000,,,,,226.80000305,4.88000011,
,,,227.00000000,2.6399999,,,,,227.00000000,2.4400001,,,,,227.00000000,1.2400000,,,,,227.00000000,4.88000011,
,,,227.19999695,2.6399999,,,,,227.19999695,2.4400001,,,,,227.19999695,1.4399999,,,,,227.19999695,4.88000011,
,,,227.40000916,2.6399999,,,,,227.40000916,2.4800000,,,,,227.40000916,1.2800000,,,,,227.40000916,4.88000011,
,,,227.60000610,2.6399999,,,,,227.60000610,2.4400001,,,,,227.60000610,1.4000000,,,,,227.60000610,4.92000008,
,,,227.80000305,2.6399999,,,,,227.80000305,2.4400001,,,,,227.80000305,1.4800000,,,,,227.80000305,4.88000011,
,,,228.00000000,2.6399999,,,,,228.00000000,2.4800000,,,,,228.00000000,1.4800000,,,,,228.00000000,4.92000008,
,,,228.19999695,2.6399999,,,,,228.19999695,2.4400001,,,,,228.19999695,1.1999999,,,,,228.19999695,4.88000011,
,,,228.40000916,2.6399999,,,,,228.40000916,2.4400001,,,,,228.40000916,1.2400000,,,,,228.40000916,4.88000011,
,,,228.60000610,2.6399999,,,,,228.60000610,2.4400001,,,,,228.60000610,1.2800000,,,,,228.60000610,4.92000008,
,,,228.80000305,2.5999999,,,,,228.80000305,2.4800000,,,,,228.80000305,1.5999999,,,,,228.80000305,4.88000011,
,,,229.00000000,2.6399999,,,,,229.00000000,2.4400001,,,,,229.00000000,1.4000000,,,,,229.00000000,4.88000011,
,,,229.19999695,2.6399999,,,,,229.19999695,2.3999999,,,,,229.19999695,1.4399999,,,,,229.19999695,4.88000011,
,,,229.40000916,2.6399999,,,,,229.40000916,2.4800000,,,,,229.40000916,1.4399999,,,,,229.40000916,4.92000008,
,,,229.60000610,2.6399999,,,,,229.60000610,2.4400001,,,,,229.60000610,1.3600000,,,,,229.60000610,4.88000011,
,,,229.80000305,2.6399999,,,,,229.80000305,2.4400001,,,,,229.80000305,1.1600000,,,,,229.80000305,4.83999968,
,,,230.00000000,2.6399999,,,,,230.00000000,2.3999999,,,,,230.00000000,1.3600000,,,,,230.00000000,4.88000011,
,,,230.19999695,2.6399999,,,,,230.19999695,2.4400001,,,,,230.19999695,1.4000000,,,,,230.19999695,4.88000011,
,,,230.40000916,2.6399999,,,,,230.40000916,2.4400001,,,,,230.40000916,1.5999999,,,,,230.40000916,4.88000011,
,,,230.60000610,2.6399999,,,,,230.60000610,2.4800000,,,,,230.60000610,1.4399999,,,,,230.60000610,4.88000011,
,,,230.80000305,2.6399999,,,,,230.80000305,2.4400001,,,,,230.80000305,1.4800000,,,,,230.80000305,4.88000011,
,,,231.00000000,2.6399999,,,,,231.00000000,2.4400001,,,,,231.00000000,1.4000000,,,,,231.00000000,4.88000011,
,,,231.19999695,2.5999999,,,,,231.19999695,2.4400001,,,,,231.19999695,1.2800000,,,,,231.19999695,4.88000011,
,,,231.40000916,2.6399999,,,,,231.40000916,2.4400001,,,,,231.40000916,1.2800000,,,,,231.40000916,4.83999968,
,,,231.60000610,2.5999999,,,,,231.60000610,2.4400001,,,,,231.60000610,1.4800000,,,,,231.60000610,4.88000011,
,,,231.80000305,2.6399999,,,,,231.80000305,2.4400001,,,,,231.80000305,1.5999999,,,,,231.80000305,4.88000011,
,,,232.00000000,2.6399999,,,,,232.00000000,2.4800000,,,,,232.00000000,1.4399999,,,,,232.00000000,4.88000011,
,,,232.19999695,2.6399999,,,,,232.19999695,2.4400001,,,,,232.19999695,1.4800000,,,,,232.19999695,4.88000011,
,,,232.40000916,2.6399999,,,,,232.40000916,2.4400001,,,,,232.40000916,1.4399999,,,,,232.40000916,4.88000011,
,,,232.60000610,2.5999999,,,,,232.60000610,2.4400001,,,,,232.60000610,1.4800000,,,,,232.60000610,4.88000011,
,,,232.80000305,2.6399999,,,,,232.80000305,2.4400001,,,,,232.80000305,1.5599999,,,,,232.80000305,4.92000008,
,,,233.00000000,2.6399999,,,,,233.00000000,2.4400001,,,,,233.00000000,1.5999999,,,,,233.00000000,4.88000011,
,,,233.19999695,2.6399999,,,,,233.19999695,2.4400001,,,,,233.19999695,1.4399999,,,,,233.19999695,4.88000011,
,,,233.40000916,2.6799998,,,,,233.40000916,2.4400001,,,,,233.40000916,1.5200000,,,,,233.40000916,4.88000011,
,,,233.60000610,2.6399999,,,,,233.60000610,2.3999999,,,,,233.60000610,1.3600000,,,,,233.60000610,4.88000011,
,,,233.80000305,2.6399999,,,,,233.80000305,2.4800000,,,,,233.80000305,1.5599999,,,,,233.80000305,4.88000011,
,,,234.00000000,2.5999999,,,,,234.00000000,2.4400001,,,,,234.00000000,1.6400000,,,,,234.00000000,4.92000008,
,,,234.19999695,2.6399999,,,,,234.19999695,2.4400001,,,,,234.19999695,1.7199999,,,,,234.19999695,4.88000011,
,,,234.40000916,2.6399999,,,,,234.40000916,2.4400001,,,,,234.40000916,1.4800000,,,,,234.40000916,4.88000011,
,,,234.60000610,2.5999999,,,,,234.60000610,2.4400001,,,,,234.60000610,1.3199999,,,,,234.60000610,4.88000011,
,,,234.80000305,2.6399999,,,,,234.80000305,2.4400001,,,,,234.80000305,1.1200000,,,,,234.80000305,4.88000011,
,,,235.00000000,2.6399999,,,,,235.00000000,2.4400001,,,,,235.00000000,1.5200000,,,,,235.00000000,4.88000011,
,,,235.19999695,2.5999999,,,,,235.19999695,2.4400001,,,,,235.19999695,1.5599999,,,,,235.19999695,4.92000008,
,,,235.40000916,2.6399999,,,,,235.40000916,2.4400001,,,,,235.40000916,1.7600000,,,,,235.40000916,4.88000011,
,,,235.60000610,2.6399999,,,,,235.60000610,2.3999999,,,,,235.60000610,1.5999999,,,,,235.60000610,4.88000011,
,,,235.80000305,2.6399999,,,,,235.80000305,2.3999999,,,,,235.80000305,1.5599999,,,,,235.80000305,4.88000011,
,,,236.00000000,2.5999999,,,,,236.00000000,2.4400001,,,,,236.00000000,1.6400000,,,,,236.00000000,4.88000011,
,,,236.19999695,2.5999999,,,,,236.19999695,2.4400001,,,,,236.19999695,1.5599999,,,,,236.19999695,4.88000011,
,,,236.40000916,2.6399999,,,,,236.40000916,2.4400001,,,,,236.40000916,1.5999999,,,,,236.40000916,4.88000011,
,,,236.60000610,2.6399999,,,,,236.60000610,2.4800000,,,,,236.60000610,1.5200000,,,,,236.60000610,4.88000011,
,,,236.80000305,2.6399999,,,,,236.80000305,2.4400001,,,,,236.80000305,1.6400000,,,,,236.80000305,4.88000011,
,,,237.00000000,2.6399999,,,,,237.00000000,2.4400001,,,,,237.00000000,1.5999999,,,,,237.00000000,4.88000011,
,,,237.19999695,2.5999999,,,,,237.19999695,2.4400001,,,,,237.19999695,1.7600000,,,,,237.19999695,4.88000011,
,,,237.40000916,2.6399999,,,,,237.40000916,2.4800000,,,,,237.40000916,1.6400000,,,,,237.40000916,4.88000011,
,,,237.60000610,2.5999999,,,,,237.60000610,2.4400001,,,,,237.60000610,1.6400000,,,,,237.60000610,4.88000011,
,,,237.80000305,2.5999999,,,,,237.80000305,2.4400001,,,,,237.80000305,1.6799999,,,,,237.80000305,4.88000011,
,,,238.00000000,2.6399999,,,,,238.00000000,2.4400001,,,,,238.00000000,1.8399999,,,,,238.00000000,4.88000011,
,,,238.19999695,2.6399999,,,,,238.19999695,2.4400001,,,,,238.19999695,1.5999999,,,,,238.19999695,4.83999968,
,,,238.40000916,2.6399999,,,,,238.40000916,2.4400001,,,,,238.40000916,1.5999999,,,,,238.40000916,4.88000011,
,,,238.60000610,2.5999999,,,,,238.60000610,2.4400001,,,,,238.60000610,1.5599999,,,,,238.60000610,4.88000011,
,,,238.80000305,2.6399999,,,,,238.80000305,2.4400001,,,,,238.80000305,1.5999999,,,,,238.80000305,4.92000008,
,,,239.00000000,2.6399999,,,,,239.00000000,2.4400001,,,,,239.00000000,1.5599999,,,,,239.00000000,4.88000011,
,,,239.19999695,2.6399999,,,,,239.19999695,2.3999999,,,,,239.19999695,1.6799999,,,,,239.19999695,4.88000011,
,,,239.40000916,2.5999999,,,,,239.40000916,2.4400001,,,,,239.40000916,1.7600000,,,,,239.40000916,4.88000011,
,,,239.60000610,2.6399999,,,,,239.60000610,2.4400001,,,,,239.60000610,1.6799999,,,,,239.60000610,4.88000011,
,,,239.80000305,2.6399999,,,,,239.80000305,2.4400001,,,,,239.80000305,1.5599999,,,,,239.80000305,4.88000011,
,,,240.00000000,2.6799998,,,,,240.00000000,2.4800000,,,,,240.00000000,1.4800000,,,,,240.00000000,4.88000011,
,,,240.19999695,2.6399999,,,,,240.19999695,2.4800000,,,,,240.19999695,1.5599999,,,,,240.19999695,4.88000011,
,,,240.40000916,2.5999999,,,,,240.40000916,2.4800000,,,,,240.40000916,1.5200000,,,,,240.40000916,4.88000011,
,,,240.60000610,2.6399999,,,,,240.60000610,2.4400001,,,,,240.60000610,1.4399999,,,,,240.60000610,4.88000011,
,,,240.80000305,2.6399999,,,,,240.80000305,2.3999999,,,,,240.80000305,1.6799999,,,,,240.80000305,4.88000011,
,,,241.00000000,2.6399999,,,,,241.00000000,2.4400001,,,,,241.00000000,1.6400000,,,,,241.00000000,4.88000011,
,,,241.19999695,2.6399999,,,,,241.19999695,2.4400001,,,,,241.19999695,1.6799999,,,,,241.19999695,4.83999968,
,,,241.40000916,2.6399999,,,,,241.40000916,2.4800000,,,,,241.40000916,1.3600000,,,,,241.40000916,4.88000011,
,,,241.60000610,2.6399999,,,,,241.60000610,2.4400001,,,,,241.60000610,1.4800000,,,,,241.60000610,4.83999968,
,,,241.80000305,2.6399999,,,,,241.80000305,2.4800000,,,,,241.80000305,1.5999999,,,,,241.80000305,4.88000011,
,,,242.00000000,2.6399999,,,,,242.00000000,2.4400001,,,,,242.00000000,1.7600000,,,,,242.00000000,4.92000008,
,,,242.19999695,2.6399999,,,,,242.19999695,2.4800000,,,,,242.19999695,1.6400000,,,,,242.19999695,4.75999975,
,,,242.40000916,2.6399999,,,,,242.40000916,2.4800000,,,,,242.40000916,1.6400000,,,,,242.40000916,4.71999979,
,,,242.60000610,2.6399999,,,,,242.60000610,2.4400001,,,,,242.60000610,1.9200000,,,,,242.60000610,4.79999971,
,,,242.80000305,2.6399999,,,,,242.80000305,2.4800000,,,,,242.80000305,1.5200000,,,,,242.80000305,4.88000011,
,,,243.00000000,2.5999999,,,,,243.00000000,2.4800000,,,,,243.00000000,1.7600000,,,,,243.00000000,4.71999979,
,,,243.19999695,2.6399999,,,,,243.19999695,2.4400001,,,,,243.19999695,1.5599999,,,,,243.19999695,4.79999971,
,,,243.40000916,2.5999999,,,,,243.40000916,2.4400001,,,,,243.40000916,1.4399999,,,,,243.40000916,4.63999987,
,,,243.60000610,2.6399999,,,,,243.60000610,2.4400001,,,,,243.60000610,1.4399999,,,,,243.60000610,4.75999975,
,,,243.80000305,2.5999999,,,,,243.80000305,2.4400001,,,,,243.80000305,1.5599999,,,,,243.80000305,4.63999987,
,,,244.00000000,2.6399999,,,,,244.00000000,2.4800000,,,,,244.00000000,1.3600000,,,,,244.00000000,4.67999983,
,,,244.19999695,2.6399999,,,,,244.19999695,2.4400001,,,,,244.19999695,1.6400000,,,,,244.19999695,4.67999983,
,,,244.40000916,2.5999999,,,,,244.40000916,2.4400001,,,,,244.40000916,1.5999999,,,,,244.40000916,4.07999992,
,,,244.60000610,2.5999999,,,,,244.60000610,2.3999999,,,,,244.60000610,1.5599999,,,,,244.60000610,4.31999969,
,,,244.80000305,2.6399999,,,,,244.80000305,2.4400001,,,,,244.80000305,1.5599999,,,,,244.80000305,4.36000013,
,,,245.00000000,2.6399999,,,,,245.00000000,2.4800000,,,,,245.00000000,1.6400000,,,,,245.00000000,4.23999977,
,,,245.19999695,2.6799998,,,,,245.19999695,2.4800000,,,,,245.19999695,1.8000000,,,,,245.19999695,4.59999990,
,,,245.40000916,2.5999999,,,,,245.40000916,2.4400001,,,,,245.40000916,1.8000000,,,,,245.40000916,4.55999994,
,,,245.60000610,2.6399999,,,,,245.60000610,2.4400001,,,,,245.60000610,1.5999999,,,,,245.60000610,4.44000006,
,,,245.80000305,2.5999999,,,,,245.80000305,2.4400001,,,,,245.80000305,1.9200000,,,,,245.80000305,4.27999973,
,,,246.00000000,2.6399999,,,,,246.00000000,2.4400001,,,,,246.00000000,1.7199999,,,,,246.00000000,4.19999981,
,,,246.19999695,2.6399999,,,,,246.19999695,2.4800000,,,,,246.19999695,1.8800000,,,,,246.19999695,4.15999985,
,,,246.40000916,2.6399999,,,,,246.40000916,2.4400001,,,,,246.40000916,1.9200000,,,,,246.40000916,4.11999989,
,,,246.60000610,2.6399999,,,,,246.60000610,2.4400001,,,,,246.60000610,1.8399999,,,,,246.60000610,4.03999996,
,,,246.80000305,2.6399999,,,,,246.80000305,2.4800000,,,,,246.80000305,1.6799999,,,,,246.80000305,4.19999981,
,,,247.00000000,2.6399999,,,,,247.00000000,2.4400001,,,,,247.00000000,1.7199999,,,,,247.00000000,4.15999985,
,,,247.19999695,2.6399999,,,,,247.19999695,2.4400001,,,,,247.19999695,1.9599999,,,,,247.19999695,4.11999989,
,,,247.40000916,2.6399999,,,,,247.40000916,2.3999999,,,,,247.40000916,1.9599999,,,,,247.40000916,4.03999996,
,,,247.60000610,2.6399999,,,,,247.60000610,2.4400001,,,,,247.60000610,1.8000000,,,,,247.60000610,4.07999992,
,,,247.80000305,2.6399999,,,,,247.80000305,2.4400001,,,,,247.80000305,1.9599999,,,,,247.80000305,4.11999989,
,,,248.00000000,2.6399999,,,,,248.00000000,2.4400001,,,,,248.00000000,1.9599999,,,,,248.00000000,4.15999985,
,,,248.19999695,2.6399999,,,,,248.19999695,2.4400001,,,,,248.19999695,1.8800000,,,,,248.19999695,4.07999992,
,,,248.40000916,2.5999999,,,,,248.40000916,2.4400001,,,,,248.40000916,1.8800000,,,,,248.40000916,4.00000000,
,,,248.60000610,2.6399999,,,,,248.60000610,2.4400001,,,,,248.60000610,1.8399999,,,,,248.60000610,4.07999992,
,,,248.80000305,2.6399999,,,,,248.80000305,2.4400001,,,,,248.80000305,1.8000000,,,,,248.80000305,4.00000000,
,,,249.00000000,2.6399999,,,,,249.00000000,2.4400001,,,,,249.00000000,1.8800000,,,,,249.00000000,4.00000000,
,,,249.19999695,2.6399999,,,,,249.19999695,2.4400001,,,,,249.19999695,1.9599999,,,,,249.19999695,3.91999984,
,,,249.40000916,2.5999999,,,,,249.40000916,2.4400001,,,,,249.40000916,2.0400000,,,,,249.40000916,4.00000000,
,,,249.60000610,2.6399999,,,,,249.60000610,2.4400001,,,,,249.60000610,2.0000000,,,,,249.60000610,3.91999984,
,,,249.80000305,2.6399999,,,,,249.80000305,2.4400001,,,,,249.80000305,2.0000000,,,,,249.80000305,4.00000000,
,,,250.00000000,2.6399999,,,,,250.00000000,2.3999999,,,,,250.00000000,1.7199999,,,,,250.00000000,3.95999980,
,,,250.19999695,2.5999999,,,,,250.19999695,2.4400001,,,,,250.19999695,1.9599999,,,,,250.19999695,3.91999984,
,,,250.40000916,2.6399999,,,,,250.40000916,2.4400001,,,,,250.40000916,1.8399999,,,,,250.40000916,3.79999995,
,,,250.60000610,2.5999999,,,,,250.60000610,2.4400001,,,,,250.60000610,1.8399999,,,,,250.60000610,3.79999995,
,,,250.80000305,2.6399999,,,,,250.80000305,2.4800000,,,,,250.80000305,1.7600000,,,,,250.80000305,3.79999995,
,,,251.00000000,2.6399999,,,,,251.00000000,2.4400001,,,,,251.00000000,1.8000000,,,,,251.00000000,3.79999995,
,,,251.19999695,2.6399999,,,,,251.19999695,2.4400001,,,,,251.19999695,1.8399999,,,,,251.19999695,3.67999983,
,,,251.40000916,2.6399999,,,,,251.40000916,2.4800000,,,,,251.40000916,1.8800000,,,,,251.40000916,3.67999983,
,,,251.60000610,2.6399999,,,,,251.60000610,2.4400001,,,,,251.60000610,1.9200000,,,,,251.60000610,3.79999995,
,,,251.80000305,2.6399999,,,,,251.80000305,2.4400001,,,,,251.80000305,1.8800000,,,,,251.80000305,3.72000003,
,,,252.00000000,2.5999999,,,,,252.00000000,2.4400001,,,,,252.00000000,1.8800000,,,,,252.00000000,3.91999984,
,,,252.19999695,2.5999999,,,,,252.19999695,2.4400001,,,,,252.19999695,1.8000000,,,,,252.19999695,3.55999994,
,,,252.40000916,2.6399999,,,,,252.40000916,2.3999999,,,,,252.40000916,1.8000000,,,,,252.40000916,3.48000002,
,,,252.60000610,2.6399999,,,,,252.60000610,2.4800000,,,,,252.60000610,1.7199999,,,,,252.60000610,3.48000002,
,,,252.80000305,2.6399999,,,,,252.80000305,2.4400001,,,,,252.80000305,1.8399999,,,,,252.80000305,3.43999982,
,,,253.00000000,2.5999999,,,,,253.00000000,2.4400001,,,,,253.00000000,1.8399999,,,,,253.00000000,3.51999998,
,,,253.19999695,2.6399999,,,,,253.19999695,2.4400001,,,,,253.19999695,1.7199999,,,,,253.19999695,3.51999998,
,,,253.40000916,2.6399999,,,,,253.40000916,2.4400001,,,,,253.40000916,1.8000000,,,,,253.40000916,3.35999990,
,,,253.60000610,2.5999999,,,,,253.60000610,2.4400001,,,,,253.60000610,1.8800000,,,,,253.60000610,3.43999982,
,,,253.80000305,2.6399999,,,,,253.80000305,2.4400001,,,,,253.80000305,1.6400000,,,,,253.80000305,3.48000002,
,,,254.00000000,2.6399999,,,,,254.00000000,2.3999999,,,,,254.00000000,1.7600000,,,,,254.00000000,3.35999990,
,,,254.19999695,2.5999999,,,,,254.19999695,2.4400001,,,,,254.19999695,1.8399999,,,,,254.19999695,3.43999982,
,,,254.40000916,2.6399999,,,,,254.40000916,2.4400001,,,,,254.40000916,1.8800000,,,,,254.40000916,3.24000001,
,,,254.60000610,2.6399999,,,,,254.60000610,2.4400001,,,,,254.60000610,2.0400000,,,,,254.60000610,3.27999997,
,,,254.80000305,2.6399999,,,,,254.80000305,2.4800000,,,,,254.80000305,1.8800000,,,,,254.80000305,3.27999997,
,,,255.00000000,2.5999999,,,,,255.00000000,2.4400001,,,,,255.00000000,2.0400000,,,,,255.00000000,3.24000001,
,,,255.19999695,2.6399999,,,,,255.19999695,2.4400001,,,,,255.19999695,1.9599999,,,,,255.19999695,3.19999981,
,,,255.40000916,2.6399999,,,,,255.40000916,2.4400001,,,,,255.40000916,1.9200000,,,,,255.40000916,3.19999981,
,,,255.60000610,2.6399999,,,,,255.60000610,2.4800000,,,,,255.60000610,1.9599999,,,,,255.60000610,3.24000001,
,,,255.80000305,2.6399999,,,,,255.80000305,2.4800000,,,,,255.80000305,1.9200000,,,,,255.80000305,3.19999981,
,,,256.00000000,2.5999999,,,,,256.00000000,2.4800000,,,,,256.00000000,1.8000000,,,,,256.00000000,3.24000001,
,,,256.20001221,2.5999999,,,,,256.20001221,2.4400001,,,,,256.20001221,2.0400000,,,,,256.20001221,3.24000001,
,,,256.39999390,2.6399999,,,,,256.39999390,2.4400001,,,,,256.39999390,1.8800000,,,,,256.39999390,3.19999981,
,,,256.60000610,2.5999999,,,,,256.60000610,2.4400001,,,,,256.60000610,2.0400000,,,,,256.60000610,3.27999997,
,,,256.80001831,2.5999999,,,,,256.80001831,2.4400001,,,,,256.80001831,1.8000000,,,,,256.80001831,3.19999981,
,,,257.00000000,2.6399999,,,,,257.00000000,2.5200000,,,,,257.00000000,1.9200000,,,,,257.00000000,3.24000001,
,,,257.20001221,2.5999999,,,,,257.20001221,2.3999999,,,,,257.20001221,1.8800000,,,,,257.20001221,3.03999996,
,,,257.39999390,2.6399999,,,,,257.39999390,2.4400001,,,,,257.39999390,2.1599998,,,,,257.39999390,2.91999984,
,,,257.60000610,2.6399999,,,,,257.60000610,2.4400001,,,,,257.60000610,1.9599999,,,,,257.60000610,2.91999984,
,,,257.80001831,2.6399999,,,,,257.80001831,2.4400001,,,,,257.80001831,2.0000000,,,,,257.80001831,3.03999996,
,,,258.00000000,2.5999999,,,,,258.00000000,2.4400001,,,,,258.00000000,2.0400000,,,,,258.00000000,3.07999992,
,,,258.20001221,2.6399999,,,,,258.20001221,2.4400001,,,,,258.20001221,2.0400000,,,,,258.20001221,3.00000000,
,,,258.39999390,2.5999999,,,,,258.39999390,2.5200000,,,,,258.39999390,1.9599999,,,,,258.39999390,3.03999996,
,,,258.60000610,2.6399999,,,,,258.60000610,2.4400001,,,,,258.60000610,1.7199999,,,,,258.60000610,2.91999984,
,,,258.80001831,2.6399999,,,,,258.80001831,2.4400001,,,,,258.80001831,1.9599999,,,,,258.80001831,3.03999996,
,,,259.00000000,2.5999999,,,,,259.00000000,2.4400001,,,,,259.00000000,1.8800000,,,,,259.00000000,3.24000001,
,,,259.20001221,2.6399999,,,,,259.20001221,2.4400001,,,,,259.20001221,1.8800000,,,,,259.20001221,2.87999988,
,,,259.39999390,2.5999999,,,,,259.39999390,2.4400001,,,,,259.39999390,2.0000000,,,,,259.39999390,2.83999991,
,,,259.60000610,2.6399999,,,,,259.60000610,2.4400001,,,,,259.60000610,2.0000000,,,,,259.60000610,2.91999984,
,,,259.80001831,2.6399999,,,,,259.80001831,2.4400001,,,,,259.80001831,1.9200000,,,,,259.80001831,2.91999984,
,,,260.00000000,2.6399999,,,,,260.00000000,2.4400001,,,,,260.00000000,1.8000000,,,,,260.00000000,2.91999984,
,,,260.20001221,2.6399999,,,,,260.20001221,2.4400001,,,,,260.20001221,1.8399999,,,,,260.20001221,2.87999988,
,,,260.39999390,2.6399999,,,,,260.39999390,2.4400001,,,,,260.39999390,2.0000000,,,,,260.39999390,2.83999991,
,,,260.60000610,2.6399999,,,,,260.60000610,2.4400001,,,,,260.60000610,1.8800000,,,,,260.60000610,2.87999988,
,,,260.80001831,2.6399999,,,,,260.80001831,2.4400001,,,,,260.80001831,1.9200000,,,,,260.80001831,2.87999988,
,,,261.00000000,2.6399999,,,,,261.00000000,2.4400001,,,,,261.00000000,1.8399999,,,,,261.00000000,2.83999991,
,,,261.20001221,2.6399999,,,,,261.20001221,2.4400001,,,,,261.20001221,2.0000000,,,,,261.20001221,2.87999988,
,,,261.39999390,2.6399999,,,,,261.39999390,2.4800000,,,,,261.39999390,2.1599998,,,,,261.39999390,2.91999984,
,,,261.60000610,2.6399999,,,,,261.60000610,2.4400001,,,,,261.60000610,2.0799999,,,,,261.60000610,2.91999984,
,,,261.80001831,2.5999999,,,,,261.80001831,2.4800000,,,,,261.80001831,2.0400000,,,,,261.80001831,2.87999988,
,,,262.00000000,2.5999999,,,,,262.00000000,2.4400001,,,,,262.00000000,2.0799999,,,,,262.00000000,2.87999988,
,,,262.20001221,2.6399999,,,,,262.20001221,2.4400001,,,,,262.20001221,1.8399999,,,,,262.20001221,2.79999995,
,,,262.39999390,2.6399999,,,,,262.39999390,2.4400001,,,,,262.39999390,1.9200000,,,,,262.39999390,2.79999995,
,,,262.60000610,2.5999999,,,,,262.60000610,2.4400001,,,,,262.60000610,2.0000000,,,,,262.60000610,2.75999999,
,,,262.80001831,2.5999999,,,,,262.80001831,2.4400001,,,,,262.80001831,2.1199999,,,,,262.80001831,2.87999988,
,,,263.00000000,2.6399999,,,,,263.00000000,2.4400001,,,,,263.00000000,1.9200000,,,,,263.00000000,2.79999995,
,,,263.20001221,2.5999999,,,,,263.20001221,2.4800000,,,,,263.20001221,1.9200000,,,,,263.20001221,2.79999995,
,,,263.39999390,2.6399999,,,,,263.39999390,2.4400001,,,,,263.39999390,1.7600000,,,,,263.39999390,2.72000003,
,,,263.60000610,2.6399999,,,,,263.60000610,2.4800000,,,,,263.60000610,2.0799999,,,,,263.60000610,2.72000003,
,,,263.80001831,2.6399999,,,,,263.80001831,2.4400001,,,,,263.80001831,1.8399999,,,,,263.80001831,2.75999999,
,,,264.00000000,2.6399999,,,,,264.00000000,2.4400001,,,,,264.00000000,2.0799999,,,,,264.00000000,2.6399999,
,,,264.20001221,2.6399999,,,,,264.20001221,2.4400001,,,,,264.20001221,1.9599999,,,,,264.20001221,2.5999999,
,,,264.39999390,2.6399999,,,,,264.39999390,2.4400001,,,,,264.39999390,2.1599998,,,,,264.39999390,2.6399999,
,,,264.60000610,2.6399999,,,,,264.60000610,2.4400001,,,,,264.60000610,2.0000000,,,,,264.60000610,2.5999999,
,,,264.80001831,2.6399999,,,,,264.80001831,2.4400001,,,,,264.80001831,1.9200000,,,,,264.80001831,2.75999999,
,,,265.00000000,2.6399999,,,,,265.00000000,2.4400001,,,,,265.00000000,2.0799999,,,,,265.00000000,2.6799998,
,,,265.20001221,2.6399999,,,,,265.20001221,2.4400001,,,,,265.20001221,2.0000000,,,,,265.20001221,2.72000003,
,,,265.39999390,2.6399999,,,,,265.39999390,2.4800000,,,,,265.39999390,2.0000000,,,,,265.39999390,2.5999999,
,,,265.60000610,2.5999999,,,,,265.60000610,2.4400001,,,,,265.60000610,2.0000000,,,,,265.60000610,2.6399999,
,,,265.80001831,2.6399999,,,,,265.80001831,2.4400001,,,,,265.80001831,2.0000000,,,,,265.80001831,2.6399999,
,,,266.00000000,2.6399999,,,,,266.00000000,2.4800000,,,,,266.00000000,2.0000000,,,,,266.00000000,2.72000003,
,,,266.20001221,2.5999999,,,,,266.20001221,2.4400001,,,,,266.20001221,2.1599998,,,,,266.20001221,2.5599999,
,,,266.39999390,2.6399999,,,,,266.39999390,2.4400001,,,,,266.39999390,2.0000000,,,,,266.39999390,2.5200000,
,,,266.60000610,2.6399999,,,,,266.60000610,2.4800000,,,,,266.60000610,2.2000000,,,,,266.60000610,2.5200000,
,,,266.80001831,2.6399999,,,,,266.80001831,2.4800000,,,,,266.80001831,1.9599999,,,,,266.80001831,2.4800000,
,,,267.00000000,2.6399999,,,,,267.00000000,2.4400001,,,,,267.00000000,2.1199999,,,,,267.00000000,2.5200000,
,,,267.20001221,2.6399999,,,,,267.20001221,2.4400001,,,,,267.20001221,2.0799999,,,,,267.20001221,2.4800000,
,,,267.39999390,2.6399999,,,,,267.39999390,2.4400001,,,,,267.39999390,2.1199999,,,,,267.39999390,2.3599999,
,,,267.60000610,2.5999999,,,,,267.60000610,2.4400001,,,,,267.60000610,2.2400000,,,,,267.60000610,2.5200000,
,,,267.80001831,2.6399999,,,,,267.80001831,2.4800000,,,,,267.80001831,2.3599999,,,,,267.80001831,2.4800000,
,,,268.00000000,2.5999999,,,,,268.00000000,2.3999999,,,,,268.00000000,2.1599998,,,,,268.00000000,2.6399999,
,,,268.20001221,2.6399999,,,,,268.20001221,2.4400001,,,,,268.20001221,2.1199999,,,,,268.20001221,2.3999999,
,,,268.39999390,2.6399999,,,,,268.39999390,2.4400001,,,,,268.39999390,2.0000000,,,,,268.39999390,2.4800000,
,,,268.60000610,2.6399999,,,,,268.60000610,2.4800000,,,,,268.60000610,1.9200000,,,,,268.60000610,2.4400001,
,,,268.80001831,2.6399999,,,,,268.80001831,2.4400001,,,,,268.80001831,2.0400000,,,,,268.80001831,2.4400001,
,,,269.00000000,2.5999999,,,,,269.00000000,2.4400001,,,,,269.00000000,1.9200000,,,,,269.00000000,2.4400001,
,,,269.20001221,2.6399999,,,,,269.20001221,2.4400001,,,,,269.20001221,2.1199999,,,,,269.20001221,2.3599999,
,,,269.39999390,2.6399999,,,,,269.39999390,2.4400001,,,,,269.39999390,1.8800000,,,,,269.39999390,2.2800000,
,,,269.60000610,2.6399999,,,,,269.60000610,2.4400001,,,,,269.60000610,2.2000000,,,,,269.60000610,2.3599999,
,,,269.80001831,2.6399999,,,,,269.80001831,2.5200000,,,,,269.80001831,1.9200000,,,,,269.80001831,2.3999999,
,,,270.00000000,2.5999999,,,,,270.00000000,2.4400001,,,,,270.00000000,2.1599998,,,,,270.00000000,2.2800000,
,,,270.20001221,2.5999999,,,,,270.20001221,2.4400001,,,,,270.20001221,2.2000000,,,,,270.20001221,2.3599999,
,,,270.39999390,2.5999999,,,,,270.39999390,2.4400001,,,,,270.39999390,2.3199999,,,,,270.39999390,2.3199999,
,,,270.60000610,2.6399999,,,,,270.60000610,2.4400001,,,,,270.60000610,1.8800000,,,,,270.60000610,2.2400000,
,,,270.80001831,2.6399999,,,,,270.80001831,2.4400001,,,,,270.80001831,2.0000000,,,,,270.80001831,2.3599999,
,,,271.00000000,2.6399999,,,,,271.00000000,2.4400001,,,,,271.00000000,2.0400000,,,,,271.00000000,2.3199999,
,,,271.20001221,2.6399999,,,,,271.20001221,2.4800000,,,,,271.20001221,2.0400000,,,,,271.20001221,2.3599999,
,,,271.39999390,2.6399999,,,,,271.39999390,2.4800000,,,,,271.39999390,2.1199999,,,,,271.39999390,2.2400000,
,,,271.60000610,2.6399999,,,,,271.60000610,2.4400001,,,,,271.60000610,2.1599998,,,,,271.60000610,2.2400000,
,,,271.80001831,2.6399999,,,,,271.80001831,2.3999999,,,,,271.80001831,2.2400000,,,,,271.80001831,2.3599999,
,,,272.00000000,2.6399999,,,,,272.00000000,2.4400001,,,,,272.00000000,2.0000000,,,,,272.00000000,2.2800000,
,,,272.20001221,2.6399999,,,,,272.20001221,2.4400001,,,,,272.20001221,2.0400000,,,,,272.20001221,2.3199999,
,,,272.39999390,2.5999999,,,,,272.39999390,2.4800000,,,,,272.39999390,2.2000000,,,,,272.39999390,2.2800000,
,,,272.60000610,2.6399999,,,,,272.60000610,2.4400001,,,,,272.60000610,2.0799999,,,,,272.60000610,2.2000000,
,,,272.80001831,2.5999999,,,,,272.80001831,2.4400001,,,,,272.80001831,2.1199999,,,,,272.80001831,2.3199999,
,,,273.00000000,2.6399999,,,,,273.00000000,2.4400001,,,,,273.00000000,2.0400000,,,,,273.00000000,2.2800000,
,,,273.20001221,2.6399999,,,,,273.20001221,2.4400001,,,,,273.20001221,1.9200000,,,,,273.20001221,2.1599998,
,,,273.39999390,2.6399999,,,,,273.39999390,2.4800000,,,,,273.39999390,2.0000000,,,,,273.39999390,2.2000000,
,,,273.60000610,2.6399999,,,,,273.60000610,2.4800000,,,,,273.60000610,2.0799999,,,,,273.60000610,2.1199999,
,,,273.80001831,2.6399999,,,,,273.80001831,2.4400001,,,,,273.80001831,2.0400000,,,,,273.80001831,2.2000000,
,,,274.00000000,2.6399999,,,,,274.00000000,2.4400001,,,,,274.00000000,1.9200000,,,,,274.00000000,2.2400000,
,,,274.20001221,2.5999999,,,,,274.20001221,2.5200000,,,,,274.20001221,2.2000000,,,,,274.20001221,2.0400000,
,,,274.39999390,2.6399999,,,,,274.39999390,2.4400001,,,,,274.39999390,2.1199999,,,,,274.39999390,2.1599998,
,,,274.60000610,2.6399999,,,,,274.60000610,2.4400001,,,,,274.60000610,2.2800000,,,,,274.60000610,2.3199999,
,,,274.80001831,2.6399999,,,,,274.80001831,2.4400001,,,,,274.80001831,2.1199999,,,,,274.80001831,2.1599998,
,,,275.00000000,2.5999999,,,,,275.00000000,2.4400001,,,,,275.00000000,2.1599998,,,,,275.00000000,2.2400000,
,,,275.20001221,2.6399999,,,,,275.20001221,2.5599999,,,,,275.20001221,2.0799999,,,,,275.20001221,2.1599998,
,,,275.39999390,2.6399999,,,,,275.39999390,2.4400001,,,,,275.39999390,2.2400000,,,,,275.39999390,2.1599998,
,,,275.60000610,2.5999999,,,,,275.60000610,2.4400001,,,,,275.60000610,2.1599998,,,,,275.60000610,2.2000000,
,,,275.80001831,2.6399999,,,,,275.80001831,2.4800000,,,,,275.80001831,2.2000000,,,,,275.80001831,2.1199999,
,,,276.00000000,2.6399999,,,,,276.00000000,2.4400001,,,,,276.00000000,2.1599998,,,,,276.00000000,2.2400000,
,,,276.20001221,2.6399999,,,,,276.20001221,2.4400001,,,,,276.20001221,2.2800000,,,,,276.20001221,2.1199999,
,,,276.39999390,2.6399999,,,,,276.39999390,2.4400001,,,,,276.39999390,2.1599998,,,,,276.39999390,2.1199999,
,,,276.60000610,2.6399999,,,,,276.60000610,2.4400001,,,,,276.60000610,2.2800000,,,,,276.60000610,2.2000000,
,,,276.80001831,2.6399999,,,,,276.80001831,2.4400001,,,,,276.80001831,2.0000000,,,,,276.80001831,2.2400000,
,,,277.00000000,2.6399999,,,,,277.00000000,2.4400001,,,,,277.00000000,2.1199999,,,,,277.00000000,2.2400000,
,,,277.20001221,2.6399999,,,,,277.20001221,2.4400001,,,,,277.20001221,2.1599998,,,,,277.20001221,2.1199999,
,,,277.39999390,2.6399999,,,,,277.39999390,2.4400001,,,,,277.39999390,2.0799999,,,,,277.39999390,2.0799999,
,,,277.60000610,2.5999999,,,,,277.60000610,2.4400001,,,,,277.60000610,2.0400000,,,,,277.60000610,2.0000000,
,,,277.80001831,2.5999999,,,,,277.80001831,2.4800000,,,,,277.80001831,2.0799999,,,,,277.80001831,2.2400000,
,,,278.00000000,2.6399999,,,,,278.00000000,2.4800000,,,,,278.00000000,2.2000000,,,,,278.00000000,2.2400000,
,,,278.20001221,2.6399999,,,,,278.20001221,2.4400001,,,,,278.20001221,2.0799999,,,,,278.20001221,2.0400000,
,,,278.39999390,2.6399999,,,,,278.39999390,2.4800000,,,,,278.39999390,2.2800000,,,,,278.39999390,2.0400000,
,,,278.60000610,2.6399999,,,,,278.60000610,2.4400001,,,,,278.60000610,2.3199999,,,,,278.60000610,2.1599998,
,,,278.80001831,2.5999999,,,,,278.80001831,2.4400001,,,,,278.80001831,2.2400000,,,,,278.80001831,2.1199999,
,,,279.00000000,2.5999999,,,,,279.00000000,2.3999999,,,,,279.00000000,2.1599998,,,,,279.00000000,2.0799999,
,,,279.20001221,2.6399999,,,,,279.20001221,2.4800000,,,,,279.20001221,2.0799999,,,,,279.20001221,2.1599998,
,,,279.39999390,2.5999999,,,,,279.39999390,2.4400001,,,,,279.39999390,2.0000000,,,,,279.39999390,2.0000000,
,,,279.60000610,2.6399999,,,,,279.60000610,2.4400001,,,,,279.60000610,2.2800000,,,,,279.60000610,2.0400000,
,,,279.80001831,2.5999999,,,,,279.80001831,2.4400001,,,,,279.80001831,2.1199999,,,,,279.80001831,2.0799999,
,,,280.00000000,2.6399999,,,,,280.00000000,2.4400001,,,,,280.00000000,2.2400000,,,,,280.00000000,2.0799999,
,,,280.20001221,2.6399999,,,,,280.20001221,2.4800000,,,,,280.20001221,2.0799999,,,,,280.20001221,2.0400000,
,,,280.39999390,2.6399999,,,,,280.39999390,2.4400001,,,,,280.39999390,2.1599998,,,,,280.39999390,2.0400000,
,,,280.60000610,2.6399999,,,,,280.60000610,2.4400001,,,,,280.60000610,2.2000000,,,,,280.60000610,2.0000000,
,,,280.80001831,2.6399999,,,,,280.80001831,2.4400001,,,,,280.80001831,2.3199999,,,,,280.80001831,2.1599998,
,,,281.00000000,2.6399999,,,,,281.00000000,2.4400001,,,,,281.00000000,2.2000000,,,,,281.00000000,2.0400000,
,,,281.20001221,2.6399999,,,,,281.20001221,2.4400001,,,,,281.20001221,2.2000000,,,,,281.20001221,2.1199999,
,,,281.39999390,2.6399999,,,,,281.39999390,2.4400001,,,,,281.39999390,2.0799999,,,,,281.39999390,2.0000000,
,,,281.60000610,2.6399999,,,,,281.60000610,2.5200000,,,,,281.60000610,2.1599998,,,,,281.60000610,2.0799999,
,,,281.80001831,2.5999999,,,,,281.80001831,2.4800000,,,,,281.80001831,2.1199999,,,,,281.80001831,2.1199999,
,,,282.00000000,2.6799998,,,,,282.00000000,2.5200000,,,,,282.00000000,2.1599998,,,,,282.00000000,2.2000000,
,,,282.20001221,2.6399999,,,,,282.20001221,2.4400001,,,,,282.20001221,2.2000000,,,,,282.20001221,2.0799999,
,,,282.39999390,2.6399999,,,,,282.39999390,2.4800000,,,,,282.39999390,2.2400000,,,,,282.39999390,1.9200000,
,,,282.60000610,2.5999999,,,,,282.60000610,2.4800000,,,,,282.60000610,2.3199999,,,,,282.60000610,2.1199999,
,,,282.80001831,2.5999999,,,,,282.80001831,2.4400001,,,,,282.80001831,2.0000000,,,,,282.80001831,2.0799999,
,,,283.00000000,2.5999999,,,,,283.00000000,2.4800000,,,,,283.00000000,2.0000000,,,,,283.00000000,2.0000000,
,,,283.20001221,2.6399999,,,,,283.20001221,2.4400001,,,,,283.20001221,2.2400000,,,,,283.20001221,2.0799999,
,,,283.39999390,2.6399999,,,,,283.39999390,2.4400001,,,,,283.39999390,2.0000000,,,,,283.39999390,1.9200000,
,,,283.60000610,2.6399999,,,,,283.60000610,2.4400001,,,,,283.60000610,2.0400000,,,,,283.60000610,1.9599999,
,,,283.80001831,2.6399999,,,,,283.80001831,2.4400001,,,,,283.80001831,1.9200000,,,,,283.80001831,2.1199999,
,,,284.00000000,2.5999999,,,,,284.00000000,2.4400001,,,,,284.00000000,2.2800000,,,,,284.00000000,2.0400000,
,,,284.20001221,2.6399999,,,,,284.20001221,2.4400001,,,,,284.20001221,2.1599998,,,,,284.20001221,1.9200000,
,,,284.39999390,2.6399999,,,,,284.39999390,2.4400001,,,,,284.39999390,2.0000000,,,,,284.39999390,1.9599999,
,,,284.60000610,2.6399999,,,,,284.60000610,2.4400001,,,,,284.60000610,2.1599998,,,,,284.60000610,1.9200000,
,,,284.80001831,2.5999999,,,,,284.80001831,2.4400001,,,,,284.80001831,2.0799999,,,,,284.80001831,1.9599999,
,,,285.00000000,2.5999999,,,,,285.00000000,2.4400001,,,,,285.00000000,2.1599998,,,,,285.00000000,2.0400000,
,,,285.20001221,2.6399999,,,,,285.20001221,2.4400001,,,,,285.20001221,2.2400000,,,,,285.20001221,1.9599999,
,,,285.39999390,2.5999999,,,,,285.39999390,2.4800000,,,,,285.39999390,2.2800000,,,,,285.39999390,1.9599999,
,,,285.60000610,2.6399999,,,,,285.60000610,2.4400001,,,,,285.60000610,2.1599998,,,,,285.60000610,1.9599999,
,,,285.80001831,2.6399999,,,,,285.80001831,2.4400001,,,,,285.80001831,2.0400000,,,,,285.80001831,1.9599999,
,,,286.00000000,2.6399999,,,,,286.00000000,2.4800000,,,,,286.00000000,2.3199999,,,,,286.00000000,2.0000000,
,,,286.20001221,2.6399999,,,,,286.20001221,2.4400001,,,,,286.20001221,2.3199999,,,,,286.20001221,1.9200000,
,,,286.39999390,2.5999999,,,,,286.39999390,2.4800000,,,,,286.39999390,2.3599999,,,,,286.39999390,1.9599999,
,,,286.60000610,2.5999999,,,,,286.60000610,2.4400001,,,,,286.60000610,2.2800000,,,,,286.60000610,1.9200000,
,,,286.80001831,2.5999999,,,,,286.80001831,2.4400001,,,,,286.80001831,2.2800000,,,,,286.80001831,2.1199999,
,,,287.00000000,2.6399999,,,,,287.00000000,2.4400001,,,,,287.00000000,2.1599998,,,,,287.00000000,1.9599999,
,,,287.20001221,2.6399999,,,,,287.20001221,2.3999999,,,,,287.20001221,2.3599999,,,,,287.20001221,1.9200000,
,,,287.39999390,2.6399999,,,,,287.39999390,2.4400001,,,,,287.39999390,2.2400000,,,,,287.39999390,1.8000000,
,,,287.60000610,2.6399999,,,,,287.60000610,2.3999999,,,,,287.60000610,2.3199999,,,,,287.60000610,1.8800000,
,,,287.80001831,2.6399999,,,,,287.80001831,2.4800000,,,,,287.80001831,2.2800000,,,,,287.80001831,2.0000000,
,,,288.00000000,2.6399999,,,,,288.00000000,2.4400001,,,,,288.00000000,2.2000000,,,,,288.00000000,2.0400000,
,,,288.20001221,2.6399999,,,,,288.20001221,2.4400001,,,,,288.20001221,2.2000000,,,,,288.20001221,2.0000000,
,,,288.39999390,2.6399999,,,,,288.39999390,2.4400001,,,,,288.39999390,2.0799999,,,,,288.39999390,1.9599999,
,,,288.60000610,2.5999999,,,,,288.60000610,2.4400001,,,,,288.60000610,2.3199999,,,,,288.60000610,1.8399999,
,,,288.80001831,2.6399999,,,,,288.80001831,2.4400001,,,,,288.80001831,2.5599999,,,,,288.80001831,2.0400000,
,,,289.00000000,2.6399999,,,,,289.00000000,2.4800000,,,,,289.00000000,2.5200000,,,,,289.00000000,2.2000000,
,,,289.20001221,2.6399999,,,,,289.20001221,2.4400001,,,,,289.20001221,2.1199999,,,,,289.20001221,2.0000000,
,,,289.39999390,2.5999999,,,,,289.39999390,2.4400001,,,,,289.39999390,2.2000000,,,,,289.39999390,1.9599999,
,,,289.60000610,2.6399999,,,,,289.60000610,2.4400001,,,,,289.60000610,2.3199999,,,,,289.60000610,2.0400000,
,,,289.80001831,2.5999999,,,,,289.80001831,2.4400001,,,,,289.80001831,2.3199999,,,,,289.80001831,2.0799999,
,,,290.00000000,2.6399999,,,,,290.00000000,2.4400001,,,,,290.00000000,2.3199999,,,,,290.00000000,2.0799999,
,,,290.20001221,2.5999999,,,,,290.20001221,2.4800000,,,,,290.20001221,2.3599999,,,,,290.20001221,1.9599999,
,,,290.39999390,2.6399999,,,,,290.39999390,2.4400001,,,,,290.39999390,2.2800000,,,,,290.39999390,1.9599999,
,,,290.60000610,2.6399999,,,,,290.60000610,2.4800000,,,,,290.60000610,2.0000000,,,,,290.60000610,1.9599999,
,,,290.80001831,2.6399999,,,,,290.80001831,2.4400001,,,,,290.80001831,2.2800000,,,,,290.80001831,2.1199999,
,,,291.00000000,2.5999999,,,,,291.00000000,2.4400001,,,,,291.00000000,2.0400000,,,,,291.00000000,1.9200000,
,,,291.20001221,2.5999999,,,,,291.20001221,2.4400001,,,,,291.20001221,2.1599998,,,,,291.20001221,1.9599999,
,,,291.39999390,2.6399999,,,,,291.39999390,2.4400001,,,,,291.39999390,2.2400000,,,,,291.39999390,1.8399999,
,,,291.60000610,2.5999999,,,,,291.60000610,2.4400001,,,,,291.60000610,2.1599998,,,,,291.60000610,1.8800000,
,,,291.80001831,2.6399999,,,,,291.80001831,2.4800000,,,,,291.80001831,2.0000000,,,,,291.80001831,1.9599999,
,,,292.00000000,2.6399999,,,,,292.00000000,2.4800000,,,,,292.00000000,2.3199999,,,,,292.00000000,1.8800000,
,,,292.20001221,2.6399999,,,,,292.20001221,2.4400001,,,,,292.20001221,2.2800000,,,,,292.20001221,1.9599999,
,,,292.39999390,2.6399999,,,,,292.39999390,2.4800000,,,,,292.39999390,2.2800000,,,,,292.39999390,1.8000000,
,,,292.60000610,2.6399999,,,,,292.60000610,2.4400001,,,,,292.60000610,2.1199999,,,,,292.60000610,1.9200000,
,,,292.80001831,2.5999999,,,,,292.80001831,2.4400001,,,,,292.80001831,2.2000000,,,,,292.80001831,2.1199999,
,,,293.00000000,2.6399999,,,,,293.00000000,2.4400001,,,,,293.00000000,2.0799999,,,,,293.00000000,1.8800000,
,,,293.20001221,2.6399999,,,,,293.20001221,2.4400001,,,,,293.20001221,2.0400000,,,,,293.20001221,1.8000000,
,,,293.39999390,2.5999999,,,,,293.39999390,2.3999999,,,,,293.39999390,2.1199999,,,,,293.39999390,1.8000000,
,,,293.60000610,2.6399999,,,,,293.60000610,2.4800000,,,,,293.60000610,2.2800000,,,,,293.60000610,1.8000000,
,,,293.80001831,2.6399999,,,,,293.80001831,2.3999999,,,,,293.80001831,2.1599998,,,,,293.80001831,2.0400000,
,,,294.00000000,2.6399999,,,,,294.00000000,2.4400001,,,,,294.00000000,2.0000000,,,,,294.00000000,2.0000000,
,,,294.20001221,2.5999999,,,,,294.20001221,2.4800000,,,,,294.20001221,2.0000000,,,,,294.20001221,1.8399999,
,,,294.39999390,2.6399999,,,,,294.39999390,2.3999999,,,,,294.39999390,2.2000000,,,,,294.39999390,1.9599999,
,,,294.60000610,2.6399999,,,,,294.60000610,2.4400001,,,,,294.60000610,2.0400000,,,,,294.60000610,2.0000000,
,,,294.80001831,2.5999999,,,,,294.80001831,2.4400001,,,,,294.80001831,2.3599999,,,,,294.80001831,2.0799999,
,,,295.00000000,2.6399999,,,,,295.00000000,2.3999999,,,,,295.00000000,2.0799999,,,,,295.00000000,2.0799999,
,,,295.20001221,2.6399999,,,,,295.20001221,2.4400001,,,,,295.20001221,2.2800000,,,,,295.20001221,1.9599999,
,,,295.39999390,2.6399999,,,,,295.39999390,2.4400001,,,,,295.39999390,2.3199999,,,,,295.39999390,2.0799999,
,,,295.60000610,2.6399999,,,,,295.60000610,2.4400001,,,,,295.60000610,2.2800000,,,,,295.60000610,1.9599999,
,,,295.80001831,2.6399999,,,,,295.80001831,2.4400001,,,,,295.80001831,2.2400000,,,,,295.80001831,2.0799999,
,,,296.00000000,2.6399999,,,,,296.00000000,2.4800000,,,,,296.00000000,2.2800000,,,,,296.00000000,2.0400000,
,,,296.20001221,2.6399999,,,,,296.20001221,2.3999999,,,,,296.20001221,2.2000000,,,,,296.20001221,1.9599999,
,,,296.39999390,2.6399999,,,,,296.39999390,2.4400001,,,,,296.39999390,2.0400000,,,,,296.39999390,2.0799999,
,,,296.60000610,2.6399999,,,,,296.60000610,2.4400001,,,,,296.60000610,2.0400000,,,,,296.60000610,1.9599999,
,,,296.80001831,2.6399999,,,,,296.80001831,2.4400001,,,,,296.80001831,2.2800000,,,,,296.80001831,2.0000000,
,,,297.00000000,2.6399999,,,,,297.00000000,2.4400001,,,,,297.00000000,2.4400001,,,,,297.00000000,2.0000000,
,,,297.20001221,2.5999999,,,,,297.20001221,2.4400001,,,,,297.20001221,2.2800000,,,,,297.20001221,1.8399999,
,,,297.39999390,2.6399999,,,,,297.39999390,2.4400001,,,,,297.39999390,2.1599998,,,,,297.39999390,1.9200000,
,,,297.60000610,2.6399999,,,,,297.60000610,2.4800000,,,,,297.60000610,2.1199999,,,,,297.60000610,1.9200000,
,,,297.80001831,2.5999999,,,,,297.80001831,2.4800000,,,,,297.80001831,2.3599999,,,,,297.80001831,1.9599999,
,,,298.00000000,2.6399999,,,,,298.00000000,2.4400001,,,,,298.00000000,2.2800000,,,,,298.00000000,1.8800000,
,,,298.20001221,2.5999999,,,,,298.20001221,2.4800000,,,,,298.20001221,2.4400001,,,,,298.20001221,1.9599999,
,,,298.39999390,2.5999999,,,,,298.39999390,2.4400001,,,,,298.39999390,2.1599998,,,,,298.39999390,1.8399999,
,,,298.60000610,2.6399999,,,,,298.60000610,2.4400001,,,,,298.60000610,2.2400000,,,,,298.60000610,1.8800000,
,,,298.80001831,2.5999999,,,,,298.80001831,2.4400001,,,,,298.80001831,2.2400000,,,,,298.80001831,2.0000000,
,,,299.00000000,2.6399999,,,,,299.00000000,2.4400001,,,,,299.00000000,2.2800000,,,,,299.00000000,1.8800000,
,,,299.20001221,2.6399999,,,,,299.20001221,2.4400001,,,,,299.20001221,2.3599999,,,,,299.20001221,2.0400000,
,,,299.39999390,2.5999999,,,,,299.39999390,2.4400001,,,,,299.39999390,2.2800000,,,,,299.39999390,1.9200000,
,,,299.60000610,2.6399999,,,,,299.60000610,2.3999999,,,,,299.60000610,2.2800000,,,,,299.60000610,1.7600000,
,,,299.80001831,2.6399999,,,,,299.80001831,2.4400001,,,,,299.80001831,2.2000000,,,,,299.80001831,1.8399999,
,,,300.00000000,2.6399999,,,,,300.00000000,2.4400001,,,,,300.00000000,2.2800000,,,,,300.00000000,1.9200000,
,,,300.20001221,2.5999999,,,,,300.20001221,2.4400001,,,,,300.20001221,2.3199999,,,,,300.20001221,1.8399999,
,,,300.39999390,2.5999999,,,,,300.39999390,2.4400001,,,,,300.39999390,2.4800000,,,,,300.39999390,1.9599999,
,,,300.60000610,2.6399999,,,,,300.60000610,2.4400001,,,,,300.60000610,2.3199999,,,,,300.60000610,1.8800000,
,,,300.80001831,2.5999999,,,,,300.80001831,2.4400001,,,,,300.80001831,2.2800000,,,,,300.80001831,1.9599999,
,,,301.00000000,2.6399999,,,,,301.00000000,2.4400001,,,,,301.00000000,2.3599999,,,,,301.00000000,2.1199999,
,,,301.20001221,2.6399999,,,,,301.20001221,2.4800000,,,,,301.20001221,2.3199999,,,,,301.20001221,2.0400000,
,,,301.39999390,2.6399999,,,,,301.39999390,2.4800000,,,,,301.39999390,2.3199999,,,,,301.39999390,1.9200000,
,,,301.60000610,2.6399999,,,,,301.60000610,2.4400001,,,,,301.60000610,2.2800000,,,,,301.60000610,1.9200000,
,,,301.80001831,2.5999999,,,,,301.80001831,2.4400001,,,,,301.80001831,2.3599999,,,,,301.80001831,2.0799999,
,,,302.00000000,2.5999999,,,,,302.00000000,2.4400001,,,,,302.00000000,2.2400000,,,,,302.00000000,2.0400000,
,,,302.20001221,2.5999999,,,,,302.20001221,2.4400001,,,,,302.20001221,2.3599999,,,,,302.20001221,1.9599999,
,,,302.39999390,2.6399999,,,,,302.39999390,2.4400001,,,,,302.39999390,2.2800000,,,,,302.39999390,1.9200000,
,,,302.60000610,2.6399999,,,,,302.60000610,2.4400001,,,,,302.60000610,2.4800000,,,,,302.60000610,1.9599999,
,,,302.80001831,2.5999999,,,,,302.80001831,2.4400001,,,,,302.80001831,2.3199999,,,,,302.80001831,2.1199999,
,,,303.00000000,2.6399999,,,,,303.00000000,2.4400001,,,,,303.00000000,2.0799999,,,,,303.00000000,1.9599999,
,,,303.20001221,2.6399999,,,,,303.20001221,2.3999999,,,,,303.20001221,2.3199999,,,,,303.20001221,2.0000000,
,,,303.39999390,2.6399999,,,,,303.39999390,2.3999999,,,,,303.39999390,2.2000000,,,,,303.39999390,1.9200000,
,,,303.60000610,2.6399999,,,,,303.60000610,2.4400001,,,,,303.60000610,2.3999999,,,,,303.60000610,1.8800000,
,,,303.80001831,2.6399999,,,,,303.80001831,2.4400001,,,,,303.80001831,1.9599999,,,,,303.80001831,1.9599999,
,,,304.00000000,2.6399999,,,,,304.00000000,2.4800000,,,,,304.00000000,2.2800000,,,,,304.00000000,2.0400000,
,,,304.20001221,2.5999999,,,,,304.20001221,2.4400001,,,,,304.20001221,2.1599998,,,,,304.20001221,1.8399999,
,,,304.39999390,2.5999999,,,,,304.39999390,2.4400001,,,,,304.39999390,2.2400000,,,,,304.39999390,1.8800000,
,,,304.60000610,2.5999999,,,,,304.60000610,2.4400001,,,,,304.60000610,2.3199999,,,,,304.60000610,1.9200000,
,,,304.80001831,2.5999999,,,,,304.80001831,2.4800000,,,,,304.80001831,2.2400000,,,,,304.80001831,1.9200000,
,,,305.00000000,2.6399999,,,,,305.00000000,2.4400001,,,,,305.00000000,2.5599999,,,,,305.00000000,1.8399999,
,,,305.20001221,2.6399999,,,,,305.20001221,2.4800000,,,,,305.20001221,2.2800000,,,,,305.20001221,1.7600000,
,,,305.39999390,2.5999999,,,,,305.39999390,2.4400001,,,,,305.39999390,2.1599998,,,,,305.39999390,1.9200000,
,,,305.60000610,2.5999999,,,,,305.60000610,2.4400001,,,,,305.60000610,2.1199999,,,,,305.60000610,1.9200000,
,,,305.80001831,2.5999999,,,,,305.80001831,2.4400001,,,,,305.80001831,2.1199999,,,,,305.80001831,2.0400000,
,,,306.00000000,2.6399999,,,,,306.00000000,2.4800000,,,,,306.00000000,2.2000000,,,,,306.00000000,1.8800000,
,,,306.20001221,2.6399999,,,,,306.20001221,2.4400001,,,,,306.20001221,2.2400000,,,,,306.20001221,1.8000000,
,,,306.39999390,2.5999999,,,,,306.39999390,2.3999999,,,,,306.39999390,2.3199999,,,,,306.39999390,1.7199999,
,,,306.60000610,2.6399999,,,,,306.60000610,2.4400001,,,,,306.60000610,2.1599998,,,,,306.60000610,1.8399999,
,,,306.80001831,2.5999999,,,,,306.80001831,2.4400001,,,,,306.80001831,2.2000000,,,,,306.80001831,1.9200000,
,,,307.00000000,2.5999999,,,,,307.00000000,2.4400001,,,,,307.00000000,2.3599999,,,,,307.00000000,1.8000000,
,,,307.20001221,2.6399999,,,,,307.20001221,2.5200000,,,,,307.20001221,2.3599999,,,,,307.20001221,1.8399999,
,,,307.39999390,2.5999999,,,,,307.39999390,2.4400001,,,,,307.39999390,2.2800000,,,,,307.39999390,1.7600000,
,,,307.60000610,2.6399999,,,,,307.60000610,2.3999999,,,,,307.60000610,2.2800000,,,,,307.60000610,1.8399999,
,,,307.80001831,2.5999999,,,,,307.80001831,2.3999999,,,,,307.80001831,2.2400000,,,,,307.80001831,1.8399999,
,,,308.00000000,2.6399999,,,,,308.00000000,2.4400001,,,,,308.00000000,2.2800000,,,,,308.00000000,1.8399999,
,,,308.20001221,2.6399999,,,,,308.20001221,2.4400001,,,,,308.20001221,2.4400001,,,,,308.20001221,1.7600000,
,,,308.39999390,2.6399999,,,,,308.39999390,2.4400001,,,,,308.39999390,2.4400001,,,,,308.39999390,1.9599999,
,,,308.60000610,2.6399999,,,,,308.60000610,2.4800000,,,,,308.60000610,2.2800000,,,,,308.60000610,1.9200000,
,,,308.80001831,2.6399999,,,,,308.80001831,2.4800000,,,,,308.80001831,2.2400000,,,,,308.80001831,2.0400000,
,,,309.00000000,2.5999999,,,,,309.00000000,2.4800000,,,,,309.00000000,2.2000000,,,,,309.00000000,2.0000000,
,,,309.20001221,2.6399999,,,,,309.20001221,2.4400001,,,,,309.20001221,2.3199999,,,,,309.20001221,1.9200000,
,,,309.39999390,2.6399999,,,,,309.39999390,2.4400001,,,,,309.39999390,2.2000000,,,,,309.39999390,1.8000000,
,,,309.60000610,2.5999999,,,,,309.60000610,2.4800000,,,,,309.60000610,2.3599999,,,,,309.60000610,1.8800000,
,,,309.80001831,2.6399999,,,,,309.80001831,2.4400001,,,,,309.80001831,2.4800000,,,,,309.80001831,2.0000000,
,,,310.00000000,2.5999999,,,,,310.00000000,2.4400001,,,,,310.00000000,2.4400001,,,,,310.00000000,1.9200000,
,,,310.20001221,2.6399999,,,,,310.20001221,2.4400001,,,,,310.20001221,2.1599998,,,,,310.20001221,2.0000000,
,,,310.39999390,2.5999999,,,,,310.39999390,2.4400001,,,,,310.39999390,2.1199999,,,,,310.39999390,1.9599999,
,,,310.60000610,2.5999999,,,,,310.60000610,2.4400001,,,,,310.60000610,2.2800000,,,,,310.60000610,1.8800000,
,,,310.80001831,2.6399999,,,,,310.80001831,2.3999999,,,,,310.80001831,2.2800000,,,,,310.80001831,1.9200000,
,,,311.00000000,2.5999999,,,,,311.00000000,2.4400001,,,,,311.00000000,2.2000000,,,,,311.00000000,1.9599999,
,,,311.20001221,2.6399999,,,,,311.20001221,2.4400001,,,,,311.20001221,2.4400001,,,,,311.20001221,1.9200000,
,,,311.39999390,2.6399999,,,,,311.39999390,2.3999999,,,,,311.39999390,2.3999999,,,,,311.39999390,1.7600000,
,,,311.60000610,2.5999999,,,,,311.60000610,2.4400001,,,,,311.60000610,2.4400001,,,,,311.60000610,1.8800000,
,,,311.80001831,2.5999999,,,,,311.80001831,2.3999999,,,,,311.80001831,2.1599998,,,,,311.80001831,1.9599999,
,,,312.00000000,2.6399999,,,,,312.00000000,2.4400001,,,,,312.00000000,2.1599998,,,,,312.00000000,1.8800000,
,,,312.20001221,2.6399999,,,,,312.20001221,2.4400001,,,,,312.20001221,2.2400000,,,,,312.20001221,1.8399999,
,,,312.39999390,2.6399999,,,,,312.39999390,2.4400001,,,,,312.39999390,2.2000000,,,,,312.39999390,1.7600000,
,,,312.60000610,2.6399999,,,,,312.60000610,2.4400001,,,,,312.60000610,2.2800000,,,,,312.60000610,1.8000000,
,,,312.80001831,2.5999999,,,,,312.80001831,2.4400001,,,,,312.80001831,2.3199999,,,,,312.80001831,1.9599999,
,,,313.00000000,2.6399999,,,,,313.00000000,2.4400001,,,,,313.00000000,2.3999999,,,,,313.00000000,1.8800000,
,,,313.20001221,2.6399999,,,,,313.20001221,2.4400001,,,,,313.20001221,2.0799999,,,,,313.20001221,1.7600000,
,,,313.39999390,2.6399999,,,,,313.39999390,2.4400001,,,,,313.39999390,2.3199999,,,,,313.39999390,1.8800000,
,,,313.60000610,2.6399999,,,,,313.60000610,2.4400001,,,,,313.60000610,2.3199999,,,,,313.60000610,1.8800000,
,,,313.80001831,2.6399999,,,,,313.80001831,2.3999999,,,,,313.80001831,2.2800000,,,,,313.80001831,1.9200000,
,,,314.00000000,2.6399999,,,,,314.00000000,2.4400001,,,,,314.00000000,2.2000000,,,,,314.00000000,1.8800000,
,,,314.20001221,2.6799998,,,,,314.20001221,2.4800000,,,,,314.20001221,2.2400000,,,,,314.20001221,1.8800000,
,,,314.39999390,2.6399999,,,,,314.39999390,2.4400001,,,,,314.39999390,2.4400001,,,,,314.39999390,1.7199999,
,,,314.60000610,2.6399999,,,,,314.60000610,2.4400001,,,,,314.60000610,2.4400001,,,,,314.60000610,1.8800000,
,,,314.80001831,2.6399999,,,,,314.80001831,2.4400001,,,,,314.80001831,2.3599999,,,,,314.80001831,2.0000000,
,,,315.00000000,2.6399999,,,,,315.00000000,2.4800000,,,,,315.00000000,2.2000000,,,,,315.00000000,2.0000000,
,,,315.20001221,2.5999999,,,,,315.20001221,2.3999999,,,,,315.20001221,2.3599999,,,,,315.20001221,2.0000000,
,,,315.39999390,2.6399999,,,,,315.39999390,2.4400001,,,,,315.39999390,2.3199999,,,,,315.39999390,1.9200000,
,,,315.60000610,2.5999999,,,,,315.60000610,2.3999999,,,,,315.60000610,2.4400001,,,,,315.60000610,2.0000000,
,,,315.80001831,2.5999999,,,,,315.80001831,2.4400001,,,,,315.80001831,2.3599999,,,,,315.80001831,2.1599998,
,,,316.00000000,2.6399999,,,,,316.00000000,2.3999999,,,,,316.00000000,2.3999999,,,,,316.00000000,1.9200000,
,,,316.20001221,2.6399999,,,,,316.20001221,2.4800000,,,,,316.20001221,2.2800000,,,,,316.20001221,2.0000000,
,,,316.39999390,2.6399999,,,,,316.39999390,2.3999999,,,,,316.39999390,2.3199999,,,,,316.39999390,1.9200000,
,,,316.60000610,2.5999999,,,,,316.60000610,2.4400001,,,,,316.60000610,2.3199999,,,,,316.60000610,1.9599999,
,,,316.80001831,2.5999999,,,,,316.80001831,2.3999999,,,,,316.80001831,2.3599999,,,,,316.80001831,2.0000000,
,,,317.00000000,2.5999999,,,,,317.00000000,2.4400001,,,,,317.00000000,2.3199999,,,,,317.00000000,2.0400000,
,,,317.20001221,2.6399999,,,,,317.20001221,2.3999999,,,,,317.20001221,2.4800000,,,,,317.20001221,1.8800000,
,,,317.39999390,2.5999999,,,,,317.39999390,2.3999999,,,,,317.39999390,2.3199999,,,,,317.39999390,1.8800000,
,,,317.60000610,2.6399999,,,,,317.60000610,2.4400001,,,,,317.60000610,2.3199999,,,,,317.60000610,1.8399999,
,,,317.80001831,2.6399999,,,,,317.80001831,2.4400001,,,,,317.80001831,2.0400000,,,,,317.80001831,2.0400000,
,,,318.00000000,2.5999999,,,,,318.00000000,2.4400001,,,,,318.00000000,2.3199999,,,,,318.00000000,1.9200000,
,,,318.20001221,2.6399999,,,,,318.20001221,2.4400001,,,,,318.20001221,2.2800000,,,,,318.20001221,1.8399999,
,,,318.39999390,2.6399999,,,,,318.39999390,2.4400001,,,,,318.39999390,2.3199999,,,,,318.39999390,1.9200000,
,,,318.60000610,2.6399999,,,,,318.60000610,2.4400001,,,,,318.60000610,2.2400000,,,,,318.60000610,1.8800000,
,,,318.80001831,2.6399999,,,,,318.80001831,2.4400001,,,,,318.80001831,2.2400000,,,,,318.80001831,1.9599999,
,,,319.00000000,2.6399999,,,,,319.00000000,2.4400001,,,,,319.00000000,2.4400001,,,,,319.00000000,1.8800000,
,,,319.20001221,2.6399999,,,,,319.20001221,2.4400001,,,,,319.20001221,2.3199999,,,,,319.20001221,1.9599999,
,,,319.39999390,2.6399999,,,,,319.39999390,2.4400001,,,,,319.39999390,2.3599999,,,,,319.39999390,1.8800000,
,,,319.60000610,2.6399999,,,,,319.60000610,2.4800000,,,,,319.60000610,2.1599998,,,,,319.60000610,1.8399999,
,,,319.80001831,2.5999999,,,,,319.80001831,2.4400001,,,,,319.80001831,2.1599998,,,,,319.80001831,1.9200000,
,,,320.00000000,2.6399999,,,,,320.00000000,2.4800000,,,,,320.00000000,2.3199999,,,,,320.00000000,1.9599999,
,,,320.20001221,2.6399999,,,,,320.20001221,2.4400001,,,,,320.20001221,2.3199999,,,,,320.20001221,1.8000000,
,,,320.39999390,2.6399999,,,,,320.39999390,2.4400001,,,,,320.39999390,2.1199999,,,,,320.39999390,1.9599999,
,,,320.60000610,2.6399999,,,,,320.60000610,2.4400001,,,,,320.60000610,2.2800000,,,,,320.60000610,1.8399999,
,,,320.80001831,2.6399999,,,,,320.80001831,2.4400001,,,,,320.80001831,2.5599999,,,,,320.80001831,2.0000000,
,,,321.00000000,2.6399999,,,,,321.00000000,2.4400001,,,,,321.00000000,2.5999999,,,,,321.00000000,1.9599999,
,,,321.20001221,2.6399999,,,,,321.20001221,2.4800000,,,,,321.20001221,2.3199999,,,,,321.20001221,2.0400000,
,,,321.39999390,2.6399999,,,,,321.39999390,2.4400001,,,,,321.39999390,2.1599998,,,,,321.39999390,1.9599999,
,,,321.60000610,2.5999999,,,,,321.60000610,2.4800000,,,,,321.60000610,2.3999999,,,,,321.60000610,2.0400000,
,,,321.80001831,2.6399999,,,,,321.80001831,2.4800000,,,,,321.80001831,2.3999999,,,,,321.80001831,2.0799999,
,,,322.00000000,2.6399999,,,,,322.00000000,2.4400001,,,,,322.00000000,2.2800000,,,,,322.00000000,2.0000000,
,,,322.20001221,2.5999999,,,,,322.20001221,2.4400001,,,,,322.20001221,2.4400001,,,,,322.20001221,1.8399999,
,,,322.39999390,2.6399999,,,,,322.39999390,2.4400001,,,,,322.39999390,2.5999999,,,,,322.39999390,2.0000000,
,,,322.60000610,2.6399999,,,,,322.60000610,2.4800000,,,,,322.60000610,2.3199999,,,,,322.60000610,2.0000000,
,,,322.80001831,2.6399999,,,,,322.80001831,2.4400001,,,,,322.80001831,2.2800000,,,,,322.80001831,2.0400000,
,,,323.00000000,2.6399999,,,,,323.00000000,2.4800000,,,,,323.00000000,2.3599999,,,,,323.00000000,1.8800000,
,,,323.20001221,2.5999999,,,,,323.20001221,2.4400001,,,,,323.20001221,2.3199999,,,,,323.20001221,1.8399999,
,,,323.39999390,2.6399999,,,,,323.39999390,2.4400001,,,,,323.39999390,2.3999999,,,,,323.39999390,1.8800000,
,,,323.60000610,2.5999999,,,,,323.60000610,2.4400001,,,,,323.60000610,2.1599998,,,,,323.60000610,1.9200000,
,,,323.80001831,2.6399999,,,,,323.80001831,2.4400001,,,,,323.80001831,2.0000000,,,,,323.80001831,2.0000000,
,,,324.00000000,2.6399999,,,,,324.00000000,2.4800000,,,,,324.00000000,2.2000000,,,,,324.00000000,2.0400000,
,,,324.20001221,2.6399999,,,,,324.20001221,2.4400001,,,,,324.20001221,2.2000000,,,,,324.20001221,1.8399999,
,,,324.39999390,2.5999999,,,,,324.39999390,2.4400001,,,,,324.39999390,2.2800000,,,,,324.39999390,1.8399999,
,,,324.60000610,2.6399999,,,,,324.60000610,2.4400001,,,,,324.60000610,2.2400000,,,,,324.60000610,1.9200000,
,,,324.80001831,2.6399999,,,,,324.80001831,2.4400001,,,,,324.80001831,2.3999999,,,,,324.80001831,2.0799999,
,,,325.00000000,2.6399999,,,,,325.00000000,2.4400001,,,,,325.00000000,2.3599999,,,,,325.00000000,2.0400000,
,,,325.20001221,2.6399999,,,,,325.20001221,2.4400001,,,,,325.20001221,2.3199999,,,,,325.20001221,1.9599999,
,,,325.39999390,2.6399999,,,,,325.39999390,2.4400001,,,,,325.39999390,2.3599999,,,,,325.39999390,1.8000000,
,,,325.60000610,2.6399999,,,,,325.60000610,2.4400001,,,,,325.60000610,2.3199999,,,,,325.60000610,2.0000000,
,,,325.80001831,2.6399999,,,,,325.80001831,2.4400001,,,,,325.80001831,2.2800000,,,,,325.80001831,2.0000000,
,,,326.00000000,2.6399999,,,,,326.00000000,2.4400001,,,,,326.00000000,2.1199999,,,,,326.00000000,2.0400000,
,,,326.20001221,2.6399999,,,,,326.20001221,2.3999999,,,,,326.20001221,2.3199999,,,,,326.20001221,2.1199999,
,,,326.39999390,2.6399999,,,,,326.39999390,2.4400001,,,,,326.39999390,2.1599998,,,,,326.39999390,1.9599999,
,,,326.60000610,2.6399999,,,,,326.60000610,2.4400001,,,,,326.60000610,2.5200000,,,,,326.60000610,1.9200000,
,,,326.80001831,2.6399999,,,,,326.80001831,2.4400001,,,,,326.80001831,2.5599999,,,,,326.80001831,1.9200000,
,,,327.00000000,2.6399999,,,,,327.00000000,2.4800000,,,,,327.00000000,2.6799998,,,,,327.00000000,2.0400000,
,,,327.20001221,2.5999999,,,,,327.20001221,2.4400001,,,,,327.20001221,2.3199999,,,,,327.20001221,2.0000000,
,,,327.39999390,2.6399999,,,,,327.39999390,2.4400001,,,,,327.39999390,2.4800000,,,,,327.39999390,2.0000000,
,,,327.60000610,2.6399999,,,,,327.60000610,2.4400001,,,,,327.60000610,2.4400001,,,,,327.60000610,2.0000000,
,,,327.80001831,2.6399999,,,,,327.80001831,2.4400001,,,,,327.80001831,2.6399999,,,,,327.80001831,2.1599998,
,,,328.00000000,2.5999999,,,,,328.00000000,2.4400001,,,,,328.00000000,2.4400001,,,,,328.00000000,2.0799999,
,,,328.20001221,2.6399999,,,,,328.20001221,2.4400001,,,,,328.20001221,2.3999999,,,,,328.20001221,2.1599998,
,,,328.39999390,2.6399999,,,,,328.39999390,2.4400001,,,,,328.39999390,2.3999999,,,,,328.39999390,1.9200000,
,,,328.60000610,2.6399999,,,,,328.60000610,2.4400001,,,,,328.60000610,2.3999999,,,,,328.60000610,1.9599999,
,,,328.80001831,2.6399999,,,,,328.80001831,2.4400001,,,,,328.80001831,2.4400001,,,,,328.80001831,2.2000000,
,,,329.00000000,2.5999999,,,,,329.00000000,2.4800000,,,,,329.00000000,2.3599999,,,,,329.00000000,2.0400000,
,,,329.20001221,2.6399999,,,,,329.20001221,2.4400001,,,,,329.20001221,2.5999999,,,,,329.20001221,2.0799999,
,,,329.39999390,2.5999999,,,,,329.39999390,2.4400001,,,,,329.39999390,2.5599999,,,,,329.39999390,1.9599999,
,,,329.60000610,2.6399999,,,,,329.60000610,2.4400001,,,,,329.60000610,2.3999999,,,,,329.60000610,1.8800000,
,,,329.80001831,2.5999999,,,,,329.80001831,2.4400001,,,,,329.80001831,2.3999999,,,,,329.80001831,2.0400000,
,,,330.00000000,2.6399999,,,,,330.00000000,2.4800000,,,,,330.00000000,2.3199999,,,,,330.00000000,2.0000000,
,,,330.20001221,2.5999999,,,,,330.20001221,2.4400001,,,,,330.20001221,2.3199999,,,,,330.20001221,1.9599999,
,,,330.39999390,2.6399999,,,,,330.39999390,2.4400001,,,,,330.39999390,2.3999999,,,,,330.39999390,1.9599999,
,,,330.60000610,2.6399999,,,,,330.60000610,2.4400001,,,,,330.60000610,2.3999999,,,,,330.60000610,2.0000000,
,,,330.80001831,2.5999999,,,,,330.80001831,2.4400001,,,,,330.80001831,2.4400001,,,,,330.80001831,2.1199999,
,,,331.00000000,2.6399999,,,,,331.00000000,2.4400001,,,,,331.00000000,2.3999999,,,,,331.00000000,2.1199999,
,,,331.20001221,2.6399999,,,,,331.20001221,2.4400001,,,,,331.20001221,2.3999999,,,,,331.20001221,1.9599999,
,,,331.39999390,2.6399999,,,,,331.39999390,2.4400001,,,,,331.39999390,2.3199999,,,,,331.39999390,2.0000000,
,,,331.60000610,2.5999999,,,,,331.60000610,2.4800000,,,,,331.60000610,2.3999999,,,,,331.60000610,2.0000000,
,,,331.80001831,2.6399999,,,,,331.80001831,2.4400001,,,,,331.80001831,2.1599998,,,,,331.80001831,2.2000000,
,,,332.00000000,2.5999999,,,,,332.00000000,2.4800000,,,,,332.00000000,2.2800000,,,,,332.00000000,2.0400000,
,,,332.20001221,2.5999999,,,,,332.20001221,2.3999999,,,,,332.20001221,2.4400001,,,,,332.20001221,1.8800000,
,,,332.39999390,2.6399999,,,,,332.39999390,2.4400001,,,,,332.39999390,2.2800000,,,,,332.39999390,1.9200000,
,,,332.60000610,2.5999999,,,,,332.60000610,2.4400001,,,,,332.60000610,2.3199999,,,,,332.60000610,2.1199999,
,,,332.80001831,2.6399999,,,,,332.80001831,2.4400001,,,,,332.80001831,2.2000000,,,,,332.80001831,2.0799999,
,,,333.00000000,2.6399999,,,,,333.00000000,2.4400001,,,,,333.00000000,2.2800000,,,,,333.00000000,1.9599999,
,,,333.20001221,2.6399999,,,,,333.20001221,2.4400001,,,,,333.20001221,2.2000000,,,,,333.20001221,2.0799999,
,,,333.39999390,2.6399999,,,,,333.39999390,2.4400001,,,,,333.39999390,2.2400000,,,,,333.39999390,2.0799999,
,,,333.60000610,2.6399999,,,,,333.60000610,2.4400001,,,,,333.60000610,2.3999999,,,,,333.60000610,2.0000000,
,,,333.80001831,2.6399999,,,,,333.80001831,2.4400001,,,,,333.80001831,2.3599999,,,,,333.80001831,2.1199999,
,,,334.00000000,2.6399999,,,,,334.00000000,2.4400001,,,,,334.00000000,2.2800000,,,,,334.00000000,2.1199999,
,,,334.20001221,2.6399999,,,,,334.20001221,2.4400001,,,,,334.20001221,2.0000000,,,,,334.20001221,2.0000000,
,,,334.39999390,2.6399999,,,,,334.39999390,2.4400001,,,,,334.39999390,2.2000000,,,,,334.39999390,2.1599998,
,,,334.60000610,2.6399999,,,,,334.60000610,2.3999999,,,,,334.60000610,2.3199999,,,,,334.60000610,2.1199999,
,,,334.80001831,2.6399999,,,,,334.80001831,2.4800000,,,,,334.80001831,2.3599999,,,,,334.80001831,2.0400000,
,,,335.00000000,2.6399999,,,,,335.00000000,2.4400001,,,,,335.00000000,2.5200000,,,,,335.00000000,2.2000000,
,,,335.20001221,2.5999999,,,,,335.20001221,2.4800000,,,,,335.20001221,2.4400001,,,,,335.20001221,2.0000000,
,,,335.39999390,2.6399999,,,,,335.39999390,2.4400001,,,,,335.39999390,2.4400001,,,,,335.39999390,2.0799999,
,,,335.60000610,2.5999999,,,,,335.60000610,2.4400001,,,,,335.60000610,2.5599999,,,,,335.60000610,2.1199999,
,,,335.80001831,2.6399999,,,,,335.80001831,2.4400001,,,,,335.80001831,2.2400000,,,,,335.80001831,2.1199999,
,,,336.00000000,2.6399999,,,,,336.00000000,2.4400001,,,,,336.00000000,2.2800000,,,,,336.00000000,2.1599998,
,,,336.20001221,2.6399999,,,,,336.20001221,2.4400001,,,,,336.20001221,2.6799998,,,,,336.20001221,2.1599998,
,,,336.39999390,2.5999999,,,,,336.39999390,2.4400001,,,,,336.39999390,2.3199999,,,,,336.39999390,1.9599999,
,,,336.60000610,2.6399999,,,,,336.60000610,2.4400001,,,,,336.60000610,2.2400000,,,,,336.60000610,2.1199999,
,,,336.80001831,2.5999999,,,,,336.80001831,2.4400001,,,,,336.80001831,2.1599998,,,,,336.80001831,2.0799999,
,,,337.00000000,2.5999999,,,,,337.00000000,2.4800000,,,,,337.00000000,2.3599999,,,,,337.00000000,2.1599998,
,,,337.20001221,2.6399999,,,,,337.20001221,2.4400001,,,,,337.20001221,2.4800000,,,,,337.20001221,2.0000000,
,,,337.39999390,2.6399999,,,,,337.39999390,2.4400001,,,,,337.39999390,2.4400001,,,,,337.39999390,1.9200000,
,,,337.60000610,2.5999999,,,,,337.60000610,2.3999999,,,,,337.60000610,2.4800000,,,,,337.60000610,2.1199999,
,,,337.80001831,2.5999999,,,,,337.80001831,2.4400001,,,,,337.80001831,2.3199999,,,,,337.80001831,2.0400000,
,,,338.00000000,2.5999999,,,,,338.00000000,2.4400001,,,,,338.00000000,2.3999999,,,,,338.00000000,2.2000000,
,,,338.20001221,2.5999999,,,,,338.20001221,2.4800000,,,,,338.20001221,2.4400001,,,,,338.20001221,2.0000000,
,,,338.39999390,2.6399999,,,,,338.39999390,2.4400001,,,,,338.39999390,2.4400001,,,,,338.39999390,2.0799999,
,,,338.60000610,2.5999999,,,,,338.60000610,2.4400001,,,,,338.60000610,2.3599999,,,,,338.60000610,2.0799999,
,,,338.80001831,2.6399999,,,,,338.80001831,2.4800000,,,,,338.80001831,2.5599999,,,,,338.80001831,2.2400000,
,,,339.00000000,2.5999999,,,,,339.00000000,2.4400001,,,,,339.00000000,2.4400001,,,,,339.00000000,2.1199999,
,,,339.20001221,2.6399999,,,,,339.20001221,2.4800000,,,,,339.20001221,2.3599999,,,,,339.20001221,2.1199999,
,,,339.39999390,2.6399999,,,,,339.39999390,2.4400001,,,,,339.39999390,2.5200000,,,,,339.39999390,2.0000000,
,,,339.60000610,2.6399999,,,,,339.60000610,2.3999999,,,,,339.60000610,2.3999999,,,,,339.60000610,1.9200000,
,,,339.80001831,2.5999999,,,,,339.80001831,2.4400001,,,,,339.80001831,2.4400001,,,,,339.80001831,2.1599998,
,,,340.00000000,2.5999999,,,,,340.00000000,2.4800000,,,,,340.00000000,2.2800000,,,,,340.00000000,2.2000000,
,,,340.20001221,2.6399999,,,,,340.20001221,2.4400001,,,,,340.20001221,2.3999999,,,,,340.20001221,2.0799999,
,,,340.39999390,2.6399999,,,,,340.39999390,2.4400001,,,,,340.39999390,2.2800000,,,,,340.39999390,1.9200000,
,,,340.60000610,2.6399999,,,,,340.60000610,2.4400001,,,,,340.60000610,2.5200000,,,,,340.60000610,2.0799999,
,,,340.80001831,2.6399999,,,,,340.80001831,2.4400001,,,,,340.80001831,2.4800000,,,,,340.80001831,2.1599998,
,,,341.00000000,2.6399999,,,,,341.00000000,2.4400001,,,,,341.00000000,2.5200000,,,,,341.00000000,2.1199999,
,,,341.20001221,2.6399999,,,,,341.20001221,2.4400001,,,,,341.20001221,2.3599999,,,,,341.20001221,1.9599999,
,,,341.39999390,2.6399999,,,,,341.39999390,2.3999999,,,,,341.39999390,2.4400001,,,,,341.39999390,2.0400000,
,,,341.60000610,2.5999999,,,,,341.60000610,2.4400001,,,,,341.60000610,2.4800000,,,,,341.60000610,2.0400000,
,,,341.80001831,2.5999999,,,,,341.80001831,2.4400001,,,,,341.80001831,2.4800000,,,,,341.80001831,2.2000000,
,,,342.00000000,2.5999999,,,,,342.00000000,2.4400001,,,,,342.00000000,2.5599999,,,,,342.00000000,2.0799999,
,,,342.20001221,2.6399999,,,,,342.20001221,2.4400001,,,,,342.20001221,2.2800000,,,,,342.20001221,2.2000000,
,,,342.39999390,2.6399999,,,,,342.39999390,2.4800000,,,,,342.39999390,2.0799999,,,,,342.39999390,2.0000000,
,,,342.60000610,2.6399999,,,,,342.60000610,2.4400001,,,,,342.60000610,2.3599999,,,,,342.60000610,2.1599998,
,,,342.80001831,2.5999999,,,,,342.80001831,2.4400001,,,,,342.80001831,2.4800000,,,,,342.80001831,2.2000000,
,,,343.00000000,2.5999999,,,,,343.00000000,2.3999999,,,,,343.00000000,2.3599999,,,,,343.00000000,2.2400000,
,,,343.20001221,2.6399999,,,,,343.20001221,2.4400001,,,,,343.20001221,2.5200000,,,,,343.20001221,2.0799999,
,,,343.39999390,2.5999999,,,,,343.39999390,2.4400001,,,,,343.39999390,2.4400001,,,,,343.39999390,1.9599999,
,,,343.60000610,2.6399999,,,,,343.60000610,2.4400001,,,,,343.60000610,2.3999999,,,,,343.60000610,2.2000000,
,,,343.80001831,2.6399999,,,,,343.80001831,2.4400001,,,,,343.80001831,2.2000000,,,,,343.80001831,2.1599998,
,,,344.00000000,2.6399999,,,,,344.00000000,2.4800000,,,,,344.00000000,2.3199999,,,,,344.00000000,2.1599998,
,,,344.20001221,2.6399999,,,,,344.20001221,2.4400001,,,,,344.20001221,2.5999999,,,,,344.20001221,2.0799999,
,,,344.39999390,2.6399999,,,,,344.39999390,2.4400001,,,,,344.39999390,2.5599999,,,,,344.39999390,2.0400000,
,,,344.60000610,2.6399999,,,,,344.60000610,2.4800000,,,,,344.60000610,2.3199999,,,,,344.60000610,2.0799999,
,,,344.80001831,2.6399999,,,,,344.80001831,2.4400001,,,,,344.80001831,2.2800000,,,,,344.80001831,2.2400000,
,,,345.00000000,2.5999999,,,,,345.00000000,2.4400001,,,,,345.00000000,2.2800000,,,,,345.00000000,2.0799999,
,,,345.20001221,2.5999999,,,,,345.20001221,2.4400001,,,,,345.20001221,2.3599999,,,,,345.20001221,2.0799999,
,,,345.39999390,2.5999999,,,,,345.39999390,2.4400001,,,,,345.39999390,2.4800000,,,,,345.39999390,2.0799999,
,,,345.60000610,2.6399999,,,,,345.60000610,2.4400001,,,,,345.60000610,2.3199999,,,,,345.60000610,2.0400000,
,,,345.80001831,2.6399999,,,,,345.80001831,2.4400001,,,,,345.80001831,2.3999999,,,,,345.80001831,2.2000000,
,,,346.00000000,2.6399999,,,,,346.00000000,2.4400001,,,,,346.00000000,2.5200000,,,,,346.00000000,2.1599998,
,,,346.20001221,2.6399999,,,,,346.20001221,2.4400001,,,,,346.20001221,2.5599999,,,,,346.20001221,2.0400000,
,,,346.39999390,2.5999999,,,,,346.39999390,2.4400001,,,,,346.39999390,2.3199999,,,,,346.39999390,2.0400000,
,,,346.60000610,2.6399999,,,,,346.60000610,2.3599999,,,,,346.60000610,2.4800000,,,,,346.60000610,2.0799999,
,,,346.80001831,2.5999999,,,,,346.80001831,2.4400001,,,,,346.80001831,2.3599999,,,,,346.80001831,2.2000000,
,,,347.00000000,2.6399999,,,,,347.00000000,2.4400001,,,,,347.00000000,2.3199999,,,,,347.00000000,2.0799999,
,,,347.20001221,2.6399999,,,,,347.20001221,2.4800000,,,,,347.20001221,2.2400000,,,,,347.20001221,2.0799999,
,,,347.39999390,2.6399999,,,,,347.39999390,2.4400001,,,,,347.39999390,2.4400001,,,,,347.39999390,2.0400000,
,,,347.60000610,2.5999999,,,,,347.60000610,2.4400001,,,,,347.60000610,2.3199999,,,,,347.60000610,2.0400000,
,,,347.80001831,2.5999999,,,,,347.80001831,2.3999999,,,,,347.80001831,2.3599999,,,,,347.80001831,2.0799999,
,,,348.00000000,2.5999999,,,,,348.00000000,2.4400001,,,,,348.00000000,2.3599999,,,,,348.00000000,2.0799999,
,,,348.20001221,2.6399999,,,,,348.20001221,2.4400001,,,,,348.20001221,2.5200000,,,,,348.20001221,2.1199999,
,,,348.39999390,2.6399999,,,,,348.39999390,2.4800000,,,,,348.39999390,2.4400001,,,,,348.39999390,2.0400000,
,,,348.60000610,2.5999999,,,,,348.60000610,2.4400001,,,,,348.60000610,2.4400001,,,,,348.60000610,2.1599998,
,,,348.80001831,2.6399999,,,,,348.80001831,2.4400001,,,,,348.80001831,2.3199999,,,,,348.80001831,2.2000000,
,,,349.00000000,2.5999999,,,,,349.00000000,2.5200000,,,,,349.00000000,2.1599998,,,,,349.00000000,2.1199999,
,,,349.20001221,2.6399999,,,,,349.20001221,2.4400001,,,,,349.20001221,2.5200000,,,,,349.20001221,2.1199999,
,,,349.39999390,2.5999999,,,,,349.39999390,2.3999999,,,,,349.39999390,2.3999999,,,,,349.39999390,2.1199999,
,,,349.60000610,2.5999999,,,,,349.60000610,2.4400001,,,,,349.60000610,2.2800000,,,,,349.60000610,2.1599998,
,,,349.80001831,2.5999999,,,,,349.80001831,2.4400001,,,,,349.80001831,2.4800000,,,,,349.80001831,2.2400000,
,,,350.00000000,2.5999999,,,,,350.00000000,2.4400001,,,,,350.00000000,2.4400001,,,,,350.00000000,2.0799999,
,,,350.20001221,2.5999999,,,,,350.20001221,2.4400001,,,,,350.20001221,2.3199999,,,,,350.20001221,2.0400000,
,,,350.39999390,2.6399999,,,,,350.39999390,2.4800000,,,,,350.39999390,2.2000000,,,,,350.39999390,2.0000000,
,,,350.60000610,2.6399999,,,,,350.60000610,2.4800000,,,,,350.60000610,2.5200000,,,,,350.60000610,2.0400000,
,,,350.80001831,2.6399999,,,,,350.80001831,2.4800000,,,,,350.80001831,2.5200000,,,,,350.80001831,2.2800000,
,,,351.00000000,2.6399999,,,,,351.00000000,2.4800000,,,,,351.00000000,2.3199999,,,,,351.00000000,2.2400000,
,,,351.20001221,2.6399999,,,,,351.20001221,2.5200000,,,,,351.20001221,2.3199999,,,,,351.20001221,2.1599998,
,,,351.39999390,2.6399999,,,,,351.39999390,2.4800000,,,,,351.39999390,2.2000000,,,,,351.39999390,2.1599998,
,,,351.60000610,2.5999999,,,,,351.60000610,2.4400001,,,,,351.60000610,2.3999999,,,,,351.60000610,2.1599998,
,,,351.80001831,2.6399999,,,,,351.80001831,2.5599999,,,,,351.80001831,2.5599999,,,,,351.80001831,2.1599998,
,,,352.00000000,2.6399999,,,,,352.00000000,2.4400001,,,,,352.00000000,2.4800000,,,,,352.00000000,2.0799999,
,,,352.20001221,2.6399999,,,,,352.20001221,2.4400001,,,,,352.20001221,2.3199999,,,,,352.20001221,2.0400000,
,,,352.39999390,2.5999999,,,,,352.39999390,2.4400001,,,,,352.39999390,2.2000000,,,,,352.39999390,2.0799999,
,,,352.60000610,2.6399999,,,,,352.60000610,2.4800000,,,,,352.60000610,2.2400000,,,,,352.60000610,2.2400000,
,,,352.80001831,2.6399999,,,,,352.80001831,2.4400001,,,,,352.80001831,2.4400001,,,,,352.80001831,2.1199999,
,,,353.00000000,2.6399999,,,,,353.00000000,2.4400001,,,,,353.00000000,2.5200000,,,,,353.00000000,2.1599998,
,,,353.20001221,2.6399999,,,,,353.20001221,2.3199999,,,,,353.20001221,2.5599999,,,,,353.20001221,2.0400000,
,,,353.39999390,2.6399999,,,,,353.39999390,2.4400001,,,,,353.39999390,2.4800000,,,,,353.39999390,2.0400000,
,,,353.60000610,2.6399999,,,,,353.60000610,2.4400001,,,,,353.60000610,2.3999999,,,,,353.60000610,1.9599999,
,,,353.80001831,2.6399999,,,,,353.80001831,2.3999999,,,,,353.80001831,2.3599999,,,,,353.80001831,2.2400000,
,,,354.00000000,2.6399999,,,,,354.00000000,2.4400001,,,,,354.00000000,2.4800000,,,,,354.00000000,2.2000000,
,,,354.20001221,2.6399999,,,,,354.20001221,2.4400001,,,,,354.20001221,2.5599999,,,,,354.20001221,2.0799999,
,,,354.39999390,2.6399999,,,,,354.39999390,2.4400001,,,,,354.39999390,2.4400001,,,,,354.39999390,2.1599998,
,,,354.60000610,2.6399999,,,,,354.60000610,2.4800000,,,,,354.60000610,2.3599999,,,,,354.60000610,2.1599998,
,,,354.80001831,2.6399999,,,,,354.80001831,2.4800000,,,,,354.80001831,2.2800000,,,,,354.80001831,2.2400000,
,,,355.00000000,2.5999999,,,,,355.00000000,2.4400001,,,,,355.00000000,2.4400001,,,,,355.00000000,2.2400000,
,,,355.20001221,2.5999999,,,,,355.20001221,2.4400001,,,,,355.20001221,2.3999999,,,,,355.20001221,2.1199999,
,,,355.39999390,2.5999999,,,,,355.39999390,2.4400001,,,,,355.39999390,2.5599999,,,,,355.39999390,2.0799999,
,,,355.60000610,2.6399999,,,,,355.60000610,2.4400001,,,,,355.60000610,2.3999999,,,,,355.60000610,2.2400000,
,,,355.80001831,2.6399999,,,,,355.80001831,2.4400001,,,,,355.80001831,2.2000000,,,,,355.80001831,2.2400000,
,,,356.00000000,2.5999999,,,,,356.00000000,2.4800000,,,,,356.00000000,2.3599999,,,,,356.00000000,2.2400000,
,,,356.20001221,2.5999999,,,,,356.20001221,2.4400001,,,,,356.20001221,2.6399999,,,,,356.20001221,2.0400000,
,,,356.39999390,2.5999999,,,,,356.39999390,2.3999999,,,,,356.39999390,2.5999999,,,,,356.39999390,2.1199999,
,,,356.60000610,2.6399999,,,,,356.60000610,2.4400001,,,,,356.60000610,2.4400001,,,,,356.60000610,2.1599998,
,,,356.80001831,2.5999999,,,,,356.80001831,2.3999999,,,,,356.80001831,2.3199999,,,,,356.80001831,2.2800000,
,,,357.00000000,2.6399999,,,,,357.00000000,2.5200000,,,,,357.00000000,2.4800000,,,,,357.00000000,2.2000000,
,,,357.20001221,2.5999999,,,,,357.20001221,2.4400001,,,,,357.20001221,2.5599999,,,,,357.20001221,2.1199999,
,,,357.39999390,2.6399999,,,,,357.39999390,2.4400001,,,,,357.39999390,2.3999999,,,,,357.39999390,2.0400000,
,,,357.60000610,2.5999999,,,,,357.60000610,2.4400001,,,,,357.60000610,2.4400001,,,,,357.60000610,2.2000000,
,,,357.80001831,2.6399999,,,,,357.80001831,2.4400001,,,,,357.80001831,2.2800000,,,,,357.80001831,2.1599998,
,,,358.00000000,2.6399999,,,,,358.00000000,2.4400001,,,,,358.00000000,2.4400001,,,,,358.00000000,2.2000000,
,,,358.20001221,2.6399999,,,,,358.20001221,2.4800000,,,,,358.20001221,2.4400001,,,,,358.20001221,2.1199999,
,,,358.39999390,2.5999999,,,,,358.39999390,2.4400001,,,,,358.39999390,2.5200000,,,,,358.39999390,2.1199999,
,,,358.60000610,2.6399999,,,,,358.60000610,2.4400001,,,,,358.60000610,2.5599999,,,,,358.60000610,2.1599998,
,,,358.80001831,2.6399999,,,,,358.80001831,2.3999999,,,,,358.80001831,2.3199999,,,,,358.80001831,2.2000000,
,,,359.00000000,2.6399999,,,,,359.00000000,2.4400001,,,,,359.00000000,2.6399999,,,,,359.00000000,2.1599998,
,,,359.20001221,2.5999999,,,,,359.20001221,2.4400001,,,,,359.20001221,2.2800000,,,,,359.20001221,2.1199999,
,,,359.39999390,2.5999999,,,,,359.39999390,2.4400001,,,,,359.39999390,2.5599999,,,,,359.39999390,2.1599998,
,,,359.60000610,2.6399999,,,,,359.60000610,2.4400001,,,,,359.60000610,2.4400001,,,,,359.60000610,2.1199999,
,,,359.80001831,2.6399999,,,,,359.80001831,2.4400001,,,,,359.80001831,2.5999999,,,,,359.80001831,2.2400000,
,,,360.00000000,2.6399999,,,,,360.00000000,2.4400001,,,,,360.00000000,2.3599999,,,,,360.00000000,2.1199999,
,,,360.20001221,2.6399999,,,,,360.20001221,2.4400001,,,,,360.20001221,2.3199999,,,,,360.20001221,2.1199999,
,,,360.39999390,2.5999999,,,,,360.39999390,2.4400001,,,,,360.39999390,2.5200000,,,,,360.39999390,2.1599998,
,,,360.60000610,2.5999999,,,,,360.60000610,2.4400001,,,,,360.60000610,2.4800000,,,,,360.60000610,2.0000000,
,,,360.80001831,2.6399999,,,,,360.80001831,2.4800000,,,,,360.80001831,2.3599999,,,,,360.80001831,2.1599998,
,,,361.00000000,2.5999999,,,,,361.00000000,2.4400001,,,,,361.00000000,2.4400001,,,,,361.00000000,2.2400000,
,,,361.20001221,2.5999999,,,,,361.20001221,2.4400001,,,,,361.20001221,2.5599999,,,,,361.20001221,2.1599998,
,,,361.39999390,2.5999999,,,,,361.39999390,2.3999999,,,,,361.39999390,2.5200000,,,,,361.39999390,2.2000000,
,,,361.60000610,2.6399999,,,,,361.60000610,2.4400001,,,,,361.60000610,2.3199999,,,,,361.60000610,2.2000000,
,,,361.80001831,2.5999999,,,,,361.80001831,2.4400001,,,,,361.80001831,2.3999999,,,,,361.80001831,2.2400000,
,,,362.00000000,2.5999999,,,,,362.00000000,2.4400001,,,,,362.00000000,2.3599999,,,,,362.00000000,2.2000000,
,,,362.20001221,2.5999999,,,,,362.20001221,2.4400001,,,,,362.20001221,2.3599999,,,,,362.20001221,2.1199999,
,,,362.39999390,2.6399999,,,,,362.39999390,2.4400001,,,,,362.39999390,2.3599999,,,,,362.39999390,2.2800000,
,,,362.60000610,2.5999999,,,,,362.60000610,2.4400001,,,,,362.60000610,2.5999999,,,,,362.60000610,2.3199999,
,,,362.80001831,2.5999999,,,,,362.80001831,2.4400001,,,,,362.80001831,2.4800000,,,,,362.80001831,2.3199999,
,,,363.00000000,2.6399999,,,,,363.00000000,2.4400001,,,,,363.00000000,2.2400000,,,,,363.00000000,2.2800000,
,,,363.20001221,2.6399999,,,,,363.20001221,2.3999999,,,,,363.20001221,2.5200000,,,,,363.20001221,2.1199999,
,,,363.39999390,2.6399999,,,,,363.39999390,2.4400001,,,,,363.39999390,2.3999999,,,,,363.39999390,2.1599998,
,,,363.60000610,2.6399999,,,,,363.60000610,2.4800000,,,,,363.60000610,2.6799998,,,,,363.60000610,2.1599998,
,,,363.80001831,2.5999999,,,,,363.80001831,2.4400001,,,,,363.80001831,2.3599999,,,,,363.80001831,2.2400000,
,,,364.00000000,2.5999999,,,,,364.00000000,2.4400001,,,,,364.00000000,2.3599999,,,,,364.00000000,2.2400000,
,,,364.20001221,2.6399999,,,,,364.20001221,2.4400001,,,,,364.20001221,2.2800000,,,,,364.20001221,2.1599998,
,,,364.39999390,2.5999999,,,,,364.39999390,2.4400001,,,,,364.39999390,2.4400001,,,,,364.39999390,2.1199999,
,,,364.60000610,2.5999999,,,,,364.60000610,2.4400001,,,,,364.60000610,2.3199999,,,,,364.60000610,2.1599998,
,,,364.80001831,2.6399999,,,,,364.80001831,2.4400001,,,,,364.80001831,2.3999999,,,,,364.80001831,2.2000000,
,,,365.00000000,2.6399999,,,,,365.00000000,2.4800000,,,,,365.00000000,2.5999999,,,,,365.00000000,2.2400000,
,,,365.20001221,2.5999999,,,,,365.20001221,2.4400001,,,,,365.20001221,2.4400001,,,,,365.20001221,2.2000000,
,,,365.39999390,2.6399999,,,,,365.39999390,2.4400001,,,,,365.39999390,2.2800000,,,,,365.39999390,2.1599998,
,,,365.60000610,2.5999999,,,,,365.60000610,2.4400001,,,,,365.60000610,2.5200000,,,,,365.60000610,2.1199999,
,,,365.80001831,2.6399999,,,,,365.80001831,2.4400001,,,,,365.80001831,2.4400001,,,,,365.80001831,2.1599998,
,,,366.00000000,2.6399999,,,,,366.00000000,2.4400001,,,,,366.00000000,2.6399999,,,,,366.00000000,2.2400000,
,,,366.20001221,2.6399999,,,,,366.20001221,2.4400001,,,,,366.20001221,2.3999999,,,,,366.20001221,2.2000000,
,,,366.39999390,2.6799998,,,,,366.39999390,2.4400001,,,,,366.39999390,2.3599999,,,,,366.39999390,2.1599998,
,,,366.60000610,2.6399999,,,,,366.60000610,2.4400001,,,,,366.60000610,2.4400001,,,,,366.60000610,2.2000000,
,,,366.80001831,2.6399999,,,,,366.80001831,2.4400001,,,,,366.80001831,2.6799998,,,,,366.80001831,2.0799999,
,,,367.00000000,2.6399999,,,,,367.00000000,2.4400001,,,,,367.00000000,2.6799998,,,,,367.00000000,2.1599998,
,,,367.20001221,2.5999999,,,,,367.20001221,2.4400001,,,,,367.20001221,2.5200000,,,,,367.20001221,2.1199999,
,,,367.39999390,2.5999999,,,,,367.39999390,2.4800000,,,,,367.39999390,2.5599999,,,,,367.39999390,2.2000000,
,,,367.60000610,2.6399999,,,,,367.60000610,2.4800000,,,,,367.60000610,2.4400001,,,,,367.60000610,2.2000000,
,,,367.80001831,2.6399999,,,,,367.80001831,2.4400001,,,,,367.80001831,2.4800000,,,,,367.80001831,2.2400000,
,,,368.00000000,2.6399999,,,,,368.00000000,2.4400001,,,,,368.00000000,2.4800000,,,,,368.00000000,2.2800000,
,,,368.20001221,2.6399999,,,,,368.20001221,2.4800000,,,,,368.20001221,2.5999999,,,,,368.20001221,2.2000000,
,,,368.39999390,2.5999999,,,,,368.39999390,2.4400001,,,,,368.39999390,2.5599999,,,,,368.39999390,2.1599998,
,,,368.60000610,2.6799998,,,,,368.60000610,2.4400001,,,,,368.60000610,2.4400001,,,,,368.60000610,2.3199999,
,,,368.80001831,2.5999999,,,,,368.80001831,2.4400001,,,,,368.80001831,2.3999999,,,,,368.80001831,2.2800000,
,,,369.00000000,2.6399999,,,,,369.00000000,2.3999999,,,,,369.00000000,2.3999999,,,,,369.00000000,2.2800000,
,,,369.20001221,2.6399999,,,,,369.20001221,2.4400001,,,,,369.20001221,2.75999999,,,,,369.20001221,2.2800000,
,,,369.39999390,2.5999999,,,,,369.39999390,2.3999999,,,,,369.39999390,2.4400001,,,,,369.39999390,2.2000000,
,,,369.60000610,2.6399999,,,,,369.60000610,2.4400001,,,,,369.60000610,2.3999999,,,,,369.60000610,2.1599998,
,,,369.80001831,2.5999999,,,,,369.80001831,2.4800000,,,,,369.80001831,2.3599999,,,,,369.80001831,2.1599998,
,,,370.00000000,2.5999999,,,,,370.00000000,2.4400001,,,,,370.00000000,2.5200000,,,,,370.00000000,2.2800000,
,,,370.20001221,2.6399999,,,,,370.20001221,2.3999999,,,,,370.20001221,2.6799998,,,,,370.20001221,2.1199999,
,,,370.39999390,2.5999999,,,,,370.39999390,2.4400001,,,,,370.39999390,2.4400001,,,,,370.39999390,2.2000000,
,,,370.60000610,2.6399999,,,,,370.60000610,2.4800000,,,,,370.60000610,2.4800000,,,,,370.60000610,2.2400000,
,,,370.80001831,2.6399999,,,,,370.80001831,2.4400001,,,,,370.80001831,2.3199999,,,,,370.80001831,2.2800000,
,,,371.00000000,2.5999999,,,,,371.00000000,2.4400001,,,,,371.00000000,2.2400000,,,,,371.00000000,2.2000000,
,,,371.20001221,2.5999999,,,,,371.20001221,2.4400001,,,,,371.20001221,2.3599999,,,,,371.20001221,2.0799999,
,,,371.39999390,2.5999999,,,,,371.39999390,2.4400001,,,,,371.39999390,2.5999999,,,,,371.39999390,2.1599998,
,,,371.60000610,2.6399999,,,,,371.60000610,2.4400001,,,,,371.60000610,2.4400001,,,,,371.60000610,2.2000000,
,,,371.80001831,2.6399999,,,,,371.80001831,2.4400001,,,,,371.80001831,2.3199999,,,,,371.80001831,2.3199999,
,,,372.00000000,2.6399999,,,,,372.00000000,2.4400001,,,,,372.00000000,2.3999999,,,,,372.00000000,2.2400000,
,,,372.20001221,2.5999999,,,,,372.20001221,2.4400001,,,,,372.20001221,2.4400001,,,,,372.20001221,2.2000000,
,,,372.39999390,2.6399999,,,,,372.39999390,2.4400001,,,,,372.39999390,2.2800000,,,,,372.39999390,2.2000000,
,,,372.60000610,2.6399999,,,,,372.60000610,2.4800000,,,,,372.60000610,2.6799998,,,,,372.60000610,2.2400000,
,,,372.80001831,2.5999999,,,,,372.80001831,2.4400001,,,,,372.80001831,2.1599998,,,,,372.80001831,2.2400000,
,,,373.00000000,2.6399999,,,,,373.00000000,2.4400001,,,,,373.00000000,2.3599999,,,,,373.00000000,2.1599998,
,,,373.20001221,2.6399999,,,,,373.20001221,2.4400001,,,,,373.20001221,2.2800000,,,,,373.20001221,2.2400000,
,,,373.39999390,2.6399999,,,,,373.39999390,2.4400001,,,,,373.39999390,2.5200000,,,,,373.39999390,2.2000000,
,,,373.60000610,2.5999999,,,,,373.60000610,2.3999999,,,,,373.60000610,2.3199999,,,,,373.60000610,2.3599999,
,,,373.80001831,2.6399999,,,,,373.80001831,2.4400001,,,,,373.80001831,2.2000000,,,,,373.80001831,2.3199999,
,,,374.00000000,2.5999999,,,,,374.00000000,2.4400001,,,,,374.00000000,2.2400000,,,,,374.00000000,2.2000000,
,,,374.20001221,2.5999999,,,,,374.20001221,2.4400001,,,,,374.20001221,2.4400001,,,,,374.20001221,2.2000000,
,,,374.39999390,2.6399999,,,,,374.39999390,2.4400001,,,,,374.39999390,2.4400001,,,,,374.39999390,2.2000000,
,,,374.60000610,2.6399999,,,,,374.60000610,2.4400001,,,,,374.60000610,2.5599999,,,,,374.60000610,2.3199999,
,,,374.80001831,2.6399999,,,,,374.80001831,2.4400001,,,,,374.80001831,2.3999999,,,,,374.80001831,2.2400000,
,,,375.00000000,2.6399999,,,,,375.00000000,2.4400001,,,,,375.00000000,2.5599999,,,,,375.00000000,2.2800000,
,,,375.20001221,2.5999999,,,,,375.20001221,2.4800000,,,,,375.20001221,2.3999999,,,,,375.20001221,2.2800000,
,,,375.39999390,2.5999999,,,,,375.39999390,2.4400001,,,,,375.39999390,2.4400001,,,,,375.39999390,2.2000000,
,,,375.60000610,2.6399999,,,,,375.60000610,2.4400001,,,,,375.60000610,2.4400001,,,,,375.60000610,2.3199999,
,,,375.80001831,2.6399999,,,,,375.80001831,2.4400001,,,,,375.80001831,2.5999999,,,,,375.80001831,2.2800000,
,,,376.00000000,2.6399999,,,,,376.00000000,2.4400001,,,,,376.00000000,2.5599999,,,,,376.00000000,2.2000000,
,,,376.20001221,2.6399999,,,,,376.20001221,2.4800000,,,,,376.20001221,2.5200000,,,,,376.20001221,2.2000000,
,,,376.39999390,2.6399999,,,,,376.39999390,2.4400001,,,,,376.39999390,2.4800000,,,,,376.39999390,2.2400000,
,,,376.60000610,2.5999999,,,,,376.60000610,2.4400001,,,,,376.60000610,2.4800000,,,,,376.60000610,2.2400000,
,,,376.80001831,2.6399999,,,,,376.80001831,2.4400001,,,,,376.80001831,2.5999999,,,,,376.80001831,2.2400000,
,,,377.00000000,2.5999999,,,,,377.00000000,2.4800000,,,,,377.00000000,2.3999999,,,,,377.00000000,2.2800000,
,,,377.20001221,2.5999999,,,,,377.20001221,2.4400001,,,,,377.20001221,2.6799998,,,,,377.20001221,2.1599998,
,,,377.39999390,2.5999999,,,,,377.39999390,2.4800000,,,,,377.39999390,2.72000003,,,,,377.39999390,2.1599998,
,,,377.60000610,2.6399999,,,,,377.60000610,2.4400001,,,,,377.60000610,2.5200000,,,,,377.60000610,2.2800000,
,,,377.80001831,2.6399999,,,,,377.80001831,2.4400001,,,,,377.80001831,2.5599999,,,,,377.80001831,2.2800000,
,,,378.00000000,2.6399999,,,,,378.00000000,2.4400001,,,,,378.00000000,2.5200000,,,,,378.00000000,2.2800000,
,,,378.20001221,2.5999999,,,,,378.20001221,2.4400001,,,,,378.20001221,2.3199999,,,,,378.20001221,2.2000000,
,,,378.39999390,2.5999999,,,,,378.39999390,2.4400001,,,,,378.39999390,2.3599999,,,,,378.39999390,2.2400000,
,,,378.60000610,2.6399999,,,,,378.60000610,2.4400001,,,,,378.60000610,2.5200000,,,,,378.60000610,2.3199999,
,,,378.80001831,2.5999999,,,,,378.80001831,2.4400001,,,,,378.80001831,2.5200000,,,,,378.80001831,2.1599998,
,,,379.00000000,2.5999999,,,,,379.00000000,2.4400001,,,,,379.00000000,2.5999999,,,,,379.00000000,2.2000000,
,,,379.20001221,2.6399999,,,,,379.20001221,2.4400001,,,,,379.20001221,2.3199999,,,,,379.20001221,2.2400000,
,,,379.39999390,2.5999999,,,,,379.39999390,2.4800000,,,,,379.39999390,2.5200000,,,,,379.39999390,2.1199999,
,,,379.60000610,2.6399999,,,,,379.60000610,2.4400001,,,,,379.60000610,2.2400000,,,,,379.60000610,2.1599998,
,,,379.80001831,2.6399999,,,,,379.80001831,2.4400001,,,,,379.80001831,2.4800000,,,,,379.80001831,2.2400000,
,,,380.00000000,2.6399999,,,,,380.00000000,2.4400001,,,,,380.00000000,2.4800000,,,,,380.00000000,2.2800000,
,,,380.20001221,2.6399999,,,,,380.20001221,2.4400001,,,,,380.20001221,2.5200000,,,,,380.20001221,2.2400000,
,,,380.39999390,2.6399999,,,,,380.39999390,2.4400001,,,,,380.39999390,2.4400001,,,,,380.39999390,2.3199999,
,,,380.60000610,2.5999999,,,,,380.60000610,2.4800000,,,,,380.60000610,2.3999999,,,,,380.60000610,2.3599999,
,,,380.80001831,2.5999999,,,,,380.80001831,2.4400001,,,,,380.80001831,2.4800000,,,,,380.80001831,2.2400000,
,,,381.00000000,2.5999999,,,,,381.00000000,2.4400001,,,,,381.00000000,2.3199999,,,,,381.00000000,2.2000000,
,,,381.20001221,2.6399999,,,,,381.20001221,2.4400001,,,,,381.20001221,2.5200000,,,,,381.20001221,2.2400000,
,,,381.39999390,2.6399999,,,,,381.39999390,2.4400001,,,,,381.39999390,2.5999999,,,,,381.39999390,2.2400000,
,,,381.60000610,2.6399999,,,,,381.60000610,2.4400001,,,,,381.60000610,2.4800000,,,,,381.60000610,2.3199999,
,,,381.80001831,2.5999999,,,,,381.80001831,2.4400001,,,,,381.80001831,2.4400001,,,,,381.80001831,2.2400000,
,,,382.00000000,2.5999999,,,,,382.00000000,2.4800000,,,,,382.00000000,2.3999999,,,,,382.00000000,2.3599999,
,,,382.20001221,2.6399999,,,,,382.20001221,2.4400001,,,,,382.20001221,2.5200000,,,,,382.20001221,2.3199999,
,,,382.39999390,2.6399999,,,,,382.39999390,2.4400001,,,,,382.39999390,2.2800000,,,,,382.39999390,2.2400000,
,,,382.60000610,2.6399999,,,,,382.60000610,2.4800000,,,,,382.60000610,2.5599999,,,,,382.60000610,2.2400000,
,,,382.80001831,2.5999999,,,,,382.80001831,2.3999999,,,,,382.80001831,2.3199999,,,,,382.80001831,2.2800000,
,,,383.00000000,2.5999999,,,,,383.00000000,2.4400001,,,,,383.00000000,2.3999999,,,,,383.00000000,2.2000000,
,,,383.20001221,2.6399999,,,,,383.20001221,2.4400001,,,,,383.20001221,2.4400001,,,,,383.20001221,2.2000000,
,,,383.39999390,2.6399999,,,,,383.39999390,2.4400001,,,,,383.39999390,2.5200000,,,,,383.39999390,2.2800000,
,,,383.60000610,2.6399999,,,,,383.60000610,2.4400001,,,,,383.60000610,2.2800000,,,,,383.60000610,2.3599999,
,,,383.80001831,2.6399999,,,,,383.80001831,2.4400001,,,,,383.80001831,2.3999999,,,,,383.80001831,2.4400001,
,,,384.00000000,2.5999999,,,,,384.00000000,2.4400001,,,,,384.00000000,2.4800000,,,,,384.00000000,2.3199999,
,,,384.20001221,2.5999999,,,,,384.20001221,2.4800000,,,,,384.20001221,2.4400001,,,,,384.20001221,2.3199999,
,,,384.39999390,2.5999999,,,,,384.39999390,2.4800000,,,,,384.39999390,2.5599999,,,,,384.39999390,2.2000000,
,,,384.60000610,2.6399999,,,,,384.60000610,2.4800000,,,,,384.60000610,2.5999999,,,,,384.60000610,2.2000000,
,,,384.80001831,2.6399999,,,,,384.80001831,2.4400001,,,,,384.80001831,2.4400001,,,,,384.80001831,2.3199999,
,,,385.00000000,2.6399999,,,,,385.00000000,2.4400001,,,,,385.00000000,2.4400001,,,,,385.00000000,2.3599999,
,,,385.20001221,2.5999999,,,,,385.20001221,2.4400001,,,,,385.20001221,2.5200000,,,,,385.20001221,2.1199999,
,,,385.39999390,2.6399999,,,,,385.39999390,2.4400001,,,,,385.39999390,2.5999999,,,,,385.39999390,2.1599998,
,,,385.60000610,2.6399999,,,,,385.60000610,2.4400001,,,,,385.60000610,2.2800000,,,,,385.60000610,2.3199999,
,,,385.80001831,2.5999999,,,,,385.80001831,2.4400001,,,,,385.80001831,2.5599999,,,,,385.80001831,2.3599999,
,,,386.00000000,2.6399999,,,,,386.00000000,2.4400001,,,,,386.00000000,2.3599999,,,,,386.00000000,2.2800000,
,,,386.20001221,2.5999999,,,,,386.20001221,2.4400001,,,,,386.20001221,2.5999999,,,,,386.20001221,2.3199999,
,,,386.39999390,2.5999999,,,,,386.39999390,2.4400001,,,,,386.39999390,2.5999999,,,,,386.39999390,2.2400000,
,,,386.60000610,2.6399999,,,,,386.60000610,2.4400001,,,,,386.60000610,2.3199999,,,,,386.60000610,2.3999999,
,,,386.80001831,2.5999999,,,,,386.80001831,2.3999999,,,,,386.80001831,2.6799998,,,,,386.80001831,2.3999999,
,,,387.00000000,2.6399999,,,,,387.00000000,2.4400001,,,,,387.00000000,2.5599999,,,,,387.00000000,2.2800000,
,,,387.20001221,2.6399999,,,,,387.20001221,2.4400001,,,,,387.20001221,2.5200000,,,,,387.20001221,2.2000000,
,,,387.39999390,2.6399999,,,,,387.39999390,2.4400001,,,,,387.39999390,2.3999999,,,,,387.39999390,2.2400000,
,,,387.60000610,2.6399999,,,,,387.60000610,2.3999999,,,,,387.60000610,2.4400001,,,,,387.60000610,2.3199999,
,,,387.80001831,2.5999999,,,,,387.80001831,2.4400001,,,,,387.80001831,2.4800000,,,,,387.80001831,2.3999999,
,,,388.00000000,2.5999999,,,,,388.00000000,2.4400001,,,,,388.00000000,2.4800000,,,,,388.00000000,2.3599999,
,,,388.20001221,2.6399999,,,,,388.20001221,2.4400001,,,,,388.20001221,2.3599999,,,,,388.20001221,2.2000000,
,,,388.39999390,2.6399999,,,,,388.39999390,2.4400001,,,,,388.39999390,2.2800000,,,,,388.39999390,2.2800000,
,,,388.60000610,2.5999999,,,,,388.60000610,2.4400001,,,,,388.60000610,2.3999999,,,,,388.60000610,2.3199999,
,,,388.80001831,2.5999999,,,,,388.80001831,2.4400001,,,,,388.80001831,2.6799998,,,,,388.80001831,2.3199999,
,,,389.00000000,2.6399999,,,,,389.00000000,2.4400001,,,,,389.00000000,2.5599999,,,,,389.00000000,2.4400001,
,,,389.20001221,2.6399999,,,,,389.20001221,2.4400001,,,,,389.20001221,2.4400001,,,,,389.20001221,2.2400000,
,,,389.39999390,2.6399999,,,,,389.39999390,2.4400001,,,,,389.39999390,2.4400001,,,,,389.39999390,2.1599998,
,,,389.60000610,2.6399999,,,,,389.60000610,2.4400001,,,,,389.60000610,2.5999999,,,,,389.60000610,2.2800000,
,,,389.80001831,2.5999999,,,,,389.80001831,2.4400001,,,,,389.80001831,2.4800000,,,,,389.80001831,2.2400000,
,,,390.00000000,2.6399999,,,,,390.00000000,2.4400001,,,,,390.00000000,2.4400001,,,,,390.00000000,2.3199999,
,,,390.20001221,2.5999999,,,,,390.20001221,2.4400001,,,,,390.20001221,2.4400001,,,,,390.20001221,2.2800000,
,,,390.39999390,2.6399999,,,,,390.39999390,2.3999999,,,,,390.39999390,2.4400001,,,,,390.39999390,2.2000000,
,,,390.60000610,2.5999999,,,,,390.60000610,2.4400001,,,,,390.60000610,2.3599999,,,,,390.60000610,2.2400000,
,,,390.80001831,2.5999999,,,,,390.80001831,2.4400001,,,,,390.80001831,2.5599999,,,,,390.80001831,2.2000000,
,,,391.00000000,2.6399999,,,,,391.00000000,2.4800000,,,,,391.00000000,2.5599999,,,,,391.00000000,2.3199999,
,,,391.20001221,2.5999999,,,,,391.20001221,2.3999999,,,,,391.20001221,2.75999999,,,,,391.20001221,2.2400000,
,,,391.39999390,2.6399999,,,,,391.39999390,2.4400001,,,,,391.39999390,2.5599999,,,,,391.39999390,2.2000000,
,,,391.60000610,2.5999999,,,,,391.60000610,2.4400001,,,,,391.60000610,2.5200000,,,,,391.60000610,2.3599999,
,,,391.80001831,2.6399999,,,,,391.80001831,2.4800000,,,,,391.80001831,2.5999999,,,,,391.80001831,2.2800000,
,,,392.00000000,2.5999999,,,,,392.00000000,2.4400001,,,,,392.00000000,2.4800000,,,,,392.00000000,2.3599999,
,,,392.20001221,2.5999999,,,,,392.20001221,2.4400001,,,,,392.20001221,2.5599999,,,,,392.20001221,2.3999999,
,,,392.39999390,2.6399999,,,,,392.39999390,2.4400001,,,,,392.39999390,2.3999999,,,,,392.39999390,2.2800000,
,,,392.60000610,2.5999999,,,,,392.60000610,2.4400001,,,,,392.60000610,2.5200000,,,,,392.60000610,2.3199999,
,,,392.80001831,2.6399999,,,,,392.80001831,2.4400001,,,,,392.80001831,2.3999999,,,,,392.80001831,2.2800000,
,,,393.00000000,2.5999999,,,,,393.00000000,2.3999999,,,,,393.00000000,2.6399999,,,,,393.00000000,2.3599999,
,,,393.20001221,2.6399999,,,,,393.20001221,2.4400001,,,,,393.20001221,2.4400001,,,,,393.20001221,2.3599999,
,,,393.39999390,2.5999999,,,,,393.39999390,2.4400001,,,,,393.39999390,2.5200000,,,,,393.39999390,2.2000000,
,,,393.60000610,2.6399999,,,,,393.60000610,2.4400001,,,,,393.60000610,2.3199999,,,,,393.60000610,2.3199999,
,,,393.80001831,2.5999999,,,,,393.80001831,2.4400001,,,,,393.80001831,2.4800000,,,,,393.80001831,2.3199999,
,,,394.00000000,2.6399999,,,,,394.00000000,2.4400001,,,,,394.00000000,2.4800000,,,,,394.00000000,2.3199999,
,,,394.20001221,2.6399999,,,,,394.20001221,2.4800000,,,,,394.20001221,2.5599999,,,,,394.20001221,2.3199999,
,,,394.39999390,2.6399999,,,,,394.39999390,2.4400001,,,,,394.39999390,2.6399999,,,,,394.39999390,2.2800000,
,,,394.60000610,2.6399999,,,,,394.60000610,2.4400001,,,,,394.60000610,2.3999999,,,,,394.60000610,2.3599999,
,,,394.80001831,2.6399999,,,,,394.80001831,2.4400001,,,,,394.80001831,2.5200000,,,,,394.80001831,2.3599999,
,,,395.00000000,2.6399999,,,,,395.00000000,2.4400001,,,,,395.00000000,2.3599999,,,,,395.00000000,2.2000000,
,,,395.20001221,2.6399999,,,,,395.20001221,2.4400001,,,,,395.20001221,2.5999999,,,,,395.20001221,2.0400000,
,,,395.39999390,2.5999999,,,,,395.39999390,2.4400001,,,,,395.39999390,2.5599999,,,,,395.39999390,2.2000000,
,,,395.60000610,2.5999999,,,,,395.60000610,2.4400001,,,,,395.60000610,2.5599999,,,,,395.60000610,2.2000000,
,,,395.80001831,2.5999999,,,,,395.80001831,2.3999999,,,,,395.80001831,2.3999999,,,,,395.80001831,2.1199999,
,,,396.00000000,2.6399999,,,,,396.00000000,2.3999999,,,,,396.00000000,2.3199999,,,,,396.00000000,2.2800000,
,,,396.20001221,2.5999999,,,,,396.20001221,2.3999999,,,,,396.20001221,2.72000003,,,,,396.20001221,2.2400000,
,,,396.39999390,2.5999999,,,,,396.39999390,2.3999999,,,,,396.39999390,2.4800000,,,,,396.39999390,2.3199999,
,,,396.60000610,2.6399999,,,,,396.60000610,2.4400001,,,,,396.60000610,2.5200000,,,,,396.60000610,2.3199999,
,,,396.80001831,2.5999999,,,,,396.80001831,2.4400001,,,,,396.80001831,2.5999999,,,,,396.80001831,2.3599999,
,,,397.00000000,2.5999999,,,,,397.00000000,2.3999999,,,,,397.00000000,2.3999999,,,,,397.00000000,2.3999999,
,,,397.20001221,2.6399999,,,,,397.20001221,2.4400001,,,,,397.20001221,2.3199999,,,,,397.20001221,2.2800000,
,,,397.39999390,2.5999999,,,,,397.39999390,2.4400001,,,,,397.39999390,2.3599999,,,,,397.39999390,2.3599999,
,,,397.60000610,2.6399999,,,,,397.60000610,2.4400001,,,,,397.60000610,2.5200000,,,,,397.60000610,2.2800000,
,,,397.80001831,2.6399999,,,,,397.80001831,2.4400001,,,,,397.80001831,2.5999999,,,,,397.80001831,2.3199999,
,,,398.00000000,2.6399999,,,,,398.00000000,2.3999999,,,,,398.00000000,2.5599999,,,,,398.00000000,2.2400000,
,,,398.20001221,2.5999999,,,,,398.20001221,2.4800000,,,,,398.20001221,2.3199999,,,,,398.20001221,2.2400000,
,,,398.39999390,2.5999999,,,,,398.39999390,2.4400001,,,,,398.39999390,2.3999999,,,,,398.39999390,2.2000000,
,,,398.60000610,2.6399999,,,,,398.60000610,2.4400001,,,,,398.60000610,2.4800000,,,,,398.60000610,2.3599999,
,,,398.80001831,2.5999999,,,,,398.80001831,2.3999999,,,,,398.80001831,2.4800000,,,,,398.80001831,2.3999999,
,,,399.00000000,2.6399999,,,,,399.00000000,2.4400001,,,,,399.00000000,2.5200000,,,,,399.00000000,2.3999999,
,,,399.20001221,2.5999999,,,,,399.20001221,2.4400001,,,,,399.20001221,2.72000003,,,,,399.20001221,2.3599999,
,,,399.39999390,2.6399999,,,,,399.39999390,2.4400001,,,,,399.39999390,2.5200000,,,,,399.39999390,2.2400000,
,,,399.60000610,2.5999999,,,,,399.60000610,2.4400001,,,,,399.60000610,2.3599999,,,,,399.60000610,2.3999999,
,,,399.80001831,2.5999999,,,,,399.80001831,2.4400001,,,,,399.80001831,2.3199999,,,,,399.80001831,2.3199999,
,,,400.00000000,2.6399999,,,,,400.00000000,2.4400001,,,,,400.00000000,2.4800000,,,,,400.00000000,2.4400001,
,,,400.20001221,2.6399999,,,,,400.20001221,2.4400001,,,,,400.20001221,2.5999999,,,,,400.20001221,2.2400000,
,,,400.39999390,2.5999999,,,,,400.39999390,2.4400001,,,,,400.39999390,2.5200000,,,,,400.39999390,2.2000000,
,,,400.60000610,2.6399999,,,,,400.60000610,2.4400001,,,,,400.60000610,2.4800000,,,,,400.60000610,2.2800000,
,,,400.80001831,2.6399999,,,,,400.80001831,2.4400001,,,,,400.80001831,2.5599999,,,,,400.80001831,2.2800000,
,,,401.00000000,2.6399999,,,,,401.00000000,2.4400001,,,,,401.00000000,2.3999999,,,,,401.00000000,2.3199999,
,,,401.20001221,2.5999999,,,,,401.20001221,2.4400001,,,,,401.20001221,2.5599999,,,,,401.20001221,2.3199999,
,,,401.39999390,2.5999999,,,,,401.39999390,2.4800000,,,,,401.39999390,2.5200000,,,,,401.39999390,2.2800000,
,,,401.60000610,2.6399999,,,,,401.60000610,2.4400001,,,,,401.60000610,2.4400001,,,,,401.60000610,2.2400000,
,,,401.80001831,2.5999999,,,,,401.80001831,2.4400001,,,,,401.80001831,2.5599999,,,,,401.80001831,2.3599999,
,,,402.00000000,2.5999999,,,,,402.00000000,2.4800000,,,,,402.00000000,2.5999999,,,,,402.00000000,2.2400000,
,,,402.20001221,2.5999999,,,,,402.20001221,2.4400001,,,,,402.20001221,2.5200000,,,,,402.20001221,2.2800000,
,,,402.39999390,2.5999999,,,,,402.39999390,2.4400001,,,,,402.39999390,2.4800000,,,,,402.39999390,2.2000000,
,,,402.60000610,2.6399999,,,,,402.60000610,2.4800000,,,,,402.60000610,2.5999999,,,,,402.60000610,2.2400000,
,,,402.80001831,2.6399999,,,,,402.80001831,2.4400001,,,,,402.80001831,2.5999999,,,,,402.80001831,2.4400001,
,,,403.00000000,2.6399999,,,,,403.00000000,2.4400001,,,,,403.00000000,2.6399999,,,,,403.00000000,2.3199999,
,,,403.20001221,2.6399999,,,,,403.20001221,2.4800000,,,,,403.20001221,2.5999999,,,,,403.20001221,2.3199999,
,,,403.39999390,2.5999999,,,,,403.39999390,2.4400001,,,,,403.39999390,2.6799998,,,,,403.39999390,2.2800000,
,,,403.600006104,2.5999999,,,,,403.600006104,2.4400001,,,,,403.600006104,2.2800000,,,,,403.600006104,2.3599999,
,,,403.800018311,2.6399999,,,,,403.800018311,2.4400001,,,,,403.800018311,2.4400001,,,,,403.800018311,2.3599999,
,,,404.000000000,2.5999999,,,,,404.000000000,2.4400001,,,,,404.000000000,2.2800000,,,,,404.000000000,2.2800000,
,,,404.200012207,2.5999999,,,,,404.200012207,2.4400001,,,,,404.200012207,2.3199999,,,,,404.200012207,2.3599999,
,,,404.399993896,2.6399999,,,,,404.399993896,2.4400001,,,,,404.399993896,2.3999999,,,,,404.399993896,2.2400000,
,,,404.600006104,2.6399999,,,,,404.600006104,2.4400001,,,,,404.600006104,2.72000003,,,,,404.600006104,2.3999999,
,,,404.800018311,2.6399999,,,,,404.800018311,2.4400001,,,,,404.800018311,2.4800000,,,,,404.800018311,2.3599999,
,,,405.000000000,2.5999999,,,,,405.000000000,2.4400001,,,,,405.000000000,2.4800000,,,,,405.000000000,2.3199999,
,,,405.200012207,2.6399999,,,,,405.200012207,2.4400001,,,,,405.200012207,2.3599999,,,,,405.200012207,2.2800000,
,,,405.399993896,2.6399999,,,,,405.399993896,2.4400001,,,,,405.399993896,2.2400000,,,,,405.399993896,2.3199999,
,,,405.600006104,2.6399999,,,,,405.600006104,2.4400001,,,,,405.600006104,2.4800000,,,,,405.600006104,2.3999999,
,,,405.800018311,2.5999999,,,,,405.800018311,2.4400001,,,,,405.800018311,2.5200000,,,,,405.800018311,2.4800000,
,,,406.000000000,2.6399999,,,,,406.000000000,2.4400001,,,,,406.000000000,2.4800000,,,,,406.000000000,2.3199999,
,,,406.200012207,2.6399999,,,,,406.200012207,2.4800000,,,,,406.200012207,2.5599999,,,,,406.200012207,2.2800000,
,,,406.399993896,2.6399999,,,,,406.399993896,2.4400001,,,,,406.399993896,2.5200000,,,,,406.399993896,2.2800000,
,,,406.600006104,2.6399999,,,,,406.600006104,2.4400001,,,,,406.600006104,2.2400000,,,,,406.600006104,2.3599999,
,,,406.800018311,2.6399999,,,,,406.800018311,2.4400001,,,,,406.800018311,2.5599999,,,,,406.800018311,2.3999999,
,,,407.000000000,2.6399999,,,,,407.000000000,2.3999999,,,,,407.000000000,2.6799998,,,,,407.000000000,2.3199999,
,,,407.200012207,2.5999999,,,,,407.200012207,2.4400001,,,,,407.200012207,2.6399999,,,,,407.200012207,2.2000000,
,,,407.399993896,2.6399999,,,,,407.399993896,2.4400001,,,,,407.399993896,2.6399999,,,,,407.399993896,2.2800000,
,,,407.600006104,2.6399999,,,,,407.600006104,2.4400001,,,,,407.600006104,2.5599999,,,,,407.600006104,2.3599999,
,,,407.800018311,2.5999999,,,,,407.800018311,2.4400001,,,,,407.800018311,2.5999999,,,,,407.800018311,2.2000000,
,,,408.000000000,2.5999999,,,,,408.000000000,2.4400001,,,,,408.000000000,2.5999999,,,,,408.000000000,2.3199999,
,,,408.200012207,2.5999999,,,,,408.200012207,2.4800000,,,,,408.200012207,2.5599999,,,,,408.200012207,2.1599998,
,,,408.399993896,2.5999999,,,,,408.399993896,2.4400001,,,,,408.399993896,2.5999999,,,,,408.399993896,2.3199999,
,,,408.600006104,2.5999999,,,,,408.600006104,2.4400001,,,,,408.600006104,2.5599999,,,,,408.600006104,2.4800000,
,,,408.800018311,2.5999999,,,,,408.800018311,2.4400001,,,,,408.800018311,2.5200000,,,,,408.800018311,2.3599999,
,,,409.000000000,2.6399999,,,,,409.000000000,2.4400001,,,,,409.000000000,2.4400001,,,,,409.000000000,2.4400001,
,,,409.200012207,2.5999999,,,,,409.200012207,2.4400001,,,,,409.200012207,2.5200000,,,,,409.200012207,2.3999999,
,,,409.399993896,2.6399999,,,,,409.399993896,2.4400001,,,,,409.399993896,2.83999991,,,,,409.399993896,2.3599999,
,,,409.600006104,2.6399999,,,,,409.600006104,2.4400001,,,,,409.600006104,2.5200000,,,,,409.600006104,2.4400001,
,,,409.800018311,2.5999999,,,,,409.800018311,2.4400001,,,,,409.800018311,2.5999999,,,,,409.800018311,2.5599999,
,,,410.000000000,2.5999999,,,,,410.000000000,2.4400001,,,,,410.000000000,2.4800000,,,,,410.000000000,2.3599999,
,,,410.200012207,2.6399999,,,,,410.200012207,2.4400001,,,,,410.200012207,2.5599999,,,,,410.200012207,2.3599999,
,,,410.399993896,2.5999999,,,,,410.399993896,2.4400001,,,,,410.399993896,2.79999995,,,,,410.399993896,2.3599999,
,,,410.600006104,2.6399999,,,,,410.600006104,2.4800000,,,,,410.600006104,2.6399999,,,,,410.600006104,2.4800000,
,,,410.800018311,2.5999999,,,,,410.800018311,2.4400001,,,,,410.800018311,2.6799998,,,,,410.800018311,2.3199999,
,,,411.000000000,2.5999999,,,,,411.000000000,2.4400001,,,,,411.000000000,2.3599999,,,,,411.000000000,2.2400000,
,,,411.200012207,2.6399999,,,,,411.200012207,2.4400001,,,,,411.200012207,2.5200000,,,,,411.200012207,2.3199999,
,,,411.399993896,2.5999999,,,,,411.399993896,2.4400001,,,,,411.399993896,2.3999999,,,,,411.399993896,2.3599999,
,,,411.600006104,2.5999999,,,,,411.600006104,2.3999999,,,,,411.600006104,2.5200000,,,,,411.600006104,2.4400001,
,,,411.800018311,2.6399999,,,,,411.800018311,2.4400001,,,,,411.800018311,2.3599999,,,,,411.800018311,2.3999999,
,,,412.000000000,2.5999999,,,,,412.000000000,2.4800000,,,,,412.000000000,2.5599999,,,,,412.000000000,2.4400001,
,,,412.200012207,2.5999999,,,,,412.200012207,2.4800000,,,,,412.200012207,2.5999999,,,,,412.200012207,2.3999999,
,,,412.399993896,2.6399999,,,,,412.399993896,2.4800000,,,,,412.399993896,2.4800000,,,,,412.399993896,2.2400000,
,,,412.600006104,2.6399999,,,,,412.600006104,2.4800000,,,,,412.600006104,2.3599999,,,,,412.600006104,2.2400000,
,,,412.800018311,2.5999999,,,,,412.800018311,2.4800000,,,,,412.800018311,2.3599999,,,,,412.800018311,2.4800000,
,,,413.000000000,2.6399999,,,,,413.000000000,2.4800000,,,,,413.000000000,2.3599999,,,,,413.000000000,2.2000000,
,,,413.200012207,2.6399999,,,,,413.200012207,2.4400001,,,,,413.200012207,2.4400001,,,,,413.200012207,2.3599999,
,,,413.399993896,2.5999999,,,,,413.399993896,2.4400001,,,,,413.399993896,2.4400001,,,,,413.399993896,2.3599999,
,,,413.600006104,2.5999999,,,,,413.600006104,2.4800000,,,,,413.600006104,2.4400001,,,,,413.600006104,2.3199999,
,,,413.800018311,2.6399999,,,,,413.800018311,2.4800000,,,,,413.800018311,2.4400001,,,,,413.800018311,2.4800000,
,,,414.000000000,2.5999999,,,,,414.000000000,2.4400001,,,,,414.000000000,2.5599999,,,,,414.000000000,2.3999999,
,,,414.200012207,2.6399999,,,,,414.200012207,2.4400001,,,,,414.200012207,2.6399999,,,,,414.200012207,2.3199999,
,,,414.399993896,2.6399999,,,,,414.399993896,2.4800000,,,,,414.399993896,2.4400001,,,,,414.399993896,2.4400001,
,,,414.600006104,2.6399999,,,,,414.600006104,2.4400001,,,,,414.600006104,2.4800000,,,,,414.600006104,2.3599999,
,,,414.800018311,2.6399999,,,,,414.800018311,2.4400001,,,,,414.800018311,2.5200000,,,,,414.800018311,2.3999999,
,,,415.000000000,2.5999999,,,,,415.000000000,2.4400001,,,,,415.000000000,2.72000003,,,,,415.000000000,2.4400001,
,,,415.200012207,2.6399999,,,,,415.200012207,2.4400001,,,,,415.200012207,2.4400001,,,,,415.200012207,2.3199999,
,,,415.399993896,2.5999999,,,,,415.399993896,2.4400001,,,,,415.399993896,2.3599999,,,,,415.399993896,2.4800000,
,,,415.600006104,2.6399999,,,,,415.600006104,2.4400001,,,,,415.600006104,2.4800000,,,,,415.600006104,2.4800000,
,,,415.800018311,2.6399999,,,,,415.800018311,2.4800000,,,,,415.800018311,2.5599999,,,,,415.800018311,2.4800000,
,,,416.000000000,2.6399999,,,,,416.000000000,2.4400001,,,,,416.000000000,2.6799998,,,,,416.000000000,2.4800000,
,,,416.200012207,2.6399999,,,,,416.200012207,2.4800000,,,,,416.200012207,2.4400001,,,,,416.200012207,2.3999999,
,,,416.399993896,2.6399999,,,,,416.399993896,2.4400001,,,,,416.399993896,2.6799998,,,,,416.399993896,2.4400001,
,,,416.600006104,2.5999999,,,,,416.600006104,2.4400001,,,,,416.600006104,2.4400001,,,,,416.600006104,2.3599999,
,,,416.800018311,2.6399999,,,,,416.800018311,2.4400001,,,,,416.800018311,2.3599999,,,,,416.800018311,2.4800000,
,,,417.000000000,2.6399999,,,,,417.000000000,2.4400001,,,,,417.000000000,2.5599999,,,,,417.000000000,2.4800000,
,,,417.200012207,2.5999999,,,,,417.200012207,2.4400001,,,,,417.200012207,2.6399999,,,,,417.200012207,2.3199999,
,,,417.399993896,2.6399999,,,,,417.399993896,2.4400001,,,,,417.399993896,2.3999999,,,,,417.399993896,2.3199999,
,,,417.600006104,2.6399999,,,,,417.600006104,2.4400001,,,,,417.600006104,2.3999999,,,,,417.600006104,2.4400001,
,,,417.800018311,2.6399999,,,,,417.800018311,2.4400001,,,,,417.800018311,2.75999999,,,,,417.800018311,2.4400001,
,,,418.000000000,2.5999999,,,,,418.000000000,2.4400001,,,,,418.000000000,2.5200000,,,,,418.000000000,2.4400001,
,,,418.200012207,-1.1200000,,,,,418.200012207,-1.1200000,,,,,418.200012207,-1.1200000,,,,,418.200012207,-2.3999999,
,,,418.399993896,-1.1200000,,,,,418.399993896,-1.1200000,,,,,418.399993896,-1.1200000,,,,,418.399993896,-2.3999999,
,,,418.600006104,-1.1200000,,,,,418.600006104,-1.1200000,,,,,418.600006104,-1.1200000,,,,,418.600006104,-2.3999999,
,,,418.800018311,-1.1200000,,,,,418.800018311,-1.1200000,,,,,418.800018311,-1.1200000,,,,,418.800018311,-2.3999999,
,,,419.000000000,-1.1200000,,,,,419.000000000,-1.1200000,,,,,419.000000000,-1.1200000,,,,,419.000000000,-2.3999999,
,,,419.200012207,-1.1200000,,,,,419.200012207,-1.1200000,,,,,419.200012207,-1.1200000,,,,,419.200012207,-2.3999999,
,,,419.399993896,-1.1200000,,,,,419.399993896,-1.1200000,,,,,419.399993896,-1.1200000,,,,,419.399993896,-2.3999999,
,,,419.600006104,-1.1200000,,,,,419.600006104,-1.1200000,,,,,419.600006104,-1.1200000,,,,,419.600006104,-2.3999999,
,,,419.800018311,-1.1200000,,,,,419.800018311,-1.1200000,,,,,419.800018311,-1.1200000,,,,,419.800018311,-2.3999999,
,,,420.000000000,-1.1200000,,,,,420.000000000,-1.1200000,,,,,420.000000000,-1.1200000,,,,,420.000000000,-2.3999999,
,,,420.200012207,-1.1200000,,,,,420.200012207,-1.1200000,,,,,420.200012207,-1.1200000,,,,,420.200012207,-2.3999999,
,,,420.399993896,-1.1200000,,,,,420.399993896,-1.1200000,,,,,420.399993896,-1.1200000,,,,,420.399993896,-2.3999999,
,,,420.600006104,-1.1200000,,,,,420.600006104,-1.1200000,,,,,420.600006104,-1.1200000,,,,,420.600006104,-2.3999999,
,,,420.800018311,-1.1200000,,,,,420.800018311,-1.1200000,,,,,420.800018311,-1.1200000,,,,,420.800018311,-2.3999999,
,,,421.000000000,-1.1200000,,,,,421.000000000,-1.1200000,,,,,421.000000000,-1.1200000,,,,,421.000000000,-2.3999999,
,,,421.200012207,-1.1200000,,,,,421.200012207,-1.1200000,,,,,421.200012207,-1.1200000,,,,,421.200012207,-2.3999999,
,,,421.399993896,-1.1200000,,,,,421.399993896,-1.1200000,,,,,421.399993896,-1.1200000,,,,,421.399993896,-2.3999999,
,,,421.600006104,-1.1200000,,,,,421.600006104,-1.1200000,,,,,421.600006104,-1.1200000,,,,,421.600006104,-2.3999999,
,,,421.800018311,-1.1200000,,,,,421.800018311,-1.1200000,,,,,421.800018311,-1.1200000,,,,,421.800018311,-2.3999999,
,,,422.000000000,-1.1200000,,,,,422.000000000,-1.1200000,,,,,422.000000000,-1.1200000,,,,,422.000000000,-2.3999999,
,,,422.200012207,-1.1200000,,,,,422.200012207,-1.1200000,,,,,422.200012207,-1.1200000,,,,,422.200012207,-2.3999999,
,,,422.399993896,-1.1200000,,,,,422.399993896,-1.1200000,,,,,422.399993896,-1.1200000,,,,,422.399993896,-2.3999999,
,,,422.600006104,-1.1200000,,,,,422.600006104,-1.1200000,,,,,422.600006104,-1.1200000,,,,,422.600006104,-2.3999999,
,,,422.800018311,-1.1200000,,,,,422.800018311,-1.1200000,,,,,422.800018311,-1.1200000,,,,,422.800018311,-2.3999999,
,,,423.000000000,-1.1200000,,,,,423.000000000,-1.1200000,,,,,423.000000000,-1.1200000,,,,,423.000000000,-2.3999999,
,,,423.200012207,-1.1200000,,,,,423.200012207,-1.1200000,,,,,423.200012207,-1.1200000,,,,,423.200012207,-2.3999999,
,,,423.399993896,-1.1200000,,,,,423.399993896,-1.1200000,,,,,423.399993896,-1.1200000,,,,,423.399993896,-2.3999999,
,,,423.600006104,-1.1200000,,,,,423.600006104,-1.1200000,,,,,423.600006104,-1.1200000,,,,,423.600006104,-2.3999999,
,,,423.800018311,-1.1200000,,,,,423.800018311,-1.1200000,,,,,423.800018311,-1.1200000,,,,,423.800018311,-2.3999999,
,,,424.000000000,-1.1200000,,,,,424.000000000,-1.1200000,,,,,424.000000000,-1.1200000,,,,,424.000000000,-2.3999999,
,,,424.200012207,-1.1200000,,,,,424.200012207,-1.1200000,,,,,424.200012207,-1.1200000,,,,,424.200012207,-2.3999999,
,,,424.399993896,-1.1200000,,,,,424.399993896,-1.1200000,,,,,424.399993896,-1.1200000,,,,,424.399993896,-2.3999999,
,,,424.600006104,-1.1200000,,,,,424.600006104,-1.1200000,,,,,424.600006104,-1.1200000,,,,,424.600006104,-2.3999999,
,,,424.800018311,-1.1200000,,,,,424.800018311,-1.1200000,,,,,424.800018311,-1.1200000,,,,,424.800018311,-2.3999999,
,,,425.000000000,-1.1200000,,,,,425.000000000,-1.1200000,,,,,425.000000000,-1.1200000,,,,,425.000000000,-2.3999999,
,,,425.200012207,-1.1200000,,,,,425.200012207,-1.1200000,,,,,425.200012207,-1.1200000,,,,,425.200012207,-2.3999999,
,,,425.399993896,-1.1200000,,,,,425.399993896,-1.1200000,,,,,425.399993896,-1.1200000,,,,,425.399993896,-2.3999999,
,,,425.600006104,-1.1200000,,,,,425.600006104,-1.1200000,,,,,425.600006104,-1.1200000,,,,,425.600006104,-2.3999999,
,,,425.800018311,-1.1200000,,,,,425.800018311,-1.1200000,,,,,425.800018311,-1.1200000,,,,,425.800018311,-2.3999999,
,,,426.000000000,-1.1200000,,,,,426.000000000,-1.1200000,,,,,426.000000000,-1.1200000,,,,,426.000000000,-2.3999999,
,,,426.200012207,-1.1200000,,,,,426.200012207,-1.1200000,,,,,426.200012207,-1.1200000,,,,,426.200012207,-2.3999999,
,,,426.399993896,-1.1200000,,,,,426.399993896,-1.1200000,,,,,426.399993896,-1.1200000,,,,,426.399993896,-2.3999999,
,,,426.600006104,-1.1200000,,,,,426.600006104,-1.1200000,,,,,426.600006104,-1.1200000,,,,,426.600006104,-2.3999999,
,,,426.800018311,-1.1200000,,,,,426.800018311,-1.1200000,,,,,426.800018311,-1.1200000,,,,,426.800018311,-2.3999999,
,,,427.000000000,-1.1200000,,,,,427.000000000,-1.1200000,,,,,427.000000000,-1.1200000,,,,,427.000000000,-2.3999999,
,,,427.200012207,-1.1200000,,,,,427.200012207,-1.1200000,,,,,427.200012207,-1.1200000,,,,,427.200012207,-2.3999999,
,,,427.399993896,-1.1200000,,,,,427.399993896,-1.1200000,,,,,427.399993896,-1.1200000,,,,,427.399993896,-2.3999999,
,,,427.600006104,-1.1200000,,,,,427.600006104,-1.1200000,,,,,427.600006104,-1.1200000,,,,,427.600006104,-2.3999999,
,,,427.800018311,-1.1200000,,,,,427.800018311,-1.1200000,,,,,427.800018311,-1.1200000,,,,,427.800018311,-2.3999999,
,,,428.000000000,-1.1200000,,,,,428.000000000,-1.1200000,,,,,428.000000000,-1.1200000,,,,,428.000000000,-2.3999999,
,,,428.200012207,-1.1200000,,,,,428.200012207,-1.1200000,,,,,428.200012207,-1.1200000,,,,,428.200012207,-2.3999999,
,,,428.399993896,-1.1200000,,,,,428.399993896,-1.1200000,,,,,428.399993896,-1.1200000,,,,,428.399993896,-2.3999999,
,,,428.600006104,-1.1200000,,,,,428.600006104,-1.1200000,,,,,428.600006104,-1.1200000,,,,,428.600006104,-2.3999999,
,,,428.800018311,-1.1200000,,,,,428.800018311,-1.1200000,,,,,428.800018311,-1.1200000,,,,,428.800018311,-2.3999999,
,,,429.000000000,-1.1200000,,,,,429.000000000,-1.1200000,,,,,429.000000000,-1.1200000,,,,,429.000000000,-2.3999999,
,,,429.200012207,-1.1200000,,,,,429.200012207,-1.1200000,,,,,429.200012207,-1.1200000,,,,,429.200012207,-2.3999999,
,,,429.399993896,-1.1200000,,,,,429.399993896,-1.1200000,,,,,429.399993896,-1.1200000,,,,,429.399993896,-2.3999999,
,,,429.600006104,-1.1200000,,,,,429.600006104,-1.1200000,,,,,429.600006104,-1.1200000,,,,,429.600006104,-2.3999999,
,,,429.800018311,-1.1200000,,,,,429.800018311,-1.1200000,,,,,429.800018311,-1.1200000,,,,,429.800018311,-2.3999999,
,,,430.000000000,-1.1200000,,,,,430.000000000,-1.1200000,,,,,430.000000000,-1.1200000,,,,,430.000000000,-2.3999999,
,,,430.200012207,-1.1200000,,,,,430.200012207,-1.1200000,,,,,430.200012207,-1.1200000,,,,,430.200012207,-2.3999999,
,,,430.399993896,-1.1200000,,,,,430.399993896,-1.1200000,,,,,430.399993896,-1.1200000,,,,,430.399993896,-2.3999999,
,,,430.600006104,-1.1200000,,,,,430.600006104,-1.1200000,,,,,430.600006104,-1.1200000,,,,,430.600006104,-2.3999999,
,,,430.800018311,-1.1200000,,,,,430.800018311,-1.1200000,,,,,430.800018311,-1.1200000,,,,,430.800018311,-2.3999999,
,,,431.000000000,-1.1200000,,,,,431.000000000,-1.1200000,,,,,431.000000000,-1.1200000,,,,,431.000000000,-2.3999999,
,,,431.200012207,-1.1200000,,,,,431.200012207,-1.1200000,,,,,431.200012207,-1.1200000,,,,,431.200012207,-2.3999999,
,,,431.399993896,-1.1200000,,,,,431.399993896,-1.1200000,,,,,431.399993896,-1.1200000,,,,,431.399993896,-2.3999999,
,,,431.600006104,-1.1200000,,,,,431.600006104,-1.1200000,,,,,431.600006104,-1.1200000,,,,,431.600006104,-2.3999999,
,,,431.800018311,-1.1200000,,,,,431.800018311,-1.1200000,,,,,431.800018311,-1.1200000,,,,,431.800018311,-2.3999999,
,,,432.000000000,-1.1200000,,,,,432.000000000,-1.1200000,,,,,432.000000000,-1.1200000,,,,,432.000000000,-2.3999999,
,,,432.200012207,-1.1200000,,,,,432.200012207,-1.1200000,,,,,432.200012207,-1.1200000,,,,,432.200012207,-2.3999999,
,,,432.399993896,-1.1200000,,,,,432.399993896,-1.1200000,,,,,432.399993896,-1.1200000,,,,,432.399993896,-2.3999999,
,,,432.600006104,-1.1200000,,,,,432.600006104,-1.1200000,,,,,432.600006104,-1.1200000,,,,,432.600006104,-2.3999999,
,,,432.800018311,-1.1200000,,,,,432.800018311,-1.1200000,,,,,432.800018311,-1.1200000,,,,,432.800018311,-2.3999999,
,,,433.000000000,-1.1200000,,,,,433.000000000,-1.1200000,,,,,433.000000000,-1.1200000,,,,,433.000000000,-2.3999999,
,,,433.200012207,-1.1200000,,,,,433.200012207,-1.1200000,,,,,433.200012207,-1.1200000,,,,,433.200012207,-2.3999999,
,,,433.399993896,-1.1200000,,,,,433.399993896,-1.1200000,,,,,433.399993896,-1.1200000,,,,,433.399993896,-2.3999999,
,,,433.600006104,-1.1200000,,,,,433.600006104,-1.1200000,,,,,433.600006104,-1.1200000,,,,,433.600006104,-2.3999999,
,,,433.800018311,-1.1200000,,,,,433.800018311,-1.1200000,,,,,433.800018311,-1.1200000,,,,,433.800018311,-2.3999999,
,,,434.000000000,-1.1200000,,,,,434.000000000,-1.1200000,,,,,434.000000000,-1.1200000,,,,,434.000000000,-2.3999999,
,,,434.200012207,-1.1200000,,,,,434.200012207,-1.1200000,,,,,434.200012207,-1.1200000,,,,,434.200012207,-2.3999999,
,,,434.399993896,-1.1200000,,,,,434.399993896,-1.1200000,,,,,434.399993896,-1.1200000,,,,,434.399993896,-2.3999999,
,,,434.600006104,-1.1200000,,,,,434.600006104,-1.1200000,,,,,434.600006104,-1.1200000,,,,,434.600006104,-2.3999999,
,,,434.800018311,-1.1200000,,,,,434.800018311,-1.1200000,,,,,434.800018311,-1.1200000,,,,,434.800018311,-2.3999999,
,,,435.000000000,-1.1200000,,,,,435.000000000,-1.1200000,,,,,435.000000000,-1.1200000,,,,,435.000000000,-2.3999999,
,,,435.200012207,-1.1200000,,,,,435.200012207,-1.1200000,,,,,435.200012207,-1.1200000,,,,,435.200012207,-2.3999999,
,,,435.399993896,-1.1200000,,,,,435.399993896,-1.1200000,,,,,435.399993896,-1.1200000,,,,,435.399993896,-2.3999999,
,,,435.600006104,-1.1200000,,,,,435.600006104,-1.1200000,,,,,435.600006104,-1.1200000,,,,,435.600006104,-2.3999999,
,,,435.800018311,-1.1200000,,,,,435.800018311,-1.1200000,,,,,435.800018311,-1.1200000,,,,,435.800018311,-2.3999999,
,,,436.000000000,-1.1200000,,,,,436.000000000,-1.1200000,,,,,436.000000000,-1.1200000,,,,,436.000000000,-2.3999999,
,,,436.200012207,-1.1200000,,,,,436.200012207,-1.1200000,,,,,436.200012207,-1.1200000,,,,,436.200012207,-2.3999999,
,,,436.399993896,-1.1200000,,,,,436.399993896,-1.1200000,,,,,436.399993896,-1.1200000,,,,,436.399993896,-2.3999999,
,,,436.600006104,-1.1200000,,,,,436.600006104,-1.1200000,,,,,436.600006104,-1.1200000,,,,,436.600006104,-2.3999999,
,,,436.800018311,-1.1200000,,,,,436.800018311,-1.1200000,,,,,436.800018311,-1.1200000,,,,,436.800018311,-2.3999999,
,,,437.000000000,-1.1200000,,,,,437.000000000,-1.1200000,,,,,437.000000000,-1.1200000,,,,,437.000000000,-2.3999999,
,,,437.200012207,-1.1200000,,,,,437.200012207,-1.1200000,,,,,437.200012207,-1.1200000,,,,,437.200012207,-2.3999999,
,,,437.399993896,-1.1200000,,,,,437.399993896,-1.1200000,,,,,437.399993896,-1.1200000,,,,,437.399993896,-2.3999999,
,,,437.600006104,-1.1200000,,,,,437.600006104,-1.1200000,,,,,437.600006104,-1.1200000,,,,,437.600006104,-2.3999999,
,,,437.800018311,-1.1200000,,,,,437.800018311,-1.1200000,,,,,437.800018311,-1.1200000,,,,,437.800018311,-2.3999999,
,,,438.000000000,-1.1200000,,,,,438.000000000,-1.1200000,,,,,438.000000000,-1.1200000,,,,,438.000000000,-2.3999999,
,,,438.200012207,-1.1200000,,,,,438.200012207,-1.1200000,,,,,438.200012207,-1.1200000,,,,,438.200012207,-2.3999999,
,,,438.399993896,-1.1200000,,,,,438.399993896,-1.1200000,,,,,438.399993896,-1.1200000,,,,,438.399993896,-2.3999999,
,,,438.600006104,-1.1200000,,,,,438.600006104,-1.1200000,,,,,438.600006104,-1.1200000,,,,,438.600006104,-2.3999999,
,,,438.800018311,-1.1200000,,,,,438.800018311,-1.1200000,,,,,438.800018311,-1.1200000,,,,,438.800018311,-2.3999999,
,,,439.000000000,-1.1200000,,,,,439.000000000,-1.1200000,,,,,439.000000000,-1.1200000,,,,,439.000000000,-2.3999999,
,,,439.200012207,-1.1200000,,,,,439.200012207,-1.1200000,,,,,439.200012207,-1.1200000,,,,,439.200012207,-2.3999999,
,,,439.399993896,-1.1200000,,,,,439.399993896,-1.1200000,,,,,439.399993896,-1.1200000,,,,,439.399993896,-2.3999999,
,,,439.600006104,-1.1200000,,,,,439.600006104,-1.1200000,,,,,439.600006104,-1.1200000,,,,,439.600006104,-2.3999999,
,,,439.800018311,-1.1200000,,,,,439.800018311,-1.1200000,,,,,439.800018311,-1.1200000,,,,,439.800018311,-2.3999999,
,,,440.000000000,-1.1200000,,,,,440.000000000,-1.1200000,,,,,440.000000000,-1.1200000,,,,,440.000000000,-2.3999999,
,,,440.200012207,-1.1200000,,,,,440.200012207,-1.1200000,,,,,440.200012207,-1.1200000,,,,,440.200012207,-2.3999999,
,,,440.399993896,-1.1200000,,,,,440.399993896,-1.1200000,,,,,440.399993896,-1.1200000,,,,,440.399993896,-2.3999999,
,,,440.600006104,-1.1200000,,,,,440.600006104,-1.1200000,,,,,440.600006104,-1.1200000,,,,,440.600006104,-2.3999999,
,,,440.800018311,-1.1200000,,,,,440.800018311,-1.1200000,,,,,440.800018311,-1.1200000,,,,,440.800018311,-2.3999999,
,,,441.000000000,-1.1200000,,,,,441.000000000,-1.1200000,,,,,441.000000000,-1.1200000,,,,,441.000000000,-2.3999999,
,,,441.200012207,-1.1200000,,,,,441.200012207,-1.1200000,,,,,441.200012207,-1.1200000,,,,,441.200012207,-2.3999999,
,,,441.399993896,-1.1200000,,,,,441.399993896,-1.1200000,,,,,441.399993896,-1.1200000,,,,,441.399993896,-2.3999999,
,,,441.600006104,-1.1200000,,,,,441.600006104,-1.1200000,,,,,441.600006104,-1.1200000,,,,,441.600006104,-2.3999999,
,,,441.800018311,-1.1200000,,,,,441.800018311,-1.1200000,,,,,441.800018311,-1.1200000,,,,,441.800018311,-2.3999999,
,,,442.000000000,-1.1200000,,,,,442.000000000,-1.1200000,,,,,442.000000000,-1.1200000,,,,,442.000000000,-2.3999999,
,,,442.200012207,-1.1200000,,,,,442.200012207,-1.1200000,,,,,442.200012207,-1.1200000,,,,,442.200012207,-2.3999999,
,,,442.399993896,-1.1200000,,,,,442.399993896,-1.1200000,,,,,442.399993896,-1.1200000,,,,,442.399993896,-2.3999999,
,,,442.600006104,-1.1200000,,,,,442.600006104,-1.1200000,,,,,442.600006104,-1.1200000,,,,,442.600006104,-2.3999999,
,,,442.800018311,-1.1200000,,,,,442.800018311,-1.1200000,,,,,442.800018311,-1.1200000,,,,,442.800018311,-2.3999999,
,,,443.000000000,-1.1200000,,,,,443.000000000,-1.1200000,,,,,443.000000000,-1.1200000,,,,,443.000000000,-2.3999999,
,,,443.200012207,-1.1200000,,,,,443.200012207,-1.1200000,,,,,443.200012207,-1.1200000,,,,,443.200012207,-2.3999999,
,,,443.399993896,-1.1200000,,,,,443.399993896,-1.1200000,,,,,443.399993896,-1.1200000,,,,,443.399993896,-2.3999999,
,,,443.600006104,-1.1200000,,,,,443.600006104,-1.1200000,,,,,443.600006104,-1.1200000,,,,,443.600006104,-2.3999999,
,,,443.800018311,-1.1200000,,,,,443.800018311,-1.1200000,,,,,443.800018311,-1.1200000,,,,,443.800018311,-2.3999999,
,,,444.000000000,-1.1200000,,,,,444.000000000,-1.1200000,,,,,444.000000000,-1.1200000,,,,,444.000000000,-2.3999999,
,,,444.200012207,-1.1200000,,,,,444.200012207,-1.1200000,,,,,444.200012207,-1.1200000,,,,,444.200012207,-2.3999999,
,,,444.399993896,-1.1200000,,,,,444.399993896,-1.1200000,,,,,444.399993896,-1.1200000,,,,,444.399993896,-2.3999999,
,,,444.600006104,-1.1200000,,,,,444.600006104,-1.1200000,,,,,444.600006104,-1.1200000,,,,,444.600006104,-2.3999999,
,,,444.800018311,-1.1200000,,,,,444.800018311,-1.1200000,,,,,444.800018311,-1.1200000,,,,,444.800018311,-2.3999999,
,,,445.000000000,-1.1200000,,,,,445.000000000,-1.1200000,,,,,445.000000000,-1.1200000,,,,,445.000000000,-2.3999999,
,,,445.200012207,-1.1200000,,,,,445.200012207,-1.1200000,,,,,445.200012207,-1.1200000,,,,,445.200012207,-2.3999999,
,,,445.399993896,-1.1200000,,,,,445.399993896,-1.1200000,,,,,445.399993896,-1.1200000,,,,,445.399993896,-2.3999999,
,,,445.600006104,-1.1200000,,,,,445.600006104,-1.1200000,,,,,445.600006104,-1.1200000,,,,,445.600006104,-2.3999999,
,,,445.800018311,-1.1200000,,,,,445.800018311,-1.1200000,,,,,445.800018311,-1.1200000,,,,,445.800018311,-2.3999999,
,,,446.000000000,-1.1200000,,,,,446.000000000,-1.1200000,,,,,446.000000000,-1.1200000,,,,,446.000000000,-2.3999999,
,,,446.200012207,-1.1200000,,,,,446.200012207,-1.1200000,,,,,446.200012207,-1.1200000,,,,,446.200012207,-2.3999999,
,,,446.399993896,-1.1200000,,,,,446.399993896,-1.1200000,,,,,446.399993896,-1.1200000,,,,,446.399993896,-2.3999999,
,,,446.600006104,-1.1200000,,,,,446.600006104,-1.1200000,,,,,446.600006104,-1.1200000,,,,,446.600006104,-2.3999999,
,,,446.800018311,-1.1200000,,,,,446.800018311,-1.1200000,,,,,446.800018311,-1.1200000,,,,,446.800018311,-2.3999999,
,,,447.000000000,-1.1200000,,,,,447.000000000,-1.1200000,,,,,447.000000000,-1.1200000,,,,,447.000000000,-2.3999999,
,,,447.200012207,-1.1200000,,,,,447.200012207,-1.1200000,,,,,447.200012207,-1.1200000,,,,,447.200012207,-2.3999999,
,,,447.399993896,-1.1200000,,,,,447.399993896,-1.1200000,,,,,447.399993896,-1.1200000,,,,,447.399993896,-2.3999999,
,,,447.600006104,-1.1200000,,,,,447.600006104,-1.1200000,,,,,447.600006104,-1.1200000,,,,,447.600006104,-2.3999999,
,,,447.800018311,-1.1200000,,,,,447.800018311,-1.1200000,,,,,447.800018311,-1.1200000,,,,,447.800018311,-2.3999999,
,,,448.000000000,-1.1200000,,,,,448.000000000,-1.1200000,,,,,448.000000000,-1.1200000,,,,,448.000000000,-2.3999999,
,,,448.200012207,-1.1200000,,,,,448.200012207,-1.1200000,,,,,448.200012207,-1.1200000,,,,,448.200012207,-2.3999999,
,,,448.399993896,-1.1200000,,,,,448.399993896,-1.1200000,,,,,448.399993896,-1.1200000,,,,,448.399993896,-2.3999999,
,,,448.600006104,-1.1200000,,,,,448.600006104,-1.1200000,,,,,448.600006104,-1.1200000,,,,,448.600006104,-2.3999999,
,,,448.800018311,-1.1200000,,,,,448.800018311,-1.1200000,,,,,448.800018311,-1.1200000,,,,,448.800018311,-2.3999999,
,,,449.000000000,-1.1200000,,,,,449.000000000,-1.1200000,,,,,449.000000000,-1.1200000,,,,,449.000000000,-2.3999999,
,,,449.200012207,-1.1200000,,,,,449.200012207,-1.1200000,,,,,449.200012207,-1.1200000,,,,,449.200012207,-2.3999999,
,,,449.399993896,-1.1200000,,,,,449.399993896,-1.1200000,,,,,449.399993896,-1.1200000,,,,,449.399993896,-2.3999999,
,,,449.600006104,-1.1200000,,,,,449.600006104,-1.1200000,,,,,449.600006104,-1.1200000,,,,,449.600006104,-2.3999999,
,,,449.800018311,-1.1200000,,,,,449.800018311,-1.1200000,,,,,449.800018311,-1.1200000,,,,,449.800018311,-2.3999999,
,,,450.000000000,-1.1200000,,,,,450.000000000,-1.1200000,,,,,450.000000000,-1.1200000,,,,,450.000000000,-2.3999999,
,,,450.200012207,-1.1200000,,,,,450.200012207,-1.1200000,,,,,450.200012207,-1.1200000,,,,,450.200012207,-2.3999999,
,,,450.399993896,-1.1200000,,,,,450.399993896,-1.1200000,,,,,450.399993896,-1.1200000,,,,,450.399993896,-2.3999999,
,,,450.600006104,-1.1200000,,,,,450.600006104,-1.1200000,,,,,450.600006104,-1.1200000,,,,,450.600006104,-2.3999999,
,,,450.800018311,-1.1200000,,,,,450.800018311,-1.1200000,,,,,450.800018311,-1.1200000,,,,,450.800018311,-2.3999999,
,,,451.000000000,-1.1200000,,,,,451.000000000,-1.1200000,,,,,451.000000000,-1.1200000,,,,,451.000000000,-2.3999999,
,,,451.200012207,-1.1200000,,,,,451.200012207,-1.1200000,,,,,451.200012207,-1.1200000,,,,,451.200012207,-2.3999999,
,,,451.399993896,-1.1200000,,,,,451.399993896,-1.1200000,,,,,451.399993896,-1.1200000,,,,,451.399993896,-2.3999999,
,,,451.600006104,-1.1200000,,,,,451.600006104,-1.1200000,,,,,451.600006104,-1.1200000,,,,,451.600006104,-2.3999999,
,,,451.800018311,-1.1200000,,,,,451.800018311,-1.1200000,,,,,451.800018311,-1.1200000,,,,,451.800018311,-2.3999999,
,,,452.000000000,-1.1200000,,,,,452.000000000,-1.1200000,,,,,452.000000000,-1.1200000,,,,,452.000000000,-2.3999999,
,,,452.200012207,-1.1200000,,,,,452.200012207,-1.1200000,,,,,452.200012207,-1.1200000,,,,,452.200012207,-2.3999999,
,,,452.399993896,-1.1200000,,,,,452.399993896,-1.1200000,,,,,452.399993896,-1.1200000,,,,,452.399993896,-2.3999999,
,,,452.600006104,-1.1200000,,,,,452.600006104,-1.1200000,,,,,452.600006104,-1.1200000,,,,,452.600006104,-2.3999999,
,,,452.800018311,-1.1200000,,,,,452.800018311,-1.1200000,,,,,452.800018311,-1.1200000,,,,,452.800018311,-2.3999999,
,,,453.000000000,-1.1200000,,,,,453.000000000,-1.1200000,,,,,453.000000000,-1.1200000,,,,,453.000000000,-2.3999999,
,,,453.200012207,-1.1200000,,,,,453.200012207,-1.1200000,,,,,453.200012207,-1.1200000,,,,,453.200012207,-2.3999999,
,,,453.399993896,-1.1200000,,,,,453.399993896,-1.1200000,,,,,453.399993896,-1.1200000,,,,,453.399993896,-2.3999999,
,,,453.600006104,-1.1200000,,,,,453.600006104,-1.1200000,,,,,453.600006104,-1.1200000,,,,,453.600006104,-2.3999999,
,,,453.800018311,-1.1200000,,,,,453.800018311,-1.1200000,,,,,453.800018311,-1.1200000,,,,,453.800018311,-2.3999999,
,,,454.000000000,-1.1200000,,,,,454.000000000,-1.1200000,,,,,454.000000000,-1.1200000,,,,,454.000000000,-2.3999999,
,,,454.200012207,-1.1200000,,,,,454.200012207,-1.1200000,,,,,454.200012207,-1.1200000,,,,,454.200012207,-2.3999999,
,,,454.399993896,-1.1200000,,,,,454.399993896,-1.1200000,,,,,454.399993896,-1.1200000,,,,,454.399993896,-2.3999999,
,,,454.600006104,-1.1200000,,,,,454.600006104,-1.1200000,,,,,454.600006104,-1.1200000,,,,,454.600006104,-2.3999999,
,,,454.800018311,-1.1200000,,,,,454.800018311,-1.1200000,,,,,454.800018311,-1.1200000,,,,,454.800018311,-2.3999999,
,,,455.000000000,-1.1200000,,,,,455.000000000,-1.1200000,,,,,455.000000000,-1.1200000,,,,,455.000000000,-2.3999999,
,,,455.200012207,-1.1200000,,,,,455.200012207,-1.1200000,,,,,455.200012207,-1.1200000,,,,,455.200012207,-2.3999999,
,,,455.399993896,-1.1200000,,,,,455.399993896,-1.1200000,,,,,455.399993896,-1.1200000,,,,,455.399993896,-2.3999999,
,,,455.600006104,-1.1200000,,,,,455.600006104,-1.1200000,,,,,455.600006104,-1.1200000,,,,,455.600006104,-2.3999999,
,,,455.800018311,-1.1200000,,,,,455.800018311,-1.1200000,,,,,455.800018311,-1.1200000,,,,,455.800018311,-2.3999999,
,,,456.000000000,-1.1200000,,,,,456.000000000,-1.1200000,,,,,456.000000000,-1.1200000,,,,,456.000000000,-2.3999999,
,,,456.200012207,-1.1200000,,,,,456.200012207,-1.1200000,,,,,456.200012207,-1.1200000,,,,,456.200012207,-2.3999999,
,,,456.399993896,-1.1200000,,,,,456.399993896,-1.1200000,,,,,456.399993896,-1.1200000,,,,,456.399993896,-2.3999999,
,,,456.600006104,-1.1200000,,,,,456.600006104,-1.1200000,,,,,456.600006104,-1.1200000,,,,,456.600006104,-2.3999999,
,,,456.800018311,-1.1200000,,,,,456.800018311,-1.1200000,,,,,456.800018311,-1.1200000,,,,,456.800018311,-2.3999999,
,,,457.000000000,-1.1200000,,,,,457.000000000,-1.1200000,,,,,457.000000000,-1.1200000,,,,,457.000000000,-2.3999999,
,,,457.200012207,-1.1200000,,,,,457.200012207,-1.1200000,,,,,457.200012207,-1.1200000,,,,,457.200012207,-2.3999999,
,,,457.399993896,-1.1200000,,,,,457.399993896,-1.1200000,,,,,457.399993896,-1.1200000,,,,,457.399993896,-2.3999999,
,,,457.600006104,-1.1200000,,,,,457.600006104,-1.1200000,,,,,457.600006104,-1.1200000,,,,,457.600006104,-2.3999999,
,,,457.800018311,-1.1200000,,,,,457.800018311,-1.1200000,,,,,457.800018311,-1.1200000,,,,,457.800018311,-2.3999999,
,,,458.000000000,-1.1200000,,,,,458.000000000,-1.1200000,,,,,458.000000000,-1.1200000,,,,,458.000000000,-2.3999999,
,,,458.200012207,-1.1200000,,,,,458.200012207,-1.1200000,,,,,458.200012207,-1.1200000,,,,,458.200012207,-2.3999999,
,,,458.399993896,-1.1200000,,,,,458.399993896,-1.1200000,,,,,458.399993896,-1.1200000,,,,,458.399993896,-2.3999999,
,,,458.600006104,-1.1200000,,,,,458.600006104,-1.1200000,,,,,458.600006104,-1.1200000,,,,,458.600006104,-2.3999999,
,,,458.800018311,-1.1200000,,,,,458.800018311,-1.1200000,,,,,458.800018311,-1.1200000,,,,,458.800018311,-2.3999999,
,,,459.000000000,-1.1200000,,,,,459.000000000,-1.1200000,,,,,459.000000000,-1.1200000,,,,,459.000000000,-2.3999999,
,,,459.200012207,-1.1200000,,,,,459.200012207,-1.1200000,,,,,459.200012207,-1.1200000,,,,,459.200012207,-2.3999999,
,,,459.399993896,-1.1200000,,,,,459.399993896,-1.1200000,,,,,459.399993896,-1.1200000,,,,,459.399993896,-2.3999999,
,,,459.600006104,-1.1200000,,,,,459.600006104,-1.1200000,,,,,459.600006104,-1.1200000,,,,,459.600006104,-2.3999999,
,,,459.800018311,-1.1200000,,,,,459.800018311,-1.1200000,,,,,459.800018311,-1.1200000,,,,,459.800018311,-2.3999999,
,,,460.000000000,-1.1200000,,,,,460.000000000,-1.1200000,,,,,460.000000000,-1.1200000,,,,,460.000000000,-2.3999999,
,,,460.200012207,-1.1200000,,,,,460.200012207,-1.1200000,,,,,460.200012207,-1.1200000,,,,,460.200012207,-2.3999999,
,,,460.399993896,-1.1200000,,,,,460.399993896,-1.1200000,,,,,460.399993896,-1.1200000,,,,,460.399993896,-2.3999999,
,,,460.600006104,-1.1200000,,,,,460.600006104,-1.1200000,,,,,460.600006104,-1.1200000,,,,,460.600006104,-2.3999999,
,,,460.800018311,-1.1200000,,,,,460.800018311,-1.1200000,,,,,460.800018311,-1.1200000,,,,,460.800018311,-2.3999999,
,,,461.000000000,-1.1200000,,,,,461.000000000,-1.1200000,,,,,461.000000000,-1.1200000,,,,,461.000000000,-2.3999999,
,,,461.200012207,-1.1200000,,,,,461.200012207,-1.1200000,,,,,461.200012207,-1.1200000,,,,,461.200012207,-2.3999999,
,,,461.399993896,-1.1200000,,,,,461.399993896,-1.1200000,,,,,461.399993896,-1.1200000,,,,,461.399993896,-2.3999999,
,,,461.600006104,-1.1200000,,,,,461.600006104,-1.1200000,,,,,461.600006104,-1.1200000,,,,,461.600006104,-2.3999999,
,,,461.800018311,-1.1200000,,,,,461.800018311,-1.1200000,,,,,461.800018311,-1.1200000,,,,,461.800018311,-2.3999999,
,,,462.000000000,-1.1200000,,,,,462.000000000,-1.1200000,,,,,462.000000000,-1.1200000,,,,,462.000000000,-2.3999999,
,,,462.200012207,-1.1200000,,,,,462.200012207,-1.1200000,,,,,462.200012207,-1.1200000,,,,,462.200012207,-2.3999999,
,,,462.399993896,-1.1200000,,,,,462.399993896,-1.1200000,,,,,462.399993896,-1.1200000,,,,,462.399993896,-2.3999999,
,,,462.600006104,-1.1200000,,,,,462.600006104,-1.1200000,,,,,462.600006104,-1.1200000,,,,,462.600006104,-2.3999999,
,,,462.800018311,-1.1200000,,,,,462.800018311,-1.1200000,,,,,462.800018311,-1.1200000,,,,,462.800018311,-2.3999999,
,,,463.000000000,-1.1200000,,,,,463.000000000,-1.1200000,,,,,463.000000000,-1.1200000,,,,,463.000000000,-2.3999999,
,,,463.200012207,-1.1200000,,,,,463.200012207,-1.1200000,,,,,463.200012207,-1.1200000,,,,,463.200012207,-2.3999999,
,,,463.399993896,-1.1200000,,,,,463.399993896,-1.1200000,,,,,463.399993896,-1.1200000,,,,,463.399993896,-2.3999999,
,,,463.600006104,-1.1200000,,,,,463.600006104,-1.1200000,,,,,463.600006104,-1.1200000,,,,,463.600006104,-2.3999999,
,,,463.800018311,-1.1200000,,,,,463.800018311,-1.1200000,,,,,463.800018311,-1.1200000,,,,,463.800018311,-2.3999999,
,,,464.000000000,-1.1200000,,,,,464.000000000,-1.1200000,,,,,464.000000000,-1.1200000,,,,,464.000000000,-2.3999999,
,,,464.200012207,-1.1200000,,,,,464.200012207,-1.1200000,,,,,464.200012207,-1.1200000,,,,,464.200012207,-2.3999999,
,,,464.399993896,-1.1200000,,,,,464.399993896,-1.1200000,,,,,464.399993896,-1.1200000,,,,,464.399993896,-2.3999999,
,,,464.600006104,-1.1200000,,,,,464.600006104,-1.1200000,,,,,464.600006104,-1.1200000,,,,,464.600006104,-2.3999999,
,,,464.800018311,-1.1200000,,,,,464.800018311,-1.1200000,,,,,464.800018311,-1.1200000,,,,,464.800018311,-2.3999999,
,,,465.000000000,-1.1200000,,,,,465.000000000,-1.1200000,,,,,465.000000000,-1.1200000,,,,,465.000000000,-2.3999999,
,,,465.200012207,-1.1200000,,,,,465.200012207,-1.1200000,,,,,465.200012207,-1.1200000,,,,,465.200012207,-2.3999999,
,,,465.399993896,-1.1200000,,,,,465.399993896,-1.1200000,,,,,465.399993896,-1.1200000,,,,,465.399993896,-2.3999999,
,,,465.600006104,-1.1200000,,,,,465.600006104,-1.1200000,,,,,465.600006104,-1.1200000,,,,,465.600006104,-2.3999999,
,,,465.800018311,-1.1200000,,,,,465.800018311,-1.1200000,,,,,465.800018311,-1.1200000,,,,,465.800018311,-2.3999999,
,,,466.000000000,-1.1200000,,,,,466.000000000,-1.1200000,,,,,466.000000000,-1.1200000,,,,,466.000000000,-2.3999999,
,,,466.200012207,-1.1200000,,,,,466.200012207,-1.1200000,,,,,466.200012207,-1.1200000,,,,,466.200012207,-2.3999999,
,,,466.399993896,-1.1200000,,,,,466.399993896,-1.1200000,,,,,466.399993896,-1.1200000,,,,,466.399993896,-2.3999999,
,,,466.600006104,-1.1200000,,,,,466.600006104,-1.1200000,,,,,466.600006104,-1.1200000,,,,,466.600006104,-2.3999999,
,,,466.800018311,-1.1200000,,,,,466.800018311,-1.1200000,,,,,466.800018311,-1.1200000,,,,,466.800018311,-2.3999999,
,,,467.000000000,-1.1200000,,,,,467.000000000,-1.1200000,,,,,467.000000000,-1.1200000,,,,,467.000000000,-2.3999999,
,,,467.200012207,-1.1200000,,,,,467.200012207,-1.1200000,,,,,467.200012207,-1.1200000,,,,,467.200012207,-2.3999999,
,,,467.399993896,-1.1200000,,,,,467.399993896,-1.1200000,,,,,467.399993896,-1.1200000,,,,,467.399993896,-2.3999999,
,,,467.600006104,-1.1200000,,,,,467.600006104,-1.1200000,,,,,467.600006104,-1.1200000,,,,,467.600006104,-2.3999999,
,,,467.800018311,-1.1200000,,,,,467.800018311,-1.1200000,,,,,467.800018311,-1.1200000,,,,,467.800018311,-2.3999999,
,,,468.000000000,-1.1200000,,,,,468.000000000,-1.1200000,,,,,468.000000000,-1.1200000,,,,,468.000000000,-2.3999999,
,,,468.200012207,-1.1200000,,,,,468.200012207,-1.1200000,,,,,468.200012207,-1.1200000,,,,,468.200012207,-2.3999999,
,,,468.399993896,-1.1200000,,,,,468.399993896,-1.1200000,,,,,468.399993896,-1.1200000,,,,,468.399993896,-2.3999999,
,,,468.600006104,-1.1200000,,,,,468.600006104,-1.1200000,,,,,468.600006104,-1.1200000,,,,,468.600006104,-2.3999999,
,,,468.800018311,-1.1200000,,,,,468.800018311,-1.1200000,,,,,468.800018311,-1.1200000,,,,,468.800018311,-2.3999999,
,,,469.000000000,-1.1200000,,,,,469.000000000,-1.1200000,,,,,469.000000000,-1.1200000,,,,,469.000000000,-2.3999999,
,,,469.200012207,-1.1200000,,,,,469.200012207,-1.1200000,,,,,469.200012207,-1.1200000,,,,,469.200012207,-2.3999999,
,,,469.399993896,-1.1200000,,,,,469.399993896,-1.1200000,,,,,469.399993896,-1.1200000,,,,,469.399993896,-2.3999999,
,,,469.600006104,-1.1200000,,,,,469.600006104,-1.1200000,,,,,469.600006104,-1.1200000,,,,,469.600006104,-2.3999999,
,,,469.800018311,-1.1200000,,,,,469.800018311,-1.1200000,,,,,469.800018311,-1.1200000,,,,,469.800018311,-2.3999999,
,,,470.000000000,-1.1200000,,,,,470.000000000,-1.1200000,,,,,470.000000000,-1.1200000,,,,,470.000000000,-2.3999999,
,,,470.200012207,-1.1200000,,,,,470.200012207,-1.1200000,,,,,470.200012207,-1.1200000,,,,,470.200012207,-2.3999999,
,,,470.399993896,-1.1200000,,,,,470.399993896,-1.1200000,,,,,470.399993896,-1.1200000,,,,,470.399993896,-2.3999999,
,,,470.600006104,-1.1200000,,,,,470.600006104,-1.1200000,,,,,470.600006104,-1.1200000,,,,,470.600006104,-2.3999999,
,,,470.800018311,-1.1200000,,,,,470.800018311,-1.1200000,,,,,470.800018311,-1.1200000,,,,,470.800018311,-2.3999999,
,,,471.000000000,-1.1200000,,,,,471.000000000,-1.1200000,,,,,471.000000000,-1.1200000,,,,,471.000000000,-2.3999999,
,,,471.200012207,-1.1200000,,,,,471.200012207,-1.1200000,,,,,471.200012207,-1.1200000,,,,,471.200012207,-2.3999999,
,,,471.399993896,-1.1200000,,,,,471.399993896,-1.1200000,,,,,471.399993896,-1.1200000,,,,,471.399993896,-2.3999999,
,,,471.600006104,-1.1200000,,,,,471.600006104,-1.1200000,,,,,471.600006104,-1.1200000,,,,,471.600006104,-2.3999999,
,,,471.800018311,-1.1200000,,,,,471.800018311,-1.1200000,,,,,471.800018311,-1.1200000,,,,,471.800018311,-2.3999999,
,,,472.000000000,-1.1200000,,,,,472.000000000,-1.1200000,,,,,472.000000000,-1.1200000,,,,,472.000000000,-2.3999999,
,,,472.200012207,-1.1200000,,,,,472.200012207,-1.1200000,,,,,472.200012207,-1.1200000,,,,,472.200012207,-2.3999999,
,,,472.399993896,-1.1200000,,,,,472.399993896,-1.1200000,,,,,472.399993896,-1.1200000,,,,,472.399993896,-2.3999999,
,,,472.600006104,-1.1200000,,,,,472.600006104,-1.1200000,,,,,472.600006104,-1.1200000,,,,,472.600006104,-2.3999999,
,,,472.800018311,-1.1200000,,,,,472.800018311,-1.1200000,,,,,472.800018311,-1.1200000,,,,,472.800018311,-2.3999999,
,,,473.000000000,-1.1200000,,,,,473.000000000,-1.1200000,,,,,473.000000000,-1.1200000,,,,,473.000000000,-2.3999999,
,,,473.200012207,-1.1200000,,,,,473.200012207,-1.1200000,,,,,473.200012207,-1.1200000,,,,,473.200012207,-2.3999999,
,,,473.399993896,-1.1200000,,,,,473.399993896,-1.1200000,,,,,473.399993896,-1.1200000,,,,,473.399993896,-2.3999999,
,,,473.600006104,-1.1200000,,,,,473.600006104,-1.1200000,,,,,473.600006104,-1.1200000,,,,,473.600006104,-2.3999999,
,,,473.800018311,-1.1200000,,,,,473.800018311,-1.1200000,,,,,473.800018311,-1.1200000,,,,,473.800018311,-2.3999999,
,,,474.000000000,-1.1200000,,,,,474.000000000,-1.1200000,,,,,474.000000000,-1.1200000,,,,,474.000000000,-2.3999999,
,,,474.200012207,-1.1200000,,,,,474.200012207,-1.1200000,,,,,474.200012207,-1.1200000,,,,,474.200012207,-2.3999999,
,,,474.399993896,-1.1200000,,,,,474.399993896,-1.1200000,,,,,474.399993896,-1.1200000,,,,,474.399993896,-2.3999999,
,,,474.600006104,-1.1200000,,,,,474.600006104,-1.1200000,,,,,474.600006104,-1.1200000,,,,,474.600006104,-2.3999999,
,,,474.800018311,-1.1200000,,,,,474.800018311,-1.1200000,,,,,474.800018311,-1.1200000,,,,,474.800018311,-2.3999999,
,,,475.000000000,-1.1200000,,,,,475.000000000,-1.1200000,,,,,475.000000000,-1.1200000,,,,,475.000000000,-2.3999999,
,,,475.200012207,-1.1200000,,,,,475.200012207,-1.1200000,,,,,475.200012207,-1.1200000,,,,,475.200012207,-2.3999999,
,,,475.399993896,-1.1200000,,,,,475.399993896,-1.1200000,,,,,475.399993896,-1.1200000,,,,,475.399993896,-2.3999999,
,,,475.600006104,-1.1200000,,,,,475.600006104,-1.1200000,,,,,475.600006104,-1.1200000,,,,,475.600006104,-2.3999999,
,,,475.800018311,-1.1200000,,,,,475.800018311,-1.1200000,,,,,475.800018311,-1.1200000,,,,,475.800018311,-2.3999999,
,,,476.000000000,-1.1200000,,,,,476.000000000,-1.1200000,,,,,476.000000000,-1.1200000,,,,,476.000000000,-2.3999999,
,,,476.200012207,-1.1200000,,,,,476.200012207,-1.1200000,,,,,476.200012207,-1.1200000,,,,,476.200012207,-2.3999999,
,,,476.399993896,-1.1200000,,,,,476.399993896,-1.1200000,,,,,476.399993896,-1.1200000,,,,,476.399993896,-2.3999999,
,,,476.600006104,-1.1200000,,,,,476.600006104,-1.1200000,,,,,476.600006104,-1.1200000,,,,,476.600006104,-2.3999999,
,,,476.800018311,-1.1200000,,,,,476.800018311,-1.1200000,,,,,476.800018311,-1.1200000,,,,,476.800018311,-2.3999999,
,,,477.000000000,-1.1200000,,,,,477.000000000,-1.1200000,,,,,477.000000000,-1.1200000,,,,,477.000000000,-2.3999999,
,,,477.200012207,-1.1200000,,,,,477.200012207,-1.1200000,,,,,477.200012207,-1.1200000,,,,,477.200012207,-2.3999999,
,,,477.399993896,-1.1200000,,,,,477.399993896,-1.1200000,,,,,477.399993896,-1.1200000,,,,,477.399993896,-2.3999999,
,,,477.600006104,-1.1200000,,,,,477.600006104,-1.1200000,,,,,477.600006104,-1.1200000,,,,,477.600006104,-2.3999999,
,,,477.800018311,-1.1200000,,,,,477.800018311,-1.1200000,,,,,477.800018311,-1.1200000,,,,,477.800018311,-2.3999999,
,,,478.000000000,-1.1200000,,,,,478.000000000,-1.1200000,,,,,478.000000000,-1.1200000,,,,,478.000000000,-2.3999999,
,,,478.200012207,-1.1200000,,,,,478.200012207,-1.1200000,,,,,478.200012207,-1.1200000,,,,,478.200012207,-2.3999999,
,,,478.399993896,-1.1200000,,,,,478.399993896,-1.1200000,,,,,478.399993896,-1.1200000,,,,,478.399993896,-2.3999999,
,,,478.600006104,-1.1200000,,,,,478.600006104,-1.1200000,,,,,478.600006104,-1.1200000,,,,,478.600006104,-2.3999999,
,,,478.800018311,-1.1200000,,,,,478.800018311,-1.1200000,,,,,478.800018311,-1.1200000,,,,,478.800018311,-2.3999999,
,,,479.000000000,-1.1200000,,,,,479.000000000,-1.1200000,,,,,479.000000000,-1.1200000,,,,,479.000000000,-2.3999999,
,,,479.200012207,-1.1200000,,,,,479.200012207,-1.1200000,,,,,479.200012207,-1.1200000,,,,,479.200012207,-2.3999999,
,,,479.399993896,-1.1200000,,,,,479.399993896,-1.1200000,,,,,479.399993896,-1.1200000,,,,,479.399993896,-2.3999999,
,,,479.600006104,-1.1200000,,,,,479.600006104,-1.1200000,,,,,479.600006104,-1.1200000,,,,,479.600006104,-2.3999999,
,,,479.800018311,-1.1200000,,,,,479.800018311,-1.1200000,,,,,479.800018311,-1.1200000,,,,,479.800018311,-2.3999999,
,,,480.000000000,-1.1200000,,,,,480.000000000,-1.1200000,,,,,480.000000000,-1.1200000,,,,,480.000000000,-2.3999999,
,,,480.200012207,-1.1200000,,,,,480.200012207,-1.1200000,,,,,480.200012207,-1.1200000,,,,,480.200012207,-2.3999999,
,,,480.399993896,-1.1200000,,,,,480.399993896,-1.1200000,,,,,480.399993896,-1.1200000,,,,,480.399993896,-2.3999999,
,,,480.600006104,-1.1200000,,,,,480.600006104,-1.1200000,,,,,480.600006104,-1.1200000,,,,,480.600006104,-2.3999999,
,,,480.800018311,-1.1200000,,,,,480.800018311,-1.1200000,,,,,480.800018311,-1.1200000,,,,,480.800018311,-2.3999999,
,,,481.000000000,-1.1200000,,,,,481.000000000,-1.1200000,,,,,481.000000000,-1.1200000,,,,,481.000000000,-2.3999999,
,,,481.200012207,-1.1200000,,,,,481.200012207,-1.1200000,,,,,481.200012207,-1.1200000,,,,,481.200012207,-2.3999999,
,,,481.399993896,-1.1200000,,,,,481.399993896,-1.1200000,,,,,481.399993896,-1.1200000,,,,,481.399993896,-2.3999999,
,,,481.600006104,-1.1200000,,,,,481.600006104,-1.1200000,,,,,481.600006104,-1.1200000,,,,,481.600006104,-2.3999999,
,,,481.800018311,-1.1200000,,,,,481.800018311,-1.1200000,,,,,481.800018311,-1.1200000,,,,,481.800018311,-2.3999999,
,,,482.000000000,-1.1200000,,,,,482.000000000,-1.1200000,,,,,482.000000000,-1.1200000,,,,,482.000000000,-2.3999999,
,,,482.200012207,-1.1200000,,,,,482.200012207,-1.1200000,,,,,482.200012207,-1.1200000,,,,,482.200012207,-2.3999999,
,,,482.399993896,-1.1200000,,,,,482.399993896,-1.1200000,,,,,482.399993896,-1.1200000,,,,,482.399993896,-2.3999999,
,,,482.600006104,-1.1200000,,,,,482.600006104,-1.1200000,,,,,482.600006104,-1.1200000,,,,,482.600006104,-2.3999999,
,,,482.800018311,-1.1200000,,,,,482.800018311,-1.1200000,,,,,482.800018311,-1.1200000,,,,,482.800018311,-2.3999999,
,,,483.000000000,-1.1200000,,,,,483.000000000,-1.1200000,,,,,483.000000000,-1.1200000,,,,,483.000000000,-2.3999999,
,,,483.200012207,-1.1200000,,,,,483.200012207,-1.1200000,,,,,483.200012207,-1.1200000,,,,,483.200012207,-2.3999999,
,,,483.399993896,-1.1200000,,,,,483.399993896,-1.1200000,,,,,483.399993896,-1.1200000,,,,,483.399993896,-2.3999999,
,,,483.600006104,-1.1200000,,,,,483.600006104,-1.1200000,,,,,483.600006104,-1.1200000,,,,,483.600006104,-2.3999999,
,,,483.800018311,-1.1200000,,,,,483.800018311,-1.1200000,,,,,483.800018311,-1.1200000,,,,,483.800018311,-2.3999999,
,,,484.000000000,-1.1200000,,,,,484.000000000,-1.1200000,,,,,484.000000000,-1.1200000,,,,,484.000000000,-2.3999999,
,,,484.200012207,-1.1200000,,,,,484.200012207,-1.1200000,,,,,484.200012207,-1.1200000,,,,,484.200012207,-2.3999999,
,,,484.399993896,-1.1200000,,,,,484.399993896,-1.1200000,,,,,484.399993896,-1.1200000,,,,,484.399993896,-2.3999999,
,,,484.600006104,-1.1200000,,,,,484.600006104,-1.1200000,,,,,484.600006104,-1.1200000,,,,,484.600006104,-2.3999999,
,,,484.800018311,-1.1200000,,,,,484.800018311,-1.1200000,,,,,484.800018311,-1.1200000,,,,,484.800018311,-2.3999999,
,,,485.000000000,-1.1200000,,,,,485.000000000,-1.1200000,,,,,485.000000000,-1.1200000,,,,,485.000000000,-2.3999999,
,,,485.200012207,-1.1200000,,,,,485.200012207,-1.1200000,,,,,485.200012207,-1.1200000,,,,,485.200012207,-2.3999999,
,,,485.399993896,-1.1200000,,,,,485.399993896,-1.1200000,,,,,485.399993896,-1.1200000,,,,,485.399993896,-2.3999999,
,,,485.600006104,-1.1200000,,,,,485.600006104,-1.1200000,,,,,485.600006104,-1.1200000,,,,,485.600006104,-2.3999999,
,,,485.800018311,-1.1200000,,,,,485.800018311,-1.1200000,,,,,485.800018311,-1.1200000,,,,,485.800018311,-2.3999999,
,,,486.000000000,-1.1200000,,,,,486.000000000,-1.1200000,,,,,486.000000000,-1.1200000,,,,,486.000000000,-2.3999999,
,,,486.200012207,-1.1200000,,,,,486.200012207,-1.1200000,,,,,486.200012207,-1.1200000,,,,,486.200012207,-2.3999999,
,,,486.399993896,-1.1200000,,,,,486.399993896,-1.1200000,,,,,486.399993896,-1.1200000,,,,,486.399993896,-2.3999999,
,,,486.600006104,-1.1200000,,,,,486.600006104,-1.1200000,,,,,486.600006104,-1.1200000,,,,,486.600006104,-2.3999999,
,,,486.800018311,-1.1200000,,,,,486.800018311,-1.1200000,,,,,486.800018311,-1.1200000,,,,,486.800018311,-2.3999999,
,,,487.000000000,-1.1200000,,,,,487.000000000,-1.1200000,,,,,487.000000000,-1.1200000,,,,,487.000000000,-2.3999999,
,,,487.200012207,-1.1200000,,,,,487.200012207,-1.1200000,,,,,487.200012207,-1.1200000,,,,,487.200012207,-2.3999999,
,,,487.399993896,-1.1200000,,,,,487.399993896,-1.1200000,,,,,487.399993896,-1.1200000,,,,,487.399993896,-2.3999999,
,,,487.600006104,-1.1200000,,,,,487.600006104,-1.1200000,,,,,487.600006104,-1.1200000,,,,,487.600006104,-2.3999999,
,,,487.800018311,-1.1200000,,,,,487.800018311,-1.1200000,,,,,487.800018311,-1.1200000,,,,,487.800018311,-2.3999999,
,,,488.000000000,-1.1200000,,,,,488.000000000,-1.1200000,,,,,488.000000000,-1.1200000,,,,,488.000000000,-2.3999999,
,,,488.200012207,-1.1200000,,,,,488.200012207,-1.1200000,,,,,488.200012207,-1.1200000,,,,,488.200012207,-2.3999999,
,,,488.399993896,-1.1200000,,,,,488.399993896,-1.1200000,,,,,488.399993896,-1.1200000,,,,,488.399993896,-2.3999999,
,,,488.600006104,-1.1200000,,,,,488.600006104,-1.1200000,,,,,488.600006104,-1.1200000,,,,,488.600006104,-2.3999999,
,,,488.800018311,-1.1200000,,,,,488.800018311,-1.1200000,,,,,488.800018311,-1.1200000,,,,,488.800018311,-2.3999999,
,,,489.000000000,-1.1200000,,,,,489.000000000,-1.1200000,,,,,489.000000000,-1.1200000,,,,,489.000000000,-2.3999999,
,,,489.200012207,-1.1200000,,,,,489.200012207,-1.1200000,,,,,489.200012207,-1.1200000,,,,,489.200012207,-2.3999999,
,,,489.399993896,-1.1200000,,,,,489.399993896,-1.1200000,,,,,489.399993896,-1.1200000,,,,,489.399993896,-2.3999999,
,,,489.600006104,-1.1200000,,,,,489.600006104,-1.1200000,,,,,489.600006104,-1.1200000,,,,,489.600006104,-2.3999999,
,,,489.800018311,-1.1200000,,,,,489.800018311,-1.1200000,,,,,489.800018311,-1.1200000,,,,,489.800018311,-2.3999999,
,,,490.000000000,-1.1200000,,,,,490.000000000,-1.1200000,,,,,490.000000000,-1.1200000,,,,,490.000000000,-2.3999999,
,,,490.200012207,-1.1200000,,,,,490.200012207,-1.1200000,,,,,490.200012207,-1.1200000,,,,,490.200012207,-2.3999999,
,,,490.399993896,-1.1200000,,,,,490.399993896,-1.1200000,,,,,490.399993896,-1.1200000,,,,,490.399993896,-2.3999999,
,,,490.600006104,-1.1200000,,,,,490.600006104,-1.1200000,,,,,490.600006104,-1.1200000,,,,,490.600006104,-2.3999999,
,,,490.800018311,-1.1200000,,,,,490.800018311,-1.1200000,,,,,490.800018311,-1.1200000,,,,,490.800018311,-2.3999999,
,,,491.000000000,-1.1200000,,,,,491.000000000,-1.1200000,,,,,491.000000000,-1.1200000,,,,,491.000000000,-2.3999999,
,,,491.200012207,-1.1200000,,,,,491.200012207,-1.1200000,,,,,491.200012207,-1.1200000,,,,,491.200012207,-2.3999999,
,,,491.399993896,-1.1200000,,,,,491.399993896,-1.1200000,,,,,491.399993896,-1.1200000,,,,,491.399993896,-2.3999999,
,,,491.600006104,-1.1200000,,,,,491.600006104,-1.1200000,,,,,491.600006104,-1.1200000,,,,,491.600006104,-2.3999999,
,,,491.800018311,-1.1200000,,,,,491.800018311,-1.1200000,,,,,491.800018311,-1.1200000,,,,,491.800018311,-2.3999999,
,,,492.000000000,-1.1200000,,,,,492.000000000,-1.1200000,,,,,492.000000000,-1.1200000,,,,,492.000000000,-2.3999999,
,,,492.200012207,-1.1200000,,,,,492.200012207,-1.1200000,,,,,492.200012207,-1.1200000,,,,,492.200012207,-2.3999999,
,,,492.399993896,-1.1200000,,,,,492.399993896,-1.1200000,,,,,492.399993896,-1.1200000,,,,,492.399993896,-2.3999999,
,,,492.600006104,-1.1200000,,,,,492.600006104,-1.1200000,,,,,492.600006104,-1.1200000,,,,,492.600006104,-2.3999999,
,,,492.800018311,-1.1200000,,,,,492.800018311,-1.1200000,,,,,492.800018311,-1.1200000,,,,,492.800018311,-2.3999999,
,,,493.000000000,-1.1200000,,,,,493.000000000,-1.1200000,,,,,493.000000000,-1.1200000,,,,,493.000000000,-2.3999999,
,,,493.200012207,-1.1200000,,,,,493.200012207,-1.1200000,,,,,493.200012207,-1.1200000,,,,,493.200012207,-2.3999999,
,,,493.399993896,-1.1200000,,,,,493.399993896,-1.1200000,,,,,493.399993896,-1.1200000,,,,,493.399993896,-2.3999999,
,,,493.600006104,-1.1200000,,,,,493.600006104,-1.1200000,,,,,493.600006104,-1.1200000,,,,,493.600006104,-2.3999999,
,,,493.800018311,-1.1200000,,,,,493.800018311,-1.1200000,,,,,493.800018311,-1.1200000,,,,,493.800018311,-2.3999999,
,,,494.000000000,-1.1200000,,,,,494.000000000,-1.1200000,,,,,494.000000000,-1.1200000,,,,,494.000000000,-2.3999999,
,,,494.200012207,-1.1200000,,,,,494.200012207,-1.1200000,,,,,494.200012207,-1.1200000,,,,,494.200012207,-2.3999999,
,,,494.399993896,-1.1200000,,,,,494.399993896,-1.1200000,,,,,494.399993896,-1.1200000,,,,,494.399993896,-2.3999999,
,,,494.600006104,-1.1200000,,,,,494.600006104,-1.1200000,,,,,494.600006104,-1.1200000,,,,,494.600006104,-2.3999999,
,,,494.800018311,-1.1200000,,,,,494.800018311,-1.1200000,,,,,494.800018311,-1.1200000,,,,,494.800018311,-2.3999999,
,,,495.000000000,-1.1200000,,,,,495.000000000,-1.1200000,,,,,495.000000000,-1.1200000,,,,,495.000000000,-2.3999999,
,,,495.200012207,-1.1200000,,,,,495.200012207,-1.1200000,,,,,495.200012207,-1.1200000,,,,,495.200012207,-2.3999999,
,,,495.399993896,-1.1200000,,,,,495.399993896,-1.1200000,,,,,495.399993896,-1.1200000,,,,,495.399993896,-2.3999999,
,,,495.600006104,-1.1200000,,,,,495.600006104,-1.1200000,,,,,495.600006104,-1.1200000,,,,,495.600006104,-2.3999999,
,,,495.800018311,-1.1200000,,,,,495.800018311,-1.1200000,,,,,495.800018311,-1.1200000,,,,,495.800018311,-2.3999999,
,,,496.000000000,-1.1200000,,,,,496.000000000,-1.1200000,,,,,496.000000000,-1.1200000,,,,,496.000000000,-2.3999999,
,,,496.200012207,-1.1200000,,,,,496.200012207,-1.1200000,,,,,496.200012207,-1.1200000,,,,,496.200012207,-2.3999999,
,,,496.399993896,-1.1200000,,,,,496.399993896,-1.1200000,,,,,496.399993896,-1.1200000,,,,,496.399993896,-2.3999999,
,,,496.600006104,-1.1200000,,,,,496.600006104,-1.1200000,,,,,496.600006104,-1.1200000,,,,,496.600006104,-2.3999999,
,,,496.800018311,-1.1200000,,,,,496.800018311,-1.1200000,,,,,496.800018311,-1.1200000,,,,,496.800018311,-2.3999999,
,,,497.000000000,-1.1200000,,,,,497.000000000,-1.1200000,,,,,497.000000000,-1.1200000,,,,,497.000000000,-2.3999999,
,,,497.200012207,-1.1200000,,,,,497.200012207,-1.1200000,,,,,497.200012207,-1.1200000,,,,,497.200012207,-2.3999999,
,,,497.399993896,-1.1200000,,,,,497.399993896,-1.1200000,,,,,497.399993896,-1.1200000,,,,,497.399993896,-2.3999999,
,,,497.600006104,-1.1200000,,,,,497.600006104,-1.1200000,,,,,497.600006104,-1.1200000,,,,,497.600006104,-2.3999999,
,,,497.800018311,-1.1200000,,,,,497.800018311,-1.1200000,,,,,497.800018311,-1.1200000,,,,,497.800018311,-2.3999999,
,,,498.000000000,-1.1200000,,,,,498.000000000,-1.1200000,,,,,498.000000000,-1.1200000,,,,,498.000000000,-2.3999999,
,,,498.200012207,-1.1200000,,,,,498.200012207,-1.1200000,,,,,498.200012207,-1.1200000,,,,,498.200012207,-2.3999999,
,,,498.399993896,-1.1200000,,,,,498.399993896,-1.1200000,,,,,498.399993896,-1.1200000,,,,,498.399993896,-2.3999999,
,,,498.600006104,-1.1200000,,,,,498.600006104,-1.1200000,,,,,498.600006104,-1.1200000,,,,,498.600006104,-2.3999999,
,,,498.800018311,-1.1200000,,,,,498.800018311,-1.1200000,,,,,498.800018311,-1.1200000,,,,,498.800018311,-2.3999999,
,,,499.000000000,-1.1200000,,,,,499.000000000,-1.1200000,,,,,499.000000000,-1.1200000,,,,,499.000000000,-2.3999999,
,,,499.200012207,-1.1200000,,,,,499.200012207,-1.1200000,,,,,499.200012207,-1.1200000,,,,,499.200012207,-2.3999999,
,,,499.399993896,-1.1200000,,,,,499.399993896,-1.1200000,,,,,499.399993896,-1.1200000,,,,,499.399993896,-2.3999999,
,,,499.600006104,-1.1200000,,,,,499.600006104,-1.1200000,,,,,499.600006104,-1.1200000,,,,,499.600006104,-2.3999999,
,,,499.800018311,-1.1200000,,,,,499.800018311,-1.1200000,,,,,499.800018311,-1.1200000,,,,,499.800018311,-2.3999999,
