sample,time_s,value_v,sample_offset,aligned_sample,aligned_time_s
0,0.000000000,-0.9991073608398438,0,0,0.000000000
1,0.000384025,-0.9885025024414062,0,1,0.000384025
2,0.000768049,-0.9956741333007812,0,2,0.000768049
3,0.001152074,-1.0231590270996094,0,3,0.001152074
4,0.001536098,-1.0337638854980469,0,4,0.001536098
5,0.001920123,-1.0426712036132812,0,5,0.001920123
6,0.002304147,-1.041259765625,0,6,0.002304147
7,0.002688172,-1.0462379455566406,0,7,0.002688172
8,0.003072197,-1.0430717468261719,0,8,0.003072197
9,0.003456221,-1.0599327087402344,0,9,0.003456221
10,0.003840246,-1.0614585876464844,0,10,0.003840246
11,0.004224270,-1.0684776306152344,0,11,0.004224270
12,0.004608295,-1.0699081420898438,0,12,0.004608295
13,0.004992320,-1.0816192626953125,0,13,0.004992320
14,0.005376344,-1.0982131958007812,0,14,0.005376344
15,0.005760369,-1.1054039001464844,0,15,0.005760369
16,0.006144393,-1.1064338684082031,0,16,0.006144393
17,0.006528418,-1.1130523681640625,0,17,0.006528418
18,0.006912442,-1.1192703247070312,0,18,0.006912442
19,0.007296467,-1.1258125305175781,0,19,0.007296467
20,0.007680492,-1.1386871337890625,0,20,0.007680492
21,0.008064516,-1.140899658203125,0,21,0.008064516
22,0.008448541,-1.1493301391601562,0,22,0.008448541
23,0.008832565,-1.1481094360351562,0,23,0.008832565
24,0.009216590,-1.1526870727539062,0,24,0.009216590
25,0.009600614,-1.1608123779296875,0,25,0.009600614
26,0.009984639,-1.1770820617675781,0,26,0.009984639
27,0.010368664,-1.1890792846679688,0,27,0.010368664
28,0.010752688,-1.204833984375,0,28,0.010752688
29,0.011136713,-1.2129974365234375,0,29,0.011136713
30,0.011520737,-1.2008094787597656,0,30,0.011520737
31,0.011904762,-1.19476318359375,0,31,0.011904762
32,0.012288786,-1.178131103515625,0,32,0.012288786
33,0.012672811,-1.1658287048339844,0,33,0.012672811
34,0.013056836,-1.1592483520507812,0,34,0.013056836
35,0.013440860,-1.1479377746582031,0,35,0.013440860
36,0.013824885,-1.1416053771972656,0,36,0.013824885
37,0.014208909,-1.1348533630371094,0,37,0.014208909
38,0.014592934,-1.1142730712890625,0,38,0.014592934
39,0.014976959,-1.09954833984375,0,39,0.014976959
40,0.015360983,-1.0843658447265625,0,40,0.015360983
41,0.015745008,-1.0727310180664062,0,41,0.015745008
42,0.016129032,-1.0723114013671875,0,42,0.016129032
43,0.016513057,-1.066436767578125,0,43,0.016513057
44,0.016897081,-1.072845458984375,0,44,0.016897081
45,0.017281106,-1.0690689086914062,0,45,0.017281106
46,0.017665131,-1.0575103759765625,0,46,0.017665131
47,0.018049155,-1.0569572448730469,0,47,0.018049155
48,0.018433180,-1.0528373718261719,0,48,0.018433180
49,0.018817204,-1.0442161560058594,0,49,0.018817204
50,0.019201229,-1.0313224792480469,0,50,0.019201229
51,0.019585253,-1.0207176208496094,0,51,0.019585253
52,0.019969278,-1.0158920288085938,0,52,0.019969278
53,0.020353303,-1.0022354125976562,0,53,0.020353303
54,0.020737327,-0.990447998046875,0,54,0.020737327
55,0.021121352,-0.9933853149414062,0,55,0.021121352
56,0.021505376,-1.0086631774902344,0,56,0.021505376
57,0.021889401,-1.0147285461425781,0,57,0.021889401
58,0.022273425,-1.0324478149414062,0,58,0.022273425
59,0.022657450,-1.0425376892089844,0,59,0.022657450
60,0.023041475,-1.045074462890625,0,60,0.023041475
61,0.023425499,-1.0504150390625,0,61,0.023425499
62,0.023809524,-1.0561752319335938,0,62,0.023809524
63,0.024193548,-1.0614013671875,0,63,0.024193548
64,0.024577573,-1.0738945007324219,0,64,0.024577573
65,0.024961598,-1.0771369934082031,0,65,0.024961598
66,0.025345622,-1.0928916931152344,0,66,0.025345622
67,0.025729647,-1.0999679565429688,0,67,0.025729647
68,0.026113671,-1.1163139343261719,0,68,0.026113671
69,0.026497696,-1.1251640319824219,0,69,0.026497696
70,0.026881720,-1.1201667785644531,0,70,0.026881720
71,0.027265745,-1.1304473876953125,0,71,0.027265745
72,0.027649770,-1.134490966796875,0,72,0.027649770
73,0.028033794,-1.1352729797363281,0,73,0.028033794
74,0.028417819,-1.1343574523925781,0,74,0.028417819
75,0.028801843,-1.1457443237304688,0,75,0.028801843
76,0.029185868,-1.1660957336425781,0,76,0.029185868
77,0.029569892,-1.1728286743164062,0,77,0.029569892
78,0.029953917,-1.1768341064453125,0,78,0.029953917
79,0.030337942,-1.1875343322753906,0,79,0.030337942
80,0.030721966,-1.2025260925292969,0,80,0.030721966
81,0.031105991,-1.2032508850097656,0,81,0.031105991
82,0.031490015,-1.1958694458007812,0,82,0.031490015
83,0.031874040,-1.1716651916503906,0,83,0.031874040
84,0.032258065,-1.1612701416015625,0,84,0.032258065
85,0.032642089,-1.1507034301757812,0,85,0.032642089
86,0.033026114,-1.1462974548339844,0,86,0.033026114
87,0.033410138,-1.1394309997558594,0,87,0.033410138
88,0.033794163,-1.1246681213378906,0,88,0.033794163
89,0.034178187,-1.1186027526855469,0,89,0.034178187
90,0.034562212,-1.0974311828613281,0,90,0.034562212
91,0.034946237,-1.0889244079589844,0,91,0.034946237
92,0.035330261,-1.0710716247558594,0,92,0.035330261
93,0.035714286,-1.0585594177246094,0,93,0.035714286
94,0.036098310,-1.052703857421875,0,94,0.036098310
95,0.036482335,-1.0527229309082031,0,95,0.036482335
96,0.036866359,-1.0511398315429688,0,96,0.036866359
97,0.037250384,-1.0592460632324219,0,97,0.037250384
98,0.037634409,-1.0561752319335938,0,98,0.037634409
99,0.038018433,-1.055145263671875,0,99,0.038018433
100,0.038402458,-1.0378646850585938,0,100,0.038402458
101,0.038786482,-1.0306930541992188,0,101,0.038786482
102,0.039170507,-1.0244369506835938,0,102,0.039170507
103,0.039554531,-1.0194778442382812,0,103,0.039554531
104,0.039938556,-1.0137176513671875,0,104,0.039938556
105,0.040322581,-1.0044097900390625,0,105,0.040322581
106,0.040706605,-1.0001373291015625,0,106,0.040706605
107,0.041090630,-1.0090446472167969,0,107,0.041090630
108,0.041474654,-1.0252761840820312,0,108,0.041474654
109,0.041858679,-1.03912353515625,0,109,0.041858679
110,0.042242704,-1.0466575622558594,0,110,0.042242704
111,0.042626728,-1.0491943359375,0,111,0.042626728
112,0.043010753,-1.0489082336425781,0,112,0.043010753
113,0.043394777,-1.0507774353027344,0,113,0.043394777
114,0.043778802,-1.0607147216796875,0,114,0.043778802
115,0.044162826,-1.0731315612792969,0,115,0.044162826
116,0.044546851,-1.0851478576660156,0,116,0.044546851
117,0.044930876,-1.0856819152832031,0,117,0.044930876
118,0.045314900,-1.0918998718261719,0,118,0.045314900
119,0.045698925,-1.1008262634277344,0,119,0.045698925
120,0.046082949,-1.1029243469238281,0,120,0.046082949
121,0.046466974,-1.1127662658691406,0,121,0.046466974
122,0.046850998,-1.1262321472167969,0,122,0.046850998
123,0.047235023,-1.1260414123535156,0,123,0.047235023
124,0.047619048,-1.1257553100585938,0,124,0.047619048
125,0.048003072,-1.1302566528320312,0,125,0.048003072
126,0.048387097,-1.1380577087402344,0,126,0.048387097
127,0.048771121,-1.1593055725097656,0,127,0.048771121
128,0.049155146,-1.171417236328125,0,128,0.049155146
129,0.049539171,-1.1882400512695312,0,129,0.049539171
130,0.049923195,-1.2014198303222656,0,130,0.049923195
131,0.050307220,-1.2119865417480469,0,131,0.050307220
132,0.050691244,-1.2081146240234375,0,132,0.050691244
133,0.051075269,-1.1951065063476562,0,133,0.051075269
134,0.051459293,-1.1750411987304688,0,134,0.051459293
135,0.051843318,-1.1515998840332031,0,135,0.051843318
136,0.052227343,-1.1460304260253906,0,136,0.052227343
137,0.052611367,-1.1528396606445312,0,137,0.052611367
138,0.052995392,-1.1462020874023438,0,138,0.052995392
139,0.053379416,-1.1258506774902344,0,139,0.053379416
140,0.053763441,-1.1140251159667969,0,140,0.053763441
141,0.054147465,-1.1052513122558594,0,141,0.054147465
142,0.054531490,-1.091156005859375,0,142,0.054531490
143,0.054915515,-1.0786247253417969,0,143,0.054915515
144,0.055299539,-1.0669708251953125,0,144,0.055299539
145,0.055683564,-1.0650444030761719,0,145,0.055683564
146,0.056067588,-1.0608482360839844,0,146,0.056067588
147,0.056451613,-1.0586929321289062,0,147,0.056451613
148,0.056835637,-1.0632133483886719,0,148,0.056835637
149,0.057219662,-1.0721015930175781,0,149,0.057219662
150,0.057603687,-1.0674667358398438,0,150,0.057603687
151,0.057987711,-1.0542869567871094,0,151,0.057987711
152,0.058371736,-1.014404296875,0,152,0.058371736
153,0.058755760,-1.0043716430664062,0,153,0.058755760
154,0.059139785,-1.0065269470214844,0,154,0.059139785
155,0.059523810,-1.0017776489257812,0,155,0.059523810
156,0.059907834,-1.0023307800292969,0,156,0.059907834
157,0.060291859,-0.9978675842285156,0,157,0.060291859
158,0.060675883,-1.0016059875488281,0,158,0.060675883
159,0.061059908,-1.0099411010742188,0,159,0.061059908
160,0.061443932,-1.0082054138183594,0,160,0.061443932
161,0.061827957,-1.0188674926757812,0,161,0.061827957
162,0.062211982,-1.038360595703125,0,162,0.062211982
163,0.062596006,-1.0429763793945312,0,163,0.062596006
164,0.062980031,-1.0495567321777344,0,164,0.062980031
165,0.063364055,-1.0529327392578125,0,165,0.063364055
166,0.063748080,-1.0587882995605469,0,166,0.063748080
167,0.064132104,-1.0324668884277344,0,167,0.064132104
168,0.064516129,-1.0214805603027344,0,168,0.064516129
169,0.064900154,-1.0456085205078125,0,169,0.064900154
170,0.065284178,-1.0657882690429688,0,170,0.065284178
171,0.065668203,-1.1038017272949219,0,171,0.065668203
172,0.066052227,-1.1522674560546875,0,172,0.066052227
173,0.066436252,-1.1613655090332031,0,173,0.066436252
174,0.066820276,-1.1517715454101562,0,174,0.066820276
175,0.067204301,-1.1504554748535156,0,175,0.067204301
176,0.067588326,-1.1329460144042969,0,176,0.067588326
177,0.067972350,-1.1321449279785156,0,177,0.067972350
178,0.068356375,-1.1431503295898438,0,178,0.068356375
179,0.068740399,-1.1598968505859375,0,179,0.068740399
180,0.069124424,-1.1769294738769531,0,180,0.069124424
181,0.069508449,-1.1841201782226562,0,181,0.069508449
182,0.069892473,-1.1914634704589844,0,182,0.069892473
183,0.070276498,-1.2045669555664062,0,183,0.070276498
184,0.070660522,-1.2078475952148438,0,184,0.070660522
185,0.071044547,-1.2247467041015625,0,185,0.071044547
186,0.071428571,-1.2248992919921875,0,186,0.071428571
187,0.071812596,-1.2043571472167969,0,187,0.071812596
188,0.072196621,-1.1752891540527344,0,188,0.072196621
189,0.072580645,-1.1483383178710938,0,189,0.072580645
190,0.072964670,-1.138153076171875,0,190,0.072964670
191,0.073348694,-1.1352157592773438,0,191,0.073348694
192,0.073732719,-1.13067626953125,0,192,0.073732719
193,0.074116743,-1.1131477355957031,0,193,0.074116743
194,0.074500768,-1.0962867736816406,0,194,0.074500768
195,0.074884793,-1.0844230651855469,0,195,0.074884793
196,0.075268817,-1.0707283020019531,0,196,0.075268817
197,0.075652842,-1.0676383972167969,0,197,0.075652842
198,0.076036866,-1.0611152648925781,0,198,0.076036866
199,0.076420891,-1.059417724609375,0,199,0.076420891
200,0.076804916,-1.0564231872558594,0,200,0.076804916
201,0.077188940,-1.0579299926757812,0,201,0.077188940
202,0.077572965,-1.0544013977050781,0,202,0.077572965
203,0.077956989,-1.0541534423828125,0,203,0.077956989
204,0.078341014,-1.0405921936035156,0,204,0.078341014
205,0.078725038,-1.0283470153808594,0,205,0.078725038
206,0.079109063,-1.0156631469726562,0,206,0.079109063
207,0.079493088,-1.0059738159179688,0,207,0.079493088
208,0.079877112,-0.9975242614746094,0,208,0.079877112
209,0.080261137,-1.0000991821289062,0,209,0.080261137
210,0.080645161,-1.0020828247070312,0,210,0.080645161
211,0.081029186,-1.0128593444824219,0,211,0.081029186
212,0.081413210,-1.0222434997558594,0,212,0.081413210
213,0.081797235,-1.0405921936035156,0,213,0.081797235
214,0.082181260,-1.0438346862792969,0,214,0.082181260
215,0.082565284,-1.0495376586914062,0,215,0.082565284
216,0.082949309,-1.0564613342285156,0,216,0.082949309
217,0.083333333,-1.0688972473144531,0,217,0.083333333
218,0.083717358,-1.0785293579101562,0,218,0.083717358
219,0.084101382,-1.0828208923339844,0,219,0.084101382
220,0.084485407,-1.0827064514160156,0,220,0.084485407
221,0.084869432,-1.0907745361328125,0,221,0.084869432
222,0.085253456,-1.0930061340332031,0,222,0.085253456
223,0.085637481,-1.0895919799804688,0,223,0.085637481
224,0.086021505,-1.1018180847167969,0,224,0.086021505
225,0.086405530,-1.104278564453125,0,225,0.086405530
226,0.086789555,-1.1124229431152344,0,226,0.086789555
227,0.087173579,-1.1203765869140625,0,227,0.087173579
228,0.087557604,-1.1342430114746094,0,228,0.087557604
229,0.087941628,-1.1432838439941406,0,229,0.087941628
230,0.088325653,-1.1448287963867188,0,230,0.088325653
231,0.088709677,-1.1549949645996094,0,231,0.088709677
232,0.089093702,-1.1749076843261719,0,232,0.089093702
233,0.089477727,-1.1985206604003906,0,233,0.089477727
234,0.089861751,-1.2172889709472656,0,234,0.089861751
235,0.090245776,-1.2200546264648438,0,235,0.090245776
236,0.090629800,-1.2117385864257812,0,236,0.090629800
237,0.091013825,-1.2013626098632812,0,237,0.091013825
238,0.091397849,-1.1892509460449219,0,238,0.091397849
239,0.091781874,-1.1817359924316406,0,239,0.091781874
240,0.092165899,-1.1583518981933594,0,240,0.092165899
241,0.092549923,-1.1449623107910156,0,241,0.092549923
242,0.092933948,-1.1383247375488281,0,242,0.092933948
243,0.093317972,-1.1310768127441406,0,243,0.093317972
244,0.093701997,-1.12274169921875,0,244,0.093701997
245,0.094086022,-1.1065673828125,0,245,0.094086022
246,0.094470046,-1.1000442504882812,0,246,0.094470046
247,0.094854071,-1.0868644714355469,0,247,0.094854071
248,0.095238095,-1.0832977294921875,0,248,0.095238095
249,0.095622120,-1.0708236694335938,0,249,0.095622120
250,0.096006144,-1.0602569580078125,0,250,0.096006144
251,0.096390169,-1.0593605041503906,0,251,0.096390169
252,0.096774194,-1.0601043701171875,0,252,0.096774194
253,0.097158218,-1.0669898986816406,0,253,0.097158218
254,0.097542243,-1.0637474060058594,0,254,0.097542243
255,0.097926267,-1.0499191284179688,0,255,0.097926267
256,0.098310292,-1.0371017456054688,0,256,0.098310292
257,0.098694316,-1.027069091796875,0,257,0.098694316
258,0.099078341,-1.023101806640625,0,258,0.099078341
259,0.099462366,-1.0124015808105469,0,259,0.099462366
260,0.099846390,-1.0077285766601562,0,260,0.099846390
261,0.100230415,-1.0046195983886719,0,261,0.100230415
262,0.100614439,-1.0079383850097656,0,262,0.100614439
263,0.100998464,-1.0167884826660156,0,263,0.100998464
264,0.101382488,-1.0199737548828125,0,264,0.101382488
265,0.101766513,-1.0269546508789062,0,265,0.101766513
266,0.102150538,-1.0389328002929688,0,266,0.102150538
267,0.102534562,-1.051483154296875,0,267,0.102534562
268,0.102918587,-1.0650825500488281,0,268,0.102918587
269,0.103302611,-1.0622406005859375,0,269,0.103302611
270,0.103686636,-1.1281204223632812,0,270,0.103686636
271,0.104070661,-1.136932373046875,0,271,0.104070661
272,0.104454685,-1.1485099792480469,0,272,0.104454685
273,0.104838710,-1.1580276489257812,0,273,0.104838710
274,0.105222734,-1.1717796325683594,0,274,0.105222734
275,0.105606759,-1.1846733093261719,0,275,0.105606759
276,0.105990783,-1.2054634094238281,0,276,0.105990783
277,0.106374808,-1.2082481384277344,0,277,0.106374808
278,0.106758833,-1.2089920043945312,0,278,0.106758833
279,0.107142857,-1.1993980407714844,0,279,0.107142857
280,0.107526882,-1.1871337890625,0,280,0.107526882
281,0.107910906,-1.1676788330078125,0,281,0.107910906
282,0.108294931,-1.14593505859375,0,282,0.108294931
283,0.108678955,-1.1366081237792969,0,283,0.108678955
284,0.109062980,-1.1310005187988281,0,284,0.109062980
285,0.109447005,-1.1292457580566406,0,285,0.109447005
286,0.109831029,-1.1170387268066406,0,286,0.109831029
287,0.110215054,-1.0990524291992188,0,287,0.110215054
288,0.110599078,-1.0868644714355469,0,288,0.110599078
289,0.110983103,-1.0916709899902344,0,289,0.110983103
290,0.111367127,-1.0854721069335938,0,290,0.111367127
291,0.111751152,-1.0587501525878906,0,291,0.111751152
292,0.112135177,-1.0329437255859375,0,292,0.112135177
293,0.112519201,-1.0164451599121094,0,293,0.112519201
294,0.112903226,-1.0174560546875,0,294,0.112903226
295,0.113287250,-1.0308647155761719,0,295,0.113287250
296,0.113671275,-1.0402679443359375,0,296,0.113671275
297,0.114055300,-1.0445594787597656,0,297,0.114055300
298,0.114439324,-1.0431289672851562,0,298,0.114439324
299,0.114823349,-1.0283660888671875,0,299,0.114823349
300,0.115207373,-1.0244941711425781,0,300,0.115207373
301,0.115591398,-1.0137367248535156,0,301,0.115591398
302,0.115975422,-1.0056114196777344,0,302,0.115975422
303,0.116359447,-1.0049247741699219,0,303,0.116359447
304,0.116743472,-0.9979629516601562,0,304,0.116743472
305,0.117127496,-1.0096168518066406,0,305,0.117127496
306,0.117511521,-1.0096549987792969,0,306,0.117511521
307,0.117895545,-0.9831428527832031,0,307,0.117895545
308,0.118279570,-0.9733200073242188,0,308,0.118279570
309,0.118663594,-1.0020637512207031,0,309,0.118663594
310,0.119047619,-1.0330772399902344,0,310,0.119047619
311,0.119431644,-1.0702323913574219,0,311,0.119431644
312,0.119815668,-1.1226463317871094,0,312,0.119815668
313,0.120199693,-1.1353302001953125,0,313,0.120199693
314,0.120583717,-1.1301612854003906,0,314,0.120583717
315,0.120967742,-1.1131668090820312,0,315,0.120967742
316,0.121351767,-1.1092185974121094,0,316,0.121351767
317,0.121735791,-1.1093330383300781,0,317,0.121735791
318,0.122119816,-1.1107254028320312,0,318,0.122119816
319,0.122503840,-1.1153221130371094,0,319,0.122503840
320,0.122887865,-1.1186599731445312,0,320,0.122887865
321,0.123271889,-1.1216926574707031,0,321,0.123271889
322,0.123655914,-1.1232376098632812,0,322,0.123655914
323,0.124039939,-1.1314773559570312,0,323,0.124039939
324,0.124423963,-1.148529052734375,0,324,0.124423963
325,0.124807988,-1.1777687072753906,0,325,0.124807988
326,0.125192012,-1.2113571166992188,0,326,0.125192012
327,0.125576037,-1.2197113037109375,0,327,0.125576037
328,0.125960061,-1.2067031860351562,0,328,0.125960061
329,0.126344086,-1.2030792236328125,0,329,0.126344086
330,0.126728111,-1.1982917785644531,0,330,0.126728111
331,0.127112135,-1.1869049072265625,0,331,0.127112135
332,0.127496160,-1.1781501770019531,0,332,0.127496160
333,0.127880184,-1.1790275573730469,0,333,0.127880184
334,0.128264209,-1.1761093139648438,0,334,0.128264209
335,0.128648233,-1.1593246459960938,0,335,0.128648233
336,0.129032258,-1.1373519897460938,0,336,0.129032258
337,0.129416283,-1.124267578125,0,337,0.129416283
338,0.129800307,-1.1122703552246094,0,338,0.129800307
339,0.130184332,-1.1031723022460938,0,339,0.130184332
340,0.130568356,-1.0885238647460938,0,340,0.130568356
341,0.130952381,-1.07177734375,0,341,0.130952381
342,0.131336406,-1.0649681091308594,0,342,0.131336406
343,0.131720430,-1.0606956481933594,0,343,0.131720430
344,0.132104455,-1.0597610473632812,0,344,0.132104455
345,0.132488479,-1.0589408874511719,0,345,0.132488479
346,0.132872504,-1.0640907287597656,0,346,0.132872504
347,0.133256528,-1.0587120056152344,0,347,0.133256528
348,0.133640553,-1.0555839538574219,0,348,0.133640553
349,0.134024578,-1.0395050048828125,0,349,0.134024578
350,0.134408602,-1.0207366943359375,0,350,0.134408602
351,0.134792627,-1.0033416748046875,0,351,0.134792627
352,0.135176651,-0.9990501403808594,0,352,0.135176651
353,0.135560676,-0.9916114807128906,0,353,0.135560676
354,0.135944700,-0.9930801391601562,0,354,0.135944700
355,0.136328725,-0.9964179992675781,0,355,0.136328725
356,0.136712750,-1.0082435607910156,0,356,0.136712750
357,0.137096774,-1.0164260864257812,0,357,0.137096774
358,0.137480799,-1.0326957702636719,0,358,0.137480799
359,0.137864823,-1.04400634765625,0,359,0.137864823
360,0.138248848,-1.0533523559570312,0,360,0.138248848
361,0.138632873,-1.0621833801269531,0,361,0.138632873
362,0.139016897,-1.0719680786132812,0,362,0.139016897
363,0.139400922,-1.07757568359375,0,363,0.139400922
364,0.139784946,-1.0789680480957031,0,364,0.139784946
365,0.140168971,-1.0845375061035156,0,365,0.140168971
366,0.140552995,-1.0911941528320312,0,366,0.140552995
367,0.140937020,-1.1008644104003906,0,367,0.140937020
368,0.141321045,-1.1109542846679688,0,368,0.141321045
369,0.141705069,-1.1249923706054688,0,369,0.141705069
370,0.142089094,-1.1271858215332031,0,370,0.142089094
371,0.142473118,-1.1355018615722656,0,371,0.142473118
372,0.142857143,-1.1363029479980469,0,372,0.142857143
373,0.143241167,-1.1342620849609375,0,373,0.143241167
374,0.143625192,-1.1383438110351562,0,374,0.143625192
375,0.144009217,-1.1485481262207031,0,375,0.144009217
376,0.144393241,-1.1533737182617188,0,376,0.144393241
377,0.144777266,-1.1616897583007812,0,377,0.144777266
378,0.145161290,-1.1760902404785156,0,378,0.145161290
379,0.145545315,-1.1925506591796875,0,379,0.145545315
380,0.145929339,-1.1947441101074219,0,380,0.145929339
381,0.146313364,-1.1995697021484375,0,381,0.146313364
382,0.146697389,-1.2057876586914062,0,382,0.146697389
383,0.147081413,-1.203460693359375,0,383,0.147081413
384,0.147465438,-1.1956405639648438,0,384,0.147465438
385,0.147849462,-1.1799049377441406,0,385,0.147849462
386,0.148233487,-1.1643028259277344,0,386,0.148233487
387,0.148617512,-1.1477088928222656,0,387,0.148617512
388,0.149001536,-1.1364364624023438,0,388,0.149001536
389,0.149385561,-1.1190605163574219,0,389,0.149385561
390,0.149769585,-1.1041450500488281,0,390,0.149769585
391,0.150153610,-1.09619140625,0,391,0.150153610
392,0.150537634,-1.0967445373535156,0,392,0.150537634
393,0.150921659,-1.0906219482421875,0,393,0.150921659
394,0.151305684,-1.0831832885742188,0,394,0.151305684
395,0.151689708,-1.0800933837890625,0,395,0.151689708
396,0.152073733,-1.0737800598144531,0,396,0.152073733
397,0.152457757,-1.0608673095703125,0,397,0.152457757
398,0.152841782,-1.0630226135253906,0,398,0.152841782
399,0.153225806,-1.0613632202148438,0,399,0.153225806
400,0.153609831,-1.0556793212890625,0,400,0.153609831
401,0.153993856,-1.0464859008789062,0,401,0.153993856
402,0.154377880,-1.0443878173828125,0,402,0.154377880
403,0.154761905,-1.0299491882324219,0,403,0.154761905
404,0.155145929,-1.0254287719726562,0,404,0.155145929
405,0.155529954,-1.0263824462890625,0,405,0.155529954
406,0.155913978,-1.0229682922363281,0,406,0.155913978
407,0.156298003,-1.0131454467773438,0,407,0.156298003
408,0.156682028,-1.0173606872558594,0,408,0.156682028
409,0.157066052,-1.0222053527832031,0,409,0.157066052
410,0.157450077,-1.0255050659179688,0,410,0.157450077
411,0.157834101,-1.0345840454101562,0,411,0.157834101
412,0.158218126,-1.0562324523925781,0,412,0.158218126
413,0.158602151,-1.0672378540039062,0,413,0.158602151
414,0.158986175,-1.0702705383300781,0,414,0.158986175
415,0.159370200,-1.0767364501953125,0,415,0.159370200
416,0.159754224,-1.0706329345703125,0,416,0.159754224
417,0.160138249,-1.0755538940429688,0,417,0.160138249
418,0.160522273,-1.0830879211425781,0,418,0.160522273
419,0.160906298,-1.0851478576660156,0,419,0.160906298
420,0.161290323,-1.1038780212402344,0,420,0.161290323
421,0.161674347,-1.1168098449707031,0,421,0.161674347
422,0.162058372,-1.1231613159179688,0,422,0.162058372
423,0.162442396,-1.1266326904296875,0,423,0.162442396
424,0.162826421,-1.1277008056640625,0,424,0.162826421
425,0.163210445,-1.1350822448730469,0,425,0.163210445
426,0.163594470,-1.139984130859375,0,426,0.163594470
427,0.163978495,-1.1471748352050781,0,427,0.163978495
428,0.164362519,-1.1601829528808594,0,428,0.164362519
429,0.164746544,-1.1706924438476562,0,429,0.164746544
430,0.165130568,-1.1996650695800781,0,430,0.165130568
431,0.165514593,-1.2013626098632812,0,431,0.165514593
432,0.165898618,-1.2048530578613281,0,432,0.165898618
433,0.166282642,-1.212310791015625,0,433,0.166282642
434,0.166666667,-1.2042617797851562,0,434,0.166666667
435,0.167050691,-1.1856651306152344,0,435,0.167050691
436,0.167434716,-1.1688232421875,0,436,0.167434716
437,0.167818740,-1.1584854125976562,0,437,0.167818740
438,0.168202765,-1.1462593078613281,0,438,0.168202765
439,0.168586790,-1.1419105529785156,0,439,0.168586790
440,0.168970814,-1.1372566223144531,0,440,0.168970814
441,0.169354839,-1.1089897155761719,0,441,0.169354839
442,0.169738863,-1.072540283203125,0,442,0.169738863
443,0.170122888,-1.0634994506835938,0,443,0.170122888
444,0.170506912,-1.0619544982910156,0,444,0.170506912
445,0.170890937,-1.0650825500488281,0,445,0.170890937
446,0.171274962,-1.0652732849121094,0,446,0.171274962
447,0.171658986,-1.0718917846679688,0,447,0.171658986
448,0.172043011,-1.0642433166503906,0,448,0.172043011
449,0.172427035,-1.0619354248046875,0,449,0.172427035
450,0.172811060,-1.0575294494628906,0,450,0.172811060
451,0.173195084,-1.0445022583007812,0,451,0.173195084
452,0.173579109,-1.0378265380859375,0,452,0.173579109
453,0.173963134,-1.0303688049316406,0,453,0.173963134
454,0.174347158,-1.0215377807617188,0,454,0.174347158
455,0.174731183,-1.0175514221191406,0,455,0.174731183
456,0.175115207,-1.0089492797851562,0,456,0.175115207
457,0.175499232,-0.9728240966796875,0,457,0.175499232
458,0.175883257,-0.9587669372558594,0,458,0.175883257
459,0.176267281,-0.9747695922851562,0,459,0.176267281
460,0.176651306,-0.9971809387207031,0,460,0.176651306
461,0.177035330,-1.0237503051757812,0,461,0.177035330
462,0.177419355,-1.0722732543945312,0,462,0.177419355
463,0.177803379,-1.0953521728515625,0,463,0.177803379
464,0.178187404,-1.1002349853515625,0,464,0.178187404
465,0.178571429,-1.0960960388183594,0,465,0.178571429
466,0.178955453,-1.0880088806152344,0,466,0.178955453
467,0.179339478,-1.07940673828125,0,467,0.179339478
468,0.179723502,-1.0800552368164062,0,468,0.179723502
469,0.180107527,-1.0837745666503906,0,469,0.180107527
470,0.180491551,-1.092987060546875,0,470,0.180491551
471,0.180875576,-1.1034774780273438,0,471,0.180875576
472,0.181259601,-1.1099815368652344,0,472,0.181259601
473,0.181643625,-1.1137962341308594,0,473,0.181643625
474,0.182027650,-1.1193084716796875,0,474,0.182027650
475,0.182411674,-1.136932373046875,0,475,0.182411674
476,0.182795699,-1.1554718017578125,0,476,0.182795699
477,0.183179724,-1.1626815795898438,0,477,0.183179724
478,0.183563748,-1.1643218994140625,0,478,0.183563748
479,0.183947773,-1.1624526977539062,0,479,0.183947773
480,0.184331797,-1.1701583862304688,0,480,0.184331797
481,0.184715822,-1.1945724487304688,0,481,0.184715822
482,0.185099846,-1.2036895751953125,0,482,0.185099846
483,0.185483871,-1.2062644958496094,0,483,0.185483871
484,0.185867896,-1.2011146545410156,0,484,0.185867896
485,0.186251920,-1.21307373046875,0,485,0.186251920
486,0.186635945,-1.2084007263183594,0,486,0.186635945
487,0.187019969,-1.1986160278320312,0,487,0.187019969
488,0.187403994,-1.185760498046875,0,488,0.187403994
489,0.187788018,-1.164398193359375,0,489,0.187788018
490,0.188172043,-1.1379623413085938,0,490,0.188172043
491,0.188556068,-1.1194038391113281,0,491,0.188556068
492,0.188940092,-1.1156463623046875,0,492,0.188940092
493,0.189324117,-1.1103057861328125,0,493,0.189324117
494,0.189708141,-1.1088752746582031,0,494,0.189708141
495,0.190092166,-1.1049079895019531,0,495,0.190092166
496,0.190476190,-1.0837364196777344,0,496,0.190476190
497,0.190860215,-1.0622215270996094,0,497,0.190860215
498,0.191244240,-1.0721778869628906,0,498,0.191244240
499,0.191628264,-1.0726547241210938,0,499,0.191628264
500,0.192012289,-1.066131591796875,0,500,0.192012289
501,0.192396313,-1.0603904724121094,0,501,0.192396313
502,0.192780338,-1.058349609375,0,502,0.192780338
503,0.193164363,-1.0625839233398438,0,503,0.193164363
504,0.193548387,-1.0566520690917969,0,504,0.193548387
505,0.193932412,-1.0403633117675781,0,505,0.193932412
506,0.194316436,-1.0290145874023438,0,506,0.194316436
507,0.194700461,-1.0136604309082031,0,507,0.194700461
508,0.195084485,-1.0091972351074219,0,508,0.195084485
509,0.195468510,-1.0024642944335938,0,509,0.195468510
510,0.195852535,-1.0080146789550781,0,510,0.195852535
511,0.196236559,-1.0157203674316406,0,511,0.196236559
512,0.196620584,-1.0240364074707031,0,512,0.196620584
513,0.197004608,-1.0316085815429688,0,513,0.197004608
514,0.197388633,-1.0462379455566406,0,514,0.197388633
515,0.197772657,-1.0510063171386719,0,515,0.197772657
516,0.198156682,-1.0626029968261719,0,516,0.198156682
517,0.198540707,-1.0758209228515625,0,517,0.198540707
518,0.198924731,-1.0703468322753906,0,518,0.198924731
519,0.199308756,-1.0700225830078125,0,519,0.199308756
520,0.199692780,-1.0827064514160156,0,520,0.199692780
521,0.200076805,-1.0992431640625,0,521,0.200076805
522,0.200460829,-1.1105728149414062,0,522,0.200460829
523,0.200844854,-1.1115837097167969,0,523,0.200844854
524,0.201228879,-1.1199188232421875,0,524,0.201228879
525,0.201612903,-1.1258316040039062,0,525,0.201612903
526,0.201996928,-1.12579345703125,0,526,0.201996928
527,0.202380952,-1.1300277709960938,0,527,0.202380952
528,0.202764977,-1.1328315734863281,0,528,0.202764977
529,0.203149002,-1.1345863342285156,0,529,0.203149002
530,0.203533026,-1.1410713195800781,0,530,0.203533026
531,0.203917051,-1.1513137817382812,0,531,0.203917051
532,0.204301075,-1.1665725708007812,0,532,0.204301075
533,0.204685100,-1.1835289001464844,0,533,0.204685100
534,0.205069124,-1.2066078186035156,0,534,0.205069124
535,0.205453149,-1.2208175659179688,0,535,0.205453149
536,0.205837174,-1.2132644653320312,0,536,0.205837174
537,0.206221198,-1.2058830261230469,0,537,0.206221198
538,0.206605223,-1.1924552917480469,0,538,0.206605223
539,0.206989247,-1.1811447143554688,0,539,0.206989247
540,0.207373272,-1.1601638793945312,0,540,0.207373272
541,0.207757296,-1.1426544189453125,0,541,0.207757296
542,0.208141321,-1.1387252807617188,0,542,0.208141321
543,0.208525346,-1.1382484436035156,0,543,0.208525346
544,0.208909370,-1.1318397521972656,0,544,0.208909370
545,0.209293395,-1.1266708374023438,0,545,0.209293395
546,0.209677419,-1.1127471923828125,0,546,0.209677419
547,0.210061444,-1.1013984680175781,0,547,0.210061444
548,0.210445469,-1.0869979858398438,0,548,0.210445469
549,0.210829493,-1.0799598693847656,0,549,0.210829493
550,0.211213518,-1.0668563842773438,0,550,0.211213518
551,0.211597542,-1.0618782043457031,0,551,0.211597542
552,0.211981567,-1.0647773742675781,0,552,0.211981567
553,0.212365591,-1.061553955078125,0,553,0.212365591
554,0.212749616,-1.0529899597167969,0,554,0.212749616
555,0.213133641,-1.0525894165039062,0,555,0.213133641
556,0.213517665,-1.038818359375,0,556,0.213517665
557,0.213901690,-1.0341644287109375,0,557,0.213901690
558,0.214285714,-1.0263824462890625,0,558,0.214285714
559,0.214669739,-1.0128593444824219,0,559,0.214669739
560,0.215053763,-1.0052871704101562,0,560,0.215053763
561,0.215437788,-1.00494384765625,0,561,0.215437788
562,0.215821813,-1.0096931457519531,0,562,0.215821813
563,0.216205837,-1.0225868225097656,0,563,0.216205837
564,0.216589862,-1.0330390930175781,0,564,0.216589862
565,0.216973886,-1.0456466674804688,0,565,0.216973886
566,0.217357911,-1.0503578186035156,0,566,0.217357911
567,0.217741935,-1.0552215576171875,0,567,0.217741935
568,0.218125960,-1.0672569274902344,0,568,0.218125960
569,0.218509985,-1.074676513671875,0,569,0.218509985
570,0.218894009,-1.0833740234375,0,570,0.218894009
571,0.219278034,-1.0887527465820312,0,571,0.219278034
572,0.219662058,-1.0918426513671875,0,572,0.219662058
573,0.220046083,-1.0907554626464844,0,573,0.220046083
574,0.220430108,-1.0884666442871094,0,574,0.220430108
575,0.220814132,-1.1041641235351562,0,575,0.220814132
576,0.221198157,-1.118011474609375,0,576,0.221198157
577,0.221582181,-1.1237144470214844,0,577,0.221582181
578,0.221966206,-1.1365318298339844,0,578,0.221966206
579,0.222350230,-1.1391448974609375,0,579,0.222350230
580,0.222734255,-1.1391258239746094,0,580,0.222734255
581,0.223118280,-1.1370277404785156,0,581,0.223118280
582,0.223502304,-1.1395454406738281,0,582,0.223502304
583,0.223886329,-1.1509323120117188,0,583,0.223886329
584,0.224270353,-1.1639976501464844,0,584,0.224270353
585,0.224654378,-1.1831283569335938,0,585,0.224654378
586,0.225038402,-1.2082862854003906,0,586,0.225038402
587,0.225422427,-1.2239837646484375,0,587,0.225422427
588,0.225806452,-1.2306785583496094,0,588,0.225806452
589,0.226190476,-1.2134170532226562,0,589,0.226190476
590,0.226574501,-1.1968612670898438,0,590,0.226574501
591,0.226958525,-1.1715316772460938,0,591,0.226958525
592,0.227342550,-1.125640869140625,0,592,0.227342550
593,0.227726575,-1.103668212890625,0,593,0.227726575
594,0.228110599,-1.1222457885742188,0,594,0.228110599
595,0.228494624,-1.1296272277832031,0,595,0.228494624
596,0.228878648,-1.1344337463378906,0,596,0.228878648
597,0.229262673,-1.1343765258789062,0,597,0.229262673
598,0.229646697,-1.1162376403808594,0,598,0.229646697
599,0.230030722,-1.0930252075195312,0,599,0.230030722
600,0.230414747,-1.0834503173828125,0,600,0.230414747
601,0.230798771,-1.0869407653808594,0,601,0.230798771
602,0.231182796,-1.0891151428222656,0,602,0.231182796
603,0.231566820,-1.0709190368652344,0,603,0.231566820
604,0.231950845,-1.0652732849121094,0,604,0.231950845
605,0.232334869,-1.0647773742675781,0,605,0.232334869
606,0.232718894,-1.0455131530761719,0,606,0.232718894
607,0.233102919,-1.0066413879394531,0,607,0.233102919
608,0.233486943,-0.9900093078613281,0,608,0.233486943
609,0.233870968,-0.994873046875,0,609,0.233870968
610,0.234254992,-1.0031890869140625,0,610,0.234254992
611,0.234639017,-1.0132789611816406,0,611,0.234639017
612,0.235023041,-1.0469818115234375,0,612,0.235023041
613,0.235407066,-1.0491180419921875,0,613,0.235407066
614,0.235791091,-1.0371017456054688,0,614,0.235791091
615,0.236175115,-1.0280227661132812,0,615,0.236175115
616,0.236559140,-1.0337448120117188,0,616,0.236559140
617,0.236943164,-1.0387229919433594,0,617,0.236943164
618,0.237327189,-1.0490608215332031,0,618,0.237327189
619,0.237711214,-1.0653877258300781,0,619,0.237711214
620,0.238095238,-1.0739517211914062,0,620,0.238095238
621,0.238479263,-1.06597900390625,0,621,0.238479263
622,0.238863287,-1.0587120056152344,0,622,0.238863287
623,0.239247312,-1.0760307312011719,0,623,0.239247312
624,0.239631336,-1.0970115661621094,0,624,0.239631336
625,0.240015361,-1.1269760131835938,0,625,0.240015361
626,0.240399386,-1.1517906188964844,0,626,0.240399386
627,0.240783410,-1.1507987976074219,0,627,0.240783410
628,0.241167435,-1.1469459533691406,0,628,0.241167435
629,0.241551459,-1.1345863342285156,0,629,0.241551459
630,0.241935484,-1.1340713500976562,0,630,0.241935484
631,0.242319508,-1.1375236511230469,0,631,0.242319508
632,0.242703533,-1.1397743225097656,0,632,0.242703533
633,0.243087558,-1.1496925354003906,0,633,0.243087558
634,0.243471582,-1.1565971374511719,0,634,0.243471582
635,0.243855607,-1.1690139770507812,0,635,0.243855607
636,0.244239631,-1.1858177185058594,0,636,0.244239631
637,0.244623656,-1.2045860290527344,0,637,0.244623656
638,0.245007680,-1.2084770202636719,0,638,0.245007680
639,0.245391705,-1.2131309509277344,0,639,0.245391705
640,0.245775730,-1.2006950378417969,0,640,0.245775730
641,0.246159754,-1.1951828002929688,0,641,0.246159754
642,0.246543779,-1.1889076232910156,0,642,0.246543779
643,0.246927803,-1.1808586120605469,0,643,0.246927803
644,0.247311828,-1.1623954772949219,0,644,0.247311828
645,0.247695853,-1.1442375183105469,0,645,0.247695853
646,0.248079877,-1.1325454711914062,0,646,0.248079877
647,0.248463902,-1.1279106140136719,0,647,0.248463902
648,0.248847926,-1.1397171020507812,0,648,0.248847926
649,0.249231951,-1.1368370056152344,0,649,0.249231951
650,0.249615975,-1.12548828125,0,650,0.249615975
651,0.250000000,-1.1236572265625,0,651,0.250000000
652,0.250384025,-1.1070823669433594,0,652,0.250384025
653,0.250768049,-1.0919761657714844,0,653,0.250768049
654,0.251152074,-1.077880859375,0,654,0.251152074
655,0.251536098,-1.0645675659179688,0,655,0.251536098
656,0.251920123,-1.054534912109375,0,656,0.251920123
657,0.252304147,-1.060943603515625,0,657,0.252304147
658,0.252688172,-1.05224609375,0,658,0.252688172
659,0.253072197,-1.05255126953125,0,659,0.253072197
660,0.253456221,-1.0435867309570312,0,660,0.253456221
661,0.253840246,-1.0421562194824219,0,661,0.253840246
662,0.254224270,-1.0297775268554688,0,662,0.254224270
663,0.254608295,-1.0185813903808594,0,663,0.254608295
664,0.254992320,-1.0103034973144531,0,664,0.254992320
665,0.255376344,-1.014404296875,0,665,0.255376344
666,0.255760369,-1.0158920288085938,0,666,0.255760369
667,0.256144393,-1.0187530517578125,0,667,0.256144393
668,0.256528418,-1.0257148742675781,0,668,0.256528418
669,0.256912442,-1.0374641418457031,0,669,0.256912442
670,0.257296467,-1.0494232177734375,0,670,0.257296467
671,0.257680492,-1.06475830078125,0,671,0.257680492
672,0.258064516,-1.0856437683105469,0,672,0.258064516
673,0.258448541,-1.0989189147949219,0,673,0.258448541
674,0.258832565,-1.0993385314941406,0,674,0.258832565
675,0.259216590,-1.0908699035644531,0,675,0.259216590
676,0.259600614,-1.0987663269042969,0,676,0.259600614
677,0.259984639,-1.0994338989257812,0,677,0.259984639
678,0.260368664,-1.1062431335449219,0,678,0.260368664
679,0.260752688,-1.1184310913085938,0,679,0.260752688
680,0.261136713,-1.1234283447265625,0,680,0.261136713
681,0.261520737,-1.135101318359375,0,681,0.261520737
682,0.261904762,-1.1423110961914062,0,682,0.261904762
683,0.262288786,-1.14410400390625,0,683,0.262288786
684,0.262672811,-1.1467933654785156,0,684,0.262672811
685,0.263056836,-1.1498451232910156,0,685,0.263056836
686,0.263440860,-1.1547088623046875,0,686,0.263440860
687,0.263824885,-1.1586761474609375,0,687,0.263824885
688,0.264208909,-1.1770439147949219,0,688,0.264208909
689,0.264592934,-1.195831298828125,0,689,0.264592934
690,0.264976959,-1.2148666381835938,0,690,0.264976959
691,0.265360983,-1.2209510803222656,0,691,0.265360983
692,0.265745008,-1.2267875671386719,0,692,0.265745008
693,0.266129032,-1.2111282348632812,0,693,0.266129032
694,0.266513057,-1.1942672729492188,0,694,0.266513057
695,0.266897081,-1.180267333984375,0,695,0.266897081
696,0.267281106,-1.1725807189941406,0,696,0.267281106
697,0.267665131,-1.1622238159179688,0,697,0.267665131
698,0.268049155,-1.149139404296875,0,698,0.268049155
699,0.268433180,-1.131439208984375,0,699,0.268433180
700,0.268817204,-1.1171150207519531,0,700,0.268817204
701,0.269201229,-1.1092376708984375,0,701,0.269201229
702,0.269585253,-1.1044502258300781,0,702,0.269585253
703,0.269969278,-1.0988235473632812,0,703,0.269969278
704,0.270353303,-1.0922050476074219,0,704,0.270353303
705,0.270737327,-1.0930061340332031,0,705,0.270737327
706,0.271121352,-1.0911941528320312,0,706,0.271121352
707,0.271505376,-1.0716056823730469,0,707,0.271505376
708,0.271889401,-1.074981689453125,0,708,0.271889401
709,0.272273425,-1.0680961608886719,0,709,0.272273425
710,0.272657450,-1.0658836364746094,0,710,0.272657450
711,0.273041475,-1.0602760314941406,0,711,0.273041475
712,0.273425499,-1.0517120361328125,0,712,0.273425499
713,0.273809524,-1.0424041748046875,0,713,0.273809524
714,0.274193548,-1.0329055786132812,0,714,0.274193548
715,0.274577573,-1.027374267578125,0,715,0.274577573
716,0.274961598,-1.0160446166992188,0,716,0.274961598
717,0.275345622,-1.00738525390625,0,717,0.275345622
718,0.275729647,-1.0026359558105469,0,718,0.275729647
719,0.276113671,-1.01654052734375,0,719,0.276113671
720,0.276497696,-1.0285758972167969,0,720,0.276497696
721,0.276881720,-1.0527992248535156,0,721,0.276881720
722,0.277265745,-1.0688972473144531,0,722,0.277265745
723,0.277649770,-1.0890579223632812,0,723,0.277649770
724,0.278033794,-1.1013412475585938,0,724,0.278033794
725,0.278417819,-1.0943603515625,0,725,0.278417819
726,0.278801843,-1.0926055908203125,0,726,0.278801843
727,0.279185868,-1.0966682434082031,0,727,0.279185868
728,0.279569892,-1.1021232604980469,0,728,0.279569892
729,0.279953917,-1.0980224609375,0,729,0.279953917
730,0.280337942,-1.1030387878417969,0,730,0.280337942
731,0.280721966,-1.116943359375,0,731,0.280721966
732,0.281105991,-1.1188507080078125,0,732,0.281105991
733,0.281490015,-1.12335205078125,0,733,0.281490015
734,0.281874040,-1.1409187316894531,0,734,0.281874040
735,0.282258065,-1.1442947387695312,0,735,0.282258065
736,0.282642089,-1.1472129821777344,0,736,0.282642089
737,0.283026114,-1.1543083190917969,0,737,0.283026114
738,0.283410138,-1.1683464050292969,0,738,0.283410138
739,0.283794163,-1.1826133728027344,0,739,0.283794163
740,0.284178187,-1.2007904052734375,0,740,0.284178187
741,0.284562212,-1.1879158020019531,0,741,0.284562212
742,0.284946237,-1.1681175231933594,0,742,0.284946237
743,0.285330261,-1.1729240417480469,0,743,0.285330261
744,0.285714286,-1.1854743957519531,0,744,0.285714286
745,0.286098310,-1.1910820007324219,0,745,0.286098310
746,0.286482335,-1.1856460571289062,0,746,0.286482335
747,0.286866359,-1.184234619140625,0,747,0.286866359
748,0.287250384,-1.171875,0,748,0.287250384
749,0.287634409,-1.1583518981933594,0,749,0.287634409
750,0.288018433,-1.148529052734375,0,750,0.288018433
751,0.288402458,-1.1291885375976562,0,751,0.288402458
752,0.288786482,-1.1091804504394531,0,752,0.288786482
753,0.289170507,-1.0964775085449219,0,753,0.289170507
754,0.289554531,-1.0930442810058594,0,754,0.289554531
755,0.289938556,-1.0910606384277344,0,755,0.289938556
756,0.290322581,-1.0742568969726562,0,756,0.290322581
757,0.290706605,-1.0296630859375,0,757,0.290706605
758,0.291090630,-1.0260772705078125,0,758,0.291090630
759,0.291474654,-1.0419464111328125,0,759,0.291474654
760,0.291858679,-1.0571861267089844,0,760,0.291858679
761,0.292242704,-1.0775947570800781,0,761,0.292242704
762,0.292626728,-1.1159896850585938,0,762,0.292626728
763,0.293010753,-1.1116790771484375,0,763,0.293010753
764,0.293394777,-1.0878372192382812,0,764,0.293394777
765,0.293778802,-1.0537528991699219,0,765,0.293778802
766,0.294162826,-1.0214996337890625,0,766,0.294162826
767,0.294546851,-1.0048866271972656,0,767,0.294546851
768,0.294930876,-0.9991455078125,0,768,0.294930876
769,0.295314900,-1.010284423828125,0,769,0.295314900
770,0.295698925,-1.0249137878417969,0,770,0.295698925
771,0.296082949,-1.0369491577148438,0,771,0.296082949
772,0.296466974,-1.0449409484863281,0,772,0.296466974
773,0.296850998,-1.0539054870605469,0,773,0.296850998
774,0.297235023,-1.0478591918945312,0,774,0.297235023
775,0.297619048,-1.0704803466796875,0,775,0.297619048
776,0.298003072,-1.1021041870117188,0,776,0.298003072
777,0.298387097,-1.1080741882324219,0,777,0.298387097
778,0.298771121,-1.1139106750488281,0,778,0.298771121
779,0.299155146,-1.1142730712890625,0,779,0.299155146
780,0.299539171,-1.1003303527832031,0,780,0.299539171
781,0.299923195,-1.105804443359375,0,781,0.299923195
782,0.300307220,-1.1144828796386719,0,782,0.300307220
783,0.300691244,-1.1190986633300781,0,783,0.300691244
784,0.301075269,-1.1255836486816406,0,784,0.301075269
785,0.301459293,-1.1408233642578125,0,785,0.301459293
786,0.301843318,-1.1513519287109375,0,786,0.301843318
787,0.302227343,-1.1516380310058594,0,787,0.302227343
788,0.302611367,-1.1565208435058594,0,788,0.302611367
789,0.302995392,-1.1704254150390625,0,789,0.302995392
790,0.303379416,-1.1699295043945312,0,790,0.303379416
791,0.303763441,-1.1830520629882812,0,791,0.303763441
792,0.304147465,-1.194915771484375,0,792,0.304147465
793,0.304531490,-1.2065505981445312,0,793,0.304531490
794,0.304915515,-1.212158203125,0,794,0.304915515
795,0.305299539,-1.2123680114746094,0,795,0.305299539
796,0.305683564,-1.2146568298339844,0,796,0.305683564
797,0.306067588,-1.2030982971191406,0,797,0.306067588
798,0.306451613,-1.1922073364257812,0,798,0.306451613
799,0.306835637,-1.1813163757324219,0,799,0.306835637
800,0.307219662,-1.16790771484375,0,800,0.307219662
801,0.307603687,-1.1478233337402344,0,801,0.307603687
802,0.307987711,-1.1416435241699219,0,802,0.307987711
803,0.308371736,-1.1324882507324219,0,803,0.308371736
804,0.308755760,-1.1244392395019531,0,804,0.308755760
805,0.309139785,-1.11328125,0,805,0.309139785
806,0.309523810,-1.104278564453125,0,806,0.309523810
807,0.309907834,-1.0832405090332031,0,807,0.309907834
808,0.310291859,-1.0701370239257812,0,808,0.310291859
809,0.310675883,-1.0869979858398438,0,809,0.310675883
810,0.311059908,-1.0902595520019531,0,810,0.311059908
811,0.311443932,-1.0825920104980469,0,811,0.311443932
812,0.311827957,-1.0719108581542969,0,812,0.311827957
813,0.312211982,-1.060943603515625,0,813,0.312211982
814,0.312596006,-1.0526275634765625,0,814,0.312596006
815,0.312980031,-1.046142578125,0,815,0.312980031
816,0.313364055,-1.0477828979492188,0,816,0.313364055
817,0.313748080,-1.04278564453125,0,817,0.313748080
818,0.314132104,-1.0281562805175781,0,818,0.314132104
819,0.314516129,-1.0208702087402344,0,819,0.314516129
820,0.314900154,-1.0171318054199219,0,820,0.314900154
821,0.315284178,-1.0236167907714844,0,821,0.315284178
822,0.315668203,-1.0293197631835938,0,822,0.315668203
823,0.316052227,-1.0353851318359375,0,823,0.316052227
824,0.316436252,-1.0477638244628906,0,824,0.316436252
825,0.316820276,-1.0518836975097656,0,825,0.316820276
826,0.317204301,-1.0580635070800781,0,826,0.317204301
827,0.317588326,-1.0653877258300781,0,827,0.317588326
828,0.317972350,-1.0763359069824219,0,828,0.317972350
829,0.318356375,-1.0808563232421875,0,829,0.318356375
830,0.318740399,-1.0908126831054688,0,830,0.318740399
831,0.319124424,-1.1010551452636719,0,831,0.319124424
832,0.319508449,-1.1153030395507812,0,832,0.319508449
833,0.319892473,-1.1127662658691406,0,833,0.319892473
834,0.320276498,-1.1145782470703125,0,834,0.320276498
835,0.320660522,-1.1278533935546875,0,835,0.320660522
836,0.321044547,-1.1355018615722656,0,836,0.321044547
837,0.321428571,-1.1429595947265625,0,837,0.321428571
838,0.321812596,-1.1429405212402344,0,838,0.321812596
839,0.322196621,-1.1414527893066406,0,839,0.322196621
840,0.322580645,-1.1462211608886719,0,840,0.322580645
841,0.322964670,-1.1609458923339844,0,841,0.322964670
842,0.323348694,-1.1772918701171875,0,842,0.323348694
843,0.323732719,-1.1867523193359375,0,843,0.323732719
844,0.324116743,-1.2014007568359375,0,844,0.324116743
845,0.324500768,-1.2084388732910156,0,845,0.324500768
846,0.324884793,-1.2120246887207031,0,846,0.324884793
847,0.325268817,-1.2114524841308594,0,847,0.325268817
848,0.325652842,-1.2020301818847656,0,848,0.325652842
849,0.326036866,-1.1870002746582031,0,849,0.326036866
850,0.326420891,-1.1777305603027344,0,850,0.326420891
851,0.326804916,-1.1677742004394531,0,851,0.326804916
852,0.327188940,-1.1555862426757812,0,852,0.327188940
853,0.327572965,-1.1528968811035156,0,853,0.327572965
854,0.327956989,-1.1433219909667969,0,854,0.327956989
855,0.328341014,-1.138763427734375,0,855,0.328341014
856,0.328725038,-1.1376380920410156,0,856,0.328725038
857,0.329109063,-1.120758056640625,0,857,0.329109063
858,0.329493088,-1.1031723022460938,0,858,0.329493088
859,0.329877112,-1.0777854919433594,0,859,0.329877112
860,0.330261137,-1.0623550415039062,0,860,0.330261137
861,0.330645161,-1.0692024230957031,0,861,0.330645161
862,0.331029186,-1.0640716552734375,0,862,0.331029186
863,0.331413210,-1.0699272155761719,0,863,0.331413210
864,0.331797235,-1.0746002197265625,0,864,0.331797235
865,0.332181260,-1.0748672485351562,0,865,0.332181260
866,0.332565284,-1.0616493225097656,0,866,0.332565284
867,0.332949309,-1.0404586791992188,0,867,0.332949309
868,0.333333333,-1.0370063781738281,0,868,0.333333333
869,0.333717358,-1.0473823547363281,0,869,0.333717358
870,0.334101382,-1.0426902770996094,0,870,0.334101382
871,0.334485407,-1.0326766967773438,0,871,0.334485407
872,0.334869432,-1.0220718383789062,0,872,0.334869432
873,0.335253456,-1.0042953491210938,0,873,0.335253456
874,0.335637481,-1.0096359252929688,0,874,0.335637481
875,0.336021505,-1.0228347778320312,0,875,0.336021505
876,0.336405530,-1.0356330871582031,0,876,0.336405530
877,0.336789555,-1.0513877868652344,0,877,0.336789555
878,0.337173579,-1.0648727416992188,0,878,0.337173579
879,0.337557604,-1.0747909545898438,0,879,0.337557604
880,0.337941628,-1.0732078552246094,0,880,0.337941628
881,0.338325653,-1.0875320434570312,0,881,0.338325653
882,0.338709677,-1.0976791381835938,0,882,0.338709677
883,0.339093702,-1.0980796813964844,0,883,0.339093702
884,0.339477727,-1.1151695251464844,0,884,0.339477727
885,0.339861751,-1.1185264587402344,0,885,0.339861751
886,0.340245776,-1.1277389526367188,0,886,0.340245776
887,0.340629800,-1.1279678344726562,0,887,0.340629800
888,0.341013825,-1.12823486328125,0,888,0.341013825
889,0.341397849,-1.1305427551269531,0,889,0.341397849
890,0.341781874,-1.1334991455078125,0,890,0.341781874
891,0.342165899,-1.1213111877441406,0,891,0.342165899
892,0.342549923,-1.1096000671386719,0,892,0.342549923
893,0.342933948,-1.1314201354980469,0,893,0.342933948
894,0.343317972,-1.1553382873535156,0,894,0.343317972
895,0.343701997,-1.1696052551269531,0,895,0.343701997
896,0.344086022,-1.1920547485351562,0,896,0.344086022
897,0.344470046,-1.2130928039550781,0,897,0.344470046
898,0.344854071,-1.2177848815917969,0,898,0.344854071
899,0.345238095,-1.2114143371582031,0,899,0.345238095
900,0.345622120,-1.1953163146972656,0,900,0.345622120
901,0.346006144,-1.1768150329589844,0,901,0.346006144
902,0.346390169,-1.1691665649414062,0,902,0.346390169
903,0.346774194,-1.161651611328125,0,903,0.346774194
904,0.347158218,-1.164093017578125,0,904,0.347158218
905,0.347542243,-1.1503982543945312,0,905,0.347542243
906,0.347926267,-1.1347198486328125,0,906,0.347926267
907,0.348310292,-1.0816192626953125,0,907,0.348310292
908,0.348694316,-1.0501289367675781,0,908,0.348694316
909,0.349078341,-1.0487937927246094,0,909,0.349078341
910,0.349462366,-1.0610008239746094,0,910,0.349462366
911,0.349846390,-1.0754203796386719,0,911,0.349846390
912,0.350230415,-1.1320114135742188,0,912,0.350230415
913,0.350614439,-1.1433029174804688,0,913,0.350614439
914,0.350998464,-1.1234474182128906,0,914,0.350998464
915,0.351382488,-1.0954856872558594,0,915,0.351382488
916,0.351766513,-1.0778999328613281,0,916,0.351766513
917,0.352150538,-1.064453125,0,917,0.352150538
918,0.352534562,-1.0462570190429688,0,918,0.352534562
919,0.352918587,-1.0223388671875,0,919,0.352918587
920,0.353302611,-1.0129547119140625,0,920,0.353302611
921,0.353686636,-0.9948348999023438,0,921,0.353686636
922,0.354070661,-1.002655029296875,0,922,0.354070661
923,0.354454685,-1.0142898559570312,0,923,0.354454685
924,0.354838710,-1.0164642333984375,0,924,0.354838710
925,0.355222734,-1.0316276550292969,0,925,0.355222734
926,0.355606759,-1.0614967346191406,0,926,0.355606759
927,0.355990783,-1.0632133483886719,0,927,0.355990783
928,0.356374808,-1.0631942749023438,0,928,0.356374808
929,0.356758833,-1.0727691650390625,0,929,0.356758833
930,0.357142857,-1.0792922973632812,0,930,0.357142857
931,0.357526882,-1.0742759704589844,0,931,0.357526882
932,0.357910906,-1.0797500610351562,0,932,0.357910906
933,0.358294931,-1.0944747924804688,0,933,0.358294931
934,0.358678955,-1.0996246337890625,0,934,0.358678955
935,0.359062980,-1.1064720153808594,0,935,0.359062980
936,0.359447005,-1.1127662658691406,0,936,0.359447005
937,0.359831029,-1.1160469055175781,0,937,0.359831029
938,0.360215054,-1.1195945739746094,0,938,0.360215054
939,0.360599078,-1.1175918579101562,0,939,0.360599078
940,0.360983103,-1.1232185363769531,0,940,0.360983103
941,0.361367127,-1.1334800720214844,0,941,0.361367127
942,0.361751152,-1.1389732360839844,0,942,0.361751152
943,0.362135177,-1.1492156982421875,0,943,0.362135177
944,0.362519201,-1.1550331115722656,0,944,0.362519201
945,0.362903226,-1.1604499816894531,0,945,0.362903226
946,0.363287250,-1.1697769165039062,0,946,0.363287250
947,0.363671275,-1.1846733093261719,0,947,0.363671275
948,0.364055300,-1.2073898315429688,0,948,0.364055300
949,0.364439324,-1.2208938598632812,0,949,0.364439324
950,0.364823349,-1.215667724609375,0,950,0.364823349
951,0.365207373,-1.2079811096191406,0,951,0.365207373
952,0.365591398,-1.1929130554199219,0,952,0.365591398
953,0.365975422,-1.1770439147949219,0,953,0.365975422
954,0.366359447,-1.1640548706054688,0,954,0.366359447
955,0.366743472,-1.1521720886230469,0,955,0.366743472
956,0.367127496,-1.148834228515625,0,956,0.367127496
957,0.367511521,-1.1348152160644531,0,957,0.367511521
958,0.367895545,-1.13616943359375,0,958,0.367895545
959,0.368279570,-1.121063232421875,0,959,0.368279570
960,0.368663594,-1.0943984985351562,0,960,0.368663594
961,0.369047619,-1.0886001586914062,0,961,0.369047619
962,0.369431644,-1.0826683044433594,0,962,0.369431644
963,0.369815668,-1.0850334167480469,0,963,0.369815668
964,0.370199693,-1.0851860046386719,0,964,0.370199693
965,0.370583717,-1.0853004455566406,0,965,0.370583717
966,0.370967742,-1.0787773132324219,0,966,0.370967742
967,0.371351767,-1.0661506652832031,0,967,0.371351767
968,0.371735791,-1.0534477233886719,0,968,0.371735791
969,0.372119816,-1.0560989379882812,0,969,0.372119816
970,0.372503840,-1.0625839233398438,0,970,0.372503840
971,0.372887865,-1.0490798950195312,0,971,0.372887865
972,0.373271889,-1.0347938537597656,0,972,0.373271889
973,0.373655914,-1.0255813598632812,0,973,0.373655914
974,0.374039939,-1.0136985778808594,0,974,0.374039939
975,0.374423963,-1.0211372375488281,0,975,0.374423963
976,0.374807988,-1.0231208801269531,0,976,0.374807988
977,0.375192012,-1.0260963439941406,0,977,0.375192012
978,0.375576037,-1.027679443359375,0,978,0.375576037
979,0.375960061,-1.0433006286621094,0,979,0.375960061
980,0.376344086,-1.055450439453125,0,980,0.376344086
981,0.376728111,-1.0552024841308594,0,981,0.376728111
982,0.377112135,-1.0621261596679688,0,982,0.377112135
983,0.377496160,-1.06536865234375,0,983,0.377496160
984,0.377880184,-1.0849571228027344,0,984,0.377880184
985,0.378264209,-1.0912704467773438,0,985,0.378264209
986,0.378648233,-1.0962295532226562,0,986,0.378648233
987,0.379032258,-1.1078071594238281,0,987,0.379032258
988,0.379416283,-1.1076927185058594,0,988,0.379416283
989,0.379800307,-1.1102676391601562,0,989,0.379800307
990,0.380184332,-1.1178970336914062,0,990,0.380184332
991,0.380568356,-1.1260604858398438,0,991,0.380568356
992,0.380952381,-1.1319160461425781,0,992,0.380952381
993,0.381336406,-1.1484718322753906,0,993,0.381336406
994,0.381720430,-1.1590194702148438,0,994,0.381720430
995,0.382104455,-1.1569404602050781,0,995,0.382104455
996,0.382488479,-1.1651229858398438,0,996,0.382488479
997,0.382872504,-1.1689376831054688,0,997,0.382872504
998,0.383256528,-1.1818504333496094,0,998,0.383256528
999,0.383640553,-1.1979484558105469,0,999,0.383640553
1000,0.384024578,-1.2043952941894531,0,1000,0.384024578
1001,0.384408602,-1.2047958374023438,0,1001,0.384408602
1002,0.384792627,-1.2073326110839844,0,1002,0.384792627
1003,0.385176651,-1.2027740478515625,0,1003,0.385176651
1004,0.385560676,-1.1995506286621094,0,1004,0.385560676
1005,0.385944700,-1.1864852905273438,0,1005,0.385944700
1006,0.386328725,-1.1779212951660156,0,1006,0.386328725
1007,0.386712750,-1.16424560546875,0,1007,0.386712750
1008,0.387096774,-1.1538124084472656,0,1008,0.387096774
1009,0.387480799,-1.1435127258300781,0,1009,0.387480799
1010,0.387864823,-1.1268234252929688,0,1010,0.387864823
1011,0.388248848,-1.1248588562011719,0,1011,0.388248848
1012,0.388632873,-1.1021804809570312,0,1012,0.388632873
1013,0.389016897,-1.0834503173828125,0,1013,0.389016897
1014,0.389400922,-1.0838508605957031,0,1014,0.389400922
1015,0.389784946,-1.0931205749511719,0,1015,0.389784946
1016,0.390168971,-1.0822105407714844,0,1016,0.390168971
1017,0.390552995,-1.0762214660644531,0,1017,0.390552995
1018,0.390937020,-1.0760879516601562,0,1018,0.390937020
1019,0.391321045,-1.0671806335449219,0,1019,0.391321045
1020,0.391705069,-1.0516166687011719,0,1020,0.391705069
1021,0.392089094,-1.0453414916992188,0,1021,0.392089094
1022,0.392473118,-1.0332489013671875,0,1022,0.392473118
1023,0.392857143,-1.0320281982421875,0,1023,0.392857143
1024,0.393241167,-1.0331535339355469,0,1024,0.393241167
1025,0.393625192,-1.0267448425292969,0,1025,0.393625192
1026,0.394009217,-1.0203170776367188,0,1026,0.394009217
1027,0.394393241,-1.0226058959960938,0,1027,0.394393241
1028,0.394777266,-1.033172607421875,0,1028,0.394777266
1029,0.395161290,-1.0372734069824219,0,1029,0.395161290
1030,0.395545315,-1.0414505004882812,0,1030,0.395545315
1031,0.395929339,-1.0509109497070312,0,1031,0.395929339
1032,0.396313364,-1.0458946228027344,0,1032,0.396313364
1033,0.396697389,-1.0501289367675781,0,1033,0.396697389
1034,0.397081413,-1.0590744018554688,0,1034,0.397081413
1035,0.397465438,-1.0748100280761719,0,1035,0.397465438
1036,0.397849462,-1.0875511169433594,0,1036,0.397849462
1037,0.398233487,-1.1014366149902344,0,1037,0.398233487
1038,0.398617512,-1.102752685546875,0,1038,0.398617512
1039,0.399001536,-1.1171913146972656,0,1039,0.399001536
1040,0.399385561,-1.1151313781738281,0,1040,0.399385561
1041,0.399769585,-1.1039352416992188,0,1041,0.399769585
1042,0.400153610,-1.0799217224121094,0,1042,0.400153610
1043,0.400537634,-1.0942840576171875,0,1043,0.400537634
1044,0.400921659,-1.1147117614746094,0,1044,0.400921659
1045,0.401305684,-1.1435127258300781,0,1045,0.401305684
1046,0.401689708,-1.1434364318847656,0,1046,0.401689708
1047,0.402073733,-1.15081787109375,0,1047,0.402073733
1048,0.402457757,-1.1494064331054688,0,1048,0.402457757
1049,0.402841782,-1.1536407470703125,0,1049,0.402841782
1050,0.403225806,-1.1775970458984375,0,1050,0.403225806
1051,0.403609831,-1.1955451965332031,0,1051,0.403609831
1052,0.403993856,-1.2080764770507812,0,1052,0.403993856
1053,0.404377880,-1.2144279479980469,0,1053,0.404377880
1054,0.404761905,-1.2144851684570312,0,1054,0.404761905
1055,0.405145929,-1.2074661254882812,0,1055,0.405145929
1056,0.405529954,-1.2055587768554688,0,1056,0.405529954
1057,0.405913978,-1.1399459838867188,0,1057,0.405913978
1058,0.406298003,-1.1109352111816406,0,1058,0.406298003
1059,0.406682028,-1.1065673828125,0,1059,0.406682028
1060,0.407066052,-1.1182022094726562,0,1060,0.407066052
1061,0.407450077,-1.1295509338378906,0,1061,0.407450077
1062,0.407834101,-1.1690902709960938,0,1062,0.407834101
1063,0.408218126,-1.1746025085449219,0,1063,0.408218126
1064,0.408602151,-1.1517906188964844,0,1064,0.408602151
1065,0.408986175,-1.1300277709960938,0,1065,0.408986175
1066,0.409370200,-1.0976409912109375,0,1066,0.409370200
1067,0.409754224,-1.0774421691894531,0,1067,0.409754224
1068,0.410138249,-1.0649490356445312,0,1068,0.410138249
1069,0.410522273,-1.0624122619628906,0,1069,0.410522273
1070,0.410906298,-1.065216064453125,0,1070,0.410906298
1071,0.411290323,-1.061248779296875,0,1071,0.411290323
1072,0.411674347,-1.0515975952148438,0,1072,0.411674347
1073,0.412058372,-1.0440635681152344,0,1073,0.412058372
1074,0.412442396,-1.032562255859375,0,1074,0.412442396
1075,0.412826421,-1.0431861877441406,0,1075,0.412826421
1076,0.413210445,-1.0555458068847656,0,1076,0.413210445
1077,0.413594470,-1.0411643981933594,0,1077,0.413594470
1078,0.413978495,-1.0390663146972656,0,1078,0.413978495
1079,0.414362519,-1.0321998596191406,0,1079,0.414362519
1080,0.414746544,-1.0312461853027344,0,1080,0.414746544
1081,0.415130568,-1.0330390930175781,0,1081,0.415130568
1082,0.415514593,-1.0413742065429688,0,1082,0.415514593
1083,0.415898618,-1.0537910461425781,0,1083,0.415898618
1084,0.416282642,-1.0679244995117188,0,1084,0.416282642
1085,0.416666667,-1.0819053649902344,0,1085,0.416666667
1086,0.417050691,-1.0873603820800781,0,1086,0.417050691
1087,0.417434716,-1.0915184020996094,0,1087,0.417434716
1088,0.417818740,-1.0904121398925781,0,1088,0.417818740
1089,0.418202765,-1.0825538635253906,0,1089,0.418202765
1090,0.418586790,-1.0882377624511719,0,1090,0.418586790
1091,0.418970814,-1.1001396179199219,0,1091,0.418970814
1092,0.419354839,-1.1075973510742188,0,1092,0.419354839
1093,0.419738863,-1.1142730712890625,0,1093,0.419738863
1094,0.420122888,-1.127166748046875,0,1094,0.420122888
1095,0.420506912,-1.1321258544921875,0,1095,0.420506912
1096,0.420890937,-1.1393356323242188,0,1096,0.420890937
1097,0.421274962,-1.1419486999511719,0,1097,0.421274962
1098,0.421658986,-1.1396598815917969,0,1098,0.421658986
1099,0.422043011,-1.1393928527832031,0,1099,0.422043011
1100,0.422427035,-1.1539649963378906,0,1100,0.422427035
1101,0.422811060,-1.1734962463378906,0,1101,0.422811060
1102,0.423195084,-1.1928176879882812,0,1102,0.423195084
1103,0.423579109,-1.204833984375,0,1103,0.423579109
1104,0.423963134,-1.2058067321777344,0,1104,0.423963134
1105,0.424347158,-1.2044334411621094,0,1105,0.424347158
1106,0.424731183,-1.2060356140136719,0,1106,0.424731183
1107,0.425115207,-1.2005233764648438,0,1107,0.425115207
1108,0.425499232,-1.1872291564941406,0,1108,0.425499232
1109,0.425883257,-1.1737251281738281,0,1109,0.425883257
1110,0.426267281,-1.1654853820800781,0,1110,0.426267281
1111,0.426651306,-1.1652565002441406,0,1111,0.426651306
1112,0.427035330,-1.1420059204101562,0,1112,0.427035330
1113,0.427419355,-1.1301231384277344,0,1113,0.427419355
1114,0.427803379,-1.1225509643554688,0,1114,0.427803379
1115,0.428187404,-1.1223793029785156,0,1115,0.428187404
1116,0.428571429,-1.107177734375,0,1116,0.428571429
1117,0.428955453,-1.0957908630371094,0,1117,0.428955453
1118,0.429339478,-1.0856246948242188,0,1118,0.429339478
1119,0.429723502,-1.0811805725097656,0,1119,0.429723502
1120,0.430107527,-1.0758018493652344,0,1120,0.430107527
1121,0.430491551,-1.0761260986328125,0,1121,0.430491551
1122,0.430875576,-1.0673141479492188,0,1122,0.430875576
1123,0.431259601,-1.0597610473632812,0,1123,0.431259601
1124,0.431643625,-1.0550498962402344,0,1124,0.431643625
1125,0.432027650,-1.0470962524414062,0,1125,0.432027650
1126,0.432411674,-1.0428237915039062,0,1126,0.432411674
1127,0.432795699,-1.035614013671875,0,1127,0.432795699
1128,0.433179724,-1.0216712951660156,0,1128,0.433179724
1129,0.433563748,-1.0225486755371094,0,1129,0.433563748
1130,0.433947773,-1.02294921875,0,1130,0.433947773
1131,0.434331797,-1.0150718688964844,0,1131,0.434331797
1132,0.434715822,-1.0272026062011719,0,1132,0.434715822
1133,0.435099846,-1.0316276550292969,0,1133,0.435099846
1134,0.435483871,-1.0400581359863281,0,1134,0.435483871
1135,0.435867896,-1.05316162109375,0,1135,0.435867896
1136,0.436251920,-1.0662651062011719,0,1136,0.436251920
1137,0.436635945,-1.0771369934082031,0,1137,0.436635945
1138,0.437019969,-1.0759735107421875,0,1138,0.437019969
1139,0.437403994,-1.0777664184570312,0,1139,0.437403994
1140,0.437788018,-1.0793495178222656,0,1140,0.437788018
1141,0.438172043,-1.0820198059082031,0,1141,0.438172043
1142,0.438556068,-1.0914039611816406,0,1142,0.438556068
1143,0.438940092,-1.1095428466796875,0,1143,0.438940092
1144,0.439324117,-1.1147117614746094,0,1144,0.439324117
1145,0.439708141,-1.1291694641113281,0,1145,0.439708141
1146,0.440092166,-1.1270713806152344,0,1146,0.440092166
1147,0.440476190,-1.133575439453125,0,1147,0.440476190
1148,0.440860215,-1.1321830749511719,0,1148,0.440860215
1149,0.441244240,-1.1388969421386719,0,1149,0.441244240
1150,0.441628264,-1.1496353149414062,0,1150,0.441628264
1151,0.442012289,-1.1526107788085938,0,1151,0.442012289
1152,0.442396313,-1.165771484375,0,1152,0.442396313
1153,0.442780338,-1.1769485473632812,0,1153,0.442780338
1154,0.443164363,-1.1958694458007812,0,1154,0.443164363
1155,0.443548387,-1.2074851989746094,0,1155,0.443548387
1156,0.443932412,-1.2157630920410156,0,1156,0.443932412
1157,0.444316436,-1.2232780456542969,0,1157,0.444316436
1158,0.444700461,-1.2193489074707031,0,1158,0.444700461
1159,0.445084485,-1.2087059020996094,0,1159,0.445084485
1160,0.445468510,-1.1873626708984375,0,1160,0.445468510
1161,0.445852535,-1.1727714538574219,0,1161,0.445852535
1162,0.446236559,-1.1565399169921875,0,1162,0.446236559
1163,0.446620584,-1.1552810668945312,0,1163,0.446620584
1164,0.447004608,-1.1558914184570312,0,1164,0.447004608
1165,0.447388633,-1.1446380615234375,0,1165,0.447388633
1166,0.447772657,-1.1292839050292969,0,1166,0.447772657
1167,0.448156682,-1.1145973205566406,0,1167,0.448156682
1168,0.448540707,-1.0961532592773438,0,1168,0.448540707
1169,0.448924731,-1.091461181640625,0,1169,0.448924731
1170,0.449308756,-1.0883140563964844,0,1170,0.449308756
1171,0.449692780,-1.07696533203125,0,1171,0.449692780
1172,0.450076805,-1.0589981079101562,0,1172,0.450076805
1173,0.450460829,-1.0558700561523438,0,1173,0.450460829
1174,0.450844854,-1.0577201843261719,0,1174,0.450844854
1175,0.451228879,-1.0581588745117188,0,1175,0.451228879
1176,0.451612903,-1.0543251037597656,0,1176,0.451612903
1177,0.451996928,-1.0607719421386719,0,1177,0.451996928
1178,0.452380952,-1.0565185546875,0,1178,0.452380952
1179,0.452764977,-1.0546302795410156,0,1179,0.452764977
1180,0.453149002,-1.0310935974121094,0,1180,0.453149002
1181,0.453533026,-1.0034561157226562,0,1181,0.453533026
1182,0.453917051,-0.9954071044921875,0,1182,0.453917051
1183,0.454301075,-0.9972572326660156,0,1183,0.454301075
1184,0.454685100,-0.9999275207519531,0,1184,0.454685100
1185,0.455069124,-1.0068321228027344,0,1185,0.455069124
1186,0.455453149,-1.0255241394042969,0,1186,0.455453149
1187,0.455837174,-1.0492134094238281,0,1187,0.455837174
1188,0.456221198,-1.0585403442382812,0,1188,0.456221198
1189,0.456605223,-1.0705375671386719,0,1189,0.456605223
1190,0.456989247,-1.0852622985839844,0,1190,0.456989247
1191,0.457373272,-1.0776138305664062,0,1191,0.457373272
1192,0.457757296,-1.0614967346191406,0,1192,0.457757296
1193,0.458141321,-1.0545158386230469,0,1193,0.458141321
1194,0.458525346,-1.0674095153808594,0,1194,0.458525346
1195,0.458909370,-1.0931968688964844,0,1195,0.458909370
1196,0.459293395,-1.1074638366699219,0,1196,0.459293395
1197,0.459677419,-1.1169815063476562,0,1197,0.459677419
1198,0.460061444,-1.1314964294433594,0,1198,0.460061444
1199,0.460445469,-1.1370277404785156,0,1199,0.460445469
1200,0.460829493,-1.1424446105957031,0,1200,0.460829493
1201,0.461213518,-1.134490966796875,0,1201,0.461213518
1202,0.461597542,-1.1397552490234375,0,1202,0.461597542
1203,0.461981567,-1.1526870727539062,0,1203,0.461981567
1204,0.462365591,-1.1675834655761719,0,1204,0.462365591
1205,0.462749616,-1.1778068542480469,0,1205,0.462749616
1206,0.463133641,-1.1868095397949219,0,1206,0.463133641
1207,0.463517665,-1.1558723449707031,0,1207,0.463517665
1208,0.463901690,-1.1518096923828125,0,1208,0.463901690
1209,0.464285714,-1.1659622192382812,0,1209,0.464285714
1210,0.464669739,-1.1936569213867188,0,1210,0.464669739
1211,0.465053763,-1.1990165710449219,0,1211,0.465053763
1212,0.465437788,-1.2241744995117188,0,1212,0.465437788
1213,0.465821813,-1.216278076171875,0,1213,0.465821813
1214,0.466205837,-1.1863136291503906,0,1214,0.466205837
1215,0.466589862,-1.1601066589355469,0,1215,0.466589862
1216,0.466973886,-1.1347579956054688,0,1216,0.466973886
1217,0.467357911,-1.1230659484863281,0,1217,0.467357911
1218,0.467741935,-1.1102104187011719,0,1218,0.467741935
1219,0.468125960,-1.0968208312988281,0,1219,0.468125960
1220,0.468509985,-1.08917236328125,0,1220,0.468509985
1221,0.468894009,-1.0915184020996094,0,1221,0.468894009
1222,0.469278034,-1.0902023315429688,0,1222,0.469278034
1223,0.469662058,-1.08184814453125,0,1223,0.469662058
1224,0.470046083,-1.0676193237304688,0,1224,0.470046083
1225,0.470430108,-1.0793304443359375,0,1225,0.470430108
1226,0.470814132,-1.0976219177246094,0,1226,0.470814132
1227,0.471198157,-1.0916900634765625,0,1227,0.471198157
1228,0.471582181,-1.0615348815917969,0,1228,0.471582181
1229,0.471966206,-1.0507965087890625,0,1229,0.471966206
1230,0.472350230,-1.0382652282714844,0,1230,0.472350230
1231,0.472734255,-1.0357093811035156,0,1231,0.472734255
1232,0.473118280,-1.0273933410644531,0,1232,0.473118280
1233,0.473502304,-1.0257339477539062,0,1233,0.473502304
1234,0.473886329,-1.0164833068847656,0,1234,0.473886329
1235,0.474270353,-1.0052108764648438,0,1235,0.474270353
1236,0.474654378,-1.0118293762207031,0,1236,0.474654378
1237,0.475038402,-1.0200691223144531,0,1237,0.475038402
1238,0.475422427,-1.028289794921875,0,1238,0.475422427
1239,0.475806452,-1.0522651672363281,0,1239,0.475806452
1240,0.476190476,-1.0617256164550781,0,1240,0.476190476
1241,0.476574501,-1.0763168334960938,0,1241,0.476574501
1242,0.476958525,-1.0766220092773438,0,1242,0.476958525
1243,0.477342550,-1.0844993591308594,0,1243,0.477342550
1244,0.477726575,-1.0913658142089844,0,1244,0.477726575
1245,0.478110599,-1.0890007019042969,0,1245,0.478110599
1246,0.478494624,-1.0987472534179688,0,1246,0.478494624
1247,0.478878648,-1.1050224304199219,0,1247,0.478878648
1248,0.479262673,-1.1075210571289062,0,1248,0.479262673
1249,0.479646697,-1.1252784729003906,0,1249,0.479646697
1250,0.480030722,-1.1321830749511719,0,1250,0.480030722
1251,0.480414747,-1.135711669921875,0,1251,0.480414747
1252,0.480798771,-1.1440658569335938,0,1252,0.480798771
1253,0.481182796,-1.1480331420898438,0,1253,0.481182796
1254,0.481566820,-1.1564445495605469,0,1254,0.481566820
1255,0.481950845,-1.1706352233886719,0,1255,0.481950845
1256,0.482334869,-1.1820602416992188,0,1256,0.482334869
1257,0.482718894,-1.188201904296875,0,1257,0.482718894
1258,0.483102919,-1.1989212036132812,0,1258,0.483102919
1259,0.483486943,-1.2119293212890625,0,1259,0.483486943
1260,0.483870968,-1.2102317810058594,0,1260,0.483870968
1261,0.484254992,-1.2068367004394531,0,1261,0.484254992
1262,0.484639017,-1.1966323852539062,0,1262,0.484639017
1263,0.485023041,-1.1863517761230469,0,1263,0.485023041
1264,0.485407066,-1.1750221252441406,0,1264,0.485407066
1265,0.485791091,-1.1576461791992188,0,1265,0.485791091
1266,0.486175115,-1.1493873596191406,0,1266,0.486175115
1267,0.486559140,-1.1407470703125,0,1267,0.486559140
1268,0.486943164,-1.125640869140625,0,1268,0.486943164
1269,0.487327189,-1.1231231689453125,0,1269,0.487327189
1270,0.487711214,-1.1201286315917969,0,1270,0.487711214
1271,0.488095238,-1.1038589477539062,0,1271,0.488095238
1272,0.488479263,-1.0956764221191406,0,1272,0.488479263
1273,0.488863287,-1.0857963562011719,0,1273,0.488863287
1274,0.489247312,-1.0822486877441406,0,1274,0.489247312
1275,0.489631336,-1.0766983032226562,0,1275,0.489631336
1276,0.490015361,-1.0701751708984375,0,1276,0.490015361
1277,0.490399386,-1.07086181640625,0,1277,0.490399386
1278,0.490783410,-1.0564231872558594,0,1278,0.490783410
1279,0.491167435,-1.0541343688964844,0,1279,0.491167435
1280,0.491551459,-1.0443115234375,0,1280,0.491551459
1281,0.491935484,-1.0442733764648438,0,1281,0.491935484
1282,0.492319508,-1.0319709777832031,0,1282,0.492319508
1283,0.492703533,-1.0321998596191406,0,1283,0.492703533
1284,0.493087558,-1.0351753234863281,0,1284,0.493087558
1285,0.493471582,-1.033477783203125,0,1285,0.493471582
1286,0.493855607,-1.0246658325195312,0,1286,0.493855607
1287,0.494239631,-1.0205268859863281,0,1287,0.494239631
1288,0.494623656,-1.0238075256347656,0,1288,0.494623656
1289,0.495007680,-1.0375404357910156,0,1289,0.495007680
1290,0.495391705,-1.0421371459960938,0,1290,0.495391705
1291,0.495775730,-1.0561370849609375,0,1291,0.495775730
1292,0.496159754,-1.0594940185546875,0,1292,0.496159754
1293,0.496543779,-1.0691452026367188,0,1293,0.496543779
1294,0.496927803,-1.0787010192871094,0,1294,0.496927803
1295,0.497311828,-1.0900688171386719,0,1295,0.497311828
1296,0.497695853,-1.1004829406738281,0,1296,0.497695853
1297,0.498079877,-1.0992050170898438,0,1297,0.498079877
1298,0.498463902,-1.1104583740234375,0,1298,0.498463902
1299,0.498847926,-1.1169242858886719,0,1299,0.498847926
1300,0.499231951,-1.11907958984375,0,1300,0.499231951
1301,0.499615975,-1.1224365234375,0,1301,0.499615975
1302,0.500000000,-1.1340522766113281,0,1302,0.500000000
1303,0.500384025,-1.1466407775878906,0,1303,0.500384025
1304,0.500768049,-1.1475753784179688,0,1304,0.500768049
1305,0.501152074,-1.1474227905273438,0,1305,0.501152074
1306,0.501536098,-1.1561012268066406,0,1306,0.501536098
1307,0.501920123,-1.1615753173828125,0,1307,0.501920123
1308,0.502304147,-1.1692428588867188,0,1308,0.502304147
1309,0.502688172,-1.1779212951660156,0,1309,0.502688172
1310,0.503072197,-1.1986732482910156,0,1310,0.503072197
1311,0.503456221,-1.2131500244140625,0,1311,0.503456221
1312,0.503840246,-1.2103271484375,0,1312,0.503840246
1313,0.504224270,-1.2079429626464844,0,1313,0.504224270
1314,0.504608295,-1.2115287780761719,0,1314,0.504608295
1315,0.504992320,-1.2001609802246094,0,1315,0.504992320
1316,0.505376344,-1.1917877197265625,0,1316,0.505376344
1317,0.505760369,-1.1766433715820312,0,1317,0.505760369
1318,0.506144393,-1.1632347106933594,0,1318,0.506144393
1319,0.506528418,-1.145172119140625,0,1319,0.506528418
1320,0.506912442,-1.1360549926757812,0,1320,0.506912442
1321,0.507296467,-1.1220932006835938,0,1321,0.507296467
1322,0.507680492,-1.1064720153808594,0,1322,0.507680492
1323,0.508064516,-1.0936355590820312,0,1323,0.508064516
1324,0.508448541,-1.0810661315917969,0,1324,0.508448541
1325,0.508832565,-1.0669517517089844,0,1325,0.508832565
1326,0.509216590,-1.0673713684082031,0,1326,0.509216590
1327,0.509600614,-1.0784721374511719,0,1327,0.509600614
1328,0.509984639,-1.0718917846679688,0,1328,0.509984639
1329,0.510368664,-1.0675430297851562,0,1329,0.510368664
1330,0.510752688,-1.063385009765625,0,1330,0.510752688
1331,0.511136713,-1.0630607604980469,0,1331,0.511136713
1332,0.511520737,-1.0571861267089844,0,1332,0.511520737
1333,0.511904762,-1.0445404052734375,0,1333,0.511904762
1334,0.512288786,-1.0309600830078125,0,1334,0.512288786
1335,0.512672811,-1.0207939147949219,0,1335,0.512672811
1336,0.513056836,-1.0211372375488281,0,1336,0.513056836
1337,0.513440860,-1.0267829895019531,0,1337,0.513440860
1338,0.513824885,-1.0227775573730469,0,1338,0.513824885
1339,0.514208909,-1.0163497924804688,0,1339,0.514208909
1340,0.514592934,-1.022491455078125,0,1340,0.514592934
1341,0.514976959,-1.0247230529785156,0,1341,0.514976959
1342,0.515360983,-1.0140419006347656,0,1342,0.515360983
1343,0.515745008,-1.0223007202148438,0,1343,0.515745008
1344,0.516129032,-1.0389328002929688,0,1344,0.516129032
1345,0.516513057,-1.0564422607421875,0,1345,0.516513057
1346,0.516897081,-1.0783767700195312,0,1346,0.516897081
1347,0.517281106,-1.0765647888183594,0,1347,0.517281106
1348,0.517665131,-1.086273193359375,0,1348,0.517665131
1349,0.518049155,-1.105499267578125,0,1349,0.518049155
1350,0.518433180,-1.1188316345214844,0,1350,0.518433180
1351,0.518817204,-1.1157417297363281,0,1351,0.518817204
1352,0.519201229,-1.1193084716796875,0,1352,0.519201229
1353,0.519585253,-1.1226081848144531,0,1353,0.519585253
1354,0.519969278,-1.1327552795410156,0,1354,0.519969278
1355,0.520353303,-1.1439895629882812,0,1355,0.520353303
1356,0.520737327,-1.1387443542480469,0,1356,0.520737327
1357,0.521121352,-1.0960578918457031,0,1357,0.521121352
1358,0.521505376,-1.0899734497070312,0,1358,0.521505376
1359,0.521889401,-1.11053466796875,0,1359,0.521889401
1360,0.522273425,-1.1515617370605469,0,1360,0.522273425
1361,0.522657450,-1.1922836303710938,0,1361,0.522657450
1362,0.523041475,-1.25030517578125,0,1362,0.523041475
1363,0.523425499,-1.2618827819824219,0,1363,0.523425499
1364,0.523809524,-1.2469673156738281,0,1364,0.523809524
1365,0.524193548,-1.2302970886230469,0,1365,0.524193548
1366,0.524577573,-1.2079429626464844,0,1366,0.524577573
1367,0.524961598,-1.1931228637695312,0,1367,0.524961598
1368,0.525345622,-1.1802864074707031,0,1368,0.525345622
1369,0.525729647,-1.1652946472167969,0,1369,0.525729647
1370,0.526113671,-1.1487388610839844,0,1370,0.526113671
1371,0.526497696,-1.1280441284179688,0,1371,0.526497696
1372,0.526881720,-1.1143684387207031,0,1372,0.526881720
1373,0.527265745,-1.1078262329101562,0,1373,0.527265745
1374,0.527649770,-1.1038398742675781,0,1374,0.527649770
1375,0.528033794,-1.1088180541992188,0,1375,0.528033794
1376,0.528417819,-1.1167526245117188,0,1376,0.528417819
1377,0.528801843,-1.1096572875976562,0,1377,0.528801843
1378,0.529185868,-1.0946273803710938,0,1378,0.529185868
1379,0.529569892,-1.0771942138671875,0,1379,0.529569892
1380,0.529953917,-1.0721397399902344,0,1380,0.529953917
1381,0.530337942,-1.0741043090820312,0,1381,0.530337942
1382,0.530721966,-1.0683441162109375,0,1382,0.530721966
1383,0.531105991,-1.0605621337890625,0,1383,0.531105991
1384,0.531490015,-1.0505104064941406,0,1384,0.531490015
1385,0.531874040,-1.05316162109375,0,1385,0.531874040
1386,0.532258065,-1.0374069213867188,0,1386,0.532258065
1387,0.532642089,-1.0205078125,0,1387,0.532642089
1388,0.533026114,-1.0144233703613281,0,1388,0.533026114
1389,0.533410138,-1.0119247436523438,0,1389,0.533410138
1390,0.533794163,-1.0174942016601562,0,1390,0.533794163
1391,0.534178187,-1.0224533081054688,0,1391,0.534178187
1392,0.534562212,-1.020965576171875,0,1392,0.534562212
1393,0.534946237,-1.0299110412597656,0,1393,0.534946237
1394,0.535330261,-1.05255126953125,0,1394,0.535330261
1395,0.535714286,-1.0756492614746094,0,1395,0.535714286
1396,0.536098310,-1.0838699340820312,0,1396,0.536098310
1397,0.536482335,-1.084747314453125,0,1397,0.536482335
1398,0.536866359,-1.092681884765625,0,1398,0.536866359
1399,0.537250384,-1.1059188842773438,0,1399,0.537250384
1400,0.537634409,-1.11114501953125,0,1400,0.537634409
1401,0.538018433,-1.1144065856933594,0,1401,0.538018433
1402,0.538402458,-1.1194419860839844,0,1402,0.538402458
1403,0.538786482,-1.1230850219726562,0,1403,0.538786482
1404,0.539170507,-1.12884521484375,0,1404,0.539170507
1405,0.539554531,-1.1270523071289062,0,1405,0.539554531
1406,0.539938556,-1.13037109375,0,1406,0.539938556
1407,0.540322581,-1.1395454406738281,0,1407,0.540322581
1408,0.540706605,-1.1437797546386719,0,1408,0.540706605
1409,0.541090630,-1.1552238464355469,0,1409,0.541090630
1410,0.541474654,-1.1584281921386719,0,1410,0.541474654
1411,0.541858679,-1.1679267883300781,0,1411,0.541858679
1412,0.542242704,-1.1884498596191406,0,1412,0.542242704
1413,0.542626728,-1.1982536315917969,0,1413,0.542626728
1414,0.543010753,-1.2129783630371094,0,1414,0.543010753
1415,0.543394777,-1.2123489379882812,0,1415,0.543394777
1416,0.543778802,-1.2088203430175781,0,1416,0.543778802
1417,0.544162826,-1.2119674682617188,0,1417,0.544162826
1418,0.544546851,-1.2018966674804688,0,1418,0.544546851
1419,0.544930876,-1.1866378784179688,0,1419,0.544930876
1420,0.545314900,-1.1666488647460938,0,1420,0.545314900
1421,0.545698925,-1.1539268493652344,0,1421,0.545698925
1422,0.546082949,-1.1443138122558594,0,1422,0.546082949
1423,0.546466974,-1.1319351196289062,0,1423,0.546466974
1424,0.546850998,-1.1256599426269531,0,1424,0.546850998
1425,0.547235023,-1.1163520812988281,0,1425,0.547235023
1426,0.547619048,-1.1011505126953125,0,1426,0.547619048
1427,0.548003072,-1.1002159118652344,0,1427,0.548003072
1428,0.548387097,-1.0898017883300781,0,1428,0.548387097
1429,0.548771121,-1.08673095703125,0,1429,0.548771121
1430,0.549155146,-1.0940742492675781,0,1430,0.549155146
1431,0.549539171,-1.0841178894042969,0,1431,0.549539171
1432,0.549923195,-1.0815238952636719,0,1432,0.549923195
1433,0.550307220,-1.0777854919433594,0,1433,0.550307220
1434,0.550691244,-1.0642433166503906,0,1434,0.550691244
1435,0.551075269,-1.0496330261230469,0,1435,0.551075269
1436,0.551459293,-1.0479164123535156,0,1436,0.551459293
1437,0.551843318,-1.0485267639160156,0,1437,0.551843318
1438,0.552227343,-1.04034423828125,0,1438,0.552227343
1439,0.552611367,-1.0268592834472656,0,1439,0.552611367
1440,0.552995392,-1.0233497619628906,0,1440,0.552995392
1441,0.553379416,-1.0161209106445312,0,1441,0.553379416
1442,0.553763441,-1.0259819030761719,0,1442,0.553763441
1443,0.554147465,-1.0407829284667969,0,1443,0.554147465
1444,0.554531490,-1.0459327697753906,0,1444,0.554531490
1445,0.554915515,-1.0544967651367188,0,1445,0.554915515
1446,0.555299539,-1.0641670227050781,0,1446,0.555299539
1447,0.555683564,-1.0700798034667969,0,1447,0.555683564
1448,0.556067588,-1.0683631896972656,0,1448,0.556067588
1449,0.556451613,-1.0598945617675781,0,1449,0.556451613
1450,0.556835637,-1.0657310485839844,0,1450,0.556835637
1451,0.557219662,-1.0877418518066406,0,1451,0.557219662
1452,0.557603687,-1.1043357849121094,0,1452,0.557603687
1453,0.557987711,-1.1214447021484375,0,1453,0.557987711
1454,0.558371736,-1.1352157592773438,0,1454,0.558371736
1455,0.558755760,-1.132354736328125,0,1455,0.558755760
1456,0.559139785,-1.1386489868164062,0,1456,0.559139785
1457,0.559523810,-1.1360931396484375,0,1457,0.559523810
1458,0.559907834,-1.1357498168945312,0,1458,0.559907834
1459,0.560291859,-1.1312294006347656,0,1459,0.560291859
1460,0.560675883,-1.1403465270996094,0,1460,0.560675883
1461,0.561059908,-1.1529922485351562,0,1461,0.561059908
1462,0.561443932,-1.1608123779296875,0,1462,0.561443932
1463,0.561827957,-1.1796188354492188,0,1463,0.561827957
1464,0.562211982,-1.2014198303222656,0,1464,0.562211982
1465,0.562596006,-1.2153816223144531,0,1465,0.562596006
1466,0.562980031,-1.2210845947265625,0,1466,0.562980031
1467,0.563364055,-1.2221717834472656,0,1467,0.563364055
1468,0.563748080,-1.2130165100097656,0,1468,0.563748080
1469,0.564132104,-1.1996841430664062,0,1469,0.564132104
1470,0.564516129,-1.1917304992675781,0,1470,0.564516129
1471,0.564900154,-1.1784934997558594,0,1471,0.564900154
1472,0.565284178,-1.169891357421875,0,1472,0.565284178
1473,0.565668203,-1.1621856689453125,0,1473,0.565668203
1474,0.566052227,-1.1468696594238281,0,1474,0.566052227
1475,0.566436252,-1.1372566223144531,0,1475,0.566436252
1476,0.566820276,-1.1292839050292969,0,1476,0.566820276
1477,0.567204301,-1.1114692687988281,0,1477,0.567204301
1478,0.567588326,-1.1048698425292969,0,1478,0.567588326
1479,0.567972350,-1.0947990417480469,0,1479,0.567972350
1480,0.568356375,-1.0857391357421875,0,1480,0.568356375
1481,0.568740399,-1.0836219787597656,0,1481,0.568740399
1482,0.569124424,-1.0827255249023438,0,1482,0.569124424
1483,0.569508449,-1.0729408264160156,0,1483,0.569508449
1484,0.569892473,-1.0638618469238281,0,1484,0.569892473
1485,0.570276498,-1.0513687133789062,0,1485,0.570276498
1486,0.570660522,-1.0443878173828125,0,1486,0.570660522
1487,0.571044547,-1.0506820678710938,0,1487,0.571044547
1488,0.571428571,-1.0317802429199219,0,1488,0.571428571
1489,0.571812596,-1.0271644592285156,0,1489,0.571812596
1490,0.572196621,-1.0265541076660156,0,1490,0.572196621
1491,0.572580645,-1.0077667236328125,0,1491,0.572580645
1492,0.572964670,-0.9805107116699219,0,1492,0.572964670
1493,0.573348694,-0.9773063659667969,0,1493,0.573348694
1494,0.573732719,-0.9892082214355469,0,1494,0.573732719
1495,0.574116743,-1.0158920288085938,0,1495,0.574116743
1496,0.574500768,-1.0272026062011719,0,1496,0.574500768
1497,0.574884793,-1.0494804382324219,0,1497,0.574884793
1498,0.575268817,-1.0580635070800781,0,1498,0.575268817
1499,0.575652842,-1.0705947875976562,0,1499,0.575652842
1500,0.576036866,-1.080474853515625,0,1500,0.576036866
1501,0.576420891,-1.0854148864746094,0,1501,0.576420891
1502,0.576804916,-1.0774993896484375,0,1502,0.576804916
1503,0.577188940,-1.0853385925292969,0,1503,0.577188940
1504,0.577572965,-1.0966682434082031,0,1504,0.577572965
1505,0.577956989,-1.1101913452148438,0,1505,0.577956989
1506,0.578341014,-1.1134910583496094,0,1506,0.578341014
1507,0.578725038,-1.0931777954101562,0,1507,0.578725038
1508,0.579109063,-1.0809898376464844,0,1508,0.579109063
1509,0.579493088,-1.09771728515625,0,1509,0.579493088
1510,0.579877112,-1.1296653747558594,0,1510,0.579877112
1511,0.580261137,-1.1455154418945312,0,1511,0.580261137
1512,0.580645161,-1.1905479431152344,0,1512,0.580645161
1513,0.581029186,-1.2076568603515625,0,1513,0.581029186
1514,0.581413210,-1.1976432800292969,0,1514,0.581413210
1515,0.581797235,-1.1915016174316406,0,1515,0.581797235
1516,0.582181260,-1.1955642700195312,0,1516,0.582181260
1517,0.582565284,-1.2009048461914062,0,1517,0.582565284
1518,0.582949309,-1.2114524841308594,0,1518,0.582949309
1519,0.583333333,-1.2161445617675781,0,1519,0.583333333
1520,0.583717358,-1.2162017822265625,0,1520,0.583717358
1521,0.584101382,-1.2126350402832031,0,1521,0.584101382
1522,0.584485407,-1.1971282958984375,0,1522,0.584485407
1523,0.584869432,-1.1868667602539062,0,1523,0.584869432
1524,0.585253456,-1.167144775390625,0,1524,0.585253456
1525,0.585637481,-1.1623382568359375,0,1525,0.585637481
1526,0.586021505,-1.1711311340332031,0,1526,0.586021505
1527,0.586405530,-1.1569976806640625,0,1527,0.586405530
1528,0.586789555,-1.1381912231445312,0,1528,0.586789555
1529,0.587173579,-1.1130905151367188,0,1529,0.587173579
1530,0.587557604,-1.1029243469238281,0,1530,0.587557604
1531,0.587941628,-1.0937118530273438,0,1531,0.587941628
1532,0.588325653,-1.086883544921875,0,1532,0.588325653
1533,0.588709677,-1.0836601257324219,0,1533,0.588709677
1534,0.589093702,-1.0767936706542969,0,1534,0.589093702
1535,0.589477727,-1.0697555541992188,0,1535,0.589477727
1536,0.589861751,-1.0707283020019531,0,1536,0.589861751
1537,0.590245776,-1.0669136047363281,0,1537,0.590245776
1538,0.590629800,-1.0610198974609375,0,1538,0.590629800
1539,0.591013825,-1.0434532165527344,0,1539,0.591013825
1540,0.591397849,-1.0306930541992188,0,1540,0.591397849
1541,0.591781874,-1.0287666320800781,0,1541,0.591781874
1542,0.592165899,-1.0382652282714844,0,1542,0.592165899
1543,0.592549923,-1.0297966003417969,0,1543,0.592549923
1544,0.592933948,-1.0235023498535156,0,1544,0.592933948
1545,0.593317972,-1.0308456420898438,0,1545,0.593317972
1546,0.593701997,-1.02752685546875,0,1546,0.593701997
1547,0.594086022,-1.0442352294921875,0,1547,0.594086022
1548,0.594470046,-1.0503196716308594,0,1548,0.594470046
1549,0.594854071,-1.0492706298828125,0,1549,0.594854071
1550,0.595238095,-1.0573005676269531,0,1550,0.595238095
1551,0.595622120,-1.0709190368652344,0,1551,0.595622120
1552,0.596006144,-1.0916519165039062,0,1552,0.596006144
1553,0.596390169,-1.0966300964355469,0,1553,0.596390169
1554,0.596774194,-1.0974884033203125,0,1554,0.596774194
1555,0.597158218,-1.0975837707519531,0,1555,0.597158218
1556,0.597542243,-1.1017227172851562,0,1556,0.597542243
1557,0.597926267,-1.1030960083007812,0,1557,0.597926267
1558,0.598310292,-1.1073112487792969,0,1558,0.598310292
1559,0.598694316,-1.1220932006835938,0,1559,0.598694316
1560,0.599078341,-1.1303520202636719,0,1560,0.599078341
1561,0.599462366,-1.1494636535644531,0,1561,0.599462366
1562,0.599846390,-1.1528778076171875,0,1562,0.599846390
1563,0.600230415,-1.1510276794433594,0,1563,0.600230415
1564,0.600614439,-1.1629676818847656,0,1564,0.600614439
1565,0.600998464,-1.1760139465332031,0,1565,0.600998464
1566,0.601382488,-1.1859893798828125,0,1566,0.601382488
1567,0.601766513,-1.1925315856933594,0,1567,0.601766513
1568,0.602150538,-1.2073707580566406,0,1568,0.602150538
1569,0.602534562,-1.2078285217285156,0,1569,0.602534562
1570,0.602918587,-1.2123489379882812,0,1570,0.602918587
1571,0.603302611,-1.2194061279296875,0,1571,0.603302611
1572,0.603686636,-1.2285614013671875,0,1572,0.603686636
1573,0.604070661,-1.2137031555175781,0,1573,0.604070661
1574,0.604454685,-1.1910438537597656,0,1574,0.604454685
1575,0.604838710,-1.1814689636230469,0,1575,0.604838710
1576,0.605222734,-1.1779022216796875,0,1576,0.605222734
1577,0.605606759,-1.1570930480957031,0,1577,0.605606759
1578,0.605990783,-1.1401748657226562,0,1578,0.605990783
1579,0.606374808,-1.1266899108886719,0,1579,0.606374808
1580,0.606758833,-1.114044189453125,0,1580,0.606758833
1581,0.607142857,-1.1096954345703125,0,1581,0.607142857
1582,0.607526882,-1.0934066772460938,0,1582,0.607526882
1583,0.607910906,-1.0788726806640625,0,1583,0.607910906
1584,0.608294931,-1.0815620422363281,0,1584,0.608294931
1585,0.608678955,-1.0939407348632812,0,1585,0.608678955
1586,0.609062980,-1.0911178588867188,0,1586,0.609062980
1587,0.609447005,-1.0914993286132812,0,1587,0.609447005
1588,0.609831029,-1.0802650451660156,0,1588,0.609831029
1589,0.610215054,-1.0793113708496094,0,1589,0.610215054
1590,0.610599078,-1.0733413696289062,0,1590,0.610599078
1591,0.610983103,-1.0516738891601562,0,1591,0.610983103
1592,0.611367127,-1.044464111328125,0,1592,0.611367127
1593,0.611751152,-1.030731201171875,0,1593,0.611751152
1594,0.612135177,-1.0259437561035156,0,1594,0.612135177
1595,0.612519201,-1.0197067260742188,0,1595,0.612519201
1596,0.612903226,-1.0157394409179688,0,1596,0.612903226
1597,0.613287250,-1.0210800170898438,0,1597,0.613287250
1598,0.613671275,-1.0402488708496094,0,1598,0.613671275
1599,0.614055300,-1.0550880432128906,0,1599,0.614055300
1600,0.614439324,-1.0618972778320312,0,1600,0.614439324
1601,0.614823349,-1.0594749450683594,0,1601,0.614823349
1602,0.615207373,-1.06414794921875,0,1602,0.615207373
1603,0.615591398,-1.0764884948730469,0,1603,0.615591398
1604,0.615975422,-1.0787010192871094,0,1604,0.615975422
1605,0.616359447,-1.1039352416992188,0,1605,0.616359447
1606,0.616743472,-1.1128044128417969,0,1606,0.616743472
1607,0.617127496,-1.1142349243164062,0,1607,0.617127496
1608,0.617511521,-1.1165428161621094,0,1608,0.617511521
1609,0.617895545,-1.1162948608398438,0,1609,0.617895545
1610,0.618279570,-1.1241531372070312,0,1610,0.618279570
1611,0.618663594,-1.1386680603027344,0,1611,0.618663594
1612,0.619047619,-1.1343193054199219,0,1612,0.619047619
1613,0.619431644,-1.1484909057617188,0,1613,0.619431644
1614,0.619815668,-1.1571884155273438,0,1614,0.619815668
1615,0.620199693,-1.1566352844238281,0,1615,0.620199693
1616,0.620583717,-1.1576652526855469,0,1616,0.620583717
1617,0.620967742,-1.1563873291015625,0,1617,0.620967742
1618,0.621351767,-1.1749839782714844,0,1618,0.621351767
1619,0.621735791,-1.1920166015625,0,1619,0.621735791
1620,0.622119816,-1.2016677856445312,0,1620,0.622119816
1621,0.622503840,-1.2202262878417969,0,1621,0.622503840
1622,0.622887865,-1.21978759765625,0,1622,0.622887865
1623,0.623271889,-1.2086296081542969,0,1623,0.623271889
1624,0.623655914,-1.2022018432617188,0,1624,0.623655914
1625,0.624039939,-1.1872291564941406,0,1625,0.624039939
1626,0.624423963,-1.1864280700683594,0,1626,0.624423963
1627,0.624807988,-1.1762237548828125,0,1627,0.624807988
1628,0.625192012,-1.1620521545410156,0,1628,0.625192012
1629,0.625576037,-1.1488151550292969,0,1629,0.625576037
1630,0.625960061,-1.1405754089355469,0,1630,0.625960061
1631,0.626344086,-1.1256790161132812,0,1631,0.626344086
1632,0.626728111,-1.1108016967773438,0,1632,0.626728111
1633,0.627112135,-1.1142539978027344,0,1633,0.627112135
1634,0.627496160,-1.1085128784179688,0,1634,0.627496160
1635,0.627880184,-1.1010169982910156,0,1635,0.627880184
1636,0.628264209,-1.0937881469726562,0,1636,0.628264209
1637,0.628648233,-1.0846900939941406,0,1637,0.628648233
1638,0.629032258,-1.0798454284667969,0,1638,0.629032258
1639,0.629416283,-1.0726737976074219,0,1639,0.629416283
1640,0.629800307,-1.0775566101074219,0,1640,0.629800307
1641,0.630184332,-1.0549736022949219,0,1641,0.630184332
1642,0.630568356,-1.015625,0,1642,0.630568356
1643,0.630952381,-1.0146522521972656,0,1643,0.630952381
1644,0.631336406,-1.0133934020996094,0,1644,0.631336406
1645,0.631720430,-1.0178756713867188,0,1645,0.631720430
1646,0.632104455,-1.0190010070800781,0,1646,0.632104455
1647,0.632488479,-1.0181808471679688,0,1647,0.632488479
1648,0.632872504,-1.0217475891113281,0,1648,0.632872504
1649,0.633256528,-1.0231590270996094,0,1649,0.633256528
1650,0.633640553,-1.0311508178710938,0,1650,0.633640553
1651,0.634024578,-1.0405540466308594,0,1651,0.634024578
1652,0.634408602,-1.0498619079589844,0,1652,0.634408602
1653,0.634792627,-1.0673332214355469,0,1653,0.634792627
1654,0.635176651,-1.076812744140625,0,1654,0.635176651
1655,0.635560676,-1.0765647888183594,0,1655,0.635560676
1656,0.635944700,-1.0815811157226562,0,1656,0.635944700
1657,0.636328725,-1.0535430908203125,0,1657,0.636328725
1658,0.636712750,-1.0420608520507812,0,1658,0.636712750
1659,0.637096774,-1.0583305358886719,0,1659,0.637096774
1660,0.637480799,-1.0892868041992188,0,1660,0.637480799
1661,0.637864823,-1.1116600036621094,0,1661,0.637864823
1662,0.638248848,-1.162567138671875,0,1662,0.638248848
1663,0.638632873,-1.1763763427734375,0,1663,0.638632873
1664,0.639016897,-1.1662483215332031,0,1664,0.639016897
1665,0.639400922,-1.1673164367675781,0,1665,0.639400922
1666,0.639784946,-1.1557579040527344,0,1666,0.639784946
1667,0.640168971,-1.1528587341308594,0,1667,0.640168971
1668,0.640552995,-1.1517333984375,0,1668,0.640552995
1669,0.640937020,-1.1541938781738281,0,1669,0.640937020
1670,0.641321045,-1.1691856384277344,0,1670,0.641321045
1671,0.641705069,-1.1789321899414062,0,1671,0.641705069
1672,0.642089094,-1.1951828002929688,0,1672,0.642089094
1673,0.642473118,-1.2078285217285156,0,1673,0.642473118
1674,0.642857143,-1.2201690673828125,0,1674,0.642857143
1675,0.643241167,-1.222381591796875,0,1675,0.643241167
1676,0.643625192,-1.232757568359375,0,1676,0.643625192
1677,0.644009217,-1.2175750732421875,0,1677,0.644009217
1678,0.644393241,-1.1926841735839844,0,1678,0.644393241
1679,0.644777266,-1.168365478515625,0,1679,0.644777266
1680,0.645161290,-1.1495208740234375,0,1680,0.645161290
1681,0.645545315,-1.139068603515625,0,1681,0.645545315
1682,0.645929339,-1.123504638671875,0,1682,0.645929339
1683,0.646313364,-1.1268424987792969,0,1683,0.646313364
1684,0.646697389,-1.1145210266113281,0,1684,0.646697389
1685,0.647081413,-1.0999870300292969,0,1685,0.647081413
1686,0.647465438,-1.0880661010742188,0,1686,0.647465438
1687,0.647849462,-1.0843849182128906,0,1687,0.647849462
1688,0.648233487,-1.0808944702148438,0,1688,0.648233487
1689,0.648617512,-1.0746955871582031,0,1689,0.648617512
1690,0.649001536,-1.073150634765625,0,1690,0.649001536
1691,0.649385561,-1.0726165771484375,0,1691,0.649385561
1692,0.649769585,-1.071014404296875,0,1692,0.649769585
1693,0.650153610,-1.0694503784179688,0,1693,0.650153610
1694,0.650537634,-1.0722541809082031,0,1694,0.650537634
1695,0.650921659,-1.04736328125,0,1695,0.650921659
1696,0.651305684,-1.0348701477050781,0,1696,0.651305684
1697,0.651689708,-1.0288047790527344,0,1697,0.651689708
1698,0.652073733,-1.0249519348144531,0,1698,0.652073733
1699,0.652457757,-1.015625,0,1699,0.652457757
1700,0.652841782,-1.0239028930664062,0,1700,0.652841782
1701,0.653225806,-1.0258674621582031,0,1701,0.653225806
1702,0.653609831,-1.0291099548339844,0,1702,0.653609831
1703,0.653993856,-1.0400009155273438,0,1703,0.653993856
1704,0.654377880,-1.0439300537109375,0,1704,0.654377880
1705,0.654761905,-1.0535240173339844,0,1705,0.654761905
1706,0.655145929,-1.0734367370605469,0,1706,0.655145929
1707,0.655529954,-1.0835075378417969,0,1707,0.655529954
1708,0.655913978,-1.0894012451171875,0,1708,0.655913978
1709,0.656298003,-1.0909461975097656,0,1709,0.656298003
1710,0.656682028,-1.092376708984375,0,1710,0.656682028
1711,0.657066052,-1.1011505126953125,0,1711,0.657066052
1712,0.657450077,-1.1207962036132812,0,1712,0.657450077
1713,0.657834101,-1.1213493347167969,0,1713,0.657834101
1714,0.658218126,-1.1189460754394531,0,1714,0.658218126
1715,0.658602151,-1.1254501342773438,0,1715,0.658602151
1716,0.658986175,-1.1310386657714844,0,1716,0.658986175
1717,0.659370200,-1.1356544494628906,0,1717,0.659370200
1718,0.659754224,-1.1414909362792969,0,1718,0.659754224
1719,0.660138249,-1.1425399780273438,0,1719,0.660138249
1720,0.660522273,-1.1581802368164062,0,1720,0.660522273
1721,0.660906298,-1.1648750305175781,0,1721,0.660906298
1722,0.661290323,-1.173095703125,0,1722,0.661290323
1723,0.661674347,-1.1936187744140625,0,1723,0.661674347
1724,0.662058372,-1.1977005004882812,0,1724,0.662058372
1725,0.662442396,-1.2117576599121094,0,1725,0.662442396
1726,0.662826421,-1.2184333801269531,0,1726,0.662826421
1727,0.663210445,-1.2148666381835938,0,1727,0.663210445
1728,0.663594470,-1.2108230590820312,0,1728,0.663594470
1729,0.663978495,-1.2052536010742188,0,1729,0.663978495
1730,0.664362519,-1.1800575256347656,0,1730,0.664362519
1731,0.664746544,-1.1669921875,0,1731,0.664746544
1732,0.665130568,-1.1460685729980469,0,1732,0.665130568
1733,0.665514593,-1.1445999145507812,0,1733,0.665514593
1734,0.665898618,-1.1437034606933594,0,1734,0.665898618
1735,0.666282642,-1.1312484741210938,0,1735,0.666282642
1736,0.666666667,-1.1144828796386719,0,1736,0.666666667
1737,0.667050691,-1.0992431640625,0,1737,0.667050691
1738,0.667434716,-1.0850906372070312,0,1738,0.667434716
1739,0.667818740,-1.0748863220214844,0,1739,0.667818740
1740,0.668202765,-1.08123779296875,0,1740,0.668202765
1741,0.668586790,-1.0728836059570312,0,1741,0.668586790
1742,0.668970814,-1.0676956176757812,0,1742,0.668970814
1743,0.669354839,-1.069183349609375,0,1743,0.669354839
1744,0.669738863,-1.0705375671386719,0,1744,0.669738863
1745,0.670122888,-1.0606002807617188,0,1745,0.670122888
1746,0.670506912,-1.0471725463867188,0,1746,0.670506912
1747,0.670890937,-1.0389328002929688,0,1747,0.670890937
1748,0.671274962,-1.0394477844238281,0,1748,0.671274962
1749,0.671658986,-1.0315513610839844,0,1749,0.671658986
1750,0.672043011,-1.0287666320800781,0,1750,0.672043011
1751,0.672427035,-1.0252952575683594,0,1751,0.672427035
1752,0.672811060,-1.0279273986816406,0,1752,0.672811060
1753,0.673195084,-1.0354042053222656,0,1753,0.673195084
1754,0.673579109,-1.0300064086914062,0,1754,0.673579109
1755,0.673963134,-1.0363578796386719,0,1755,0.673963134
1756,0.674347158,-1.0488319396972656,0,1756,0.674347158
1757,0.674731183,-1.0576629638671875,0,1757,0.674731183
1758,0.675115207,-1.06414794921875,0,1758,0.675115207
1759,0.675499232,-1.0725593566894531,0,1759,0.675499232
1760,0.675883257,-1.0811996459960938,0,1760,0.675883257
1761,0.676267281,-1.1001777648925781,0,1761,0.676267281
1762,0.676651306,-1.1120986938476562,0,1762,0.676651306
1763,0.677035330,-1.1117935180664062,0,1763,0.677035330
1764,0.677419355,-1.1187171936035156,0,1764,0.677419355
1765,0.677803379,-1.127166748046875,0,1765,0.677803379
1766,0.678187404,-1.1335563659667969,0,1766,0.678187404
1767,0.678571429,-1.1388587951660156,0,1767,0.678571429
1768,0.678955453,-1.1318778991699219,0,1768,0.678955453
1769,0.679339478,-1.1427879333496094,0,1769,0.679339478
1770,0.679723502,-1.1384010314941406,0,1770,0.679723502
1771,0.680107527,-1.1550331115722656,0,1771,0.680107527
1772,0.680491551,-1.1619758605957031,0,1772,0.680491551
1773,0.680875576,-1.1764335632324219,0,1773,0.680875576
1774,0.681259601,-1.1906814575195312,0,1774,0.681259601
1775,0.681643625,-1.2075424194335938,0,1775,0.681643625
1776,0.682027650,-1.217498779296875,0,1776,0.682027650
1777,0.682411674,-1.2260818481445312,0,1777,0.682411674
1778,0.682795699,-1.2225723266601562,0,1778,0.682795699
1779,0.683179724,-1.2261772155761719,0,1779,0.683179724
1780,0.683563748,-1.2070274353027344,0,1780,0.683563748
1781,0.683947773,-1.2008094787597656,0,1781,0.683947773
1782,0.684331797,-1.1872100830078125,0,1782,0.684331797
1783,0.684715822,-1.1692237854003906,0,1783,0.684715822
1784,0.685099846,-1.1459159851074219,0,1784,0.685099846
1785,0.685483871,-1.1301994323730469,0,1785,0.685483871
1786,0.685867896,-1.1236763000488281,0,1786,0.685867896
1787,0.686251920,-1.11907958984375,0,1787,0.686251920
1788,0.686635945,-1.1070632934570312,0,1788,0.686635945
1789,0.687019969,-1.1029243469238281,0,1789,0.687019969
1790,0.687403994,-1.0909080505371094,0,1790,0.687403994
1791,0.687788018,-1.0687828063964844,0,1791,0.687788018
1792,0.688172043,-1.0494232177734375,0,1792,0.688172043
1793,0.688556068,-1.0446548461914062,0,1793,0.688556068
1794,0.688940092,-1.0435104370117188,0,1794,0.688940092
1795,0.689324117,-1.0593223571777344,0,1795,0.689324117
1796,0.689708141,-1.0656356811523438,0,1796,0.689708141
1797,0.690092166,-1.0647392272949219,0,1797,0.690092166
1798,0.690476190,-1.0550689697265625,0,1798,0.690476190
1799,0.690860215,-1.0387992858886719,0,1799,0.690860215
1800,0.691244240,-1.0293960571289062,0,1800,0.691244240
1801,0.691628264,-1.0210418701171875,0,1801,0.691628264
1802,0.692012289,-1.0179901123046875,0,1802,0.692012289
1803,0.692396313,-1.0133934020996094,0,1803,0.692396313
1804,0.692780338,-1.0165214538574219,0,1804,0.692780338
1805,0.693164363,-1.0235977172851562,0,1805,0.693164363
1806,0.693548387,-1.0380744934082031,0,1806,0.693548387
1807,0.693932412,-1.0151863098144531,0,1807,0.693932412
1808,0.694316436,-1.0022735595703125,0,1808,0.694316436
1809,0.694700461,-1.0172462463378906,0,1809,0.694700461
1810,0.695084485,-1.0529327392578125,0,1810,0.695084485
1811,0.695468510,-1.0747528076171875,0,1811,0.695468510
1812,0.695852535,-1.1258316040039062,0,1812,0.695852535
1813,0.696236559,-1.1406898498535156,0,1813,0.696236559
1814,0.696620584,-1.1449241638183594,0,1814,0.696620584
1815,0.697004608,-1.1297035217285156,0,1815,0.697004608
1816,0.697388633,-1.1263465881347656,0,1816,0.697388633
1817,0.697772657,-1.1207962036132812,0,1817,0.697772657
1818,0.698156682,-1.1214065551757812,0,1818,0.698156682
1819,0.698540707,-1.1297798156738281,0,1819,0.698540707
1820,0.698924731,-1.1272621154785156,0,1820,0.698924731
1821,0.699308756,-1.1379623413085938,0,1821,0.699308756
1822,0.699692780,-1.143646240234375,0,1822,0.699692780
1823,0.700076805,-1.15509033203125,0,1823,0.700076805
1824,0.700460829,-1.1724090576171875,0,1824,0.700460829
1825,0.700844854,-1.1978721618652344,0,1825,0.700844854
1826,0.701228879,-1.2305068969726562,0,1826,0.701228879
1827,0.701612903,-1.244354248046875,0,1827,0.701612903
1828,0.701996928,-1.2321853637695312,0,1828,0.701996928
1829,0.702380952,-1.2206268310546875,0,1829,0.702380952
1830,0.702764977,-1.2137413024902344,0,1830,0.702764977
1831,0.703149002,-1.2023735046386719,0,1831,0.703149002
1832,0.703533026,-1.2006568908691406,0,1832,0.703533026
1833,0.703917051,-1.1858367919921875,0,1833,0.703917051
1834,0.704301075,-1.1750030517578125,0,1834,0.704301075
1835,0.704685100,-1.1614799499511719,0,1835,0.704685100
1836,0.705069124,-1.1432838439941406,0,1836,0.705069124
1837,0.705453149,-1.1431121826171875,0,1837,0.705453149
1838,0.705837174,-1.1346626281738281,0,1838,0.705837174
1839,0.706221198,-1.1219215393066406,0,1839,0.706221198
1840,0.706605223,-1.1083030700683594,0,1840,0.706605223
1841,0.706989247,-1.0966873168945312,0,1841,0.706989247
1842,0.707373272,-1.079864501953125,0,1842,0.707373272
1843,0.707757296,-1.0741806030273438,0,1843,0.707757296
1844,0.708141321,-1.0835075378417969,0,1844,0.708141321
1845,0.708525346,-1.0751724243164062,0,1845,0.708525346
1846,0.708909370,-1.06903076171875,0,1846,0.708909370
1847,0.709293395,-1.0553932189941406,0,1847,0.709293395
1848,0.709677419,-1.0617256164550781,0,1848,0.709677419
1849,0.710061444,-1.0500144958496094,0,1849,0.710061444
1850,0.710445469,-1.0424423217773438,0,1850,0.710445469
1851,0.710829493,-1.0414314270019531,0,1851,0.710829493
1852,0.711213518,-1.0344505310058594,0,1852,0.711213518
1853,0.711597542,-1.0309410095214844,0,1853,0.711597542
1854,0.711981567,-1.0200119018554688,0,1854,0.711981567
1855,0.712365591,-1.0096931457519531,0,1855,0.712365591
1856,0.712749616,-1.0128974914550781,0,1856,0.712749616
1857,0.713133641,-1.0240745544433594,0,1857,0.713133641
1858,0.713517665,-1.0326194763183594,0,1858,0.713517665
1859,0.713901690,-1.0457801818847656,0,1859,0.713901690
1860,0.714285714,-1.0541343688964844,0,1860,0.714285714
1861,0.714669739,-1.0720062255859375,0,1861,0.714669739
1862,0.715053763,-1.0840988159179688,0,1862,0.715053763
1863,0.715437788,-1.0928153991699219,0,1863,0.715437788
1864,0.715821813,-1.0964775085449219,0,1864,0.715821813
1865,0.716205837,-1.0911369323730469,0,1865,0.716205837
1866,0.716589862,-1.0907363891601562,0,1866,0.716589862
1867,0.716973886,-1.1064338684082031,0,1867,0.716973886
1868,0.717357911,-1.1241722106933594,0,1868,0.717357911
1869,0.717741935,-1.1384391784667969,0,1869,0.717741935
1870,0.718125960,-1.1453628540039062,0,1870,0.718125960
1871,0.718509985,-1.14471435546875,0,1871,0.718509985
1872,0.718894009,-1.151123046875,0,1872,0.718894009
1873,0.719278034,-1.1525917053222656,0,1873,0.719278034
1874,0.719662058,-1.1526107788085938,0,1874,0.719662058
1875,0.720046083,-1.1450767517089844,0,1875,0.720046083
1876,0.720430108,-1.159820556640625,0,1876,0.720430108
1877,0.720814132,-1.1839103698730469,0,1877,0.720814132
1878,0.721198157,-1.1969566345214844,0,1878,0.721198157
1879,0.721582181,-1.2022781372070312,0,1879,0.721582181
1880,0.721966206,-1.2172317504882812,0,1880,0.721966206
1881,0.722350230,-1.2191009521484375,0,1881,0.722350230
1882,0.722734255,-1.2229347229003906,0,1882,0.722734255
1883,0.723118280,-1.2092971801757812,0,1883,0.723118280
1884,0.723502304,-1.1910820007324219,0,1884,0.723502304
1885,0.723886329,-1.1855316162109375,0,1885,0.723886329
1886,0.724270353,-1.1680221557617188,0,1886,0.724270353
1887,0.724654378,-1.150054931640625,0,1887,0.724654378
1888,0.725038402,-1.1415481567382812,0,1888,0.725038402
1889,0.725422427,-1.1401939392089844,0,1889,0.725422427
1890,0.725806452,-1.13128662109375,0,1890,0.725806452
1891,0.726190476,-1.1163330078125,0,1891,0.726190476
1892,0.726574501,-1.1018753051757812,0,1892,0.726574501
1893,0.726958525,-1.1019515991210938,0,1893,0.726958525
1894,0.727342550,-1.087799072265625,0,1894,0.727342550
1895,0.727726575,-1.0809898376464844,0,1895,0.727726575
1896,0.728110599,-1.0822486877441406,0,1896,0.728110599
1897,0.728494624,-1.0830307006835938,0,1897,0.728494624
1898,0.728878648,-1.0667991638183594,0,1898,0.728878648
1899,0.729262673,-1.0587882995605469,0,1899,0.729262673
1900,0.729646697,-1.0631561279296875,0,1900,0.729646697
1901,0.730030722,-1.0565567016601562,0,1901,0.730030722
1902,0.730414747,-1.0500907897949219,0,1902,0.730414747
1903,0.730798771,-1.027984619140625,0,1903,0.730798771
1904,0.731182796,-1.0212135314941406,0,1904,0.731182796
1905,0.731566820,-1.0247421264648438,0,1905,0.731566820
1906,0.731950845,-1.024017333984375,0,1906,0.731950845
1907,0.732334869,-1.0207366943359375,0,1907,0.732334869
1908,0.732718894,-1.0199165344238281,0,1908,0.732718894
1909,0.733102919,-1.0302925109863281,0,1909,0.733102919
1910,0.733486943,-1.0427665710449219,0,1910,0.733486943
1911,0.733870968,-1.0521697998046875,0,1911,0.733870968
1912,0.734254992,-1.0607528686523438,0,1912,0.734254992
1913,0.734639017,-1.0703086853027344,0,1913,0.734639017
1914,0.735023041,-1.0829353332519531,0,1914,0.735023041
1915,0.735407066,-1.0979080200195312,0,1915,0.735407066
1916,0.735791091,-1.0988616943359375,0,1916,0.735791091
1917,0.736175115,-1.1060142517089844,0,1917,0.736175115
1918,0.736559140,-1.1052322387695312,0,1918,0.736559140
1919,0.736943164,-1.1129570007324219,0,1919,0.736943164
1920,0.737327189,-1.1207008361816406,0,1920,0.737327189
1921,0.737711214,-1.1259651184082031,0,1921,0.737711214
1922,0.738095238,-1.1338615417480469,0,1922,0.738095238
1923,0.738479263,-1.1411094665527344,0,1923,0.738479263
1924,0.738863287,-1.1533546447753906,0,1924,0.738863287
1925,0.739247312,-1.1456680297851562,0,1925,0.739247312
1926,0.739631336,-1.1425971984863281,0,1926,0.739631336
1927,0.740015361,-1.1580276489257812,0,1927,0.740015361
1928,0.740399386,-1.1743354797363281,0,1928,0.740399386
1929,0.740783410,-1.1908149719238281,0,1929,0.740783410
1930,0.741167435,-1.2018775939941406,0,1930,0.741167435
1931,0.741551459,-1.2068367004394531,0,1931,0.741551459
1932,0.741935484,-1.2192344665527344,0,1932,0.741935484
1933,0.742319508,-1.2189102172851562,0,1933,0.742319508
1934,0.742703533,-1.2250518798828125,0,1934,0.742703533
1935,0.743087558,-1.2095260620117188,0,1935,0.743087558
1936,0.743471582,-1.1984062194824219,0,1936,0.743471582
1937,0.743855607,-1.1802864074707031,0,1937,0.743855607
1938,0.744239631,-1.1712646484375,0,1938,0.744239631
1939,0.744623656,-1.1677360534667969,0,1939,0.744623656
1940,0.745007680,-1.1548995971679688,0,1940,0.745007680
1941,0.745391705,-1.1271286010742188,0,1941,0.745391705
1942,0.745775730,-1.0919570922851562,0,1942,0.745775730
1943,0.746159754,-1.0744285583496094,0,1943,0.746159754
1944,0.746543779,-1.0686683654785156,0,1944,0.746543779
1945,0.746927803,-1.0711288452148438,0,1945,0.746927803
1946,0.747311828,-1.0738182067871094,0,1946,0.747311828
1947,0.747695853,-1.0797309875488281,0,1947,0.747695853
1948,0.748079877,-1.0768508911132812,0,1948,0.748079877
1949,0.748463902,-1.0835838317871094,0,1949,0.748463902
1950,0.748847926,-1.0759735107421875,0,1950,0.748847926
1951,0.749231951,-1.0706329345703125,0,1951,0.749231951
1952,0.749615975,-1.0595893859863281,0,1952,0.749615975
1953,0.750000000,-1.042022705078125,0,1953,0.750000000
1954,0.750384025,-1.0360527038574219,0,1954,0.750384025
1955,0.750768049,-1.033935546875,0,1955,0.750768049
1956,0.751152074,-1.0226058959960938,0,1956,0.751152074
1957,0.751536098,-0.9887504577636719,0,1957,0.751536098
1958,0.751920123,-0.9768486022949219,0,1958,0.751920123
1959,0.752304147,-0.9846305847167969,0,1959,0.752304147
1960,0.752688172,-1.0122489929199219,0,1960,0.752688172
1961,0.753072197,-1.0268211364746094,0,1961,0.753072197
1962,0.753456221,-1.0764884948730469,0,1962,0.753456221
1963,0.753840246,-1.1052894592285156,0,1963,0.753840246
1964,0.754224270,-1.1136436462402344,0,1964,0.754224270
1965,0.754608295,-1.1011505126953125,0,1965,0.754608295
1966,0.754992320,-1.0870933532714844,0,1966,0.754992320
1967,0.755376344,-1.0711860656738281,0,1967,0.755376344
1968,0.755760369,-1.0702705383300781,0,1968,0.755760369
1969,0.756144393,-1.0988426208496094,0,1969,0.756144393
1970,0.756528418,-1.1066436767578125,0,1970,0.756528418
1971,0.756912442,-1.118011474609375,0,1971,0.756912442
1972,0.757296467,-1.1226463317871094,0,1972,0.757296467
1973,0.757680492,-1.1334228515625,0,1973,0.757680492
1974,0.758064516,-1.1332511901855469,0,1974,0.758064516
1975,0.758448541,-1.1493873596191406,0,1975,0.758448541
1976,0.758832565,-1.1850357055664062,0,1976,0.758832565
1977,0.759216590,-1.1828041076660156,0,1977,0.759216590
1978,0.759600614,-1.1777687072753906,0,1978,0.759600614
1979,0.759984639,-1.1704635620117188,0,1979,0.759984639
1980,0.760368664,-1.1631965637207031,0,1980,0.760368664
1981,0.760752688,-1.176605224609375,0,1981,0.760752688
1982,0.761136713,-1.1939239501953125,0,1982,0.761136713
1983,0.761520737,-1.2010002136230469,0,1983,0.761520737
1984,0.761904762,-1.2116050720214844,0,1984,0.761904762
1985,0.762288786,-1.2210655212402344,0,1985,0.762288786
1986,0.762672811,-1.2202262878417969,0,1986,0.762672811
1987,0.763056836,-1.2083816528320312,0,1987,0.763056836
1988,0.763440860,-1.1950874328613281,0,1988,0.763440860
1989,0.763824885,-1.1758804321289062,0,1989,0.763824885
1990,0.764208909,-1.1677169799804688,0,1990,0.764208909
1991,0.764592934,-1.1527061462402344,0,1991,0.764592934
1992,0.764976959,-1.1445999145507812,0,1992,0.764976959
1993,0.765360983,-1.1367988586425781,0,1993,0.765360983
1994,0.765745008,-1.12091064453125,0,1994,0.765745008
1995,0.766129032,-1.1114883422851562,0,1995,0.766129032
1996,0.766513057,-1.1010932922363281,0,1996,0.766513057
1997,0.766897081,-1.088714599609375,0,1997,0.766897081
1998,0.767281106,-1.0837554931640625,0,1998,0.767281106
1999,0.767665131,-1.0768508911132812,0,1999,0.767665131
2000,0.768049155,-1.0859870910644531,0,2000,0.768049155
2001,0.768433180,-1.0708427429199219,0,2001,0.768433180
2002,0.768817204,-1.0727119445800781,0,2002,0.768817204
2003,0.769201229,-1.0593986511230469,0,2003,0.769201229
2004,0.769585253,-1.0445022583007812,0,2004,0.769585253
2005,0.769969278,-1.046295166015625,0,2005,0.769969278
2006,0.770353303,-1.0353660583496094,0,2006,0.770353303
2007,0.770737327,-1.0337066650390625,0,2007,0.770737327
2008,0.771121352,-1.0284996032714844,0,2008,0.771121352
2009,0.771505376,-1.0324668884277344,0,2009,0.771505376
2010,0.771889401,-1.0350990295410156,0,2010,0.771889401
2011,0.772273425,-1.0259246826171875,0,2011,0.772273425
2012,0.772657450,-1.0406684875488281,0,2012,0.772657450
2013,0.773041475,-1.0510063171386719,0,2013,0.773041475
2014,0.773425499,-1.0549163818359375,0,2014,0.773425499
2015,0.773809524,-1.0615730285644531,0,2015,0.773809524
2016,0.774193548,-1.0651969909667969,0,2016,0.774193548
2017,0.774577573,-1.0680007934570312,0,2017,0.774577573
2018,0.774961598,-1.0652542114257812,0,2018,0.774961598
2019,0.775345622,-1.0714530944824219,0,2019,0.775345622
2020,0.775729647,-1.0917854309082031,0,2020,0.775729647
2021,0.776113671,-1.1040115356445312,0,2021,0.776113671
2022,0.776497696,-1.1163139343261719,0,2022,0.776497696
2023,0.776881720,-1.1327934265136719,0,2023,0.776881720
2024,0.777265745,-1.1400794982910156,0,2024,0.777265745
2025,0.777649770,-1.1450767517089844,0,2025,0.777649770
2026,0.778033794,-1.1452484130859375,0,2026,0.778033794
2027,0.778417819,-1.1418342590332031,0,2027,0.778417819
2028,0.778801843,-1.1443328857421875,0,2028,0.778801843
2029,0.779185868,-1.1505889892578125,0,2029,0.779185868
2030,0.779569892,-1.1571121215820312,0,2030,0.779569892
2031,0.779953917,-1.1647224426269531,0,2031,0.779953917
2032,0.780337942,-1.1806106567382812,0,2032,0.780337942
2033,0.780721966,-1.18927001953125,0,2033,0.780721966
2034,0.781105991,-1.2060165405273438,0,2034,0.781105991
2035,0.781490015,-1.2183761596679688,0,2035,0.781490015
2036,0.781874040,-1.2192726135253906,0,2036,0.781874040
2037,0.782258065,-1.2160491943359375,0,2037,0.782258065
2038,0.782642089,-1.2055206298828125,0,2038,0.782642089
2039,0.783026114,-1.1964607238769531,0,2039,0.783026114
2040,0.783410138,-1.1833000183105469,0,2040,0.783410138
2041,0.783794163,-1.173248291015625,0,2041,0.783794163
2042,0.784178187,-1.1628913879394531,0,2042,0.784178187
2043,0.784562212,-1.1533546447753906,0,2043,0.784562212
2044,0.784946237,-1.143798828125,0,2044,0.784946237
2045,0.785330261,-1.1294364929199219,0,2045,0.785330261
2046,0.785714286,-1.1197662353515625,0,2046,0.785714286
2047,0.786098310,-1.1069107055664062,0,2047,0.786098310
2048,0.786482335,-1.0849380493164062,0,2048,0.786482335
2049,0.786866359,-1.0752296447753906,0,2049,0.786866359
2050,0.787250384,-1.0738372802734375,0,2050,0.787250384
2051,0.787634409,-1.0708045959472656,0,2051,0.787634409
2052,0.788018433,-1.0785293579101562,0,2052,0.788018433
2053,0.788402458,-1.0860252380371094,0,2053,0.788402458
2054,0.788786482,-1.0720062255859375,0,2054,0.788786482
2055,0.789170507,-1.0583114624023438,0,2055,0.789170507
2056,0.789554531,-1.0555076599121094,0,2056,0.789554531
2057,0.789938556,-1.0413169860839844,0,2057,0.789938556
2058,0.790322581,-1.0425758361816406,0,2058,0.790322581
2059,0.790706605,-1.0341644287109375,0,2059,0.790706605
2060,0.791090630,-1.0235214233398438,0,2060,0.791090630
2061,0.791474654,-1.0158157348632812,0,2061,0.791474654
2062,0.791858679,-1.0178565979003906,0,2062,0.791858679
2063,0.792242704,-1.0261917114257812,0,2063,0.792242704
2064,0.792626728,-1.046600341796875,0,2064,0.792626728
2065,0.793010753,-1.0585594177246094,0,2065,0.793010753
2066,0.793394777,-1.0627174377441406,0,2066,0.793394777
2067,0.793778802,-1.0726737976074219,0,2067,0.793778802
2068,0.794162826,-1.0708808898925781,0,2068,0.794162826
2069,0.794546851,-1.0807609558105469,0,2069,0.794546851
2070,0.794930876,-1.0787391662597656,0,2070,0.794930876
2071,0.795314900,-1.0855865478515625,0,2071,0.795314900
2072,0.795698925,-1.0910224914550781,0,2072,0.795698925
2073,0.796082949,-1.0973930358886719,0,2073,0.796082949
2074,0.796466974,-1.1057090759277344,0,2074,0.796466974
2075,0.796850998,-1.1119651794433594,0,2075,0.796850998
2076,0.797235023,-1.1224746704101562,0,2076,0.797235023
2077,0.797619048,-1.1318206787109375,0,2077,0.797619048
2078,0.798003072,-1.146392822265625,0,2078,0.798003072
2079,0.798387097,-1.1465072631835938,0,2079,0.798387097
2080,0.798771121,-1.1469459533691406,0,2080,0.798771121
2081,0.799155146,-1.1496162414550781,0,2081,0.799155146
2082,0.799539171,-1.1525726318359375,0,2082,0.799539171
2083,0.799923195,-1.1652946472167969,0,2083,0.799923195
2084,0.800307220,-1.1856460571289062,0,2084,0.800307220
2085,0.800691244,-1.1946678161621094,0,2085,0.800691244
2086,0.801075269,-1.1993026733398438,0,2086,0.801075269
2087,0.801459293,-1.2100791931152344,0,2087,0.801459293
2088,0.801843318,-1.2022972106933594,0,2088,0.801843318
2089,0.802227343,-1.2060165405273438,0,2089,0.802227343
2090,0.802611367,-1.2103271484375,0,2090,0.802611367
2091,0.802995392,-1.1839485168457031,0,2091,0.802995392
2092,0.803379416,-1.1555671691894531,0,2092,0.803379416
2093,0.803763441,-1.1382484436035156,0,2093,0.803763441
2094,0.804147465,-1.1318206787109375,0,2094,0.804147465
2095,0.804531490,-1.1271286010742188,0,2095,0.804531490
2096,0.804915515,-1.1235618591308594,0,2096,0.804915515
2097,0.805299539,-1.1197280883789062,0,2097,0.805299539
2098,0.805683564,-1.1085128784179688,0,2098,0.805683564
2099,0.806067588,-1.0966110229492188,0,2099,0.806067588
2100,0.806451613,-1.0857582092285156,0,2100,0.806451613
2101,0.806835637,-1.076507568359375,0,2101,0.806835637
2102,0.807219662,-1.0810279846191406,0,2102,0.807219662
2103,0.807603687,-1.0685348510742188,0,2103,0.807603687
2104,0.807987711,-1.0610580444335938,0,2104,0.807987711
2105,0.808371736,-1.058349609375,0,2105,0.808371736
2106,0.808755760,-1.0462570190429688,0,2106,0.808755760
2107,0.809139785,-1.0042381286621094,0,2107,0.809139785
2108,0.809523810,-0.9784889221191406,0,2108,0.809523810
2109,0.809907834,-0.98419189453125,0,2109,0.809907834
2110,0.810291859,-1.0017013549804688,0,2110,0.810291859
2111,0.810675883,-1.0144805908203125,0,2111,0.810675883
2112,0.811059908,-1.0573196411132812,0,2112,0.811059908
2113,0.811443932,-1.0595893859863281,0,2113,0.811443932
2114,0.811827957,-1.055450439453125,0,2114,0.811827957
2115,0.812211982,-1.0508155822753906,0,2115,0.812211982
2116,0.812596006,-1.0412788391113281,0,2116,0.812596006
2117,0.812980031,-1.042327880859375,0,2117,0.812980031
2118,0.813364055,-1.046905517578125,0,2118,0.813364055
2119,0.813748080,-1.0550689697265625,0,2119,0.813748080
2120,0.814132104,-1.0613822937011719,0,2120,0.814132104
2121,0.814516129,-1.0731887817382812,0,2121,0.814516129
2122,0.814900154,-1.0750007629394531,0,2122,0.814900154
2123,0.815284178,-1.0882186889648438,0,2123,0.815284178
2124,0.815668203,-1.0922431945800781,0,2124,0.815668203
2125,0.816052227,-1.1121177673339844,0,2125,0.816052227
2126,0.816436252,-1.1396598815917969,0,2126,0.816436252
2127,0.816820276,-1.1367416381835938,0,2127,0.816820276
2128,0.817204301,-1.1386871337890625,0,2128,0.817204301
2129,0.817588326,-1.1339950561523438,0,2129,0.817588326
2130,0.817972350,-1.1271286010742188,0,2130,0.817972350
2131,0.818356375,-1.1317253112792969,0,2131,0.818356375
2132,0.818740399,-1.1319541931152344,0,2132,0.818740399
2133,0.819124424,-1.1342620849609375,0,2133,0.819124424
2134,0.819508449,-1.1469841003417969,0,2134,0.819508449
2135,0.819892473,-1.15386962890625,0,2135,0.819892473
2136,0.820276498,-1.1654281616210938,0,2136,0.820276498
2137,0.820660522,-1.1945152282714844,0,2137,0.820660522
2138,0.821044547,-1.2213134765625,0,2138,0.821044547
2139,0.821428571,-1.2300872802734375,0,2139,0.821428571
2140,0.821812596,-1.2216567993164062,0,2140,0.821812596
2141,0.822196621,-1.2132644653320312,0,2141,0.822196621
2142,0.822580645,-1.2006568908691406,0,2142,0.822580645
2143,0.822964670,-1.1808204650878906,0,2143,0.822964670
2144,0.823348694,-1.1629104614257812,0,2144,0.823348694
2145,0.823732719,-1.1379814147949219,0,2145,0.823732719
2146,0.824116743,-1.1321830749511719,0,2146,0.824116743
2147,0.824500768,-1.1270713806152344,0,2147,0.824500768
2148,0.824884793,-1.12945556640625,0,2148,0.824884793
2149,0.825268817,-1.1285400390625,0,2149,0.825268817
2150,0.825652842,-1.1189460754394531,0,2150,0.825652842
2151,0.826036866,-1.0995292663574219,0,2151,0.826036866
2152,0.826420891,-1.0825538635253906,0,2152,0.826420891
2153,0.826804916,-1.07635498046875,0,2153,0.826804916
2154,0.827188940,-1.0704231262207031,0,2154,0.827188940
2155,0.827572965,-1.0725021362304688,0,2155,0.827572965
2156,0.827956989,-1.0839653015136719,0,2156,0.827956989
2157,0.828341014,-1.070404052734375,0,2157,0.828341014
2158,0.828725038,-1.0468101501464844,0,2158,0.828725038
2159,0.829109063,-1.0247802734375,0,2159,0.829109063
2160,0.829493088,-1.0226631164550781,0,2160,0.829493088
2161,0.829877112,-1.0198402404785156,0,2161,0.829877112
2162,0.830261137,-1.0222053527832031,0,2162,0.830261137
2163,0.830645161,-1.0204315185546875,0,2163,0.830645161
2164,0.831029186,-1.0182762145996094,0,2164,0.831029186
2165,0.831413210,-1.0144805908203125,0,2165,0.831413210
2166,0.831797235,-1.0072898864746094,0,2166,0.831797235
2167,0.832181260,-1.0090065002441406,0,2167,0.832181260
2168,0.832565284,-1.0272216796875,0,2168,0.832565284
2169,0.832949309,-1.0419654846191406,0,2169,0.832949309
2170,0.833333333,-1.0520172119140625,0,2170,0.833333333
2171,0.833717358,-1.0530471801757812,0,2171,0.833717358
2172,0.834101382,-1.0587882995605469,0,2172,0.834101382
2173,0.834485407,-1.0659980773925781,0,2173,0.834485407
2174,0.834869432,-1.0828971862792969,0,2174,0.834869432
2175,0.835253456,-1.1031723022460938,0,2175,0.835253456
2176,0.835637481,-1.1107063293457031,0,2176,0.835637481
2177,0.836021505,-1.111297607421875,0,2177,0.836021505
2178,0.836405530,-1.1170578002929688,0,2178,0.836405530
2179,0.836789555,-1.1236000061035156,0,2179,0.836789555
2180,0.837173579,-1.1248779296875,0,2180,0.837173579
2181,0.837557604,-1.1321830749511719,0,2181,0.837557604
2182,0.837941628,-1.1259269714355469,0,2182,0.837941628
2183,0.838325653,-1.1278152465820312,0,2183,0.838325653
2184,0.838709677,-1.1443710327148438,0,2184,0.838709677
2185,0.839093702,-1.1531829833984375,0,2185,0.839093702
2186,0.839477727,-1.1575508117675781,0,2186,0.839477727
2187,0.839861751,-1.1689186096191406,0,2187,0.839861751
2188,0.840245776,-1.1753463745117188,0,2188,0.840245776
2189,0.840629800,-1.1829566955566406,0,2189,0.840629800
2190,0.841013825,-1.1890983581542969,0,2190,0.841013825
2191,0.841397849,-1.2090682983398438,0,2191,0.841397849
2192,0.841781874,-1.21185302734375,0,2192,0.841781874
2193,0.842165899,-1.2120628356933594,0,2193,0.842165899
2194,0.842549923,-1.1927413940429688,0,2194,0.842549923
2195,0.842933948,-1.1779212951660156,0,2195,0.842933948
2196,0.843317972,-1.1623382568359375,0,2196,0.843317972
2197,0.843701997,-1.1471366882324219,0,2197,0.843701997
2198,0.844086022,-1.1347579956054688,0,2198,0.844086022
2199,0.844470046,-1.125946044921875,0,2199,0.844470046
2200,0.844854071,-1.1172676086425781,0,2200,0.844854071
2201,0.845238095,-1.1029052734375,0,2201,0.845238095
2202,0.845622120,-1.0809898376464844,0,2202,0.845622120
2203,0.846006144,-1.0799217224121094,0,2203,0.846006144
2204,0.846390169,-1.0827064514160156,0,2204,0.846390169
2205,0.846774194,-1.0842323303222656,0,2205,0.846774194
2206,0.847158218,-1.0875892639160156,0,2206,0.847158218
2207,0.847542243,-1.0801124572753906,0,2207,0.847542243
2208,0.847926267,-1.0752296447753906,0,2208,0.847926267
2209,0.848310292,-1.0583877563476562,0,2209,0.848310292
2210,0.848694316,-1.0507965087890625,0,2210,0.848694316
2211,0.849078341,-1.0383987426757812,0,2211,0.849078341
2212,0.849462366,-1.0343742370605469,0,2212,0.849462366
2213,0.849846390,-1.0323143005371094,0,2213,0.849846390
2214,0.850230415,-1.0219764709472656,0,2214,0.850230415
2215,0.850614439,-1.0085296630859375,0,2215,0.850614439
2216,0.850998464,-1.0010528564453125,0,2216,0.850998464
2217,0.851382488,-1.0095787048339844,0,2217,0.851382488
2218,0.851766513,-1.0167503356933594,0,2218,0.851766513
2219,0.852150538,-1.023712158203125,0,2219,0.852150538
2220,0.852534562,-1.0358810424804688,0,2220,0.852534562
2221,0.852918587,-1.047821044921875,0,2221,0.852918587
2222,0.853302611,-1.0517120361328125,0,2222,0.853302611
2223,0.853686636,-1.0634422302246094,0,2223,0.853686636
2224,0.854070661,-1.0706520080566406,0,2224,0.854070661
2225,0.854454685,-1.0700607299804688,0,2225,0.854454685
2226,0.854838710,-1.0759925842285156,0,2226,0.854838710
2227,0.855222734,-1.0892677307128906,0,2227,0.855222734
2228,0.855606759,-1.0935783386230469,0,2228,0.855606759
2229,0.855990783,-1.0956573486328125,0,2229,0.855990783
2230,0.856374808,-1.1031532287597656,0,2230,0.856374808
2231,0.856758833,-1.1123275756835938,0,2231,0.856758833
2232,0.857142857,-1.1300277709960938,0,2232,0.857142857
2233,0.857526882,-1.1466598510742188,0,2233,0.857526882
2234,0.857910906,-1.1463546752929688,0,2234,0.857910906
2235,0.858294931,-1.1456108093261719,0,2235,0.858294931
2236,0.858678955,-1.1324691772460938,0,2236,0.858678955
2237,0.859062980,-1.1528778076171875,0,2237,0.859062980
2238,0.859447005,-1.1660957336425781,0,2238,0.859447005
2239,0.859831029,-1.18316650390625,0,2239,0.859831029
2240,0.860215054,-1.2001419067382812,0,2240,0.860215054
2241,0.860599078,-1.1885261535644531,0,2241,0.860599078
2242,0.860983103,-1.1662673950195312,0,2242,0.860983103
2243,0.861367127,-1.1576461791992188,0,2243,0.861367127
2244,0.861751152,-1.1557388305664062,0,2244,0.861751152
2245,0.862135177,-1.1645698547363281,0,2245,0.862135177
2246,0.862519201,-1.1592674255371094,0,2246,0.862519201
2247,0.862903226,-1.147613525390625,0,2247,0.862903226
2248,0.863287250,-1.1418342590332031,0,2248,0.863287250
2249,0.863671275,-1.1351585388183594,0,2249,0.863671275
2250,0.864055300,-1.1331939697265625,0,2250,0.864055300
2251,0.864439324,-1.1243820190429688,0,2251,0.864439324
2252,0.864823349,-1.1177825927734375,0,2252,0.864823349
2253,0.865207373,-1.1120796203613281,0,2253,0.865207373
2254,0.865591398,-1.0894584655761719,0,2254,0.865591398
2255,0.865975422,-1.0735130310058594,0,2255,0.865975422
2256,0.866359447,-1.0565948486328125,0,2256,0.866359447
2257,0.866743472,-1.0095024108886719,0,2257,0.866743472
2258,0.867127496,-0.9962081909179688,0,2258,0.867127496
2259,0.867511521,-1.0077285766601562,0,2259,0.867511521
2260,0.867895545,-1.0271072387695312,0,2260,0.867895545
2261,0.868279570,-1.0438156127929688,0,2261,0.868279570
2262,0.868663594,-1.0888481140136719,0,2262,0.868663594
2263,0.869047619,-1.0917854309082031,0,2263,0.869047619
2264,0.869431644,-1.0659599304199219,0,2264,0.869431644
2265,0.869815668,-1.0465812683105469,0,2265,0.869815668
2266,0.870199693,-1.03363037109375,0,2266,0.870199693
2267,0.870583717,-1.0203742980957031,0,2267,0.870583717
2268,0.870967742,-1.0161781311035156,0,2268,0.870967742
2269,0.871351767,-1.0213279724121094,0,2269,0.871351767
2270,0.871735791,-1.0162734985351562,0,2270,0.871735791
2271,0.872119816,-1.0234260559082031,0,2271,0.872119816
2272,0.872503840,-1.0239982604980469,0,2272,0.872503840
2273,0.872887865,-1.0352134704589844,0,2273,0.872887865
2274,0.873271889,-1.0477638244628906,0,2274,0.873271889
2275,0.873655914,-1.0688209533691406,0,2275,0.873655914
2276,0.874039939,-1.0947799682617188,0,2276,0.874039939
2277,0.874423963,-1.10015869140625,0,2277,0.874423963
2278,0.874807988,-1.1041641235351562,0,2278,0.874807988
2279,0.875192012,-1.1031150817871094,0,2279,0.875192012
2280,0.875576037,-1.1010932922363281,0,2280,0.875576037
2281,0.875960061,-1.103515625,0,2281,0.875960061
2282,0.876344086,-1.1145210266113281,0,2282,0.876344086
2283,0.876728111,-1.118316650390625,0,2283,0.876728111
2284,0.877112135,-1.1178398132324219,0,2284,0.877112135
2285,0.877496160,-1.1224555969238281,0,2285,0.877496160
2286,0.877880184,-1.1308860778808594,0,2286,0.877880184
2287,0.878264209,-1.1327934265136719,0,2287,0.878264209
2288,0.878648233,-1.1433601379394531,0,2288,0.878648233
2289,0.879032258,-1.1536598205566406,0,2289,0.879032258
2290,0.879416283,-1.1592292785644531,0,2290,0.879416283
2291,0.879800307,-1.1799049377441406,0,2291,0.879800307
2292,0.880184332,-1.194000244140625,0,2292,0.880184332
2293,0.880568356,-1.1983871459960938,0,2293,0.880568356
2294,0.880952381,-1.1990928649902344,0,2294,0.880952381
2295,0.881336406,-1.1991119384765625,0,2295,0.881336406
2296,0.881720430,-1.1968612670898438,0,2296,0.881720430
2297,0.882104455,-1.1932563781738281,0,2297,0.882104455
2298,0.882488479,-1.1848068237304688,0,2298,0.882488479
2299,0.882872504,-1.1784744262695312,0,2299,0.882872504
2300,0.883256528,-1.1532783508300781,0,2300,0.883256528
2301,0.883640553,-1.1455345153808594,0,2301,0.883640553
2302,0.884024578,-1.1337661743164062,0,2302,0.884024578
2303,0.884408602,-1.1247062683105469,0,2303,0.884408602
2304,0.884792627,-1.1174201965332031,0,2304,0.884792627
2305,0.885176651,-1.0973930358886719,0,2305,0.885176651
2306,0.885560676,-1.0905075073242188,0,2306,0.885560676
2307,0.885944700,-1.0736083984375,0,2307,0.885944700
2308,0.886328725,-1.0548019409179688,0,2308,0.886328725
2309,0.886712750,-1.0513687133789062,0,2309,0.886712750
2310,0.887096774,-1.0498809814453125,0,2310,0.887096774
2311,0.887480799,-1.0582733154296875,0,2311,0.887480799
2312,0.887864823,-1.0649490356445312,0,2312,0.887864823
2313,0.888248848,-1.0663604736328125,0,2313,0.888248848
2314,0.888632873,-1.0566520690917969,0,2314,0.888632873
2315,0.889016897,-1.0390281677246094,0,2315,0.889016897
2316,0.889400922,-1.0202407836914062,0,2316,0.889400922
2317,0.889784946,-1.0198020935058594,0,2317,0.889784946
2318,0.890168971,-1.0185623168945312,0,2318,0.890168971
2319,0.890552995,-1.0091590881347656,0,2319,0.890552995
2320,0.890937020,-1.0062026977539062,0,2320,0.890937020
2321,0.891321045,-1.0094833374023438,0,2321,0.891321045
2322,0.891705069,-1.0127067565917969,0,2322,0.891705069
2323,0.892089094,-1.0249137878417969,0,2323,0.892089094
2324,0.892473118,-1.047515869140625,0,2324,0.892473118
2325,0.892857143,-1.0627174377441406,0,2325,0.892857143
2326,0.893241167,-1.0602951049804688,0,2326,0.893241167
2327,0.893625192,-1.0734367370605469,0,2327,0.893625192
2328,0.894009217,-1.0794639587402344,0,2328,0.894009217
2329,0.894393241,-1.0839271545410156,0,2329,0.894393241
2330,0.894777266,-1.0950469970703125,0,2330,0.894777266
2331,0.895161290,-1.105194091796875,0,2331,0.895161290
2332,0.895545315,-1.1030387878417969,0,2332,0.895545315
2333,0.895929339,-1.1031341552734375,0,2333,0.895929339
2334,0.896313364,-1.1064720153808594,0,2334,0.896313364
2335,0.896697389,-1.1071586608886719,0,2335,0.896697389
2336,0.897081413,-1.1084556579589844,0,2336,0.897081413
2337,0.897465438,-1.1086654663085938,0,2337,0.897465438
2338,0.897849462,-1.1130332946777344,0,2338,0.897849462
2339,0.898233487,-1.1273384094238281,0,2339,0.898233487
2340,0.898617512,-1.1348342895507812,0,2340,0.898617512
2341,0.899001536,-1.1428070068359375,0,2341,0.899001536
2342,0.899385561,-1.1656761169433594,0,2342,0.899385561
2343,0.899769585,-1.1848068237304688,0,2343,0.899769585
2344,0.900153610,-1.2111091613769531,0,2344,0.900153610
2345,0.900537634,-1.22100830078125,0,2345,0.900537634
2346,0.900921659,-1.2150382995605469,0,2346,0.900921659
2347,0.901305684,-1.2001228332519531,0,2347,0.901305684
2348,0.901689708,-1.1856460571289062,0,2348,0.901689708
2349,0.902073733,-1.1824989318847656,0,2349,0.902073733
2350,0.902457757,-1.1661720275878906,0,2350,0.902457757
2351,0.902841782,-1.151123046875,0,2351,0.902841782
2352,0.903225806,-1.1334991455078125,0,2352,0.903225806
2353,0.903609831,-1.1243629455566406,0,2353,0.903609831
2354,0.903993856,-1.125335693359375,0,2354,0.903993856
2355,0.904377880,-1.1193275451660156,0,2355,0.904377880
2356,0.904761905,-1.1129570007324219,0,2356,0.904761905
2357,0.905145929,-1.1011123657226562,0,2357,0.905145929
2358,0.905529954,-1.0831451416015625,0,2358,0.905529954
2359,0.905913978,-1.0695266723632812,0,2359,0.905913978
2360,0.906298003,-1.0590362548828125,0,2360,0.906298003
2361,0.906682028,-1.0596656799316406,0,2361,0.906682028
2362,0.907066052,-1.0603141784667969,0,2362,0.907066052
2363,0.907450077,-1.054534912109375,0,2363,0.907450077
2364,0.907834101,-1.0523605346679688,0,2364,0.907834101
2365,0.908218126,-1.0581779479980469,0,2365,0.908218126
2366,0.908602151,-1.0526847839355469,0,2366,0.908602151
2367,0.908986175,-1.0347557067871094,0,2367,0.908986175
2368,0.909370200,-1.0327339172363281,0,2368,0.909370200
2369,0.909754224,-1.03271484375,0,2369,0.909754224
2370,0.910138249,-1.0200881958007812,0,2370,0.910138249
2371,0.910522273,-1.0029983520507812,0,2371,0.910522273
2372,0.910906298,-1.0051536560058594,0,2372,0.910906298
2373,0.911290323,-1.0033226013183594,0,2373,0.911290323
2374,0.911674347,-1.0101127624511719,0,2374,0.911674347
2375,0.912058372,-1.0158920288085938,0,2375,0.912058372
2376,0.912442396,-1.0346221923828125,0,2376,0.912442396
2377,0.912826421,-1.03912353515625,0,2377,0.912826421
2378,0.913210445,-1.0480690002441406,0,2378,0.913210445
2379,0.913594470,-1.0622215270996094,0,2379,0.913594470
2380,0.913978495,-1.076812744140625,0,2380,0.913978495
2381,0.914362519,-1.0776329040527344,0,2381,0.914362519
2382,0.914746544,-1.0912513732910156,0,2382,0.914746544
2383,0.915130568,-1.0848808288574219,0,2383,0.915130568
2384,0.915514593,-1.0918807983398438,0,2384,0.915514593
2385,0.915898618,-1.1124229431152344,0,2385,0.915898618
2386,0.916282642,-1.1214447021484375,0,2386,0.916282642
2387,0.916666667,-1.1277389526367188,0,2387,0.916666667
2388,0.917050691,-1.1317062377929688,0,2388,0.917050691
2389,0.917434716,-1.1279106140136719,0,2389,0.917434716
2390,0.917818740,-1.1344718933105469,0,2390,0.917818740
2391,0.918202765,-1.1180686950683594,0,2391,0.918202765
2392,0.918586790,-1.0988235473632812,0,2392,0.918586790
2393,0.918970814,-1.1002159118652344,0,2393,0.918970814
2394,0.919354839,-1.1308479309082031,0,2394,0.919354839
2395,0.919738863,-1.1657333374023438,0,2395,0.919738863
2396,0.920122888,-1.1878013610839844,0,2396,0.920122888
2397,0.920506912,-1.2109756469726562,0,2397,0.920506912
2398,0.920890937,-1.2093544006347656,0,2398,0.920890937
2399,0.921274962,-1.1971473693847656,0,2399,0.921274962
2400,0.921658986,-1.1926651000976562,0,2400,0.921658986
2401,0.922043011,-1.1834526062011719,0,2401,0.922043011
2402,0.922427035,-1.1684417724609375,0,2402,0.922427035
2403,0.922811060,-1.1536026000976562,0,2403,0.922811060
2404,0.923195084,-1.1395263671875,0,2404,0.923195084
2405,0.923579109,-1.1376380920410156,0,2405,0.923579109
2406,0.923963134,-1.1215400695800781,0,2406,0.923963134
2407,0.924347158,-1.0727500915527344,0,2407,0.924347158
2408,0.924731183,-1.0420989990234375,0,2408,0.924731183
2409,0.925115207,-1.0367393493652344,0,2409,0.925115207
2410,0.925499232,-1.0629463195800781,0,2410,0.925499232
2411,0.925883257,-1.0730171203613281,0,2411,0.925883257
2412,0.926267281,-1.1110305786132812,0,2412,0.926267281
2413,0.926651306,-1.1142349243164062,0,2413,0.926651306
2414,0.927035330,-1.1000823974609375,0,2414,0.927035330
2415,0.927419355,-1.0803031921386719,0,2415,0.927419355
2416,0.927803379,-1.0647392272949219,0,2416,0.927803379
2417,0.928187404,-1.0585784912109375,0,2417,0.928187404
2418,0.928571429,-1.0519790649414062,0,2418,0.928571429
2419,0.928955453,-1.0392379760742188,0,2419,0.928955453
2420,0.929339478,-1.0219955444335938,0,2420,0.929339478
2421,0.929723502,-1.0120391845703125,0,2421,0.929723502
2422,0.930107527,-1.0039329528808594,0,2422,0.930107527
2423,0.930491551,-1.0019874572753906,0,2423,0.930491551
2424,0.930875576,-0.9997367858886719,0,2424,0.930875576
2425,0.931259601,-1.0165023803710938,0,2425,0.931259601
2426,0.931643625,-1.0476303100585938,0,2426,0.931643625
2427,0.932027650,-1.0571098327636719,0,2427,0.932027650
2428,0.932411674,-1.0590362548828125,0,2428,0.932411674
2429,0.932795699,-1.0614585876464844,0,2429,0.932795699
2430,0.933179724,-1.0627555847167969,0,2430,0.933179724
2431,0.933563748,-1.0690689086914062,0,2431,0.933563748
2432,0.933947773,-1.0812759399414062,0,2432,0.933947773
2433,0.934331797,-1.0920143127441406,0,2433,0.934331797
2434,0.934715822,-1.0959434509277344,0,2434,0.934715822
2435,0.935099846,-1.08642578125,0,2435,0.935099846
2436,0.935483871,-1.0939216613769531,0,2436,0.935483871
2437,0.935867896,-1.1003303527832031,0,2437,0.935867896
2438,0.936251920,-1.1114883422851562,0,2438,0.936251920
2439,0.936635945,-1.1126518249511719,0,2439,0.936635945
2440,0.937019969,-1.1221885681152344,0,2440,0.937019969
2441,0.937403994,-1.1351776123046875,0,2441,0.937403994
2442,0.937788018,-1.1418914794921875,0,2442,0.937788018
2443,0.938172043,-1.1450767517089844,0,2443,0.938172043
2444,0.938556068,-1.1519813537597656,0,2444,0.938556068
2445,0.938940092,-1.1604690551757812,0,2445,0.938940092
2446,0.939324117,-1.1639785766601562,0,2446,0.939324117
2447,0.939708141,-1.1784744262695312,0,2447,0.939708141
2448,0.940092166,-1.177825927734375,0,2448,0.940092166
2449,0.940476190,-1.1894989013671875,0,2449,0.940476190
2450,0.940860215,-1.2011528015136719,0,2450,0.940860215
2451,0.941244240,-1.2024307250976562,0,2451,0.941244240
2452,0.941628264,-1.1904144287109375,0,2452,0.941628264
2453,0.942012289,-1.1698150634765625,0,2453,0.942012289
2454,0.942396313,-1.1527252197265625,0,2454,0.942396313
2455,0.942780338,-1.139373779296875,0,2455,0.942780338
2456,0.943164363,-1.1348152160644531,0,2456,0.943164363
2457,0.943548387,-1.12152099609375,0,2457,0.943548387
2458,0.943932412,-1.1179924011230469,0,2458,0.943932412
2459,0.944316436,-1.10809326171875,0,2459,0.944316436
2460,0.944700461,-1.1040306091308594,0,2460,0.944700461
2461,0.945084485,-1.1026954650878906,0,2461,0.945084485
2462,0.945468510,-1.0867691040039062,0,2462,0.945468510
2463,0.945852535,-1.0705947875976562,0,2463,0.945852535
2464,0.946236559,-1.0645484924316406,0,2464,0.946236559
2465,0.946620584,-1.0671806335449219,0,2465,0.946620584
2466,0.947004608,-1.0606956481933594,0,2466,0.947004608
2467,0.947388633,-1.0640907287597656,0,2467,0.947388633
2468,0.947772657,-1.0593032836914062,0,2468,0.947772657
2469,0.948156682,-1.0506439208984375,0,2469,0.948156682
2470,0.948540707,-1.0361671447753906,0,2470,0.948540707
2471,0.948924731,-1.0283851623535156,0,2471,0.948924731
2472,0.949308756,-1.0146903991699219,0,2472,0.949308756
2473,0.949692780,-1.0157585144042969,0,2473,0.949692780
2474,0.950076805,-1.0012054443359375,0,2474,0.950076805
2475,0.950460829,-0.9942817687988281,0,2475,0.950460829
2476,0.950844854,-1.0096549987792969,0,2476,0.950844854
2477,0.951228879,-1.020355224609375,0,2477,0.951228879
2478,0.951612903,-1.0260391235351562,0,2478,0.951612903
2479,0.951996928,-1.027374267578125,0,2479,0.951996928
2480,0.952380952,-1.0392951965332031,0,2480,0.952380952
2481,0.952764977,-1.0494232177734375,0,2481,0.952764977
2482,0.953149002,-1.0513496398925781,0,2482,0.953149002
2483,0.953533026,-1.0661506652832031,0,2483,0.953533026
2484,0.953917051,-1.0777664184570312,0,2484,0.953917051
2485,0.954301075,-1.0843467712402344,0,2485,0.954301075
2486,0.954685100,-1.0859107971191406,0,2486,0.954685100
2487,0.955069124,-1.1003684997558594,0,2487,0.955069124
2488,0.955453149,-1.1137199401855469,0,2488,0.955453149
2489,0.955837174,-1.1162376403808594,0,2489,0.955837174
2490,0.956221198,-1.1169242858886719,0,2490,0.956221198
2491,0.956605223,-1.1207199096679688,0,2491,0.956605223
2492,0.956989247,-1.1269569396972656,0,2492,0.956989247
2493,0.957373272,-1.1319351196289062,0,2493,0.957373272
2494,0.957757296,-1.134033203125,0,2494,0.957757296
2495,0.958141321,-1.1368560791015625,0,2495,0.958141321
2496,0.958525346,-1.1439132690429688,0,2496,0.958525346
2497,0.958909370,-1.1471176147460938,0,2497,0.958909370
2498,0.959293395,-1.1743736267089844,0,2498,0.959293395
2499,0.959677419,-1.1907005310058594,0,2499,0.959677419
2500,0.960061444,-1.1974143981933594,0,2500,0.960061444
2501,0.960445469,-1.201934814453125,0,2501,0.960445469
2502,0.960829493,-1.2151718139648438,0,2502,0.960829493
2503,0.961213518,-1.2235260009765625,0,2503,0.961213518
2504,0.961597542,-1.21490478515625,0,2504,0.961597542
2505,0.961981567,-1.1956024169921875,0,2505,0.961981567
2506,0.962365591,-1.1778640747070312,0,2506,0.962365591
2507,0.962749616,-1.1505889892578125,0,2507,0.962749616
2508,0.963133641,-1.1253547668457031,0,2508,0.963133641
2509,0.963517665,-1.1126136779785156,0,2509,0.963517665
2510,0.963901690,-1.1010169982910156,0,2510,0.963901690
2511,0.964285714,-1.0950851440429688,0,2511,0.964285714
2512,0.964669739,-1.0829353332519531,0,2512,0.964669739
2513,0.965053763,-1.0845565795898438,0,2513,0.965053763
2514,0.965437788,-1.0795783996582031,0,2514,0.965437788
2515,0.965821813,-1.0702323913574219,0,2515,0.965821813
2516,0.966205837,-1.0678863525390625,0,2516,0.966205837
2517,0.966589862,-1.0640335083007812,0,2517,0.966589862
2518,0.966973886,-1.0649681091308594,0,2518,0.966973886
2519,0.967357911,-1.0637474060058594,0,2519,0.967357911
2520,0.967741935,-1.0513496398925781,0,2520,0.967741935
2521,0.968125960,-1.04156494140625,0,2521,0.968125960
2522,0.968509985,-1.0349273681640625,0,2522,0.968509985
2523,0.968894009,-1.0347557067871094,0,2523,0.968894009
2524,0.969278034,-1.0303306579589844,0,2524,0.969278034
2525,0.969662058,-1.0245513916015625,0,2525,0.969662058
2526,0.970046083,-1.01806640625,0,2526,0.970046083
2527,0.970430108,-1.0150337219238281,0,2527,0.970430108
2528,0.970814132,-1.0112380981445312,0,2528,0.970814132
2529,0.971198157,-1.0163307189941406,0,2529,0.971198157
2530,0.971582181,-1.0258102416992188,0,2530,0.971582181
2531,0.971966206,-1.0379981994628906,0,2531,0.971966206
2532,0.972350230,-1.0436439514160156,0,2532,0.972350230
2533,0.972734255,-1.0397911071777344,0,2533,0.972734255
2534,0.973118280,-1.0498237609863281,0,2534,0.973118280
2535,0.973502304,-1.0663986206054688,0,2535,0.973502304
2536,0.973886329,-1.0758590698242188,0,2536,0.973886329
2537,0.974270353,-1.087493896484375,0,2537,0.974270353
2538,0.974654378,-1.0857009887695312,0,2538,0.974654378
2539,0.975038402,-1.0941505432128906,0,2539,0.975038402
2540,0.975422427,-1.113128662109375,0,2540,0.975422427
2541,0.975806452,-1.1008262634277344,0,2541,0.975806452
2542,0.976190476,-1.0817909240722656,0,2542,0.976190476
2543,0.976574501,-1.0925102233886719,0,2543,0.976574501
2544,0.976958525,-1.1005020141601562,0,2544,0.976958525
2545,0.977342550,-1.129608154296875,0,2545,0.977342550
2546,0.977726575,-1.1360740661621094,0,2546,0.977726575
2547,0.978110599,-1.1372184753417969,0,2547,0.978110599
2548,0.978494624,-1.1373138427734375,0,2548,0.978494624
2549,0.978878648,-1.1503982543945312,0,2549,0.978878648
2550,0.979262673,-1.1632347106933594,0,2550,0.979262673
2551,0.979646697,-1.1796760559082031,0,2551,0.979646697
2552,0.980030722,-1.1917304992675781,0,2552,0.980030722
2553,0.980414747,-1.2066841125488281,0,2553,0.980414747
2554,0.980798771,-1.2156295776367188,0,2554,0.980798771
2555,0.981182796,-1.2049293518066406,0,2555,0.981182796
2556,0.981566820,-1.1835861206054688,0,2556,0.981566820
2557,0.981950845,-1.1354637145996094,0,2557,0.981950845
2558,0.982334869,-1.1010360717773438,0,2558,0.982334869
2559,0.982718894,-1.0973358154296875,0,2559,0.982718894
2560,0.983102919,-1.1116409301757812,0,2560,0.983102919
2561,0.983486943,-1.114501953125,0,2561,0.983486943
2562,0.983870968,-1.14990234375,0,2562,0.983870968
2563,0.984254992,-1.1557197570800781,0,2563,0.984254992
2564,0.984639017,-1.1397743225097656,0,2564,0.984639017
2565,0.985023041,-1.1159515380859375,0,2565,0.985023041
2566,0.985407066,-1.0972213745117188,0,2566,0.985407066
2567,0.985791091,-1.0857009887695312,0,2567,0.985791091
2568,0.986175115,-1.0782241821289062,0,2568,0.986175115
2569,0.986559140,-1.0671424865722656,0,2569,0.986559140
2570,0.986943164,-1.0540580749511719,0,2570,0.986943164
2571,0.987327189,-1.0564231872558594,0,2571,0.987327189
2572,0.987711214,-1.0503578186035156,0,2572,0.987711214
2573,0.988095238,-1.0454177856445312,0,2573,0.988095238
2574,0.988479263,-1.0297966003417969,0,2574,0.988479263
2575,0.988863287,-1.0234642028808594,0,2575,0.988863287
2576,0.989247312,-1.0440254211425781,0,2576,0.989247312
2577,0.989631336,-1.0422706604003906,0,2577,0.989631336
2578,0.990015361,-1.0259437561035156,0,2578,0.990015361
2579,0.990399386,-1.0195541381835938,0,2579,0.990399386
2580,0.990783410,-1.0074996948242188,0,2580,0.990783410
2581,0.991167435,-1.0082817077636719,0,2581,0.991167435
2582,0.991551459,-1.0187339782714844,0,2582,0.991551459
2583,0.991935484,-1.0361480712890625,0,2583,0.991935484
2584,0.992319508,-1.0562896728515625,0,2584,0.992319508
2585,0.992703533,-1.0678482055664062,0,2585,0.992703533
2586,0.993087558,-1.0738182067871094,0,2586,0.993087558
2587,0.993471582,-1.0738754272460938,0,2587,0.993471582
2588,0.993855607,-1.0675239562988281,0,2588,0.993855607
2589,0.994239631,-1.0748672485351562,0,2589,0.994239631
2590,0.994623656,-1.0879707336425781,0,2590,0.994623656
2591,0.995007680,-1.107635498046875,0,2591,0.995007680
2592,0.995391705,-1.1184120178222656,0,2592,0.995391705
2593,0.995775730,-1.127471923828125,0,2593,0.995775730
2594,0.996159754,-1.1269760131835938,0,2594,0.996159754
2595,0.996543779,-1.1295700073242188,0,2595,0.996543779
2596,0.996927803,-1.1323738098144531,0,2596,0.996927803
2597,0.997311828,-1.1378288269042969,0,2597,0.997311828
2598,0.997695853,-1.128997802734375,0,2598,0.997695853
2599,0.998079877,-1.1364364624023438,0,2599,0.998079877
2600,0.998463902,-1.1416244506835938,0,2600,0.998463902
2601,0.998847926,-1.1634063720703125,0,2601,0.998847926
2602,0.999231951,-1.1822891235351562,0,2602,0.999231951
2603,0.999615975,-1.1989784240722656,0,2603,0.999615975
2604,1.000000000,-1.2126541137695312,0,2604,1.000000000
2605,1.000384025,-1.2178230285644531,0,2605,1.000384025
2606,1.000768049,-1.2061119079589844,0,2606,1.000768049
2607,1.001152074,-1.19110107421875,0,2607,1.001152074
2608,1.001536098,-1.1803245544433594,0,2608,1.001536098
2609,1.001920123,-1.1673927307128906,0,2609,1.001920123
2610,1.002304147,-1.1571121215820312,0,2610,1.002304147
2611,1.002688172,-1.1492347717285156,0,2611,1.002688172
2612,1.003072197,-1.1384773254394531,0,2612,1.003072197
2613,1.003456221,-1.1306571960449219,0,2613,1.003456221
2614,1.003840246,-1.1138343811035156,0,2614,1.003840246
2615,1.004224270,-1.1043930053710938,0,2615,1.004224270
2616,1.004608295,-1.0902023315429688,0,2616,1.004608295
2617,1.004992320,-1.0752487182617188,0,2617,1.004992320
2618,1.005376344,-1.076202392578125,0,2618,1.005376344
2619,1.005760369,-1.08184814453125,0,2619,1.005760369
2620,1.006144393,-1.0890960693359375,0,2620,1.006144393
2621,1.006528418,-1.0764312744140625,0,2621,1.006528418
2622,1.006912442,-1.0689353942871094,0,2622,1.006912442
2623,1.007296467,-1.0597801208496094,0,2623,1.007296467
2624,1.007680492,-1.0529136657714844,0,2624,1.007680492
2625,1.008064516,-1.0467910766601562,0,2625,1.008064516
2626,1.008448541,-1.0419082641601562,0,2626,1.008448541
2627,1.008832565,-1.0367012023925781,0,2627,1.008832565
2628,1.009216590,-1.0247611999511719,0,2628,1.009216590
2629,1.009600614,-1.0173225402832031,0,2629,1.009600614
2630,1.009984639,-1.0074234008789062,0,2630,1.009984639
2631,1.010368664,-1.0093307495117188,0,2631,1.010368664
2632,1.010752688,-1.0141754150390625,0,2632,1.010752688
2633,1.011136713,-1.0173606872558594,0,2633,1.011136713
2634,1.011520737,-1.0127639770507812,0,2634,1.011520737
2635,1.011904762,-1.031341552734375,0,2635,1.011904762
2636,1.012288786,-1.0581398010253906,0,2636,1.012288786
2637,1.012672811,-1.0596656799316406,0,2637,1.012672811
2638,1.013056836,-1.071929931640625,0,2638,1.013056836
2639,1.013440860,-1.0778999328613281,0,2639,1.013440860
2640,1.013824885,-1.0918998718261719,0,2640,1.013824885
2641,1.014208909,-1.0932540893554688,0,2641,1.014208909
2642,1.014592934,-1.0934829711914062,0,2642,1.014592934
2643,1.014976959,-1.0982704162597656,0,2643,1.014976959
2644,1.015360983,-1.1049270629882812,0,2644,1.015360983
2645,1.015745008,-1.1188697814941406,0,2645,1.015745008
2646,1.016129032,-1.121368408203125,0,2646,1.016129032
2647,1.016513057,-1.1250495910644531,0,2647,1.016513057
2648,1.016897081,-1.1264228820800781,0,2648,1.016897081
2649,1.017281106,-1.1306190490722656,0,2649,1.017281106
2650,1.017665131,-1.14837646484375,0,2650,1.017665131
2651,1.018049155,-1.1549949645996094,0,2651,1.018049155
2652,1.018433180,-1.157073974609375,0,2652,1.018433180
2653,1.018817204,-1.1673736572265625,0,2653,1.018817204
2654,1.019201229,-1.1829948425292969,0,2654,1.019201229
2655,1.019585253,-1.1927604675292969,0,2655,1.019585253
2656,1.019969278,-1.1986160278320312,0,2656,1.019969278
2657,1.020353303,-1.192779541015625,0,2657,1.020353303
2658,1.020737327,-1.1982917785644531,0,2658,1.020737327
2659,1.021121352,-1.1981391906738281,0,2659,1.021121352
2660,1.021505376,-1.18133544921875,0,2660,1.021505376
2661,1.021889401,-1.1667633056640625,0,2661,1.021889401
2662,1.022273425,-1.1458778381347656,0,2662,1.022273425
2663,1.022657450,-1.126861572265625,0,2663,1.022657450
2664,1.023041475,-1.1141014099121094,0,2664,1.023041475
2665,1.023425499,-1.110382080078125,0,2665,1.023425499
2666,1.023809524,-1.1009407043457031,0,2666,1.023809524
2667,1.024193548,-1.0994720458984375,0,2667,1.024193548
2668,1.024577573,-1.0973167419433594,0,2668,1.024577573
2669,1.024961598,-1.0816192626953125,0,2669,1.024961598
2670,1.025345622,-1.0756874084472656,0,2670,1.025345622
2671,1.025729647,-1.0749626159667969,0,2671,1.025729647
2672,1.026113671,-1.0693740844726562,0,2672,1.026113671
2673,1.026497696,-1.0489082336425781,0,2673,1.026497696
2674,1.026881720,-1.0538101196289062,0,2674,1.026881720
2675,1.027265745,-1.049957275390625,0,2675,1.027265745
2676,1.027649770,-1.0419654846191406,0,2676,1.027649770
2677,1.028033794,-1.0359001159667969,0,2677,1.028033794
2678,1.028417819,-1.0239601135253906,0,2678,1.028417819
2679,1.028801843,-1.0114288330078125,0,2679,1.028801843
2680,1.029185868,-1.0053253173828125,0,2680,1.029185868
2681,1.029569892,-0.9981918334960938,0,2681,1.029569892
2682,1.029953917,-1.0008811950683594,0,2682,1.029953917
2683,1.030337942,-1.00372314453125,0,2683,1.030337942
2684,1.030721966,-1.0224342346191406,0,2684,1.030721966
2685,1.031105991,-1.0262107849121094,0,2685,1.031105991
2686,1.031490015,-1.0382080078125,0,2686,1.031490015
2687,1.031874040,-1.0376548767089844,0,2687,1.031874040
2688,1.032258065,-1.0445213317871094,0,2688,1.032258065
2689,1.032642089,-1.0608482360839844,0,2689,1.032642089
2690,1.033026114,-1.0731124877929688,0,2690,1.033026114
2691,1.033410138,-1.07025146484375,0,2691,1.033410138
2692,1.033794163,-1.0536384582519531,0,2692,1.033794163
2693,1.034178187,-1.054840087890625,0,2693,1.034178187
2694,1.034562212,-1.0747909545898438,0,2694,1.034562212
2695,1.034946237,-1.0944747924804688,0,2695,1.034946237
2696,1.035330261,-1.1039161682128906,0,2696,1.035330261
2697,1.035714286,-1.1221885681152344,0,2697,1.035714286
2698,1.036098310,-1.1290931701660156,0,2698,1.036098310
2699,1.036482335,-1.1293220520019531,0,2699,1.036482335
2700,1.036866359,-1.1316680908203125,0,2700,1.036866359
2701,1.037250384,-1.1414146423339844,0,2701,1.037250384
2702,1.037634409,-1.1426544189453125,0,2702,1.037634409
2703,1.038018433,-1.1488914489746094,0,2703,1.038018433
2704,1.038402458,-1.1588096618652344,0,2704,1.038402458
2705,1.038786482,-1.172332763671875,0,2705,1.038786482
2706,1.039170507,-1.1800003051757812,0,2706,1.039170507
2707,1.039554531,-1.1481094360351562,0,2707,1.039554531
2708,1.039938556,-1.1361503601074219,0,2708,1.039938556
2709,1.040322581,-1.1533164978027344,0,2709,1.040322581
2710,1.040706605,-1.1820411682128906,0,2710,1.040706605
2711,1.041090630,-1.1924934387207031,0,2711,1.041090630
2712,1.041474654,-1.2273216247558594,0,2712,1.041474654
2713,1.041858679,-1.2280845642089844,0,2713,1.041858679
2714,1.042242704,-1.1984825134277344,0,2714,1.042242704
2715,1.042626728,-1.1648368835449219,0,2715,1.042626728
2716,1.043010753,-1.1486244201660156,0,2716,1.043010753
2717,1.043394777,-1.1227989196777344,0,2717,1.043394777
2718,1.043778802,-1.1064338684082031,0,2718,1.043778802
2719,1.044162826,-1.0940170288085938,0,2719,1.044162826
2720,1.044546851,-1.0870552062988281,0,2720,1.044546851
2721,1.044930876,-1.0763931274414062,0,2721,1.044930876
2722,1.045314900,-1.0760307312011719,0,2722,1.045314900
2723,1.045698925,-1.0786247253417969,0,2723,1.045698925
2724,1.046082949,-1.0762596130371094,0,2724,1.046082949
2725,1.046466974,-1.0785102844238281,0,2725,1.046466974
2726,1.046850998,-1.0922050476074219,0,2726,1.046850998
2727,1.047235023,-1.0888481140136719,0,2727,1.047235023
2728,1.047619048,-1.0756111145019531,0,2728,1.047619048
2729,1.048003072,-1.0619926452636719,0,2729,1.048003072
2730,1.048387097,-1.0402107238769531,0,2730,1.048387097
2731,1.048771121,-1.0310173034667969,0,2731,1.048771121
2732,1.049155146,-1.0244941711425781,0,2732,1.049155146
2733,1.049539171,-1.0046768188476562,0,2733,1.049539171
2734,1.049923195,-0.995635986328125,0,2734,1.049923195
2735,1.050307220,-0.9947967529296875,0,2735,1.050307220
2736,1.050691244,-0.9959220886230469,0,2736,1.050691244
2737,1.051075269,-1.0162353515625,0,2737,1.051075269
2738,1.051459293,-1.0402488708496094,0,2738,1.051459293
2739,1.051843318,-1.05560302734375,0,2739,1.051843318
2740,1.052227343,-1.0705375671386719,0,2740,1.052227343
2741,1.052611367,-1.0736846923828125,0,2741,1.052611367
2742,1.052995392,-1.0769462585449219,0,2742,1.052995392
2743,1.053379416,-1.0738754272460938,0,2743,1.053379416
2744,1.053763441,-1.0836601257324219,0,2744,1.053763441
2745,1.054147465,-1.0961532592773438,0,2745,1.054147465
2746,1.054531490,-1.0996627807617188,0,2746,1.054531490
2747,1.054915515,-1.1083602905273438,0,2747,1.054915515
2748,1.055299539,-1.1133956909179688,0,2748,1.055299539
2749,1.055683564,-1.1263847351074219,0,2749,1.055683564
2750,1.056067588,-1.1351394653320312,0,2750,1.056067588
2751,1.056451613,-1.13494873046875,0,2751,1.056451613
2752,1.056835637,-1.1271858215332031,0,2752,1.056835637
2753,1.057219662,-1.1228561401367188,0,2753,1.057219662
2754,1.057603687,-1.1260223388671875,0,2754,1.057603687
2755,1.057987711,-1.1458396911621094,0,2755,1.057987711
2756,1.058371736,-1.1605262756347656,0,2756,1.058371736
2757,1.058755760,-1.1863517761230469,0,2757,1.058755760
2758,1.059139785,-1.1993980407714844,0,2758,1.059139785
2759,1.059523810,-1.2054061889648438,0,2759,1.059523810
2760,1.059907834,-1.2074470520019531,0,2760,1.059907834
2761,1.060291859,-1.2080192565917969,0,2761,1.060291859
2762,1.060675883,-1.2071609497070312,0,2762,1.060675883
2763,1.061059908,-1.1922836303710938,0,2763,1.061059908
2764,1.061443932,-1.1731529235839844,0,2764,1.061443932
2765,1.061827957,-1.152496337890625,0,2765,1.061827957
2766,1.062211982,-1.14227294921875,0,2766,1.062211982
2767,1.062596006,-1.1419105529785156,0,2767,1.062596006
2768,1.062980031,-1.1323928833007812,0,2768,1.062980031
2769,1.063364055,-1.121978759765625,0,2769,1.063364055
2770,1.063748080,-1.1151123046875,0,2770,1.063748080
2771,1.064132104,-1.0932731628417969,0,2771,1.064132104
2772,1.064516129,-1.0838508605957031,0,2772,1.064516129
2773,1.064900154,-1.0717964172363281,0,2773,1.064900154
2774,1.065284178,-1.0600090026855469,0,2774,1.065284178
2775,1.065668203,-1.0510444641113281,0,2775,1.065668203
2776,1.066052227,-1.0555267333984375,0,2776,1.066052227
2777,1.066436252,-1.0568618774414062,0,2777,1.066436252
2778,1.066820276,-1.0547828674316406,0,2778,1.066820276
2779,1.067204301,-1.0482597351074219,0,2779,1.067204301
2780,1.067588326,-1.05255126953125,0,2780,1.067588326
2781,1.067972350,-1.0555267333984375,0,2781,1.067972350
2782,1.068356375,-1.0490226745605469,0,2782,1.068356375
2783,1.068740399,-1.0379600524902344,0,2783,1.068740399
2784,1.069124424,-1.016082763671875,0,2784,1.069124424
2785,1.069508449,-1.0075187683105469,0,2785,1.069508449
2786,1.069892473,-1.0168266296386719,0,2786,1.069892473
2787,1.070276498,-1.0103416442871094,0,2787,1.070276498
2788,1.070660522,-1.0105133056640625,0,2788,1.070660522
2789,1.071044547,-1.0141944885253906,0,2789,1.071044547
2790,1.071428571,-1.0273933410644531,0,2790,1.071428571
2791,1.071812596,-1.0498619079589844,0,2791,1.071812596
2792,1.072196621,-1.0657501220703125,0,2792,1.072196621
2793,1.072580645,-1.0721206665039062,0,2793,1.072580645
2794,1.072964670,-1.0774803161621094,0,2794,1.072964670
2795,1.073348694,-1.0847282409667969,0,2795,1.073348694
2796,1.073732719,-1.0982894897460938,0,2796,1.073732719
2797,1.074116743,-1.1064529418945312,0,2797,1.074116743
2798,1.074500768,-1.1107063293457031,0,2798,1.074500768
2799,1.074884793,-1.1223030090332031,0,2799,1.074884793
2800,1.075268817,-1.1220932006835938,0,2800,1.075268817
2801,1.075652842,-1.1246109008789062,0,2801,1.075652842
2802,1.076036866,-1.1251640319824219,0,2802,1.076036866
2803,1.076420891,-1.1287117004394531,0,2803,1.076420891
2804,1.076804916,-1.1294937133789062,0,2804,1.076804916
2805,1.077188940,-1.1348342895507812,0,2805,1.077188940
2806,1.077572965,-1.1443710327148438,0,2806,1.077572965
2807,1.077956989,-1.1643600463867188,0,2807,1.077956989
2808,1.078341014,-1.1798477172851562,0,2808,1.078341014
2809,1.078725038,-1.1890220642089844,0,2809,1.078725038
2810,1.079109063,-1.1941719055175781,0,2810,1.079109063
2811,1.079493088,-1.2009239196777344,0,2811,1.079493088
2812,1.079877112,-1.1967277526855469,0,2812,1.079877112
2813,1.080261137,-1.1920547485351562,0,2813,1.080261137
2814,1.080645161,-1.1941719055175781,0,2814,1.080645161
2815,1.081029186,-1.1829185485839844,0,2815,1.081029186
2816,1.081413210,-1.16912841796875,0,2816,1.081413210
2817,1.081797235,-1.1593055725097656,0,2817,1.081797235
2818,1.082181260,-1.1433982849121094,0,2818,1.082181260
2819,1.082565284,-1.1275863647460938,0,2819,1.082565284
2820,1.082949309,-1.1304092407226562,0,2820,1.082949309
2821,1.083333333,-1.1252975463867188,0,2821,1.083333333
2822,1.083717358,-1.1040496826171875,0,2822,1.083717358
2823,1.084101382,-1.0903358459472656,0,2823,1.084101382
2824,1.084485407,-1.0774612426757812,0,2824,1.084485407
2825,1.084869432,-1.07757568359375,0,2825,1.084869432
2826,1.085253456,-1.0659408569335938,0,2826,1.085253456
2827,1.085637481,-1.0614585876464844,0,2827,1.085637481
2828,1.086021505,-1.0581779479980469,0,2828,1.086021505
2829,1.086405530,-1.056976318359375,0,2829,1.086405530
2830,1.086789555,-1.0584068298339844,0,2830,1.086789555
2831,1.087173579,-1.0564041137695312,0,2831,1.087173579
2832,1.087557604,-1.0383033752441406,0,2832,1.087557604
2833,1.087941628,-1.0326194763183594,0,2833,1.087941628
2834,1.088325653,-1.0256767272949219,0,2834,1.088325653
2835,1.088709677,-1.0212898254394531,0,2835,1.088709677
2836,1.089093702,-1.0094451904296875,0,2836,1.089093702
2837,1.089477727,-1.01715087890625,0,2837,1.089477727
2838,1.089861751,-1.019287109375,0,2838,1.089861751
2839,1.090245776,-1.0212898254394531,0,2839,1.090245776
2840,1.090629800,-1.0296630859375,0,2840,1.090629800
2841,1.091013825,-1.0071182250976562,0,2841,1.091013825
2842,1.091397849,-0.9945297241210938,0,2842,1.091397849
2843,1.091781874,-0.9991264343261719,0,2843,1.091781874
2844,1.092165899,-1.0256576538085938,0,2844,1.092165899
2845,1.092549923,-1.0511016845703125,0,2845,1.092549923
2846,1.092933948,-1.0633468627929688,0,2846,1.092933948
2847,1.093317972,-1.0859489440917969,0,2847,1.093317972
2848,1.093701997,-1.0874176025390625,0,2848,1.093701997
2849,1.094086022,-1.1010360717773438,0,2849,1.094086022
2850,1.094470046,-1.112823486328125,0,2850,1.094470046
2851,1.094854071,-1.1250686645507812,0,2851,1.094854071
2852,1.095238095,-1.1281585693359375,0,2852,1.095238095
2853,1.095622120,-1.131439208984375,0,2853,1.095622120
2854,1.096006144,-1.1266708374023438,0,2854,1.096006144
2855,1.096390169,-1.1324691772460938,0,2855,1.096390169
2856,1.096774194,-1.1320877075195312,0,2856,1.096774194
2857,1.097158218,-1.0873603820800781,0,2857,1.097158218
2858,1.097542243,-1.0856819152832031,0,2858,1.097542243
2859,1.097926267,-1.1067962646484375,0,2859,1.097926267
2860,1.098310292,-1.1540031433105469,0,2860,1.098310292
2861,1.098694316,-1.1844444274902344,0,2861,1.098694316
2862,1.099078341,-1.240997314453125,0,2862,1.099078341
2863,1.099462366,-1.2627601623535156,0,2863,1.099462366
2864,1.099846390,-1.2508392333984375,0,2864,1.099846390
2865,1.100230415,-1.227874755859375,0,2865,1.100230415
2866,1.100614439,-1.2015724182128906,0,2866,1.100614439
2867,1.100998464,-1.1737442016601562,0,2867,1.100998464
2868,1.101382488,-1.1650848388671875,0,2868,1.101382488
2869,1.101766513,-1.148681640625,0,2869,1.101766513
2870,1.102150538,-1.1343765258789062,0,2870,1.102150538
2871,1.102534562,-1.1231040954589844,0,2871,1.102534562
2872,1.102918587,-1.1129951477050781,0,2872,1.102918587
2873,1.103302611,-1.1071586608886719,0,2873,1.103302611
2874,1.103686636,-1.1056327819824219,0,2874,1.103686636
2875,1.104070661,-1.1123847961425781,0,2875,1.104070661
2876,1.104454685,-1.1164474487304688,0,2876,1.104454685
2877,1.104838710,-1.1004638671875,0,2877,1.104838710
2878,1.105222734,-1.0831260681152344,0,2878,1.105222734
2879,1.105606759,-1.06903076171875,0,2879,1.105606759
2880,1.105990783,-1.0622787475585938,0,2880,1.105990783
2881,1.106374808,-1.0559654235839844,0,2881,1.106374808
2882,1.106758833,-1.0512161254882812,0,2882,1.106758833
2883,1.107142857,-1.0481834411621094,0,2883,1.107142857
2884,1.107526882,-1.0436439514160156,0,2884,1.107526882
2885,1.107910906,-1.0362815856933594,0,2885,1.107910906
2886,1.108294931,-1.0515975952148438,0,2886,1.108294931
2887,1.108678955,-1.037445068359375,0,2887,1.108678955
2888,1.109062980,-1.0178565979003906,0,2888,1.109062980
2889,1.109447005,-1.0060882568359375,0,2889,1.109447005
2890,1.109831029,-1.0092926025390625,0,2890,1.109831029
2891,1.110215054,-1.0134506225585938,0,2891,1.110215054
2892,1.110599078,-1.0087203979492188,0,2892,1.110599078
2893,1.110983103,-1.0285186767578125,0,2893,1.110983103
2894,1.111367127,-1.0430335998535156,0,2894,1.111367127
2895,1.111751152,-1.064300537109375,0,2895,1.111751152
2896,1.112135177,-1.0762977600097656,0,2896,1.112135177
2897,1.112519201,-1.0844993591308594,0,2897,1.112519201
2898,1.112903226,-1.0968208312988281,0,2898,1.112903226
2899,1.113287250,-1.0951423645019531,0,2899,1.113287250
2900,1.113671275,-1.1049842834472656,0,2900,1.113671275
2901,1.114055300,-1.104583740234375,0,2901,1.114055300
2902,1.114439324,-1.1039924621582031,0,2902,1.114439324
2903,1.114823349,-1.1015701293945312,0,2903,1.114823349
2904,1.115207373,-1.1085319519042969,0,2904,1.115207373
2905,1.115591398,-1.1102867126464844,0,2905,1.115591398
2906,1.115975422,-1.1128425598144531,0,2906,1.115975422
2907,1.116359447,-1.1248207092285156,0,2907,1.116359447
2908,1.116743472,-1.1387443542480469,0,2908,1.116743472
2909,1.117127496,-1.1585807800292969,0,2909,1.117127496
2910,1.117511521,-1.1676788330078125,0,2910,1.117511521
2911,1.117895545,-1.1757850646972656,0,2911,1.117895545
2912,1.118279570,-1.1835289001464844,0,2912,1.118279570
2913,1.118663594,-1.1909294128417969,0,2913,1.118663594
2914,1.119047619,-1.2002754211425781,0,2914,1.119047619
2915,1.119431644,-1.2023162841796875,0,2915,1.119431644
2916,1.119815668,-1.2022781372070312,0,2916,1.119815668
2917,1.120199693,-1.1921119689941406,0,2917,1.120199693
2918,1.120583717,-1.17767333984375,0,2918,1.120583717
2919,1.120967742,-1.1773490905761719,0,2919,1.120967742
2920,1.121351767,-1.1673355102539062,0,2920,1.121351767
2921,1.121735791,-1.1577606201171875,0,2921,1.121735791
2922,1.122119816,-1.1508369445800781,0,2922,1.122119816
2923,1.122503840,-1.1323356628417969,0,2923,1.122503840
2924,1.122887865,-1.1223793029785156,0,2924,1.122887865
2925,1.123271889,-1.1152076721191406,0,2925,1.123271889
2926,1.123655914,-1.1024856567382812,0,2926,1.123655914
2927,1.124039939,-1.0909843444824219,0,2927,1.124039939
2928,1.124423963,-1.0796928405761719,0,2928,1.124423963
2929,1.124807988,-1.0711288452148438,0,2929,1.124807988
2930,1.125192012,-1.0738945007324219,0,2930,1.125192012
2931,1.125576037,-1.0710716247558594,0,2931,1.125576037
2932,1.125960061,-1.0618019104003906,0,2932,1.125960061
2933,1.126344086,-1.0588836669921875,0,2933,1.126344086
2934,1.126728111,-1.055908203125,0,2934,1.126728111
2935,1.127112135,-1.0428619384765625,0,2935,1.127112135
2936,1.127496160,-1.0370445251464844,0,2936,1.127496160
2937,1.127880184,-1.0319900512695312,0,2937,1.127880184
2938,1.128264209,-1.0267448425292969,0,2938,1.128264209
2939,1.128648233,-1.016082763671875,0,2939,1.128648233
2940,1.129032258,-1.0063743591308594,0,2940,1.129032258
2941,1.129416283,-1.0046005249023438,0,2941,1.129416283
2942,1.129800307,-1.0031700134277344,0,2942,1.129800307
2943,1.130184332,-1.0169601440429688,0,2943,1.130184332
2944,1.130568356,-1.0198593139648438,0,2944,1.130568356
2945,1.130952381,-1.0326194763183594,0,2945,1.130952381
2946,1.131336406,-1.0490226745605469,0,2946,1.131336406
2947,1.131720430,-1.0552024841308594,0,2947,1.131720430
2948,1.132104455,-1.0661506652832031,0,2948,1.132104455
2949,1.132488479,-1.0733795166015625,0,2949,1.132488479
2950,1.132872504,-1.0774040222167969,0,2950,1.132872504
2951,1.133256528,-1.0837364196777344,0,2951,1.133256528
2952,1.133640553,-1.0853385925292969,0,2952,1.133640553
2953,1.134024578,-1.0925102233886719,0,2953,1.134024578
2954,1.134408602,-1.1064529418945312,0,2954,1.134408602
2955,1.134792627,-1.1173629760742188,0,2955,1.134792627
2956,1.135176651,-1.1183357238769531,0,2956,1.135176651
2957,1.135560676,-1.1221885681152344,0,2957,1.135560676
2958,1.135944700,-1.1191177368164062,0,2958,1.135944700
2959,1.136328725,-1.1230087280273438,0,2959,1.136328725
2960,1.136712750,-1.129608154296875,0,2960,1.136712750
2961,1.137096774,-1.1476898193359375,0,2961,1.137096774
2962,1.137480799,-1.156463623046875,0,2962,1.137480799
2963,1.137864823,-1.1628150939941406,0,2963,1.137864823
2964,1.138248848,-1.1771583557128906,0,2964,1.138248848
2965,1.138632873,-1.1984062194824219,0,2965,1.138632873
2966,1.139016897,-1.2099838256835938,0,2966,1.139016897
2967,1.139400922,-1.2056732177734375,0,2967,1.139400922
2968,1.139784946,-1.2086105346679688,0,2968,1.139784946
2969,1.140168971,-1.1966514587402344,0,2969,1.140168971
2970,1.140552995,-1.1854934692382812,0,2970,1.140552995
2971,1.140937020,-1.1802101135253906,0,2971,1.140937020
2972,1.141321045,-1.1622428894042969,0,2972,1.141321045
2973,1.141705069,-1.1452865600585938,0,2973,1.141705069
2974,1.142089094,-1.1304664611816406,0,2974,1.142089094
2975,1.142473118,-1.1110305786132812,0,2975,1.142473118
2976,1.142857143,-1.1006736755371094,0,2976,1.142857143
2977,1.143241167,-1.0959625244140625,0,2977,1.143241167
2978,1.143625192,-1.0973739624023438,0,2978,1.143625192
2979,1.144009217,-1.0890769958496094,0,2979,1.144009217
2980,1.144393241,-1.0858154296875,0,2980,1.144393241
2981,1.144777266,-1.0861778259277344,0,2981,1.144777266
2982,1.145161290,-1.0898208618164062,0,2982,1.145161290
2983,1.145545315,-1.0764122009277344,0,2983,1.145545315
2984,1.145929339,-1.0605812072753906,0,2984,1.145929339
2985,1.146313364,-1.0603904724121094,0,2985,1.146313364
2986,1.146697389,-1.0614967346191406,0,2986,1.146697389
2987,1.147081413,-1.0565376281738281,0,2987,1.147081413
2988,1.147465438,-1.0553169250488281,0,2988,1.147465438
2989,1.147849462,-1.0376739501953125,0,2989,1.147849462
2990,1.148233487,-1.0143852233886719,0,2990,1.148233487
2991,1.148617512,-0.9826469421386719,0,2991,1.148617512
2992,1.149001536,-0.9610748291015625,0,2992,1.149001536
2993,1.149385561,-0.9756088256835938,0,2993,1.149385561
2994,1.149769585,-0.9952163696289062,0,2994,1.149769585
2995,1.150153610,-1.0174560546875,0,2995,1.150153610
2996,1.150537634,-1.0325431823730469,0,2996,1.150537634
2997,1.150921659,-1.0376739501953125,0,2997,1.150921659
2998,1.151305684,-1.0524940490722656,0,2998,1.151305684
2999,1.151689708,-1.0544776916503906,0,2999,1.151689708
3000,1.152073733,-1.0610008239746094,0,3000,1.152073733
3001,1.152457757,-1.0631179809570312,0,3001,1.152457757
3002,1.152841782,-1.0872268676757812,0,3002,1.152841782
3003,1.153225806,-1.0872650146484375,0,3003,1.153225806
3004,1.153609831,-1.0943412780761719,0,3004,1.153609831
3005,1.153993856,-1.0982704162597656,0,3005,1.153993856
3006,1.154377880,-1.1085319519042969,0,3006,1.154377880
3007,1.154761905,-1.07208251953125,0,3007,1.154761905
3008,1.155145929,-1.0631561279296875,0,3008,1.155145929
3009,1.155529954,-1.0822105407714844,0,3009,1.155529954
3010,1.155913978,-1.1088371276855469,0,3010,1.155913978
3011,1.156298003,-1.12457275390625,0,3011,1.156298003
3012,1.156682028,-1.1770439147949219,0,3012,1.156682028
3013,1.157066052,-1.20361328125,0,3013,1.157066052
3014,1.157450077,-1.2047576904296875,0,3014,1.157450077
3015,1.157834101,-1.1963653564453125,0,3015,1.157834101
3016,1.158218126,-1.2012481689453125,0,3016,1.158218126
3017,1.158602151,-1.2050247192382812,0,3017,1.158602151
3018,1.158986175,-1.209869384765625,0,3018,1.158986175
3019,1.159370200,-1.2083244323730469,0,3019,1.159370200
3020,1.159754224,-1.2034416198730469,0,3020,1.159754224
3021,1.160138249,-1.1987876892089844,0,3021,1.160138249
3022,1.160522273,-1.1865806579589844,0,3022,1.160522273
3023,1.160906298,-1.1679649353027344,0,3023,1.160906298
3024,1.161290323,-1.1450004577636719,0,3024,1.161290323
3025,1.161674347,-1.1303329467773438,0,3025,1.161674347
3026,1.162058372,-1.142730712890625,0,3026,1.162058372
3027,1.162442396,-1.1367416381835938,0,3027,1.162442396
3028,1.162826421,-1.1290931701660156,0,3028,1.162826421
3029,1.163210445,-1.1123085021972656,0,3029,1.163210445
3030,1.163594470,-1.1003684997558594,0,3030,1.163594470
3031,1.163978495,-1.0873031616210938,0,3031,1.163978495
3032,1.164362519,-1.0922622680664062,0,3032,1.164362519
3033,1.164746544,-1.0909461975097656,0,3033,1.164746544
3034,1.165130568,-1.0859107971191406,0,3034,1.165130568
3035,1.165514593,-1.069488525390625,0,3035,1.165514593
3036,1.165898618,-1.0624122619628906,0,3036,1.165898618
3037,1.166282642,-1.0502433776855469,0,3037,1.166282642
3038,1.166666667,-1.0431671142578125,0,3038,1.166666667
3039,1.167050691,-1.0363197326660156,0,3039,1.167050691
3040,1.167434716,-1.0225296020507812,0,3040,1.167434716
3041,1.167818740,-1.0183525085449219,0,3041,1.167818740
3042,1.168202765,-1.0052108764648438,0,3042,1.168202765
3043,1.168586790,-1.0115432739257812,0,3043,1.168586790
3044,1.168970814,-1.0127067565917969,0,3044,1.168970814
3045,1.169354839,-1.0143470764160156,0,3045,1.169354839
3046,1.169738863,-1.011199951171875,0,3046,1.169738863
3047,1.170122888,-1.0223007202148438,0,3047,1.170122888
3048,1.170506912,-1.0336112976074219,0,3048,1.170506912
3049,1.170890937,-1.0254859924316406,0,3049,1.170890937
3050,1.171274962,-1.035308837890625,0,3050,1.171274962
3051,1.171658986,-1.0527801513671875,0,3051,1.171658986
3052,1.172043011,-1.0719108581542969,0,3052,1.172043011
3053,1.172427035,-1.0884857177734375,0,3053,1.172427035
3054,1.172811060,-1.0965728759765625,0,3054,1.172811060
3055,1.173195084,-1.0924148559570312,0,3055,1.173195084
3056,1.173579109,-1.0938835144042969,0,3056,1.173579109
3057,1.173963134,-1.1043357849121094,0,3057,1.173963134
3058,1.174347158,-1.1204147338867188,0,3058,1.174347158
3059,1.174731183,-1.1249732971191406,0,3059,1.174731183
3060,1.175115207,-1.1259269714355469,0,3060,1.175115207
3061,1.175499232,-1.1315155029296875,0,3061,1.175499232
3062,1.175883257,-1.1363410949707031,0,3062,1.175883257
3063,1.176267281,-1.1308860778808594,0,3063,1.176267281
3064,1.176651306,-1.1347389221191406,0,3064,1.176651306
3065,1.177035330,-1.1451148986816406,0,3065,1.177035330
3066,1.177419355,-1.15753173828125,0,3066,1.177419355
3067,1.177803379,-1.1803245544433594,0,3067,1.177803379
3068,1.178187404,-1.2030601501464844,0,3068,1.178187404
3069,1.178571429,-1.2092399597167969,0,3069,1.178571429
3070,1.178955453,-1.215057373046875,0,3070,1.178955453
3071,1.179339478,-1.2101554870605469,0,3071,1.179339478
3072,1.179723502,-1.1984062194824219,0,3072,1.179723502
3073,1.180107527,-1.1905860900878906,0,3073,1.180107527
3074,1.180491551,-1.18377685546875,0,3074,1.180491551
3075,1.180875576,-1.1689567565917969,0,3075,1.180875576
3076,1.181259601,-1.1558914184570312,0,3076,1.181259601
3077,1.181643625,-1.1435890197753906,0,3077,1.181643625
3078,1.182027650,-1.1331367492675781,0,3078,1.182027650
3079,1.182411674,-1.1136436462402344,0,3079,1.182411674
3080,1.182795699,-1.1060142517089844,0,3080,1.182795699
3081,1.183179724,-1.1021614074707031,0,3081,1.183179724
3082,1.183563748,-1.0867500305175781,0,3082,1.183563748
3083,1.183947773,-1.090545654296875,0,3083,1.183947773
3084,1.184331797,-1.0843658447265625,0,3084,1.184331797
3085,1.184715822,-1.0737991333007812,0,3085,1.184715822
3086,1.185099846,-1.067962646484375,0,3086,1.185099846
3087,1.185483871,-1.0572242736816406,0,3087,1.185483871
3088,1.185867896,-1.0578536987304688,0,3088,1.185867896
3089,1.186251920,-1.048431396484375,0,3089,1.186251920
3090,1.186635945,-1.04522705078125,0,3090,1.186635945
3091,1.187019969,-1.0373306274414062,0,3091,1.187019969
3092,1.187403994,-1.0261917114257812,0,3092,1.187403994
3093,1.187788018,-1.0196304321289062,0,3093,1.187788018
3094,1.188172043,-1.0130882263183594,0,3094,1.188172043
3095,1.188556068,-1.0101127624511719,0,3095,1.188556068
3096,1.188940092,-1.0087013244628906,0,3096,1.188940092
3097,1.189324117,-1.0126686096191406,0,3097,1.189324117
3098,1.189708141,-1.0163688659667969,0,3098,1.189708141
3099,1.190092166,-1.023101806640625,0,3099,1.190092166
3100,1.190476190,-1.0256576538085938,0,3100,1.190476190
3101,1.190860215,-1.0364341735839844,0,3101,1.190860215
3102,1.191244240,-1.0496902465820312,0,3102,1.191244240
3103,1.191628264,-1.0660552978515625,0,3103,1.191628264
3104,1.192012289,-1.0717582702636719,0,3104,1.192012289
3105,1.192396313,-1.0798835754394531,0,3105,1.192396313
3106,1.192780338,-1.0870361328125,0,3106,1.192780338
3107,1.193164363,-1.0959434509277344,0,3107,1.193164363
3108,1.193548387,-1.1003684997558594,0,3108,1.193548387
3109,1.193932412,-1.1080551147460938,0,3109,1.193932412
3110,1.194316436,-1.1136436462402344,0,3110,1.194316436
3111,1.194700461,-1.1176872253417969,0,3111,1.194700461
3112,1.195084485,-1.1265945434570312,0,3112,1.195084485
3113,1.195468510,-1.1285209655761719,0,3113,1.195468510
3114,1.195852535,-1.1280632019042969,0,3114,1.195852535
3115,1.196236559,-1.13555908203125,0,3115,1.196236559
3116,1.196620584,-1.14105224609375,0,3116,1.196620584
3117,1.197004608,-1.1523246765136719,0,3117,1.197004608
3118,1.197388633,-1.1596298217773438,0,3118,1.197388633
3119,1.197772657,-1.1796760559082031,0,3119,1.197772657
3120,1.198156682,-1.1936378479003906,0,3120,1.198156682
3121,1.198540707,-1.2054824829101562,0,3121,1.198540707
3122,1.198924731,-1.2098312377929688,0,3122,1.198924731
3123,1.199308756,-1.2055778503417969,0,3123,1.199308756
3124,1.199692780,-1.2038993835449219,0,3124,1.199692780
3125,1.200076805,-1.1935806274414062,0,3125,1.200076805
3126,1.200460829,-1.1728286743164062,0,3126,1.200460829
3127,1.200844854,-1.1562538146972656,0,3127,1.200844854
3128,1.201228879,-1.1502838134765625,0,3128,1.201228879
3129,1.201612903,-1.1391448974609375,0,3129,1.201612903
3130,1.201996928,-1.119384765625,0,3130,1.201996928
3131,1.202380952,-1.1142539978027344,0,3131,1.202380952
3132,1.202764977,-1.1086463928222656,0,3132,1.202764977
3133,1.203149002,-1.0909843444824219,0,3133,1.203149002
3134,1.203533026,-1.0786819458007812,0,3134,1.203533026
3135,1.203917051,-1.065826416015625,0,3135,1.203917051
3136,1.204301075,-1.0501861572265625,0,3136,1.204301075
3137,1.204685100,-1.0563850402832031,0,3137,1.204685100
3138,1.205069124,-1.0604286193847656,0,3138,1.205069124
3139,1.205453149,-1.0591316223144531,0,3139,1.205453149
3140,1.205837174,-1.0711860656738281,0,3140,1.205837174
3141,1.206221198,-1.0509872436523438,0,3141,1.206221198
3142,1.206605223,-1.0055160522460938,0,3142,1.206605223
3143,1.206989247,-0.9977531433105469,0,3143,1.206989247
3144,1.207373272,-0.9957695007324219,0,3144,1.207373272
3145,1.207757296,-1.0036277770996094,0,3145,1.207757296
3146,1.208141321,-1.0101318359375,0,3146,1.208141321
3147,1.208525346,-1.0052871704101562,0,3147,1.208525346
3148,1.208909370,-1.0033988952636719,0,3148,1.208909370
3149,1.209293395,-1.0028266906738281,0,3149,1.209293395
3150,1.209677419,-1.0251426696777344,0,3150,1.209677419
3151,1.210061444,-1.033172607421875,0,3151,1.210061444
3152,1.210445469,-1.0354423522949219,0,3152,1.210445469
3153,1.210829493,-1.04583740234375,0,3153,1.210829493
3154,1.211213518,-1.0515594482421875,0,3154,1.211213518
3155,1.211597542,-1.0609817504882812,0,3155,1.211597542
3156,1.211981567,-1.0552406311035156,0,3156,1.211981567
3157,1.212365591,-1.0300254821777344,0,3157,1.212365591
3158,1.212749616,-1.0211563110351562,0,3158,1.212749616
3159,1.213133641,-1.0410308837890625,0,3159,1.213133641
3160,1.213517665,-1.0776901245117188,0,3160,1.213517665
3161,1.213901690,-1.0999107360839844,0,3161,1.213901690
3162,1.214285714,-1.1530876159667969,0,3162,1.214285714
3163,1.214669739,-1.1700630187988281,0,3163,1.214669739
3164,1.215053763,-1.1652183532714844,0,3164,1.215053763
3165,1.215437788,-1.1478996276855469,0,3165,1.215437788
3166,1.215821813,-1.1390304565429688,0,3166,1.215821813
3167,1.216205837,-1.1421966552734375,0,3167,1.216205837
3168,1.216589862,-1.1292839050292969,0,3168,1.216589862
3169,1.216973886,-1.136474609375,0,3169,1.216973886
3170,1.217357911,-1.1480712890625,0,3170,1.217357911
3171,1.217741935,-1.177215576171875,0,3171,1.217741935
3172,1.218125960,-1.2013626098632812,0,3172,1.218125960
3173,1.218509985,-1.2164878845214844,0,3173,1.218509985
3174,1.218894009,-1.2079620361328125,0,3174,1.218894009
3175,1.219278034,-1.2089729309082031,0,3175,1.219278034
3176,1.219662058,-1.2194442749023438,0,3176,1.219662058
3177,1.220046083,-1.2071990966796875,0,3177,1.220046083
3178,1.220430108,-1.1818313598632812,0,3178,1.220430108
3179,1.220814132,-1.1620140075683594,0,3179,1.220814132
3180,1.221198157,-1.1366844177246094,0,3180,1.221198157
3181,1.221582181,-1.1271476745605469,0,3181,1.221582181
3182,1.221966206,-1.1112785339355469,0,3182,1.221966206
3183,1.222350230,-1.1072921752929688,0,3183,1.222350230
3184,1.222734255,-1.0950088500976562,0,3184,1.222734255
3185,1.223118280,-1.0871124267578125,0,3185,1.223118280
3186,1.223502304,-1.0870361328125,0,3186,1.223502304
3187,1.223886329,-1.0832023620605469,0,3187,1.223886329
3188,1.224270353,-1.076812744140625,0,3188,1.224270353
3189,1.224654378,-1.0713005065917969,0,3189,1.224654378
3190,1.225038402,-1.0678863525390625,0,3190,1.225038402
3191,1.225422427,-1.0680961608886719,0,3191,1.225422427
3192,1.225806452,-1.0667800903320312,0,3192,1.225806452
3193,1.226190476,-1.0480880737304688,0,3193,1.226190476
3194,1.226574501,-1.0451507568359375,0,3194,1.226574501
3195,1.226958525,-1.0416984558105469,0,3195,1.226958525
3196,1.227342550,-1.0297584533691406,0,3196,1.227342550
3197,1.227726575,-1.0184288024902344,0,3197,1.227726575
3198,1.228110599,-1.0051918029785156,0,3198,1.228110599
3199,1.228494624,-1.0017967224121094,0,3199,1.228494624
3200,1.228878648,-0.9996795654296875,0,3200,1.228878648
3201,1.229262673,-1.00982666015625,0,3201,1.229262673
3202,1.229646697,-1.0149574279785156,0,3202,1.229646697
3203,1.230030722,-1.0199165344238281,0,3203,1.230030722
3204,1.230414747,-1.0352325439453125,0,3204,1.230414747
3205,1.230798771,-1.0467720031738281,0,3205,1.230798771
3206,1.231182796,-1.0546112060546875,0,3206,1.231182796
3207,1.231566820,-1.0575103759765625,0,3207,1.231566820
3208,1.231950845,-1.0640335083007812,0,3208,1.231950845
3209,1.232334869,-1.0745429992675781,0,3209,1.232334869
3210,1.232718894,-1.0816574096679688,0,3210,1.232718894
3211,1.233102919,-1.0939979553222656,0,3211,1.233102919
3212,1.233486943,-1.1023902893066406,0,3212,1.233486943
3213,1.233870968,-1.1060523986816406,0,3213,1.233870968
3214,1.234254992,-1.1048126220703125,0,3214,1.234254992
3215,1.234639017,-1.112060546875,0,3215,1.234639017
3216,1.235023041,-1.1260604858398438,0,3216,1.235023041
3217,1.235407066,-1.1308670043945312,0,3217,1.235407066
3218,1.235791091,-1.1332321166992188,0,3218,1.235791091
3219,1.236175115,-1.1302757263183594,0,3219,1.236175115
3220,1.236559140,-1.1363029479980469,0,3220,1.236559140
3221,1.236943164,-1.1412429809570312,0,3221,1.236943164
3222,1.237327189,-1.1692619323730469,0,3222,1.237327189
3223,1.237711214,-1.1955070495605469,0,3223,1.237711214
3224,1.238095238,-1.2037849426269531,0,3224,1.238095238
3225,1.238479263,-1.2021636962890625,0,3225,1.238479263
3226,1.238863287,-1.1986541748046875,0,3226,1.238863287
3227,1.239247312,-1.1890983581542969,0,3227,1.239247312
3228,1.239631336,-1.1781120300292969,0,3228,1.239631336
3229,1.240015361,-1.1654090881347656,0,3229,1.240015361
3230,1.240399386,-1.1620330810546875,0,3230,1.240399386
3231,1.240783410,-1.1469078063964844,0,3231,1.240783410
3232,1.241167435,-1.1302947998046875,0,3232,1.241167435
3233,1.241551459,-1.1223793029785156,0,3233,1.241551459
3234,1.241935484,-1.1098861694335938,0,3234,1.241935484
3235,1.242319508,-1.1068344116210938,0,3235,1.242319508
3236,1.242703533,-1.1057662963867188,0,3236,1.242703533
3237,1.243087558,-1.0890579223632812,0,3237,1.243087558
3238,1.243471582,-1.0906791687011719,0,3238,1.243471582
3239,1.243855607,-1.0771560668945312,0,3239,1.243855607
3240,1.244239631,-1.0619544982910156,0,3240,1.244239631
3241,1.244623656,-1.0556983947753906,0,3241,1.244623656
3242,1.245007680,-1.0525321960449219,0,3242,1.245007680
3243,1.245391705,-1.0506439208984375,0,3243,1.245391705
3244,1.245775730,-1.0375404357910156,0,3244,1.245775730
3245,1.246159754,-1.0387992858886719,0,3245,1.246159754
3246,1.246543779,-1.0382080078125,0,3246,1.246543779
3247,1.246927803,-1.0306358337402344,0,3247,1.246927803
3248,1.247311828,-1.0213279724121094,0,3248,1.247311828
3249,1.247695853,-1.0177230834960938,0,3249,1.247695853
3250,1.248079877,-1.0126876831054688,0,3250,1.248079877
3251,1.248463902,-1.0064888000488281,0,3251,1.248463902
3252,1.248847926,-1.0077476501464844,0,3252,1.248847926
3253,1.249231951,-1.0040473937988281,0,3253,1.249231951
3254,1.249615975,-1.0155487060546875,0,3254,1.249615975
3255,1.250000000,-1.033477783203125,0,3255,1.250000000
3256,1.250384025,-1.0400009155273438,0,3256,1.250384025
3257,1.250768049,-1.0461807250976562,0,3257,1.250768049
3258,1.251152074,-1.0479927062988281,0,3258,1.251152074
3259,1.251536098,-1.056671142578125,0,3259,1.251536098
3260,1.251920123,-1.0651016235351562,0,3260,1.251920123
3261,1.252304147,-1.0780715942382812,0,3261,1.252304147
3262,1.252688172,-1.0840225219726562,0,3262,1.252688172
3263,1.253072197,-1.0852432250976562,0,3263,1.253072197
3264,1.253456221,-1.1029243469238281,0,3264,1.253456221
3265,1.253840246,-1.1053848266601562,0,3265,1.253840246
3266,1.254224270,-1.1138343811035156,0,3266,1.254224270
3267,1.254608295,-1.1197471618652344,0,3267,1.254608295
3268,1.254992320,-1.1228752136230469,0,3268,1.254992320
3269,1.255376344,-1.1212158203125,0,3269,1.255376344
3270,1.255760369,-1.1194992065429688,0,3270,1.255760369
3271,1.256144393,-1.1194801330566406,0,3271,1.256144393
3272,1.256528418,-1.1398124694824219,0,3272,1.256528418
3273,1.256912442,-1.1560440063476562,0,3273,1.256912442
3274,1.257296467,-1.1709213256835938,0,3274,1.257296467
3275,1.257680492,-1.1784744262695312,0,3275,1.257680492
3276,1.258064516,-1.1902236938476562,0,3276,1.258064516
3277,1.258448541,-1.19598388671875,0,3277,1.258448541
3278,1.258832565,-1.2033843994140625,0,3278,1.258832565
3279,1.259216590,-1.2020683288574219,0,3279,1.259216590
3280,1.259600614,-1.1864662170410156,0,3280,1.259600614
3281,1.259984639,-1.1686897277832031,0,3281,1.259984639
3282,1.260368664,-1.1464881896972656,0,3282,1.260368664
3283,1.260752688,-1.1331939697265625,0,3283,1.260752688
3284,1.261136713,-1.1257171630859375,0,3284,1.261136713
3285,1.261520737,-1.1191940307617188,0,3285,1.261520737
3286,1.261904762,-1.1036491394042969,0,3286,1.261904762
3287,1.262288786,-1.0953712463378906,0,3287,1.262288786
3288,1.262672811,-1.0864639282226562,0,3288,1.262672811
3289,1.263056836,-1.07666015625,0,3289,1.263056836
3290,1.263440860,-1.0655784606933594,0,3290,1.263440860
3291,1.263824885,-1.0456085205078125,0,3291,1.263824885
3292,1.264208909,-1.0280609130859375,0,3292,1.264208909
3293,1.264592934,-1.0246849060058594,0,3293,1.264592934
3294,1.264976959,-1.0278129577636719,0,3294,1.264976959
3295,1.265360983,-1.0307121276855469,0,3295,1.265360983
3296,1.265745008,-1.0317420959472656,0,3296,1.265745008
3297,1.266129032,-1.0472297668457031,0,3297,1.266129032
3298,1.266513057,-1.048431396484375,0,3298,1.266513057
3299,1.266897081,-1.028594970703125,0,3299,1.266897081
3300,1.267281106,-1.0187530517578125,0,3300,1.267281106
3301,1.267665131,-1.0051918029785156,0,3301,1.267665131
3302,1.268049155,-1.0031318664550781,0,3302,1.268049155
3303,1.268433180,-0.9938812255859375,0,3303,1.268433180
3304,1.268817204,-0.9809112548828125,0,3304,1.268817204
3305,1.269201229,-0.9846115112304688,0,3305,1.269201229
3306,1.269585253,-0.997314453125,0,3306,1.269585253
3307,1.269969278,-0.9770011901855469,0,3307,1.269969278
3308,1.270353303,-0.9686851501464844,0,3308,1.270353303
3309,1.270737327,-0.9902381896972656,0,3309,1.270737327
3310,1.271121352,-1.0247039794921875,0,3310,1.271121352
3311,1.271505376,-1.0509109497070312,0,3311,1.271505376
3312,1.271889401,-1.102447509765625,0,3312,1.271889401
3313,1.272273425,-1.1307907104492188,0,3313,1.272273425
3314,1.272657450,-1.1296463012695312,0,3314,1.272657450
3315,1.273041475,-1.1140823364257812,0,3315,1.273041475
3316,1.273425499,-1.1126708984375,0,3316,1.273425499
3317,1.273809524,-1.1094856262207031,0,3317,1.273809524
3318,1.274193548,-1.1140632629394531,0,3318,1.274193548
3319,1.274577573,-1.1113357543945312,0,3319,1.274577573
3320,1.274961598,-1.1126136779785156,0,3320,1.274961598
3321,1.275345622,-1.1227798461914062,0,3321,1.275345622
3322,1.275729647,-1.1219978332519531,0,3322,1.275729647
3323,1.276113671,-1.1264419555664062,0,3323,1.276113671
3324,1.276497696,-1.14898681640625,0,3324,1.276497696
3325,1.276881720,-1.1620521545410156,0,3325,1.276881720
3326,1.277265745,-1.2105178833007812,0,3326,1.277265745
3327,1.277649770,-1.2292098999023438,0,3327,1.277649770
3328,1.278033794,-1.2222099304199219,0,3328,1.278033794
3329,1.278417819,-1.2066268920898438,0,3329,1.278417819
3330,1.278801843,-1.1984825134277344,0,3330,1.278801843
3331,1.279185868,-1.18072509765625,0,3331,1.279185868
3332,1.279569892,-1.1713790893554688,0,3332,1.279569892
3333,1.279953917,-1.1618614196777344,0,3333,1.279953917
3334,1.280337942,-1.1548233032226562,0,3334,1.280337942
3335,1.280721966,-1.1416435241699219,0,3335,1.280721966
3336,1.281105991,-1.13677978515625,0,3336,1.281105991
3337,1.281490015,-1.1193656921386719,0,3337,1.281490015
3338,1.281874040,-1.0935783386230469,0,3338,1.281874040
3339,1.282258065,-1.0771751403808594,0,3339,1.282258065
3340,1.282642089,-1.0684585571289062,0,3340,1.282642089
3341,1.283026114,-1.0650444030761719,0,3341,1.283026114
3342,1.283410138,-1.0627937316894531,0,3342,1.283410138
3343,1.283794163,-1.05926513671875,0,3343,1.283794163
3344,1.284178187,-1.0558128356933594,0,3344,1.284178187
3345,1.284562212,-1.0542106628417969,0,3345,1.284562212
3346,1.284946237,-1.0536003112792969,0,3346,1.284946237
3347,1.285330261,-1.0462760925292969,0,3347,1.285330261
3348,1.285714286,-1.0539054870605469,0,3348,1.285714286
3349,1.286098310,-1.0498619079589844,0,3349,1.286098310
3350,1.286482335,-1.0341453552246094,0,3350,1.286482335
3351,1.286866359,-1.0190963745117188,0,3351,1.286866359
3352,1.287250384,-1.0144615173339844,0,3352,1.287250384
3353,1.287634409,-1.0051918029785156,0,3353,1.287634409
3354,1.288018433,-0.9930610656738281,0,3354,1.288018433
3355,1.288402458,-0.9912300109863281,0,3355,1.288402458
3356,1.288786482,-0.9969520568847656,0,3356,1.288786482
3357,1.289170507,-1.0030174255371094,0,3357,1.289170507
3358,1.289554531,-1.016082763671875,0,3358,1.289554531
3359,1.289938556,-1.0375213623046875,0,3359,1.289938556
3360,1.290322581,-1.0446357727050781,0,3360,1.290322581
3361,1.290706605,-1.060028076171875,0,3361,1.290706605
3362,1.291090630,-1.0669708251953125,0,3362,1.291090630
3363,1.291474654,-1.0634040832519531,0,3363,1.291474654
3364,1.291858679,-1.0665130615234375,0,3364,1.291858679
3365,1.292242704,-1.0690689086914062,0,3365,1.292242704
3366,1.292626728,-1.0749626159667969,0,3366,1.292626728
3367,1.293010753,-1.0941696166992188,0,3367,1.293010753
3368,1.293394777,-1.0930252075195312,0,3368,1.293394777
3369,1.293778802,-1.0913658142089844,0,3369,1.293778802
3370,1.294162826,-1.1055564880371094,0,3370,1.294162826
3371,1.294546851,-1.1130714416503906,0,3371,1.294546851
3372,1.294930876,-1.1160469055175781,0,3372,1.294930876
3373,1.295314900,-1.1171531677246094,0,3373,1.295314900
3374,1.295698925,-1.1212348937988281,0,3374,1.295698925
3375,1.296082949,-1.1336326599121094,0,3375,1.296082949
3376,1.296466974,-1.1496925354003906,0,3376,1.296466974
3377,1.296850998,-1.164398193359375,0,3377,1.296850998
3378,1.297235023,-1.1796951293945312,0,3378,1.297235023
3379,1.297619048,-1.1931419372558594,0,3379,1.297619048
3380,1.298003072,-1.1966323852539062,0,3380,1.298003072
3381,1.298387097,-1.1950111389160156,0,3381,1.298387097
3382,1.298771121,-1.1925125122070312,0,3382,1.298771121
3383,1.299155146,-1.1867713928222656,0,3383,1.299155146
3384,1.299539171,-1.1821746826171875,0,3384,1.299539171
3385,1.299923195,-1.1655616760253906,0,3385,1.299923195
3386,1.300307220,-1.154327392578125,0,3386,1.300307220
3387,1.300691244,-1.1380767822265625,0,3387,1.300691244
3388,1.301075269,-1.1250877380371094,0,3388,1.301075269
3389,1.301459293,-1.1040687561035156,0,3389,1.301459293
3390,1.301843318,-1.0884857177734375,0,3390,1.301843318
3391,1.302227343,-1.0761260986328125,0,3391,1.302227343
3392,1.302611367,-1.0640335083007812,0,3392,1.302611367
3393,1.302995392,-1.0631370544433594,0,3393,1.302995392
3394,1.303379416,-1.068267822265625,0,3394,1.303379416
3395,1.303763441,-1.0635185241699219,0,3395,1.303763441
3396,1.304147465,-1.0633277893066406,0,3396,1.304147465
3397,1.304531490,-1.0505104064941406,0,3397,1.304531490
3398,1.304915515,-1.049346923828125,0,3398,1.304915515
3399,1.305299539,-1.0398674011230469,0,3399,1.305299539
3400,1.305683564,-1.0281181335449219,0,3400,1.305683564
3401,1.306067588,-1.0194778442382812,0,3401,1.306067588
3402,1.306451613,-1.0131454467773438,0,3402,1.306451613
3403,1.306835637,-1.0068511962890625,0,3403,1.306835637
3404,1.307219662,-1.006317138671875,0,3404,1.307219662
3405,1.307603687,-1.0004425048828125,0,3405,1.307603687
3406,1.307987711,-1.0070610046386719,0,3406,1.307987711
3407,1.308371736,-1.0025596618652344,0,3407,1.308371736
3408,1.308755760,-1.0146903991699219,0,3408,1.308755760
3409,1.309139785,-1.0317420959472656,0,3409,1.309139785
3410,1.309523810,-1.0271644592285156,0,3410,1.309523810
3411,1.309907834,-1.0317802429199219,0,3411,1.309907834
3412,1.310291859,-1.0341453552246094,0,3412,1.310291859
3413,1.310675883,-1.0407638549804688,0,3413,1.310675883
3414,1.311059908,-1.0509109497070312,0,3414,1.311059908
3415,1.311443932,-1.0594367980957031,0,3415,1.311443932
3416,1.311827957,-1.0669136047363281,0,3416,1.311827957
3417,1.312211982,-1.0750007629394531,0,3417,1.312211982
3418,1.312596006,-1.0823249816894531,0,3418,1.312596006
3419,1.312980031,-1.0944175720214844,0,3419,1.312980031
3420,1.313364055,-1.1072921752929688,0,3420,1.313364055
3421,1.313748080,-1.1053085327148438,0,3421,1.313748080
3422,1.314132104,-1.1041641235351562,0,3422,1.314132104
3423,1.314516129,-1.1124420166015625,0,3423,1.314516129
3424,1.314900154,-1.1070060729980469,0,3424,1.314900154
3425,1.315284178,-1.1091995239257812,0,3425,1.315284178
3426,1.315668203,-1.1122894287109375,0,3426,1.315668203
3427,1.316052227,-1.1384010314941406,0,3427,1.316052227
3428,1.316436252,-1.1566543579101562,0,3428,1.316436252
3429,1.316820276,-1.1619758605957031,0,3429,1.316820276
3430,1.317204301,-1.168212890625,0,3430,1.317204301
3431,1.317588326,-1.1772346496582031,0,3431,1.317588326
3432,1.317972350,-1.1901664733886719,0,3432,1.317972350
3433,1.318356375,-1.1861228942871094,0,3433,1.318356375
3434,1.318740399,-1.1754608154296875,0,3434,1.318740399
3435,1.319124424,-1.1756706237792969,0,3435,1.319124424
3436,1.319508449,-1.1717605590820312,0,3436,1.319508449
3437,1.319892473,-1.1642837524414062,0,3437,1.319892473
3438,1.320276498,-1.1475753784179688,0,3438,1.320276498
3439,1.320660522,-1.1380767822265625,0,3439,1.320660522
3440,1.321044547,-1.1286544799804688,0,3440,1.321044547
3441,1.321428571,-1.1100959777832031,0,3441,1.321428571
3442,1.321812596,-1.0772514343261719,0,3442,1.321812596
3443,1.322196621,-1.0649299621582031,0,3443,1.322196621
3444,1.322580645,-1.059722900390625,0,3444,1.322580645
3445,1.322964670,-1.0596847534179688,0,3445,1.322964670
3446,1.323348694,-1.0548019409179688,0,3446,1.323348694
3447,1.323732719,-1.0452461242675781,0,3447,1.323732719
3448,1.324116743,-1.0418128967285156,0,3448,1.324116743
3449,1.324500768,-1.0326576232910156,0,3449,1.324500768
3450,1.324884793,-1.025238037109375,0,3450,1.324884793
3451,1.325268817,-1.0220718383789062,0,3451,1.325268817
3452,1.325652842,-1.0265922546386719,0,3452,1.325652842
3453,1.326036866,-1.0184669494628906,0,3453,1.326036866
3454,1.326420891,-1.0155296325683594,0,3454,1.326420891
3455,1.326804916,-1.0136985778808594,0,3455,1.326804916
3456,1.327188940,-1.0052108764648438,0,3456,1.327188940
3457,1.327572965,-0.9629058837890625,0,3457,1.327572965
3458,1.327956989,-0.9444999694824219,0,3458,1.327956989
3459,1.328341014,-0.9538459777832031,0,3459,1.328341014
3460,1.328725038,-0.9871673583984375,0,3460,1.328725038
3461,1.329109063,-1.0031700134277344,0,3461,1.329109063
3462,1.329493088,-1.0529327392578125,0,3462,1.329493088
3463,1.329877112,-1.0783004760742188,0,3463,1.329877112
3464,1.330261137,-1.0834884643554688,0,3464,1.330261137
3465,1.330645161,-1.0854530334472656,0,3465,1.330645161
3466,1.331029186,-1.072540283203125,0,3466,1.331029186
3467,1.331413210,-1.0643959045410156,0,3467,1.331413210
3468,1.331797235,-1.0578727722167969,0,3468,1.331797235
3469,1.332181260,-1.0675048828125,0,3469,1.332181260
3470,1.332565284,-1.0856056213378906,0,3470,1.332565284
3471,1.332949309,-1.1067962646484375,0,3471,1.332949309
3472,1.333333333,-1.1098098754882812,0,3472,1.333333333
3473,1.333717358,-1.1155319213867188,0,3473,1.333717358
3474,1.334101382,-1.1115646362304688,0,3474,1.334101382
3475,1.334485407,-1.1204719543457031,0,3475,1.334485407
3476,1.334869432,-1.1461448669433594,0,3476,1.334869432
3477,1.335253456,-1.1518669128417969,0,3477,1.335253456
3478,1.335637481,-1.1505699157714844,0,3478,1.335637481
3479,1.336021505,-1.1452674865722656,0,3479,1.336021505
3480,1.336405530,-1.1516189575195312,0,3480,1.336405530
3481,1.336789555,-1.1567115783691406,0,3481,1.336789555
3482,1.337173579,-1.1661720275878906,0,3482,1.337173579
3483,1.337557604,-1.1859130859375,0,3483,1.337557604
3484,1.337941628,-1.1985015869140625,0,3484,1.337941628
3485,1.338325653,-1.1947059631347656,0,3485,1.338325653
3486,1.338709677,-1.1988449096679688,0,3486,1.338709677
3487,1.339093702,-1.1841964721679688,0,3487,1.339093702
3488,1.339477727,-1.1551475524902344,0,3488,1.339477727
3489,1.339861751,-1.1357688903808594,0,3489,1.339861751
3490,1.340245776,-1.1251258850097656,0,3490,1.340245776
3491,1.340629800,-1.1168670654296875,0,3491,1.340629800
3492,1.341013825,-1.1210060119628906,0,3492,1.341013825
3493,1.341397849,-1.1141014099121094,0,3493,1.341397849
3494,1.341781874,-1.0887908935546875,0,3494,1.341781874
3495,1.342165899,-1.0772705078125,0,3495,1.342165899
3496,1.342549923,-1.0736656188964844,0,3496,1.342549923
3497,1.342933948,-1.0700607299804688,0,3497,1.342933948
3498,1.343317972,-1.0688400268554688,0,3498,1.343317972
3499,1.343701997,-1.0738372802734375,0,3499,1.343701997
3500,1.344086022,-1.0673713684082031,0,3500,1.344086022
3501,1.344470046,-1.0526466369628906,0,3501,1.344470046
3502,1.344854071,-1.0487747192382812,0,3502,1.344854071
3503,1.345238095,-1.0431480407714844,0,3503,1.345238095
3504,1.345622120,-1.0327720642089844,0,3504,1.345622120
3505,1.346006144,-1.0288810729980469,0,3505,1.346006144
3506,1.346390169,-1.0161018371582031,0,3506,1.346390169
3507,1.346774194,-1.0119819641113281,0,3507,1.346774194
3508,1.347158218,-0.9942626953125,0,3508,1.347158218
3509,1.347542243,-0.9911727905273438,0,3509,1.347542243
3510,1.347926267,-0.9975242614746094,0,3510,1.347926267
3511,1.348310292,-1.0021400451660156,0,3511,1.348310292
3512,1.348694316,-1.0124778747558594,0,3512,1.348694316
3513,1.349078341,-1.019439697265625,0,3513,1.349078341
3514,1.349462366,-1.0350227355957031,0,3514,1.349462366
3515,1.349846390,-1.0486030578613281,0,3515,1.349846390
3516,1.350230415,-1.0548591613769531,0,3516,1.350230415
3517,1.350614439,-1.0550498962402344,0,3517,1.350614439
3518,1.350998464,-1.0597991943359375,0,3518,1.350998464
3519,1.351382488,-1.0564422607421875,0,3519,1.351382488
3520,1.351766513,-1.0632896423339844,0,3520,1.351766513
3521,1.352150538,-1.0769462585449219,0,3521,1.352150538
3522,1.352534562,-1.0761070251464844,0,3522,1.352534562
3523,1.352918587,-1.0846519470214844,0,3523,1.352918587
3524,1.353302611,-1.0971641540527344,0,3524,1.353302611
3525,1.353686636,-1.1143875122070312,0,3525,1.353686636
3526,1.354070661,-1.1218643188476562,0,3526,1.354070661
3527,1.354454685,-1.1302566528320312,0,3527,1.354454685
3528,1.354838710,-1.1296844482421875,0,3528,1.354838710
3529,1.355222734,-1.1303901672363281,0,3529,1.355222734
3530,1.355606759,-1.1324501037597656,0,3530,1.355606759
3531,1.355990783,-1.1340904235839844,0,3531,1.355990783
3532,1.356374808,-1.1495208740234375,0,3532,1.356374808
3533,1.356758833,-1.1723518371582031,0,3533,1.356758833
3534,1.357142857,-1.1862564086914062,0,3534,1.357142857
3535,1.357526882,-1.1991119384765625,0,3535,1.357526882
3536,1.357910906,-1.2072563171386719,0,3536,1.357910906
3537,1.358294931,-1.190032958984375,0,3537,1.358294931
3538,1.358678955,-1.1801910400390625,0,3538,1.358678955
3539,1.359062980,-1.1659431457519531,0,3539,1.359062980
3540,1.359447005,-1.1474990844726562,0,3540,1.359447005
3541,1.359831029,-1.1421012878417969,0,3541,1.359831029
3542,1.360215054,-1.1276817321777344,0,3542,1.360215054
3543,1.360599078,-1.1145401000976562,0,3543,1.360599078
3544,1.360983103,-1.1112213134765625,0,3544,1.360983103
3545,1.361367127,-1.109161376953125,0,3545,1.361367127
3546,1.361751152,-1.1030769348144531,0,3546,1.361751152
3547,1.362135177,-1.0798072814941406,0,3547,1.362135177
3548,1.362519201,-1.0669898986816406,0,3548,1.362519201
3549,1.362903226,-1.0563278198242188,0,3549,1.362903226
3550,1.363287250,-1.0557937622070312,0,3550,1.363287250
3551,1.363671275,-1.0607147216796875,0,3551,1.363671275
3552,1.364055300,-1.06231689453125,0,3552,1.364055300
3553,1.364439324,-1.058349609375,0,3553,1.364439324
3554,1.364823349,-1.0581016540527344,0,3554,1.364823349
3555,1.365207373,-1.0474967956542969,0,3555,1.365207373
3556,1.365591398,-1.0330009460449219,0,3556,1.365591398
3557,1.365975422,-1.0208702087402344,0,3557,1.365975422
3558,1.366359447,-1.0159111022949219,0,3558,1.366359447
3559,1.366743472,-1.001739501953125,0,3559,1.366743472
3560,1.367127496,-1.0058403015136719,0,3560,1.367127496
3561,1.367511521,-1.0103034973144531,0,3561,1.367511521
3562,1.367895545,-1.0279464721679688,0,3562,1.367895545
3563,1.368279570,-1.0288047790527344,0,3563,1.368279570
3564,1.368663594,-1.0159111022949219,0,3564,1.368663594
3565,1.369047619,-1.0184288024902344,0,3565,1.369047619
3566,1.369431644,-1.0246086120605469,0,3566,1.369431644
3567,1.369815668,-1.0325050354003906,0,3567,1.369815668
3568,1.370199693,-1.0313987731933594,0,3568,1.370199693
3569,1.370583717,-1.0385894775390625,0,3569,1.370583717
3570,1.370967742,-1.0546684265136719,0,3570,1.370967742
3571,1.371351767,-1.0595703125,0,3571,1.371351767
3572,1.371735791,-1.0766220092773438,0,3572,1.371735791
3573,1.372119816,-1.0816001892089844,0,3573,1.372119816
3574,1.372503840,-1.0864448547363281,0,3574,1.372503840
3575,1.372887865,-1.0985374450683594,0,3575,1.372887865
3576,1.373271889,-1.1103630065917969,0,3576,1.373271889
3577,1.373655914,-1.1237335205078125,0,3577,1.373655914
3578,1.374039939,-1.1205291748046875,0,3578,1.374039939
3579,1.374423963,-1.1283302307128906,0,3579,1.374423963
3580,1.374807988,-1.1264228820800781,0,3580,1.374807988
3581,1.375192012,-1.1428070068359375,0,3581,1.375192012
3582,1.375576037,-1.1472129821777344,0,3582,1.375576037
3583,1.375960061,-1.1523246765136719,0,3583,1.375960061
3584,1.376344086,-1.1666488647460938,0,3584,1.376344086
3585,1.376728111,-1.1827659606933594,0,3585,1.376728111
3586,1.377112135,-1.1909866333007812,0,3586,1.377112135
3587,1.377496160,-1.1964225769042969,0,3587,1.377496160
3588,1.377880184,-1.1964035034179688,0,3588,1.377880184
3589,1.378264209,-1.1924362182617188,0,3589,1.378264209
3590,1.378648233,-1.1864662170410156,0,3590,1.378648233
3591,1.379032258,-1.159210205078125,0,3591,1.379032258
3592,1.379416283,-1.1182022094726562,0,3592,1.379416283
3593,1.379800307,-1.1116409301757812,0,3593,1.379800307
3594,1.380184332,-1.1121177673339844,0,3594,1.380184332
3595,1.380568356,-1.1174201965332031,0,3595,1.380568356
3596,1.380952381,-1.1182403564453125,0,3596,1.380952381
3597,1.381336406,-1.1106300354003906,0,3597,1.381336406
3598,1.381720430,-1.0987472534179688,0,3598,1.381720430
3599,1.382104455,-1.0837745666503906,0,3599,1.382104455
3600,1.382488479,-1.0744285583496094,0,3600,1.382488479
3601,1.382872504,-1.0715866088867188,0,3601,1.382872504
3602,1.383256528,-1.064300537109375,0,3602,1.383256528
3603,1.383640553,-1.0454559326171875,0,3603,1.383640553
3604,1.384024578,-1.0407829284667969,0,3604,1.384024578
3605,1.384408602,-1.0332107543945312,0,3605,1.384408602
3606,1.384792627,-1.0315704345703125,0,3606,1.384792627
3607,1.385176651,-0.9850120544433594,0,3607,1.385176651
3608,1.385560676,-0.9643745422363281,0,3608,1.385560676
3609,1.385944700,-0.9697914123535156,0,3609,1.385944700
3610,1.386328725,-0.9953498840332031,0,3610,1.386328725
3611,1.386712750,-1.0067176818847656,0,3611,1.386712750
3612,1.387096774,-1.0458755493164062,0,3612,1.387096774
3613,1.387480799,-1.0584068298339844,0,3613,1.387480799
3614,1.387864823,-1.051483154296875,0,3614,1.387864823
3615,1.388248848,-1.0235786437988281,0,3615,1.388248848
3616,1.388632873,-1.0128974914550781,0,3616,1.388632873
3617,1.389016897,-1.0136032104492188,0,3617,1.389016897
3618,1.389400922,-1.0321998596191406,0,3618,1.389400922
3619,1.389784946,-1.0456657409667969,0,3619,1.389784946
3620,1.390168971,-1.0584640502929688,0,3620,1.390168971
3621,1.390552995,-1.0693359375,0,3621,1.390552995
3622,1.390937020,-1.0750579833984375,0,3622,1.390937020
3623,1.391321045,-1.0757064819335938,0,3623,1.391321045
3624,1.391705069,-1.0761451721191406,0,3624,1.391705069
3625,1.392089094,-1.0816001892089844,0,3625,1.392089094
3626,1.392473118,-1.1215782165527344,0,3626,1.392473118
3627,1.392857143,-1.136627197265625,0,3627,1.392857143
3628,1.393241167,-1.1290359497070312,0,3628,1.393241167
3629,1.393625192,-1.1168289184570312,0,3629,1.393625192
3630,1.394009217,-1.1205673217773438,0,3630,1.394009217
3631,1.394393241,-1.1247444152832031,0,3631,1.394393241
3632,1.394777266,-1.1249732971191406,0,3632,1.394777266
3633,1.395161290,-1.1312675476074219,0,3633,1.395161290
3634,1.395545315,-1.1357879638671875,0,3634,1.395545315
3635,1.395929339,-1.1484146118164062,0,3635,1.395929339
3636,1.396313364,-1.1578750610351562,0,3636,1.396313364
3637,1.396697389,-1.1816215515136719,0,3637,1.396697389
3638,1.397081413,-1.2023162841796875,0,3638,1.397081413
3639,1.397465438,-1.20513916015625,0,3639,1.397465438
3640,1.397849462,-1.2104415893554688,0,3640,1.397849462
3641,1.398233487,-1.1966133117675781,0,3641,1.398233487
3642,1.398617512,-1.1824798583984375,0,3642,1.398617512
3643,1.399001536,-1.1766815185546875,0,3643,1.399001536
3644,1.399385561,-1.1666488647460938,0,3644,1.399385561
3645,1.399769585,-1.1427116394042969,0,3645,1.399769585
3646,1.400153610,-1.1302566528320312,0,3646,1.400153610
3647,1.400537634,-1.1217880249023438,0,3647,1.400537634
3648,1.400921659,-1.1179542541503906,0,3648,1.400921659
3649,1.401305684,-1.107330322265625,0,3649,1.401305684
3650,1.401689708,-1.0943603515625,0,3650,1.401689708
3651,1.402073733,-1.089630126953125,0,3651,1.402073733
3652,1.402457757,-1.080322265625,0,3652,1.402457757
3653,1.402841782,-1.0649490356445312,0,3653,1.402841782
3654,1.403225806,-1.0534858703613281,0,3654,1.403225806
3655,1.403609831,-1.0470199584960938,0,3655,1.403609831
3656,1.403993856,-1.0478973388671875,0,3656,1.403993856
3657,1.404377880,-1.053314208984375,0,3657,1.404377880
3658,1.404761905,-1.0552024841308594,0,3658,1.404761905
3659,1.405145929,-1.0448837280273438,0,3659,1.405145929
3660,1.405529954,-1.0344123840332031,0,3660,1.405529954
3661,1.405913978,-1.0274314880371094,0,3661,1.405913978
3662,1.406298003,-1.0257911682128906,0,3662,1.406298003
3663,1.406682028,-1.0153579711914062,0,3663,1.406682028
3664,1.407066052,-1.0031700134277344,0,3664,1.407066052
3665,1.407450077,-1.0008621215820312,0,3665,1.407450077
3666,1.407834101,-1.0024642944335938,0,3666,1.407834101
3667,1.408218126,-1.0087776184082031,0,3667,1.408218126
3668,1.408602151,-1.0225105285644531,0,3668,1.408602151
3669,1.408986175,-1.0330963134765625,0,3669,1.408986175
3670,1.409370200,-1.044464111328125,0,3670,1.409370200
3671,1.409754224,-1.050872802734375,0,3671,1.409754224
3672,1.410138249,-1.0580062866210938,0,3672,1.410138249
3673,1.410522273,-1.0638999938964844,0,3673,1.410522273
3674,1.410906298,-1.0697364807128906,0,3674,1.410906298
3675,1.411290323,-1.0672569274902344,0,3675,1.411290323
3676,1.411674347,-1.0848617553710938,0,3676,1.411674347
3677,1.412058372,-1.093902587890625,0,3677,1.412058372
3678,1.412442396,-1.103057861328125,0,3678,1.412442396
3679,1.412826421,-1.1111068725585938,0,3679,1.412826421
3680,1.413210445,-1.1238288879394531,0,3680,1.413210445
3681,1.413594470,-1.1304664611816406,0,3681,1.413594470
3682,1.413978495,-1.1261749267578125,0,3682,1.413978495
3683,1.414362519,-1.1245155334472656,0,3683,1.414362519
3684,1.414746544,-1.1274528503417969,0,3684,1.414746544
3685,1.415130568,-1.1355400085449219,0,3685,1.415130568
3686,1.415514593,-1.1456871032714844,0,3686,1.415514593
3687,1.415898618,-1.1604499816894531,0,3687,1.415898618
3688,1.416282642,-1.1749649047851562,0,3688,1.416282642
3689,1.416666667,-1.1865425109863281,0,3689,1.416666667
3690,1.417050691,-1.1976242065429688,0,3690,1.417050691
3691,1.417434716,-1.2030792236328125,0,3691,1.417434716
3692,1.417818740,-1.19598388671875,0,3692,1.417818740
3693,1.418202765,-1.1832618713378906,0,3693,1.418202765
3694,1.418586790,-1.1693954467773438,0,3694,1.418586790
3695,1.418970814,-1.1540794372558594,0,3695,1.418970814
3696,1.419354839,-1.1382102966308594,0,3696,1.419354839
3697,1.419738863,-1.1339950561523438,0,3697,1.419738863
3698,1.420122888,-1.1237525939941406,0,3698,1.420122888
3699,1.420506912,-1.1250495910644531,0,3699,1.420506912
3700,1.420890937,-1.1223793029785156,0,3700,1.420890937
3701,1.421274962,-1.1056709289550781,0,3701,1.421274962
3702,1.421658986,-1.0835456848144531,0,3702,1.421658986
3703,1.422043011,-1.070709228515625,0,3703,1.422043011
3704,1.422427035,-1.0706329345703125,0,3704,1.422427035
3705,1.422811060,-1.0641288757324219,0,3705,1.422811060
3706,1.423195084,-1.0574531555175781,0,3706,1.423195084
3707,1.423579109,-1.0535430908203125,0,3707,1.423579109
3708,1.423963134,-1.0472297668457031,0,3708,1.423963134
3709,1.424347158,-1.0472297668457031,0,3709,1.424347158
3710,1.424731183,-1.0435867309570312,0,3710,1.424731183
3711,1.425115207,-1.0293197631835938,0,3711,1.425115207
3712,1.425499232,-1.0296440124511719,0,3712,1.425499232
3713,1.425883257,-1.0268020629882812,0,3713,1.425883257
3714,1.426267281,-1.0260391235351562,0,3714,1.426267281
3715,1.426651306,-1.0067558288574219,0,3715,1.426651306
3716,1.427035330,-0.9949493408203125,0,3716,1.427035330
3717,1.427419355,-0.9963607788085938,0,3717,1.427419355
3718,1.427803379,-0.999755859375,0,3718,1.427803379
3719,1.428187404,-1.0106277465820312,0,3719,1.428187404
3720,1.428571429,-1.0205268859863281,0,3720,1.428571429
3721,1.428955453,-1.0257339477539062,0,3721,1.428955453
3722,1.429339478,-1.0409164428710938,0,3722,1.429339478
3723,1.429723502,-1.0521888732910156,0,3723,1.429723502
3724,1.430107527,-1.0647773742675781,0,3724,1.430107527
3725,1.430491551,-1.0674858093261719,0,3725,1.430491551
3726,1.430875576,-1.0872268676757812,0,3726,1.430875576
3727,1.431259601,-1.0951423645019531,0,3727,1.431259601
3728,1.431643625,-1.0902976989746094,0,3728,1.431643625
3729,1.432027650,-1.0894393920898438,0,3729,1.432027650
3730,1.432411674,-1.1028099060058594,0,3730,1.432411674
3731,1.432795699,-1.09771728515625,0,3731,1.432795699
3732,1.433179724,-1.1062240600585938,0,3732,1.433179724
3733,1.433563748,-1.1079978942871094,0,3733,1.433563748
3734,1.433947773,-1.1234664916992188,0,3734,1.433947773
3735,1.434331797,-1.123504638671875,0,3735,1.434331797
3736,1.434715822,-1.12548828125,0,3736,1.434715822
3737,1.435099846,-1.1349678039550781,0,3737,1.435099846
3738,1.435483871,-1.1469078063964844,0,3738,1.435483871
3739,1.435867896,-1.1606597900390625,0,3739,1.435867896
3740,1.436251920,-1.1854934692382812,0,3740,1.436251920
3741,1.436635945,-1.1924171447753906,0,3741,1.436635945
3742,1.437019969,-1.1723136901855469,0,3742,1.437019969
3743,1.437403994,-1.1784172058105469,0,3743,1.437403994
3744,1.437788018,-1.1759757995605469,0,3744,1.437788018
3745,1.438172043,-1.1659431457519531,0,3745,1.438172043
3746,1.438556068,-1.16790771484375,0,3746,1.438556068
3747,1.438940092,-1.1519050598144531,0,3747,1.438940092
3748,1.439324117,-1.1413764953613281,0,3748,1.439324117
3749,1.439708141,-1.1301040649414062,0,3749,1.439708141
3750,1.440092166,-1.1205673217773438,0,3750,1.440092166
3751,1.440476190,-1.1170196533203125,0,3751,1.440476190
3752,1.440860215,-1.1113929748535156,0,3752,1.440860215
3753,1.441244240,-1.1009979248046875,0,3753,1.441244240
3754,1.441628264,-1.0968017578125,0,3754,1.441628264
3755,1.442012289,-1.0856819152832031,0,3755,1.442012289
3756,1.442396313,-1.0760688781738281,0,3756,1.442396313
3757,1.442780338,-1.0280036926269531,0,3757,1.442780338
3758,1.443164363,-0.9955978393554688,0,3758,1.443164363
3759,1.443548387,-1.004791259765625,0,3759,1.443548387
3760,1.443932412,-1.0317230224609375,0,3760,1.443932412
3761,1.444316436,-1.0313034057617188,0,3761,1.444316436
3762,1.444700461,-1.0714340209960938,0,3762,1.444700461
3763,1.445084485,-1.0803794860839844,0,3763,1.445084485
3764,1.445468510,-1.0700798034667969,0,3764,1.445468510
3765,1.445852535,-1.0411262512207031,0,3765,1.445852535
3766,1.446236559,-1.0131645202636719,0,3766,1.446236559
3767,1.446620584,-1.0063934326171875,0,3767,1.446620584
3768,1.447004608,-1.0066604614257812,0,3768,1.447004608
3769,1.447388633,-1.005096435546875,0,3769,1.447388633
3770,1.447772657,-0.9976005554199219,0,3770,1.447772657
3771,1.448156682,-1.0100364685058594,0,3771,1.448156682
3772,1.448540707,-1.0264015197753906,0,3772,1.448540707
3773,1.448924731,-1.0426139831542969,0,3773,1.448924731
3774,1.449308756,-1.0498428344726562,0,3774,1.449308756
3775,1.449692780,-1.0580253601074219,0,3775,1.449692780
3776,1.450076805,-1.0893058776855469,0,3776,1.450076805
3777,1.450460829,-1.097259521484375,0,3777,1.450460829
3778,1.450844854,-1.0964775085449219,0,3778,1.450844854
3779,1.451228879,-1.1008071899414062,0,3779,1.451228879
3780,1.451612903,-1.1077690124511719,0,3780,1.451612903
3781,1.451996928,-1.1048698425292969,0,3781,1.451996928
3782,1.452380952,-1.1074638366699219,0,3782,1.452380952
3783,1.452764977,-1.1104774475097656,0,3783,1.452764977
3784,1.453149002,-1.1125373840332031,0,3784,1.453149002
3785,1.453533026,-1.1223220825195312,0,3785,1.453533026
3786,1.453917051,-1.1274337768554688,0,3786,1.453917051
3787,1.454301075,-1.1234092712402344,0,3787,1.454301075
3788,1.454685100,-1.1255073547363281,0,3788,1.454685100
3789,1.455069124,-1.1343574523925781,0,3789,1.455069124
3790,1.455453149,-1.148529052734375,0,3790,1.455453149
3791,1.455837174,-1.171875,0,3791,1.455837174
3792,1.456221198,-1.1919403076171875,0,3792,1.456221198
3793,1.456605223,-1.1976051330566406,0,3793,1.456605223
3794,1.456989247,-1.2101554870605469,0,3794,1.456989247
3795,1.457373272,-1.2166404724121094,0,3795,1.457373272
3796,1.457757296,-1.2025070190429688,0,3796,1.457757296
3797,1.458141321,-1.1904144287109375,0,3797,1.458141321
3798,1.458525346,-1.1845016479492188,0,3798,1.458525346
3799,1.458909370,-1.170501708984375,0,3799,1.458909370
3800,1.459293395,-1.1510086059570312,0,3800,1.459293395
3801,1.459677419,-1.1335945129394531,0,3801,1.459677419
3802,1.460061444,-1.1150360107421875,0,3802,1.460061444
3803,1.460445469,-1.1025619506835938,0,3803,1.460445469
3804,1.460829493,-1.0939788818359375,0,3804,1.460829493
3805,1.461213518,-1.0979080200195312,0,3805,1.461213518
3806,1.461597542,-1.0852241516113281,0,3806,1.461597542
3807,1.461981567,-1.0770416259765625,0,3807,1.461981567
3808,1.462365591,-1.0774993896484375,0,3808,1.462365591
3809,1.462749616,-1.0664176940917969,0,3809,1.462749616
3810,1.463133641,-1.0568809509277344,0,3810,1.463133641
3811,1.463517665,-1.0509872436523438,0,3811,1.463517665
3812,1.463901690,-1.0448265075683594,0,3812,1.463901690
3813,1.464285714,-1.0468292236328125,0,3813,1.464285714
3814,1.464669739,-1.0453987121582031,0,3814,1.464669739
3815,1.465053763,-1.0462760925292969,0,3815,1.465053763
3816,1.465437788,-1.038360595703125,0,3816,1.465437788
3817,1.465821813,-1.0224342346191406,0,3817,1.465821813
3818,1.466205837,-1.0049247741699219,0,3818,1.466205837
3819,1.466589862,-0.9927749633789062,0,3819,1.466589862
3820,1.466973886,-0.9910774230957031,0,3820,1.466973886
3821,1.467357911,-0.9902763366699219,0,3821,1.467357911
3822,1.467741935,-1.0001754760742188,0,3822,1.467741935
3823,1.468125960,-1.014862060546875,0,3823,1.468125960
3824,1.468509985,-1.0126495361328125,0,3824,1.468509985
3825,1.468894009,-1.0352134704589844,0,3825,1.468894009
3826,1.469278034,-1.0559272766113281,0,3826,1.469278034
3827,1.469662058,-1.0849761962890625,0,3827,1.469662058
3828,1.470046083,-1.0927963256835938,0,3828,1.470046083
3829,1.470430108,-1.0951614379882812,0,3829,1.470430108
3830,1.470814132,-1.0963249206542969,0,3830,1.470814132
3831,1.471198157,-1.0929298400878906,0,3831,1.471198157
3832,1.471582181,-1.0910987854003906,0,3832,1.471582181
3833,1.471966206,-1.0795402526855469,0,3833,1.471966206
3834,1.472350230,-1.0828208923339844,0,3834,1.472350230
3835,1.472734255,-1.0910606384277344,0,3835,1.472734255
3836,1.473118280,-1.1016273498535156,0,3836,1.473118280
3837,1.473502304,-1.1170005798339844,0,3837,1.473502304
3838,1.473886329,-1.1311912536621094,0,3838,1.473886329
3839,1.474270353,-1.1437225341796875,0,3839,1.474270353
3840,1.474654378,-1.14166259765625,0,3840,1.474654378
3841,1.475038402,-1.1473464965820312,0,3841,1.475038402
3842,1.475422427,-1.1484336853027344,0,3842,1.475422427
3843,1.475806452,-1.1639213562011719,0,3843,1.475806452
3844,1.476190476,-1.1856460571289062,0,3844,1.476190476
3845,1.476574501,-1.1950302124023438,0,3845,1.476574501
3846,1.476958525,-1.2021064758300781,0,3846,1.476958525
3847,1.477342550,-1.1976432800292969,0,3847,1.477342550
3848,1.477726575,-1.1876869201660156,0,3848,1.477726575
3849,1.478110599,-1.1854934692382812,0,3849,1.478110599
3850,1.478494624,-1.1789894104003906,0,3850,1.478494624
3851,1.478878648,-1.1576461791992188,0,3851,1.478878648
3852,1.479262673,-1.1484336853027344,0,3852,1.479262673
3853,1.479646697,-1.1252593994140625,0,3853,1.479646697
3854,1.480030722,-1.116943359375,0,3854,1.480030722
3855,1.480414747,-1.1049652099609375,0,3855,1.480414747
3856,1.480798771,-1.1033821105957031,0,3856,1.480798771
3857,1.481182796,-1.1013603210449219,0,3857,1.481182796
3858,1.481566820,-1.0995292663574219,0,3858,1.481566820
3859,1.481950845,-1.1036109924316406,0,3859,1.481950845
3860,1.482334869,-1.0845375061035156,0,3860,1.482334869
3861,1.482718894,-1.0836219787597656,0,3861,1.482718894
3862,1.483102919,-1.0808181762695312,0,3862,1.483102919
3863,1.483486943,-1.064605712890625,0,3863,1.483486943
3864,1.483870968,-1.0470771789550781,0,3864,1.483870968
3865,1.484254992,-1.0414505004882812,0,3865,1.484254992
3866,1.484639017,-1.0430908203125,0,3866,1.484639017
3867,1.485023041,-1.0426712036132812,0,3867,1.485023041
3868,1.485407066,-1.030426025390625,0,3868,1.485407066
3869,1.485791091,-1.0236167907714844,0,3869,1.485791091
3870,1.486175115,-1.013946533203125,0,3870,1.486175115
3871,1.486559140,-1.0067558288574219,0,3871,1.486559140
3872,1.486943164,-1.0091590881347656,0,3872,1.486943164
3873,1.487327189,-1.0064125061035156,0,3873,1.487327189
3874,1.487711214,-1.0144615173339844,0,3874,1.487711214
3875,1.488095238,-1.0146141052246094,0,3875,1.488095238
3876,1.488479263,-1.02447509765625,0,3876,1.488479263
3877,1.488863287,-1.0342025756835938,0,3877,1.488863287
3878,1.489247312,-1.0478591918945312,0,3878,1.489247312
3879,1.489631336,-1.0582160949707031,0,3879,1.489631336
3880,1.490015361,-1.0605812072753906,0,3880,1.490015361
3881,1.490399386,-1.0636329650878906,0,3881,1.490399386
3882,1.490783410,-1.0785865783691406,0,3882,1.490783410
3883,1.491167435,-1.094207763671875,0,3883,1.491167435
3884,1.491551459,-1.1053657531738281,0,3884,1.491551459
3885,1.491935484,-1.1180305480957031,0,3885,1.491935484
3886,1.492319508,-1.1293411254882812,0,3886,1.492319508
3887,1.492703533,-1.1357307434082031,0,3887,1.492703533
3888,1.493087558,-1.139678955078125,0,3888,1.493087558
3889,1.493471582,-1.1266708374023438,0,3889,1.493471582
3890,1.493855607,-1.1322021484375,0,3890,1.493855607
3891,1.494239631,-1.1342620849609375,0,3891,1.494239631
3892,1.494623656,-1.1133766174316406,0,3892,1.494623656
3893,1.495007680,-1.1184501647949219,0,3893,1.495007680
3894,1.495391705,-1.1355400085449219,0,3894,1.495391705
3895,1.495775730,-1.1659812927246094,0,3895,1.495775730
3896,1.496159754,-1.1865425109863281,0,3896,1.496159754
3897,1.496543779,-1.1976814270019531,0,3897,1.496543779
3898,1.496927803,-1.2085533142089844,0,3898,1.496927803
3899,1.497311828,-1.2078475952148438,0,3899,1.497311828
3900,1.497695853,-1.2094688415527344,0,3900,1.497695853
3901,1.498079877,-1.1839866638183594,0,3901,1.498079877
3902,1.498463902,-1.1639785766601562,0,3902,1.498463902
3903,1.498847926,-1.1465263366699219,0,3903,1.498847926
3904,1.499231951,-1.1373138427734375,0,3904,1.499231951
3905,1.499615975,-1.129150390625,0,3905,1.499615975
3906,1.500000000,-1.1115646362304688,0,3906,1.500000000
3907,1.500384025,-1.064910888671875,0,3907,1.500384025
3908,1.500768049,-1.0528755187988281,0,3908,1.500768049
3909,1.501152074,-1.0579109191894531,0,3909,1.501152074
3910,1.501536098,-1.0789299011230469,0,3910,1.501536098
3911,1.501920123,-1.0803985595703125,0,3911,1.501920123
3912,1.502304147,-1.090850830078125,0,3912,1.502304147
3913,1.502688172,-1.0930061340332031,0,3913,1.502688172
3914,1.503072197,-1.0847091674804688,0,3914,1.503072197
3915,1.503456221,-1.0749053955078125,0,3915,1.503456221
3916,1.503840246,-1.063232421875,0,3916,1.503840246
3917,1.504224270,-1.0532760620117188,0,3917,1.504224270
3918,1.504608295,-1.03759765625,0,3918,1.504608295
3919,1.504992320,-1.02264404296875,0,3919,1.504992320
3920,1.505376344,-1.0192680358886719,0,3920,1.505376344
3921,1.505760369,-1.0167503356933594,0,3921,1.505760369
3922,1.506144393,-1.0091018676757812,0,3922,1.506144393
3923,1.506528418,-0.9938430786132812,0,3923,1.506528418
3924,1.506912442,-0.9792900085449219,0,3924,1.506912442
3925,1.507296467,-0.9673881530761719,0,3925,1.507296467
3926,1.507680492,-0.9840011596679688,0,3926,1.507680492
3927,1.508064516,-1.0109519958496094,0,3927,1.508064516
3928,1.508448541,-1.0339736938476562,0,3928,1.508448541
3929,1.508832565,-1.0495567321777344,0,3929,1.508832565
3930,1.509216590,-1.0515022277832031,0,3930,1.509216590
3931,1.509600614,-1.057586669921875,0,3931,1.509600614
3932,1.509984639,-1.0682106018066406,0,3932,1.509984639
3933,1.510368664,-1.0684967041015625,0,3933,1.510368664
3934,1.510752688,-1.0791778564453125,0,3934,1.510752688
3935,1.511136713,-1.0883522033691406,0,3935,1.511136713
3936,1.511520737,-1.0856437683105469,0,3936,1.511520737
3937,1.511904762,-1.1057281494140625,0,3937,1.511904762
3938,1.512288786,-1.115570068359375,0,3938,1.512288786
3939,1.512672811,-1.1235809326171875,0,3939,1.512672811
3940,1.513056836,-1.1186408996582031,0,3940,1.513056836
3941,1.513440860,-1.1262702941894531,0,3941,1.513440860
3942,1.513824885,-1.1225318908691406,0,3942,1.513824885
3943,1.514208909,-1.1222648620605469,0,3943,1.514208909
3944,1.514592934,-1.1313438415527344,0,3944,1.514592934
3945,1.514976959,-1.1476707458496094,0,3945,1.514976959
3946,1.515360983,-1.1649513244628906,0,3946,1.515360983
3947,1.515745008,-1.181640625,0,3947,1.515745008
3948,1.516129032,-1.1931800842285156,0,3948,1.516129032
3949,1.516513057,-1.2145805358886719,0,3949,1.516513057
3950,1.516897081,-1.2013053894042969,0,3950,1.516897081
3951,1.517281106,-1.1992454528808594,0,3951,1.517281106
3952,1.517665131,-1.1792945861816406,0,3952,1.517665131
3953,1.518049155,-1.165924072265625,0,3953,1.518049155
3954,1.518433180,-1.152191162109375,0,3954,1.518433180
3955,1.518817204,-1.1565017700195312,0,3955,1.518817204
3956,1.519201229,-1.1300849914550781,0,3956,1.519201229
3957,1.519585253,-1.1189842224121094,0,3957,1.519585253
3958,1.519969278,-1.121673583984375,0,3958,1.519969278
3959,1.520353303,-1.1560630798339844,0,3959,1.520353303
3960,1.520737327,-1.1594772338867188,0,3960,1.520737327
3961,1.521121352,-1.1274528503417969,0,3961,1.521121352
3962,1.521505376,-1.0985946655273438,0,3962,1.521505376
3963,1.521889401,-1.0840034484863281,0,3963,1.521889401
3964,1.522273425,-1.0648918151855469,0,3964,1.522273425
3965,1.522657450,-1.0568428039550781,0,3965,1.522657450
3966,1.523041475,-1.0550498962402344,0,3966,1.523041475
3967,1.523425499,-1.0582351684570312,0,3967,1.523425499
3968,1.523809524,-1.0600662231445312,0,3968,1.523809524
3969,1.524193548,-1.0549354553222656,0,3969,1.524193548
3970,1.524577573,-1.0458946228027344,0,3970,1.524577573
3971,1.524961598,-1.03057861328125,0,3971,1.524961598
3972,1.525345622,-1.0308837890625,0,3972,1.525345622
3973,1.525729647,-1.0443687438964844,0,3973,1.525729647
3974,1.526113671,-1.0323143005371094,0,3974,1.526113671
3975,1.526497696,-1.0177421569824219,0,3975,1.526497696
3976,1.526881720,-1.0176658630371094,0,3976,1.526881720
3977,1.527265745,-1.0190200805664062,0,3977,1.527265745
3978,1.527649770,-1.0311126708984375,0,3978,1.527649770
3979,1.528033794,-1.0338592529296875,0,3979,1.528033794
3980,1.528417819,-1.0621833801269531,0,3980,1.528417819
3981,1.528801843,-1.0640335083007812,0,3981,1.528801843
3982,1.529185868,-1.0586929321289062,0,3982,1.529185868
3983,1.529569892,-1.0654640197753906,0,3983,1.529569892
3984,1.529953917,-1.0632514953613281,0,3984,1.529953917
3985,1.530337942,-1.0706710815429688,0,3985,1.530337942
3986,1.530721966,-1.0826683044433594,0,3986,1.530721966
3987,1.531105991,-1.0925483703613281,0,3987,1.531105991
3988,1.531490015,-1.1023330688476562,0,3988,1.531490015
3989,1.531874040,-1.1117935180664062,0,3989,1.531874040
3990,1.532258065,-1.1247634887695312,0,3990,1.532258065
3991,1.532642089,-1.1276626586914062,0,3991,1.532642089
3992,1.533026114,-1.134033203125,0,3992,1.533026114
3993,1.533410138,-1.1402320861816406,0,3993,1.533410138
3994,1.533794163,-1.1441612243652344,0,3994,1.533794163
3995,1.534178187,-1.1403274536132812,0,3995,1.534178187
3996,1.534562212,-1.1529159545898438,0,3996,1.534562212
3997,1.534946237,-1.157684326171875,0,3997,1.534946237
3998,1.535330261,-1.1676788330078125,0,3998,1.535330261
3999,1.535714286,-1.1830902099609375,0,3999,1.535714286
4000,1.536098310,-1.1911773681640625,0,4000,1.536098310
4001,1.536482335,-1.2102127075195312,0,4001,1.536482335
4002,1.536866359,-1.2160301208496094,0,4002,1.536866359
4003,1.537250384,-1.2129402160644531,0,4003,1.537250384
4004,1.537634409,-1.1925315856933594,0,4004,1.537634409
4005,1.538018433,-1.1708259582519531,0,4005,1.538018433
4006,1.538402458,-1.165008544921875,0,4006,1.538402458
4007,1.538786482,-1.1535453796386719,0,4007,1.538786482
4008,1.539170507,-1.141815185546875,0,4008,1.539170507
4009,1.539554531,-1.1269378662109375,0,4009,1.539554531
4010,1.539938556,-1.1117744445800781,0,4010,1.539938556
4011,1.540322581,-1.1052513122558594,0,4011,1.540322581
4012,1.540706605,-1.0944938659667969,0,4012,1.540706605
4013,1.541090630,-1.0877609252929688,0,4013,1.541090630
4014,1.541474654,-1.0836982727050781,0,4014,1.541474654
4015,1.541858679,-1.0745048522949219,0,4015,1.541858679
4016,1.542242704,-1.073760986328125,0,4016,1.542242704
4017,1.542626728,-1.0652732849121094,0,4017,1.542626728
4018,1.543010753,-1.0628700256347656,0,4018,1.543010753
4019,1.543394777,-1.0552978515625,0,4019,1.543394777
4020,1.543778802,-1.0507774353027344,0,4020,1.543778802
4021,1.544162826,-1.0437393188476562,0,4021,1.544162826
4022,1.544546851,-1.0379409790039062,0,4022,1.544546851
4023,1.544930876,-1.0342979431152344,0,4023,1.544930876
4024,1.545314900,-1.0273170471191406,0,4024,1.545314900
4025,1.545698925,-1.0248565673828125,0,4025,1.545698925
4026,1.546082949,-1.0235404968261719,0,4026,1.546082949
4027,1.546466974,-1.0177421569824219,0,4027,1.546466974
4028,1.546850998,-1.0172653198242188,0,4028,1.546850998
4029,1.547235023,-1.018829345703125,0,4029,1.547235023
4030,1.547619048,-1.0255813598632812,0,4030,1.547619048
4031,1.548003072,-1.0367584228515625,0,4031,1.548003072
4032,1.548387097,-1.0472488403320312,0,4032,1.548387097
4033,1.548771121,-1.0585212707519531,0,4033,1.548771121
4034,1.549155146,-1.0693931579589844,0,4034,1.549155146
4035,1.549539171,-1.0802841186523438,0,4035,1.549539171
4036,1.549923195,-1.0835075378417969,0,4036,1.549923195
4037,1.550307220,-1.0899734497070312,0,4037,1.550307220
4038,1.550691244,-1.0957527160644531,0,4038,1.550691244
4039,1.551075269,-1.0936927795410156,0,4039,1.551075269
4040,1.551459293,-1.0976028442382812,0,4040,1.551459293
4041,1.551843318,-1.0934638977050781,0,4041,1.551843318
4042,1.552227343,-1.0761642456054688,0,4042,1.552227343
4043,1.552611367,-1.0843467712402344,0,4043,1.552611367
4044,1.552995392,-1.1051368713378906,0,4044,1.552995392
4045,1.553379416,-1.1342239379882812,0,4045,1.553379416
4046,1.553763441,-1.1465835571289062,0,4046,1.553763441
4047,1.554147465,-1.1578941345214844,0,4047,1.554147465
4048,1.554531490,-1.1603546142578125,0,4048,1.554531490
4049,1.554915515,-1.1688041687011719,0,4049,1.554915515
4050,1.555299539,-1.1915206909179688,0,4050,1.555299539
4051,1.555683564,-1.1968231201171875,0,4051,1.555683564
4052,1.556067588,-1.2002754211425781,0,4052,1.556067588
4053,1.556451613,-1.2011528015136719,0,4053,1.556451613
4054,1.556835637,-1.2003135681152344,0,4054,1.556835637
4055,1.557219662,-1.1957931518554688,0,4055,1.557219662
4056,1.557603687,-1.1857986450195312,0,4056,1.557603687
4057,1.557987711,-1.1740875244140625,0,4057,1.557987711
4058,1.558371736,-1.1380577087402344,0,4058,1.558371736
4059,1.558755760,-1.1130714416503906,0,4059,1.558755760
4060,1.559139785,-1.09466552734375,0,4060,1.559139785
4061,1.559523810,-1.1008644104003906,0,4061,1.559523810
4062,1.559907834,-1.1035728454589844,0,4062,1.559907834
4063,1.560291859,-1.0991287231445312,0,4063,1.560291859
4064,1.560675883,-1.0904884338378906,0,4064,1.560675883
4065,1.561059908,-1.0819816589355469,0,4065,1.561059908
4066,1.561443932,-1.0812950134277344,0,4066,1.561443932
4067,1.561827957,-1.0776138305664062,0,4067,1.561827957
4068,1.562211982,-1.0703086853027344,0,4068,1.562211982
4069,1.562596006,-1.0620689392089844,0,4069,1.562596006
4070,1.562980031,-1.0459327697753906,0,4070,1.562980031
4071,1.563364055,-1.0322189331054688,0,4071,1.563364055
4072,1.563748080,-1.0319328308105469,0,4072,1.563748080
4073,1.564132104,-1.0254287719726562,0,4073,1.564132104
4074,1.564516129,-1.0166168212890625,0,4074,1.564516129
4075,1.564900154,-1.01470947265625,0,4075,1.564900154
4076,1.565284178,-1.0171127319335938,0,4076,1.565284178
4077,1.565668203,-1.00982666015625,0,4077,1.565668203
4078,1.566052227,-1.0088729858398438,0,4078,1.566052227
4079,1.566436252,-1.0121536254882812,0,4079,1.566436252
4080,1.566820276,-1.0061073303222656,0,4080,1.566820276
4081,1.567204301,-1.0132408142089844,0,4081,1.567204301
4082,1.567588326,-1.0273933410644531,0,4082,1.567588326
4083,1.567972350,-1.0334396362304688,0,4083,1.567972350
4084,1.568356375,-1.0447883605957031,0,4084,1.568356375
4085,1.568740399,-1.0441207885742188,0,4085,1.568740399
4086,1.569124424,-1.0491561889648438,0,4086,1.569124424
4087,1.569508449,-1.0522842407226562,0,4087,1.569508449
4088,1.569892473,-1.0601234436035156,0,4088,1.569892473
4089,1.570276498,-1.0763359069824219,0,4089,1.570276498
4090,1.570660522,-1.0852813720703125,0,4090,1.570660522
4091,1.571044547,-1.0900115966796875,0,4091,1.571044547
4092,1.571428571,-1.1090278625488281,0,4092,1.571428571
4093,1.571812596,-1.1187934875488281,0,4093,1.571812596
4094,1.572196621,-1.1328887939453125,0,4094,1.572196621
4095,1.572580645,-1.1360931396484375,0,4095,1.572580645
4096,1.572964670,-1.1360359191894531,0,4096,1.572964670
4097,1.573348694,-1.1185646057128906,0,4097,1.573348694
4098,1.573732719,-1.1038780212402344,0,4098,1.573732719
4099,1.574116743,-1.1168670654296875,0,4099,1.574116743
4100,1.574500768,-1.12884521484375,0,4100,1.574500768
4101,1.574884793,-1.1451148986816406,0,4101,1.574884793
4102,1.575268817,-1.1649513244628906,0,4102,1.575268817
4103,1.575652842,-1.1849784851074219,0,4103,1.575652842
4104,1.576036866,-1.1984062194824219,0,4104,1.576036866
4105,1.576420891,-1.1994171142578125,0,4105,1.576420891
4106,1.576804916,-1.1952972412109375,0,4106,1.576804916
4107,1.577188940,-1.1939048767089844,0,4107,1.577188940
4108,1.577572965,-1.1842155456542969,0,4108,1.577572965
4109,1.577956989,-1.1761665344238281,0,4109,1.577956989
4110,1.578341014,-1.1696052551269531,0,4110,1.578341014
4111,1.578725038,-1.1516380310058594,0,4111,1.578725038
4112,1.579109063,-1.1398696899414062,0,4112,1.579109063
4113,1.579493088,-1.1244773864746094,0,4113,1.579493088
4114,1.579877112,-1.0956192016601562,0,4114,1.579877112
4115,1.580261137,-1.0864448547363281,0,4115,1.580261137
4116,1.580645161,-1.0759544372558594,0,4116,1.580645161
4117,1.581029186,-1.0634040832519531,0,4117,1.581029186
4118,1.581413210,-1.0608100891113281,0,4118,1.581413210
4119,1.581797235,-1.0633087158203125,0,4119,1.581797235
4120,1.582181260,-1.067962646484375,0,4120,1.582181260
4121,1.582565284,-1.0570716857910156,0,4121,1.582565284
4122,1.582949309,-1.0577583312988281,0,4122,1.582949309
4123,1.583333333,-1.0504722595214844,0,4123,1.583333333
4124,1.583717358,-1.0416793823242188,0,4124,1.583717358
4125,1.584101382,-1.0423469543457031,0,4125,1.584101382
4126,1.584485407,-1.0351753234863281,0,4126,1.584485407
4127,1.584869432,-1.0207557678222656,0,4127,1.584869432
4128,1.585253456,-1.0094261169433594,0,4128,1.585253456
4129,1.585637481,-0.9976005554199219,0,4129,1.585637481
4130,1.586021505,-1.0064888000488281,0,4130,1.586021505
4131,1.586405530,-1.0549354553222656,0,4131,1.586405530
4132,1.586789555,-1.0284805297851562,0,4132,1.586789555
4133,1.587173579,-0.9925079345703125,0,4133,1.587173579
4134,1.587557604,-0.9912109375,0,4134,1.587557604
4135,1.587941628,-1.0141944885253906,0,4135,1.587941628
4136,1.588325653,-1.034088134765625,0,4136,1.588325653
4137,1.588709677,-1.0566329956054688,0,4137,1.588709677
4138,1.589093702,-1.0477066040039062,0,4138,1.589093702
4139,1.589477727,-1.0587120056152344,0,4139,1.589477727
4140,1.589861751,-1.0736465454101562,0,4140,1.589861751
4141,1.590245776,-1.0826873779296875,0,4141,1.590245776
4142,1.590629800,-1.1340522766113281,0,4142,1.590629800
4143,1.591013825,-1.1500167846679688,0,4143,1.591013825
4144,1.591397849,-1.1447525024414062,0,4144,1.591397849
4145,1.591781874,-1.1384201049804688,0,4145,1.591781874
4146,1.592165899,-1.1271476745605469,0,4146,1.592165899
4147,1.592549923,-1.1297607421875,0,4147,1.592549923
4148,1.592933948,-1.1294364929199219,0,4148,1.592933948
4149,1.593317972,-1.1275482177734375,0,4149,1.593317972
4150,1.593701997,-1.1322975158691406,0,4150,1.593701997
4151,1.594086022,-1.1397361755371094,0,4151,1.594086022
4152,1.594470046,-1.1532211303710938,0,4152,1.594470046
4153,1.594854071,-1.1680030822753906,0,4153,1.594854071
4154,1.595238095,-1.1729621887207031,0,4154,1.595238095
4155,1.595622120,-1.1934471130371094,0,4155,1.595622120
4156,1.596006144,-1.2396621704101562,0,4156,1.596006144
4157,1.596390169,-1.2540245056152344,0,4157,1.596390169
4158,1.596774194,-1.2349510192871094,0,4158,1.596774194
4159,1.597158218,-1.2122726440429688,0,4159,1.597158218
4160,1.597542243,-1.1896133422851562,0,4160,1.597542243
4161,1.597926267,-1.1788177490234375,0,4161,1.597926267
4162,1.598310292,-1.1546707153320312,0,4162,1.598310292
4163,1.598694316,-1.1381912231445312,0,4163,1.598694316
4164,1.599078341,-1.1272048950195312,0,4164,1.599078341
4165,1.599462366,-1.1103248596191406,0,4165,1.599462366
4166,1.599846390,-1.1047744750976562,0,4166,1.599846390
4167,1.600230415,-1.1063957214355469,0,4167,1.600230415
4168,1.600614439,-1.0943222045898438,0,4168,1.600614439
4169,1.600998464,-1.0994338989257812,0,4169,1.600998464
4170,1.601382488,-1.0857391357421875,0,4170,1.601382488
4171,1.601766513,-1.0782051086425781,0,4171,1.601766513
4172,1.602150538,-1.0717964172363281,0,4172,1.602150538
4173,1.602534562,-1.0729789733886719,0,4173,1.602534562
4174,1.602918587,-1.0740852355957031,0,4174,1.602918587
4175,1.603302611,-1.0574722290039062,0,4175,1.603302611
4176,1.603686636,-1.0361099243164062,0,4176,1.603686636
4177,1.604070661,-1.0225677490234375,0,4177,1.604070661
4178,1.604454685,-1.0083961486816406,0,4178,1.604454685
4179,1.604838710,-1.0042381286621094,0,4179,1.604838710
4180,1.605222734,-1.0090255737304688,0,4180,1.605222734
4181,1.605606759,-1.0098457336425781,0,4181,1.605606759
4182,1.605990783,-1.0115623474121094,0,4182,1.605990783
4183,1.606374808,-1.0076522827148438,0,4183,1.606374808
4184,1.606758833,-1.0223770141601562,0,4184,1.606758833
4185,1.607142857,-1.032867431640625,0,4185,1.607142857
4186,1.607526882,-1.042022705078125,0,4186,1.607526882
4187,1.607910906,-1.0499191284179688,0,4187,1.607910906
4188,1.608294931,-1.0597419738769531,0,4188,1.608294931
4189,1.608678955,-1.0652542114257812,0,4189,1.608678955
4190,1.609062980,-1.0814666748046875,0,4190,1.609062980
4191,1.609447005,-1.0690689086914062,0,4191,1.609447005
4192,1.609831029,-1.0343360900878906,0,4192,1.609831029
4193,1.610215054,-1.0374832153320312,0,4193,1.610215054
4194,1.610599078,-1.0533905029296875,0,4194,1.610599078
4195,1.610983103,-1.078033447265625,0,4195,1.610983103
4196,1.611367127,-1.0965728759765625,0,4196,1.611367127
4197,1.611751152,-1.1083984375,0,4197,1.611751152
4198,1.612135177,-1.123809814453125,0,4198,1.612135177
4199,1.612519201,-1.1357307434082031,0,4199,1.612519201
4200,1.612903226,-1.1404991149902344,0,4200,1.612903226
4201,1.613287250,-1.143646240234375,0,4201,1.613287250
4202,1.613671275,-1.1446952819824219,0,4202,1.613671275
4203,1.614055300,-1.146392822265625,0,4203,1.614055300
4204,1.614439324,-1.1499786376953125,0,4204,1.614439324
4205,1.614823349,-1.1697006225585938,0,4205,1.614823349
4206,1.615207373,-1.1825180053710938,0,4206,1.615207373
4207,1.615591398,-1.1472511291503906,0,4207,1.615591398
4208,1.615975422,-1.147613525390625,0,4208,1.615975422
4209,1.616359447,-1.1776542663574219,0,4209,1.616359447
4210,1.616743472,-1.2021827697753906,0,4210,1.616743472
4211,1.617127496,-1.2003898620605469,0,4211,1.617127496
4212,1.617511521,-1.2191009521484375,0,4212,1.617511521
4213,1.617895545,-1.2207794189453125,0,4213,1.617895545
4214,1.618279570,-1.1921310424804688,0,4214,1.618279570
4215,1.618663594,-1.157989501953125,0,4215,1.618663594
4216,1.619047619,-1.1387443542480469,0,4216,1.619047619
4217,1.619431644,-1.1220741271972656,0,4217,1.619431644
4218,1.619815668,-1.1096954345703125,0,4218,1.619815668
4219,1.620199693,-1.0926628112792969,0,4219,1.620199693
4220,1.620583717,-1.0831069946289062,0,4220,1.620583717
4221,1.620967742,-1.0780906677246094,0,4221,1.620967742
4222,1.621351767,-1.0842514038085938,0,4222,1.621351767
4223,1.621735791,-1.07330322265625,0,4223,1.621735791
4224,1.622119816,-1.0713768005371094,0,4224,1.622119816
4225,1.622503840,-1.0666084289550781,0,4225,1.622503840
4226,1.622887865,-1.0960960388183594,0,4226,1.622887865
4227,1.623271889,-1.0885810852050781,0,4227,1.623271889
4228,1.623655914,-1.066741943359375,0,4228,1.623655914
4229,1.624039939,-1.0472869873046875,0,4229,1.624039939
4230,1.624423963,-1.0313987731933594,0,4230,1.624423963
4231,1.624807988,-1.024169921875,0,4231,1.624807988
4232,1.625192012,-1.0178375244140625,0,4232,1.625192012
4233,1.625576037,-1.0251045227050781,0,4233,1.625576037
4234,1.625960061,-1.0191154479980469,0,4234,1.625960061
4235,1.626344086,-1.013336181640625,0,4235,1.626344086
4236,1.626728111,-1.0167121887207031,0,4236,1.626728111
4237,1.627112135,-1.0254096984863281,0,4237,1.627112135
4238,1.627496160,-1.0375785827636719,0,4238,1.627496160
4239,1.627880184,-1.0424232482910156,0,4239,1.627880184
4240,1.628264209,-1.0536575317382812,0,4240,1.628264209
4241,1.628648233,-1.0697174072265625,0,4241,1.628648233
4242,1.629032258,-1.0836029052734375,0,4242,1.629032258
4243,1.629416283,-1.08978271484375,0,4243,1.629416283
4244,1.629800307,-1.0984992980957031,0,4244,1.629800307
4245,1.630184332,-1.1103630065917969,0,4245,1.630184332
4246,1.630568356,-1.1101722717285156,0,4246,1.630568356
4247,1.630952381,-1.113739013671875,0,4247,1.630952381
4248,1.631336406,-1.1228179931640625,0,4248,1.631336406
4249,1.631720430,-1.123809814453125,0,4249,1.631720430
4250,1.632104455,-1.1214828491210938,0,4250,1.632104455
4251,1.632488479,-1.128082275390625,0,4251,1.632488479
4252,1.632872504,-1.1365890502929688,0,4252,1.632872504
4253,1.633256528,-1.1399078369140625,0,4253,1.633256528
4254,1.633640553,-1.1500930786132812,0,4254,1.633640553
4255,1.634024578,-1.1588096618652344,0,4255,1.634024578
4256,1.634408602,-1.1733245849609375,0,4256,1.634408602
4257,1.634792627,-1.18438720703125,0,4257,1.634792627
4258,1.635176651,-1.1950302124023438,0,4258,1.635176651
4259,1.635560676,-1.2063026428222656,0,4259,1.635560676
4260,1.635944700,-1.2141036987304688,0,4260,1.635944700
4261,1.636328725,-1.2077522277832031,0,4261,1.636328725
4262,1.636712750,-1.19659423828125,0,4262,1.636712750
4263,1.637096774,-1.1936759948730469,0,4263,1.637096774
4264,1.637480799,-1.1770820617675781,0,4264,1.637480799
4265,1.637864823,-1.1691474914550781,0,4265,1.637864823
4266,1.638248848,-1.1616897583007812,0,4266,1.638248848
4267,1.638632873,-1.1508369445800781,0,4267,1.638632873
4268,1.639016897,-1.1386680603027344,0,4268,1.639016897
4269,1.639400922,-1.1168479919433594,0,4269,1.639400922
4270,1.639784946,-1.1071395874023438,0,4270,1.639784946
4271,1.640168971,-1.098785400390625,0,4271,1.640168971
4272,1.640552995,-1.0898971557617188,0,4272,1.640552995
4273,1.640937020,-1.0875511169433594,0,4273,1.640937020
4274,1.641321045,-1.0824203491210938,0,4274,1.641321045
4275,1.641705069,-1.0793685913085938,0,4275,1.641705069
4276,1.642089094,-1.0745048522949219,0,4276,1.642089094
4277,1.642473118,-1.0699653625488281,0,4277,1.642473118
4278,1.642857143,-1.0675621032714844,0,4278,1.642857143
4279,1.643241167,-1.0573387145996094,0,4279,1.643241167
4280,1.643625192,-1.052398681640625,0,4280,1.643625192
4281,1.644009217,-1.0450172424316406,0,4281,1.644009217
4282,1.644393241,-1.0311508178710938,0,4282,1.644393241
4283,1.644777266,-1.0282325744628906,0,4283,1.644777266
4284,1.645161290,-1.0250282287597656,0,4284,1.645161290
4285,1.645545315,-1.0193443298339844,0,4285,1.645545315
4286,1.645929339,-1.0203170776367188,0,4286,1.645929339
4287,1.646313364,-1.0230636596679688,0,4287,1.646313364
4288,1.646697389,-1.0259819030761719,0,4288,1.646697389
4289,1.647081413,-1.0413742065429688,0,4289,1.647081413
4290,1.647465438,-1.0402679443359375,0,4290,1.647465438
4291,1.647849462,-1.0528755187988281,0,4291,1.647849462
4292,1.648233487,-1.0712242126464844,0,4292,1.648233487
4293,1.648617512,-1.0822868347167969,0,4293,1.648617512
4294,1.649001536,-1.08001708984375,0,4294,1.649001536
4295,1.649385561,-1.0806465148925781,0,4295,1.649385561
4296,1.649769585,-1.0866355895996094,0,4296,1.649769585
4297,1.650153610,-1.0904884338378906,0,4297,1.650153610
4298,1.650537634,-1.1016273498535156,0,4298,1.650537634
4299,1.650921659,-1.1222076416015625,0,4299,1.650921659
4300,1.651305684,-1.1289215087890625,0,4300,1.651305684
4301,1.651689708,-1.1335182189941406,0,4301,1.651689708
4302,1.652073733,-1.1343574523925781,0,4302,1.652073733
4303,1.652457757,-1.1262321472167969,0,4303,1.652457757
4304,1.652841782,-1.1293983459472656,0,4304,1.652841782
4305,1.653225806,-1.1406898498535156,0,4305,1.653225806
4306,1.653609831,-1.1379432678222656,0,4306,1.653609831
4307,1.653993856,-1.1567306518554688,0,4307,1.653993856
4308,1.654377880,-1.1688232421875,0,4308,1.654377880
4309,1.654761905,-1.1855888366699219,0,4309,1.654761905
4310,1.655145929,-1.1947441101074219,0,4310,1.655145929
4311,1.655529954,-1.2103271484375,0,4311,1.655529954
4312,1.655913978,-1.214752197265625,0,4312,1.655913978
4313,1.656298003,-1.2133216857910156,0,4313,1.656298003
4314,1.656682028,-1.2062644958496094,0,4314,1.656682028
4315,1.657066052,-1.1957168579101562,0,4315,1.657066052
4316,1.657450077,-1.1825180053710938,0,4316,1.657450077
4317,1.657834101,-1.1710166931152344,0,4317,1.657834101
4318,1.658218126,-1.1537933349609375,0,4318,1.658218126
4319,1.658602151,-1.1384010314941406,0,4319,1.658602151
4320,1.658986175,-1.1312103271484375,0,4320,1.658986175
4321,1.659370200,-1.1167526245117188,0,4321,1.659370200
4322,1.659754224,-1.1137771606445312,0,4322,1.659754224
4323,1.660138249,-1.103668212890625,0,4323,1.660138249
4324,1.660522273,-1.0939788818359375,0,4324,1.660522273
4325,1.660906298,-1.0890007019042969,0,4325,1.660906298
4326,1.661290323,-1.0859107971191406,0,4326,1.661290323
4327,1.661674347,-1.0730361938476562,0,4327,1.661674347
4328,1.662058372,-1.0690116882324219,0,4328,1.662058372
4329,1.662442396,-1.0649490356445312,0,4329,1.662442396
4330,1.662826421,-1.0628890991210938,0,4330,1.662826421
4331,1.663210445,-1.0660362243652344,0,4331,1.663210445
4332,1.663594470,-1.0520553588867188,0,4332,1.663594470
4333,1.663978495,-1.0441970825195312,0,4333,1.663978495
4334,1.664362519,-1.0208320617675781,0,4334,1.664362519
4335,1.664746544,-1.0174751281738281,0,4335,1.664746544
4336,1.665130568,-1.0054969787597656,0,4336,1.665130568
4337,1.665514593,-1.0112953186035156,0,4337,1.665514593
4338,1.665898618,-1.0172462463378906,0,4338,1.665898618
4339,1.666282642,-1.0239028930664062,0,4339,1.666282642
4340,1.666666667,-1.0376739501953125,0,4340,1.666666667
4341,1.667050691,-1.0335731506347656,0,4341,1.667050691
4342,1.667434716,-1.0213851928710938,0,4342,1.667434716
4343,1.667818740,-1.0279273986816406,0,4343,1.667818740
4344,1.668202765,-1.0465812683105469,0,4344,1.668202765
4345,1.668586790,-1.0594940185546875,0,4345,1.668586790
4346,1.668970814,-1.0669136047363281,0,4346,1.668970814
4347,1.669354839,-1.070098876953125,0,4347,1.669354839
4348,1.669738863,-1.0783576965332031,0,4348,1.669738863
4349,1.670122888,-1.0893058776855469,0,4349,1.670122888
4350,1.670506912,-1.1002540588378906,0,4350,1.670506912
4351,1.670890937,-1.1166000366210938,0,4351,1.670890937
4352,1.671274962,-1.1192893981933594,0,4352,1.671274962
4353,1.671658986,-1.1201667785644531,0,4353,1.671658986
4354,1.672043011,-1.1284065246582031,0,4354,1.672043011
4355,1.672427035,-1.1395835876464844,0,4355,1.672427035
4356,1.672811060,-1.1421966552734375,0,4356,1.672811060
4357,1.673195084,-1.11083984375,0,4357,1.673195084
4358,1.673579109,-1.109619140625,0,4358,1.673579109
4359,1.673963134,-1.1305427551269531,0,4359,1.673963134
4360,1.674347158,-1.1581802368164062,0,4360,1.674347158
4361,1.674731183,-1.1857223510742188,0,4361,1.674731183
4362,1.675115207,-1.2325096130371094,0,4362,1.675115207
4363,1.675499232,-1.2464523315429688,0,4363,1.675499232
4364,1.675883257,-1.2376022338867188,0,4364,1.675883257
4365,1.676267281,-1.2273979187011719,0,4365,1.676267281
4366,1.676651306,-1.2076187133789062,0,4366,1.676651306
4367,1.677035330,-1.1865425109863281,0,4367,1.677035330
4368,1.677419355,-1.1717605590820312,0,4368,1.677419355
4369,1.677803379,-1.1578369140625,0,4369,1.677803379
4370,1.678187404,-1.1442184448242188,0,4370,1.678187404
4371,1.678571429,-1.1378860473632812,0,4371,1.678571429
4372,1.678955453,-1.1324310302734375,0,4372,1.678955453
4373,1.679339478,-1.1185455322265625,0,4373,1.679339478
4374,1.679723502,-1.1072158813476562,0,4374,1.679723502
4375,1.680107527,-1.0983848571777344,0,4375,1.680107527
4376,1.680491551,-1.1147689819335938,0,4376,1.680491551
4377,1.680875576,-1.1183929443359375,0,4377,1.680875576
4378,1.681259601,-1.0984039306640625,0,4378,1.681259601
4379,1.681643625,-1.0925674438476562,0,4379,1.681643625
4380,1.682027650,-1.0752105712890625,0,4380,1.682027650
4381,1.682411674,-1.0568809509277344,0,4381,1.682411674
4382,1.682795699,-1.0466384887695312,0,4382,1.682795699
4383,1.683179724,-1.0440635681152344,0,4383,1.683179724
4384,1.683563748,-1.0431480407714844,0,4384,1.683563748
4385,1.683947773,-1.0243606567382812,0,4385,1.683947773
4386,1.684331797,-1.0258293151855469,0,4386,1.684331797
4387,1.684715822,-1.0268974304199219,0,4387,1.684715822
4388,1.685099846,-1.0215568542480469,0,4388,1.685099846
4389,1.685483871,-1.0192680358886719,0,4389,1.685483871
4390,1.685867896,-1.0291099548339844,0,4390,1.685867896
4391,1.686251920,-1.0297584533691406,0,4391,1.686251920
4392,1.686635945,-1.0230445861816406,0,4392,1.686635945
4393,1.687019969,-1.0247611999511719,0,4393,1.687019969
4394,1.687403994,-1.0366439819335938,0,4394,1.687403994
4395,1.687788018,-1.0516357421875,0,4395,1.687788018
4396,1.688172043,-1.0601234436035156,0,4396,1.688172043
4397,1.688556068,-1.0740089416503906,0,4397,1.688556068
4398,1.688940092,-1.0833549499511719,0,4398,1.688940092
4399,1.689324117,-1.1003303527832031,0,4399,1.689324117
4400,1.689708141,-1.112060546875,0,4400,1.689708141
4401,1.690092166,-1.1167526245117188,0,4401,1.690092166
4402,1.690476190,-1.1096000671386719,0,4402,1.690476190
4403,1.690860215,-1.1160659790039062,0,4403,1.690860215
4404,1.691244240,-1.1234092712402344,0,4404,1.691244240
4405,1.691628264,-1.1244392395019531,0,4405,1.691628264
4406,1.692012289,-1.1253166198730469,0,4406,1.692012289
4407,1.692396313,-1.1275672912597656,0,4407,1.692396313
4408,1.692780338,-1.1432456970214844,0,4408,1.692780338
4409,1.693164363,-1.143646240234375,0,4409,1.693164363
4410,1.693548387,-1.1583137512207031,0,4410,1.693548387
4411,1.693932412,-1.163330078125,0,4411,1.693932412
4412,1.694316436,-1.18682861328125,0,4412,1.694316436
4413,1.694700461,-1.204833984375,0,4413,1.694700461
4414,1.695084485,-1.2170791625976562,0,4414,1.695084485
4415,1.695468510,-1.217193603515625,0,4415,1.695468510
4416,1.695852535,-1.2198829650878906,0,4416,1.695852535
4417,1.696236559,-1.2115478515625,0,4417,1.696236559
4418,1.696620584,-1.198883056640625,0,4418,1.696620584
4419,1.697004608,-1.1845779418945312,0,4419,1.697004608
4420,1.697388633,-1.1724662780761719,0,4420,1.697388633
4421,1.697772657,-1.1619949340820312,0,4421,1.697772657
4422,1.698156682,-1.1449241638183594,0,4422,1.698156682
4423,1.698540707,-1.1450958251953125,0,4423,1.698540707
4424,1.698924731,-1.1336135864257812,0,4424,1.698924731
4425,1.699308756,-1.1090469360351562,0,4425,1.699308756
4426,1.699692780,-1.0917091369628906,0,4426,1.699692780
4427,1.700076805,-1.0915946960449219,0,4427,1.700076805
4428,1.700460829,-1.0992431640625,0,4428,1.700460829
4429,1.700844854,-1.0931587219238281,0,4429,1.700844854
4430,1.701228879,-1.0865592956542969,0,4430,1.701228879
4431,1.701612903,-1.0775947570800781,0,4431,1.701612903
4432,1.701996928,-1.0711288452148438,0,4432,1.701996928
4433,1.702380952,-1.065521240234375,0,4433,1.702380952
4434,1.702764977,-1.06109619140625,0,4434,1.702764977
4435,1.703149002,-1.0551643371582031,0,4435,1.703149002
4436,1.703533026,-1.0322380065917969,0,4436,1.703533026
4437,1.703917051,-1.0273551940917969,0,4437,1.703917051
4438,1.704301075,-1.0200309753417969,0,4438,1.704301075
4439,1.704685100,-1.0202980041503906,0,4439,1.704685100
4440,1.705069124,-1.0253715515136719,0,4440,1.705069124
4441,1.705453149,-1.01898193359375,0,4441,1.705453149
4442,1.705837174,-1.0272216796875,0,4442,1.705837174
4443,1.706221198,-1.0259628295898438,0,4443,1.706221198
4444,1.706605223,-1.02996826171875,0,4444,1.706605223
4445,1.706989247,-1.0403823852539062,0,4445,1.706989247
4446,1.707373272,-1.0587882995605469,0,4446,1.707373272
4447,1.707757296,-1.0660171508789062,0,4447,1.707757296
4448,1.708141321,-1.0741615295410156,0,4448,1.708141321
4449,1.708525346,-1.08489990234375,0,4449,1.708525346
4450,1.708909370,-1.095733642578125,0,4450,1.708909370
4451,1.709293395,-1.0900115966796875,0,4451,1.709293395
4452,1.709677419,-1.0953521728515625,0,4452,1.709677419
4453,1.710061444,-1.0972404479980469,0,4453,1.710061444
4454,1.710445469,-1.1079025268554688,0,4454,1.710445469
4455,1.710829493,-1.1088180541992188,0,4455,1.710829493
4456,1.711213518,-1.1098289489746094,0,4456,1.711213518
4457,1.711597542,-1.1288642883300781,0,4457,1.711597542
4458,1.711981567,-1.126861572265625,0,4458,1.711981567
4459,1.712365591,-1.134033203125,0,4459,1.712365591
4460,1.712749616,-1.1424446105957031,0,4460,1.712749616
4461,1.713133641,-1.160736083984375,0,4461,1.713133641
4462,1.713517665,-1.1710166931152344,0,4462,1.713517665
4463,1.713901690,-1.1951637268066406,0,4463,1.713901690
4464,1.714285714,-1.20361328125,0,4464,1.714285714
4465,1.714669739,-1.206207275390625,0,4465,1.714669739
4466,1.715053763,-1.1992454528808594,0,4466,1.715053763
4467,1.715437788,-1.2022590637207031,0,4467,1.715437788
4468,1.715821813,-1.1944580078125,0,4468,1.715821813
4469,1.716205837,-1.1788558959960938,0,4469,1.716205837
4470,1.716589862,-1.1760711669921875,0,4470,1.716589862
4471,1.716973886,-1.1624336242675781,0,4471,1.716973886
4472,1.717357911,-1.156005859375,0,4472,1.717357911
4473,1.717741935,-1.1520195007324219,0,4473,1.717741935
4474,1.718125960,-1.1403656005859375,0,4474,1.718125960
4475,1.718509985,-1.1328315734863281,0,4475,1.718509985
4476,1.718894009,-1.1203193664550781,0,4476,1.718894009
4477,1.719278034,-1.1116981506347656,0,4477,1.719278034
4478,1.719662058,-1.0984611511230469,0,4478,1.719662058
4479,1.720046083,-1.0878372192382812,0,4479,1.720046083
4480,1.720430108,-1.0854530334472656,0,4480,1.720430108
4481,1.720814132,-1.0798263549804688,0,4481,1.720814132
4482,1.721198157,-1.06781005859375,0,4482,1.721198157
4483,1.721582181,-1.0578536987304688,0,4483,1.721582181
4484,1.721966206,-1.0502243041992188,0,4484,1.721966206
4485,1.722350230,-1.0535812377929688,0,4485,1.722350230
4486,1.722734255,-1.0508537292480469,0,4486,1.722734255
4487,1.723118280,-1.0449981689453125,0,4487,1.723118280
4488,1.723502304,-1.0261154174804688,0,4488,1.723502304
4489,1.723886329,-1.01226806640625,0,4489,1.723886329
4490,1.724270353,-1.0081100463867188,0,4490,1.724270353
4491,1.724654378,-0.9917068481445312,0,4491,1.724654378
4492,1.725038402,-0.9696006774902344,0,4492,1.725038402
4493,1.725422427,-0.9733772277832031,0,4493,1.725422427
4494,1.725806452,-0.986328125,0,4494,1.725806452
4495,1.726190476,-1.0097122192382812,0,4495,1.726190476
4496,1.726574501,-1.034088134765625,0,4496,1.726574501
4497,1.726958525,-1.0557365417480469,0,4497,1.726958525
4498,1.727342550,-1.0556983947753906,0,4498,1.727342550
4499,1.727726575,-1.0523796081542969,0,4499,1.727726575
4500,1.728110599,-1.0565757751464844,0,4500,1.728110599
4501,1.728494624,-1.0742378234863281,0,4501,1.728494624
4502,1.728878648,-1.0794258117675781,0,4502,1.728878648
4503,1.729262673,-1.0859107971191406,0,4503,1.729262673
4504,1.729646697,-1.0859870910644531,0,4504,1.729646697
4505,1.730030722,-1.0914230346679688,0,4505,1.730030722
4506,1.730414747,-1.0971832275390625,0,4506,1.730414747
4507,1.730798771,-1.067962646484375,0,4507,1.730798771
4508,1.731182796,-1.0741043090820312,0,4508,1.731182796
4509,1.731566820,-1.0914802551269531,0,4509,1.731566820
4510,1.731950845,-1.1162567138671875,0,4510,1.731950845
4511,1.732334869,-1.1201858520507812,0,4511,1.732334869
4512,1.732718894,-1.1730575561523438,0,4512,1.732718894
4513,1.733102919,-1.1968231201171875,0,4513,1.733102919
4514,1.733486943,-1.1932563781738281,0,4514,1.733486943
4515,1.733870968,-1.187744140625,0,4515,1.733870968
4516,1.734254992,-1.194915771484375,0,4516,1.734254992
4517,1.734639017,-1.2011528015136719,0,4517,1.734639017
4518,1.735023041,-1.1978530883789062,0,4518,1.735023041
4519,1.735407066,-1.1951255798339844,0,4519,1.735407066
4520,1.735791091,-1.1955833435058594,0,4520,1.735791091
4521,1.736175115,-1.1929893493652344,0,4521,1.736175115
4522,1.736559140,-1.1811256408691406,0,4522,1.736559140
4523,1.736943164,-1.1702156066894531,0,4523,1.736943164
4524,1.737327189,-1.1606025695800781,0,4524,1.737327189
4525,1.737711214,-1.1402130126953125,0,4525,1.737711214
4526,1.738095238,-1.1545181274414062,0,4526,1.738095238
4527,1.738479263,-1.1522483825683594,0,4527,1.738479263
4528,1.738863287,-1.1396026611328125,0,4528,1.738863287
4529,1.739247312,-1.1079025268554688,0,4529,1.739247312
4530,1.739631336,-1.0880088806152344,0,4530,1.739631336
4531,1.740015361,-1.0650253295898438,0,4531,1.740015361
4532,1.740399386,-1.0610771179199219,0,4532,1.740399386
4533,1.740783410,-1.066436767578125,0,4533,1.740783410
4534,1.741167435,-1.0659408569335938,0,4534,1.741167435
4535,1.741551459,-1.0667800903320312,0,4535,1.741551459
4536,1.741935484,-1.0536575317382812,0,4536,1.741935484
4537,1.742319508,-1.0593414306640625,0,4537,1.742319508
4538,1.742703533,-1.0510826110839844,0,4538,1.742703533
4539,1.743087558,-1.0495948791503906,0,4539,1.743087558
4540,1.743471582,-1.0361671447753906,0,4540,1.743471582
4541,1.743855607,-1.02264404296875,0,4541,1.743855607
4542,1.744239631,-1.0160255432128906,0,4542,1.744239631
4543,1.744623656,-1.0085105895996094,0,4543,1.744623656
4544,1.745007680,-1.0048484802246094,0,4544,1.745007680
4545,1.745391705,-1.0080718994140625,0,4545,1.745391705
4546,1.745775730,-1.0106468200683594,0,4546,1.745775730
4547,1.746159754,-1.0094833374023438,0,4547,1.746159754
4548,1.746543779,-1.0321044921875,0,4548,1.746543779
4549,1.746927803,-1.0439300537109375,0,4549,1.746927803
4550,1.747311828,-1.056976318359375,0,4550,1.747311828
4551,1.747695853,-1.06658935546875,0,4551,1.747695853
4552,1.748079877,-1.0665702819824219,0,4552,1.748079877
4553,1.748463902,-1.0672950744628906,0,4553,1.748463902
4554,1.748847926,-1.0786628723144531,0,4554,1.748847926
4555,1.749231951,-1.0903358459472656,0,4555,1.749231951
4556,1.749615975,-1.0974693298339844,0,4556,1.749615975
4557,1.750000000,-1.1058616638183594,0,4557,1.750000000
4558,1.750384025,-1.1207962036132812,0,4558,1.750384025
4559,1.750768049,-1.1236190795898438,0,4559,1.750768049
4560,1.751152074,-1.1256027221679688,0,4560,1.751152074
4561,1.751536098,-1.1189460754394531,0,4561,1.751536098
4562,1.751920123,-1.1266899108886719,0,4562,1.751920123
4563,1.752304147,-1.1329460144042969,0,4563,1.752304147
4564,1.752688172,-1.1355209350585938,0,4564,1.752688172
4565,1.753072197,-1.1430931091308594,0,4565,1.753072197
4566,1.753456221,-1.1485481262207031,0,4566,1.753456221
4567,1.753840246,-1.1728858947753906,0,4567,1.753840246
4568,1.754224270,-1.1909675598144531,0,4568,1.754224270
4569,1.754608295,-1.2031173706054688,0,4569,1.754608295
4570,1.754992320,-1.2138748168945312,0,4570,1.754992320
4571,1.755376344,-1.2127876281738281,0,4571,1.755376344
4572,1.755760369,-1.2001991271972656,0,4572,1.755760369
4573,1.756144393,-1.1789131164550781,0,4573,1.756144393
4574,1.756528418,-1.1571121215820312,0,4574,1.756528418
4575,1.756912442,-1.153717041015625,0,4575,1.756912442
4576,1.757296467,-1.1428260803222656,0,4576,1.757296467
4577,1.757680492,-1.1394500732421875,0,4577,1.757680492
4578,1.758064516,-1.1363601684570312,0,4578,1.758064516
4579,1.758448541,-1.1292839050292969,0,4579,1.758448541
4580,1.758832565,-1.1121177673339844,0,4580,1.758832565
4581,1.759216590,-1.0921478271484375,0,4581,1.759216590
4582,1.759600614,-1.0700225830078125,0,4582,1.759600614
4583,1.759984639,-1.0653877258300781,0,4583,1.759984639
4584,1.760368664,-1.0625267028808594,0,4584,1.760368664
4585,1.760752688,-1.0683059692382812,0,4585,1.760752688
4586,1.761136713,-1.0714912414550781,0,4586,1.761136713
4587,1.761520737,-1.0718917846679688,0,4587,1.761520737
4588,1.761904762,-1.0634613037109375,0,4588,1.761904762
4589,1.762288786,-1.051483154296875,0,4589,1.762288786
4590,1.762672811,-1.0447883605957031,0,4590,1.762672811
4591,1.763056836,-1.0359954833984375,0,4591,1.763056836
4592,1.763440860,-1.0213851928710938,0,4592,1.763440860
4593,1.763824885,-1.0152626037597656,0,4593,1.763824885
4594,1.764208909,-1.0141944885253906,0,4594,1.764208909
4595,1.764592934,-1.0059928894042969,0,4595,1.764592934
4596,1.764976959,-1.0021781921386719,0,4596,1.764976959
4597,1.765360983,-1.003570556640625,0,4597,1.765360983
4598,1.765745008,-1.0098457336425781,0,4598,1.765745008
4599,1.766129032,-1.0185813903808594,0,4599,1.766129032
4600,1.766513057,-1.0280227661132812,0,4600,1.766513057
4601,1.766897081,-1.0417938232421875,0,4601,1.766897081
4602,1.767281106,-1.0520553588867188,0,4602,1.767281106
4603,1.767665131,-1.0595893859863281,0,4603,1.767665131
4604,1.768049155,-1.0677909851074219,0,4604,1.768049155
4605,1.768433180,-1.0704994201660156,0,4605,1.768433180
4606,1.768817204,-1.0761642456054688,0,4606,1.768817204
4607,1.769201229,-1.0855674743652344,0,4607,1.769201229
4608,1.769585253,-1.1012077331542969,0,4608,1.769585253
4609,1.769969278,-1.1065292358398438,0,4609,1.769969278
4610,1.770353303,-1.1083793640136719,0,4610,1.770353303
4611,1.770737327,-1.1115837097167969,0,4611,1.770737327
4612,1.771121352,-1.1334800720214844,0,4612,1.771121352
4613,1.771505376,-1.138763427734375,0,4613,1.771505376
4614,1.771889401,-1.1279487609863281,0,4614,1.771889401
4615,1.772273425,-1.1264610290527344,0,4615,1.772273425
4616,1.772657450,-1.1388397216796875,0,4616,1.772657450
4617,1.773041475,-1.1495590209960938,0,4617,1.773041475
4618,1.773425499,-1.1548805236816406,0,4618,1.773425499
4619,1.773809524,-1.1659431457519531,0,4619,1.773809524
4620,1.774193548,-1.1849021911621094,0,4620,1.774193548
4621,1.774577573,-1.19842529296875,0,4621,1.774577573
4622,1.774961598,-1.2209510803222656,0,4622,1.774961598
4623,1.775345622,-1.2237358093261719,0,4623,1.775345622
4624,1.775729647,-1.2109565734863281,0,4624,1.775729647
4625,1.776113671,-1.1971282958984375,0,4625,1.776113671
4626,1.776497696,-1.1792182922363281,0,4626,1.776497696
4627,1.776881720,-1.158447265625,0,4627,1.776881720
4628,1.777265745,-1.1357498168945312,0,4628,1.777265745
4629,1.777649770,-1.1186027526855469,0,4629,1.777649770
4630,1.778033794,-1.1177635192871094,0,4630,1.778033794
4631,1.778417819,-1.1075592041015625,0,4631,1.778417819
4632,1.778801843,-1.0947990417480469,0,4632,1.778801843
4633,1.779185868,-1.094970703125,0,4633,1.779185868
4634,1.779569892,-1.089630126953125,0,4634,1.779569892
4635,1.779953917,-1.0829544067382812,0,4635,1.779953917
4636,1.780337942,-1.0694313049316406,0,4636,1.780337942
4637,1.780721966,-1.06201171875,0,4637,1.780721966
4638,1.781105991,-1.0600471496582031,0,4638,1.781105991
4639,1.781490015,-1.0502052307128906,0,4639,1.781490015
4640,1.781874040,-1.042938232421875,0,4640,1.781874040
4641,1.782258065,-1.0247993469238281,0,4641,1.782258065
4642,1.782642089,-0.9927177429199219,0,4642,1.782642089
4643,1.783026114,-0.9930038452148438,0,4643,1.783026114
4644,1.783410138,-1.001739501953125,0,4644,1.783410138
4645,1.783794163,-1.01409912109375,0,4645,1.783794163
4646,1.784178187,-1.0169410705566406,0,4646,1.784178187
4647,1.784562212,-1.0165786743164062,0,4647,1.784562212
4648,1.784946237,-1.014862060546875,0,4648,1.784946237
4649,1.785330261,-1.0190582275390625,0,4649,1.785330261
4650,1.785714286,-1.0253334045410156,0,4650,1.785714286
4651,1.786098310,-1.0300827026367188,0,4651,1.786098310
4652,1.786482335,-1.0457038879394531,0,4652,1.786482335
4653,1.786866359,-1.0538673400878906,0,4653,1.786866359
4654,1.787250384,-1.052703857421875,0,4654,1.787250384
4655,1.787634409,-1.0541725158691406,0,4655,1.787634409
4656,1.788018433,-1.0573577880859375,0,4656,1.788018433
4657,1.788402458,-1.0175704956054688,0,4657,1.788402458
4658,1.788786482,-1.0155868530273438,0,4658,1.788786482
4659,1.789170507,-1.0457992553710938,0,4659,1.789170507
4660,1.789554531,-1.0714340209960938,0,4660,1.789554531
4661,1.789938556,-1.1252403259277344,0,4661,1.789938556
4662,1.790322581,-1.1728096008300781,0,4662,1.790322581
4663,1.790706605,-1.1768722534179688,0,4663,1.790706605
4664,1.791090630,-1.1609840393066406,0,4664,1.791090630
4665,1.791474654,-1.1463737487792969,0,4665,1.791474654
4666,1.791858679,-1.1396598815917969,0,4666,1.791858679
4667,1.792242704,-1.141815185546875,0,4667,1.792242704
4668,1.792626728,-1.1440849304199219,0,4668,1.792626728
4669,1.793010753,-1.1515045166015625,0,4669,1.793010753
4670,1.793394777,-1.1569595336914062,0,4670,1.793394777
4671,1.793778802,-1.1812400817871094,0,4671,1.793778802
4672,1.794162826,-1.1972236633300781,0,4672,1.794162826
4673,1.794546851,-1.2055587768554688,0,4673,1.794546851
4674,1.794930876,-1.2119865417480469,0,4674,1.794930876
4675,1.795314900,-1.2287712097167969,0,4675,1.795314900
4676,1.795698925,-1.2439537048339844,0,4676,1.795698925
4677,1.796082949,-1.2210273742675781,0,4677,1.796082949
4678,1.796466974,-1.1892127990722656,0,4678,1.796466974
4679,1.796850998,-1.1638450622558594,0,4679,1.796850998
4680,1.797235023,-1.146240234375,0,4680,1.797235023
4681,1.797619048,-1.1373519897460938,0,4681,1.797619048
4682,1.798003072,-1.1281776428222656,0,4682,1.798003072
4683,1.798387097,-1.11175537109375,0,4683,1.798387097
4684,1.798771121,-1.1049079895019531,0,4684,1.798771121
4685,1.799155146,-1.0898780822753906,0,4685,1.799155146
4686,1.799539171,-1.082916259765625,0,4686,1.799539171
4687,1.799923195,-1.0840415954589844,0,4687,1.799923195
4688,1.800307220,-1.0821151733398438,0,4688,1.800307220
4689,1.800691244,-1.0788345336914062,0,4689,1.800691244
4690,1.801075269,-1.0625457763671875,0,4690,1.801075269
4691,1.801459293,-1.0548019409179688,0,4691,1.801459293
4692,1.801843318,-1.0527801513671875,0,4692,1.801843318
4693,1.802227343,-1.0444259643554688,0,4693,1.802227343
4694,1.802611367,-1.0367202758789062,0,4694,1.802611367
4695,1.802995392,-1.0434341430664062,0,4695,1.802995392
4696,1.803379416,-1.0313796997070312,0,4696,1.803379416
4697,1.803763441,-1.0313034057617188,0,4697,1.803763441
4698,1.804147465,-1.0291862487792969,0,4698,1.804147465
4699,1.804531490,-1.0202789306640625,0,4699,1.804531490
4700,1.804915515,-1.0177230834960938,0,4700,1.804915515
4701,1.805299539,-1.0062789916992188,0,4701,1.805299539
4702,1.805683564,-1.0157394409179688,0,4702,1.805683564
4703,1.806067588,-1.0344886779785156,0,4703,1.806067588
4704,1.806451613,-1.0498046875,0,4704,1.806451613
4705,1.806835637,-1.0583114624023438,0,4705,1.806835637
4706,1.807219662,-1.0669326782226562,0,4706,1.807219662
4707,1.807603687,-1.0702705383300781,0,4707,1.807603687
4708,1.807987711,-1.0795783996582031,0,4708,1.807987711
4709,1.808371736,-1.0880279541015625,0,4709,1.808371736
4710,1.808755760,-1.0940742492675781,0,4710,1.808755760
4711,1.809139785,-1.1003303527832031,0,4711,1.809139785
4712,1.809523810,-1.1153793334960938,0,4712,1.809523810
4713,1.809907834,-1.1221694946289062,0,4713,1.809907834
4714,1.810291859,-1.1168289184570312,0,4714,1.810291859
4715,1.810675883,-1.1220359802246094,0,4715,1.810675883
4716,1.811059908,-1.1257171630859375,0,4716,1.811059908
4717,1.811443932,-1.1386680603027344,0,4717,1.811443932
4718,1.811827957,-1.1541557312011719,0,4718,1.811827957
4719,1.812211982,-1.1496925354003906,0,4719,1.812211982
4720,1.812596006,-1.1540794372558594,0,4720,1.812596006
4721,1.812980031,-1.1668586730957031,0,4721,1.812980031
4722,1.813364055,-1.1787605285644531,0,4722,1.813364055
4723,1.813748080,-1.2017631530761719,0,4723,1.813748080
4724,1.814132104,-1.2037849426269531,0,4724,1.814132104
4725,1.814516129,-1.2023544311523438,0,4725,1.814516129
4726,1.814900154,-1.2028121948242188,0,4726,1.814900154
4727,1.815284178,-1.19537353515625,0,4727,1.815284178
4728,1.815668203,-1.1960983276367188,0,4728,1.815668203
4729,1.816052227,-1.1916542053222656,0,4729,1.816052227
4730,1.816436252,-1.1726760864257812,0,4730,1.816436252
4731,1.816820276,-1.1575698852539062,0,4731,1.816820276
4732,1.817204301,-1.14288330078125,0,4732,1.817204301
4733,1.817588326,-1.1429405212402344,0,4733,1.817588326
4734,1.817972350,-1.1252212524414062,0,4734,1.817972350
4735,1.818356375,-1.1128997802734375,0,4735,1.818356375
4736,1.818740399,-1.1040878295898438,0,4736,1.818740399
4737,1.819124424,-1.0932350158691406,0,4737,1.819124424
4738,1.819508449,-1.08612060546875,0,4738,1.819508449
4739,1.819892473,-1.0902976989746094,0,4739,1.819892473
4740,1.820276498,-1.0875701904296875,0,4740,1.820276498
4741,1.820660522,-1.08367919921875,0,4741,1.820660522
4742,1.821044547,-1.0830497741699219,0,4742,1.821044547
4743,1.821428571,-1.0779571533203125,0,4743,1.821428571
4744,1.821812596,-1.0714912414550781,0,4744,1.821812596
4745,1.822196621,-1.0625457763671875,0,4745,1.822196621
4746,1.822580645,-1.0538101196289062,0,4746,1.822580645
4747,1.822964670,-1.030426025390625,0,4747,1.822964670
4748,1.823348694,-1.0220527648925781,0,4748,1.823348694
4749,1.823732719,-1.0112190246582031,0,4749,1.823732719
4750,1.824116743,-1.0115242004394531,0,4750,1.824116743
4751,1.824500768,-1.0075187683105469,0,4751,1.824500768
4752,1.824884793,-1.011962890625,0,4752,1.824884793
4753,1.825268817,-1.0101127624511719,0,4753,1.825268817
4754,1.825652842,-1.0112762451171875,0,4754,1.825652842
4755,1.826036866,-1.0258865356445312,0,4755,1.826036866
4756,1.826420891,-1.0449600219726562,0,4756,1.826420891
4757,1.826804916,-1.0626029968261719,0,4757,1.826804916
4758,1.827188940,-1.0743141174316406,0,4758,1.827188940
4759,1.827572965,-1.080474853515625,0,4759,1.827572965
4760,1.827956989,-1.0871315002441406,0,4760,1.827956989
4761,1.828341014,-1.105499267578125,0,4761,1.828341014
4762,1.828725038,-1.1127853393554688,0,4762,1.828725038
4763,1.829109063,-1.1165237426757812,0,4763,1.829109063
4764,1.829493088,-1.1223983764648438,0,4764,1.829493088
4765,1.829877112,-1.123809814453125,0,4765,1.829877112
4766,1.830261137,-1.1189842224121094,0,4766,1.830261137
4767,1.830645161,-1.1207389831542969,0,4767,1.830645161
4768,1.831029186,-1.1240577697753906,0,4768,1.831029186
4769,1.831413210,-1.1277580261230469,0,4769,1.831413210
4770,1.831797235,-1.1301231384277344,0,4770,1.831797235
4771,1.832181260,-1.142578125,0,4771,1.832181260
4772,1.832565284,-1.1616134643554688,0,4772,1.832565284
4773,1.832949309,-1.1781501770019531,0,4773,1.832949309
4774,1.833333333,-1.1920928955078125,0,4774,1.833333333
4775,1.833717358,-1.206207275390625,0,4775,1.833717358
4776,1.834101382,-1.2136268615722656,0,4776,1.834101382
4777,1.834485407,-1.2216567993164062,0,4777,1.834485407
4778,1.834869432,-1.2051773071289062,0,4778,1.834869432
4779,1.835253456,-1.1986351013183594,0,4779,1.835253456
4780,1.835637481,-1.1895942687988281,0,4780,1.835637481
4781,1.836021505,-1.1803817749023438,0,4781,1.836021505
4782,1.836405530,-1.1765861511230469,0,4782,1.836405530
4783,1.836789555,-1.1632728576660156,0,4783,1.836789555
4784,1.837173579,-1.143646240234375,0,4784,1.837173579
4785,1.837557604,-1.1342811584472656,0,4785,1.837557604
4786,1.837941628,-1.1202239990234375,0,4786,1.837941628
4787,1.838325653,-1.1099624633789062,0,4787,1.838325653
4788,1.838709677,-1.0964775085449219,0,4788,1.838709677
4789,1.839093702,-1.0856056213378906,0,4789,1.839093702
4790,1.839477727,-1.0731315612792969,0,4790,1.839477727
4791,1.839861751,-1.0537528991699219,0,4791,1.839861751
4792,1.840245776,-1.0346221923828125,0,4792,1.840245776
4793,1.840629800,-1.0396385192871094,0,4793,1.840629800
4794,1.841013825,-1.0470008850097656,0,4794,1.841013825
4795,1.841397849,-1.0531806945800781,0,4795,1.841397849
4796,1.841781874,-1.0587882995605469,0,4796,1.841781874
4797,1.842165899,-1.057586669921875,0,4797,1.842165899
4798,1.842549923,-1.0570335388183594,0,4798,1.842549923
4799,1.842933948,-1.0509300231933594,0,4799,1.842933948
4800,1.843317972,-1.0395431518554688,0,4800,1.843317972
4801,1.843701997,-1.0296249389648438,0,4801,1.843701997
4802,1.844086022,-1.0274505615234375,0,4802,1.844086022
4803,1.844470046,-1.0265731811523438,0,4803,1.844470046
4804,1.844854071,-1.0240936279296875,0,4804,1.844854071
4805,1.845238095,-1.02386474609375,0,4805,1.845238095
4806,1.845622120,-1.0260581970214844,0,4806,1.845622120
4807,1.846006144,-0.9916877746582031,0,4807,1.846006144
4808,1.846390169,-0.9923362731933594,0,4808,1.846390169
4809,1.846774194,-1.0185623168945312,0,4809,1.846774194
4810,1.847158218,-1.0394096374511719,0,4810,1.847158218
4811,1.847542243,-1.08917236328125,0,4811,1.847542243
4812,1.847926267,-1.0894775390625,0,4812,1.847926267
4813,1.848310292,-1.1126708984375,0,4813,1.848310292
4814,1.848694316,-1.1239242553710938,0,4814,1.848694316
4815,1.849078341,-1.1337089538574219,0,4815,1.849078341
4816,1.849462366,-1.1408233642578125,0,4816,1.849462366
4817,1.849846390,-1.1324119567871094,0,4817,1.849846390
4818,1.850230415,-1.1396026611328125,0,4818,1.850230415
4819,1.850614439,-1.1401748657226562,0,4819,1.850614439
4820,1.850998464,-1.1391067504882812,0,4820,1.850998464
4821,1.851382488,-1.1322021484375,0,4821,1.851382488
4822,1.851766513,-1.1372756958007812,0,4822,1.851766513
4823,1.852150538,-1.1498451232910156,0,4823,1.852150538
4824,1.852534562,-1.1630439758300781,0,4824,1.852534562
4825,1.852918587,-1.1788368225097656,0,4825,1.852918587
4826,1.853302611,-1.1960411071777344,0,4826,1.853302611
4827,1.853686636,-1.2068939208984375,0,4827,1.853686636
4828,1.854070661,-1.2130546569824219,0,4828,1.854070661
4829,1.854454685,-1.2262344360351562,0,4829,1.854454685
4830,1.854838710,-1.2213516235351562,0,4830,1.854838710
4831,1.855222734,-1.2171745300292969,0,4831,1.855222734
4832,1.855606759,-1.1952781677246094,0,4832,1.855606759
4833,1.855990783,-1.1752700805664062,0,4833,1.855990783
4834,1.856374808,-1.161346435546875,0,4834,1.856374808
4835,1.856758833,-1.1415481567382812,0,4835,1.856758833
4836,1.857142857,-1.1320877075195312,0,4836,1.857142857
4837,1.857526882,-1.1335182189941406,0,4837,1.857526882
4838,1.857910906,-1.1323165893554688,0,4838,1.857910906
4839,1.858294931,-1.1170005798339844,0,4839,1.858294931
4840,1.858678955,-1.1023902893066406,0,4840,1.858678955
4841,1.859062980,-1.0862350463867188,0,4841,1.859062980
4842,1.859447005,-1.0702323913574219,0,4842,1.859447005
4843,1.859831029,-1.0668373107910156,0,4843,1.859831029
4844,1.860215054,-1.06475830078125,0,4844,1.860215054
4845,1.860599078,-1.0370445251464844,0,4845,1.860599078
4846,1.860983103,-1.0041236877441406,0,4846,1.860983103
4847,1.861367127,-1.01348876953125,0,4847,1.861367127
4848,1.861751152,-1.0405731201171875,0,4848,1.861751152
4849,1.862135177,-1.03790283203125,0,4849,1.862135177
4850,1.862519201,-1.0503387451171875,0,4850,1.862519201
4851,1.862903226,-1.0803794860839844,0,4851,1.862903226
4852,1.863287250,-1.0724067687988281,0,4852,1.863287250
4853,1.863671275,-1.0441780090332031,0,4853,1.863671275
4854,1.864055300,-1.0277748107910156,0,4854,1.864055300
4855,1.864439324,-1.0262298583984375,0,4855,1.864439324
4856,1.864823349,-1.0226631164550781,0,4856,1.864823349
4857,1.865207373,-1.019287109375,0,4857,1.865207373
4858,1.865591398,-1.0272979736328125,0,4858,1.865591398
4859,1.865975422,-1.0409736633300781,0,4859,1.865975422
4860,1.866359447,-1.0544013977050781,0,4860,1.866359447
4861,1.866743472,-1.0601425170898438,0,4861,1.866743472
4862,1.867127496,-1.0726165771484375,0,4862,1.867127496
4863,1.867511521,-1.0902976989746094,0,4863,1.867511521
4864,1.867895545,-1.1069488525390625,0,4864,1.867895545
4865,1.868279570,-1.1337089538574219,0,4865,1.868279570
4866,1.868663594,-1.1354637145996094,0,4866,1.868663594
4867,1.869047619,-1.1272811889648438,0,4867,1.869047619
4868,1.869431644,-1.1187362670898438,0,4868,1.869431644
4869,1.869815668,-1.1210060119628906,0,4869,1.869815668
4870,1.870199693,-1.1236572265625,0,4870,1.870199693
4871,1.870583717,-1.1363792419433594,0,4871,1.870583717
4872,1.870967742,-1.13433837890625,0,4872,1.870967742
4873,1.871351767,-1.1426734924316406,0,4873,1.871351767
4874,1.871735791,-1.1474227905273438,0,4874,1.871735791
4875,1.872119816,-1.1518478393554688,0,4875,1.872119816
4876,1.872503840,-1.1604881286621094,0,4876,1.872503840
4877,1.872887865,-1.1712455749511719,0,4877,1.872887865
4878,1.873271889,-1.191864013671875,0,4878,1.873271889
4879,1.873655914,-1.2062644958496094,0,4879,1.873655914
4880,1.874039939,-1.2060165405273438,0,4880,1.874039939
4881,1.874423963,-1.2082481384277344,0,4881,1.874423963
4882,1.874807988,-1.2065887451171875,0,4882,1.874807988
4883,1.875192012,-1.18988037109375,0,4883,1.875192012
4884,1.875576037,-1.1850357055664062,0,4884,1.875576037
4885,1.875960061,-1.1743545532226562,0,4885,1.875960061
4886,1.876344086,-1.1644363403320312,0,4886,1.876344086
4887,1.876728111,-1.16790771484375,0,4887,1.876728111
4888,1.877112135,-1.1568260192871094,0,4888,1.877112135
4889,1.877496160,-1.1409568786621094,0,4889,1.877496160
4890,1.877880184,-1.1260414123535156,0,4890,1.877880184
4891,1.878264209,-1.1116218566894531,0,4891,1.878264209
4892,1.878648233,-1.1016082763671875,0,4892,1.878648233
4893,1.879032258,-1.0760498046875,0,4893,1.879032258
4894,1.879416283,-1.0686683654785156,0,4894,1.879416283
4895,1.879800307,-1.0778617858886719,0,4895,1.879800307
4896,1.880184332,-1.0836029052734375,0,4896,1.880184332
4897,1.880568356,-1.0873603820800781,0,4897,1.880568356
4898,1.880952381,-1.0853385925292969,0,4898,1.880952381
4899,1.881336406,-1.0763740539550781,0,4899,1.881336406
4900,1.881720430,-1.05926513671875,0,4900,1.881720430
4901,1.882104455,-1.0415267944335938,0,4901,1.882104455
4902,1.882488479,-1.0405921936035156,0,4902,1.882488479
4903,1.882872504,-1.0247230529785156,0,4903,1.882872504
4904,1.883256528,-1.0191535949707031,0,4904,1.883256528
4905,1.883640553,-1.009674072265625,0,4905,1.883640553
4906,1.884024578,-1.0054206848144531,0,4906,1.884024578
4907,1.884408602,-1.0075569152832031,0,4907,1.884408602
4908,1.884792627,-1.0087203979492188,0,4908,1.884792627
4909,1.885176651,-1.01043701171875,0,4909,1.885176651
4910,1.885560676,-1.0395240783691406,0,4910,1.885560676
4911,1.885944700,-1.0577392578125,0,4911,1.885944700
4912,1.886328725,-1.071319580078125,0,4912,1.886328725
4913,1.886712750,-1.0873985290527344,0,4913,1.886712750
4914,1.887096774,-1.0959434509277344,0,4914,1.887096774
4915,1.887480799,-1.0850143432617188,0,4915,1.887480799
4916,1.887864823,-1.0878944396972656,0,4916,1.887864823
4917,1.888248848,-1.1032867431640625,0,4917,1.888248848
4918,1.888632873,-1.1046028137207031,0,4918,1.888632873
4919,1.889016897,-1.1084175109863281,0,4919,1.889016897
4920,1.889400922,-1.1172676086425781,0,4920,1.889400922
4921,1.889784946,-1.1173057556152344,0,4921,1.889784946
4922,1.890168971,-1.1329269409179688,0,4922,1.890168971
4923,1.890552995,-1.1427497863769531,0,4923,1.890552995
4924,1.890937020,-1.1410140991210938,0,4924,1.890937020
4925,1.891321045,-1.1448860168457031,0,4925,1.891321045
4926,1.891705069,-1.157379150390625,0,4926,1.891705069
4927,1.892089094,-1.1686897277832031,0,4927,1.892089094
4928,1.892473118,-1.1746788024902344,0,4928,1.892473118
4929,1.892857143,-1.1781501770019531,0,4929,1.892857143
4930,1.893241167,-1.1932754516601562,0,4930,1.893241167
4931,1.893625192,-1.2005233764648438,0,4931,1.893625192
4932,1.894009217,-1.2048912048339844,0,4932,1.894009217
4933,1.894393241,-1.2090873718261719,0,4933,1.894393241
4934,1.894777266,-1.2107086181640625,0,4934,1.894777266
4935,1.895161290,-1.1975288391113281,0,4935,1.895161290
4936,1.895545315,-1.1890983581542969,0,4936,1.895545315
4937,1.895929339,-1.1778831481933594,0,4937,1.895929339
4938,1.896313364,-1.1743354797363281,0,4938,1.896313364
4939,1.896697389,-1.1545944213867188,0,4939,1.896697389
4940,1.897081413,-1.1455345153808594,0,4940,1.897081413
4941,1.897465438,-1.1162567138671875,0,4941,1.897465438
4942,1.897849462,-1.0788345336914062,0,4942,1.897849462
4943,1.898233487,-1.0788726806640625,0,4943,1.898233487
4944,1.898617512,-1.0805130004882812,0,4944,1.898617512
4945,1.899001536,-1.0790824890136719,0,4945,1.899001536
4946,1.899385561,-1.0905265808105469,0,4946,1.899385561
4947,1.899769585,-1.0809135437011719,0,4947,1.899769585
4948,1.900153610,-1.0816764831542969,0,4948,1.900153610
4949,1.900537634,-1.0883903503417969,0,4949,1.900537634
4950,1.900921659,-1.0788917541503906,0,4950,1.900921659
4951,1.901305684,-1.0733795166015625,0,4951,1.901305684
4952,1.901689708,-1.0621261596679688,0,4952,1.901689708
4953,1.902073733,-1.0548019409179688,0,4953,1.902073733
4954,1.902457757,-1.0441017150878906,0,4954,1.902457757
4955,1.902841782,-1.0295295715332031,0,4955,1.902841782
4956,1.903225806,-1.0080528259277344,0,4956,1.903225806
4957,1.903609831,-0.9598922729492188,0,4957,1.903609831
4958,1.903993856,-0.9531784057617188,0,4958,1.903993856
4959,1.904377880,-0.9683609008789062,0,4959,1.904377880
4960,1.904761905,-0.9846305847167969,0,4960,1.904761905
4961,1.905145929,-1.026153564453125,0,4961,1.905145929
4962,1.905529954,-1.0887527465820312,0,4962,1.905529954
4963,1.905913978,-1.1118888854980469,0,4963,1.905913978
4964,1.906298003,-1.0983657836914062,0,4964,1.906298003
4965,1.906682028,-1.0882377624511719,0,4965,1.906682028
4966,1.907066052,-1.0806655883789062,0,4966,1.907066052
4967,1.907450077,-1.0865211486816406,0,4967,1.907450077
4968,1.907834101,-1.0967826843261719,0,4968,1.907834101
4969,1.908218126,-1.1066246032714844,0,4969,1.908218126
4970,1.908602151,-1.1114883422851562,0,4970,1.908602151
4971,1.908986175,-1.1063575744628906,0,4971,1.908986175
4972,1.909370200,-1.1056900024414062,0,4972,1.909370200
4973,1.909754224,-1.1227989196777344,0,4973,1.909754224
4974,1.910138249,-1.1320114135742188,0,4974,1.910138249
4975,1.910522273,-1.1539840698242188,0,4975,1.910522273
4976,1.910906298,-1.1737442016601562,0,4976,1.910906298
4977,1.911290323,-1.16668701171875,0,4977,1.911290323
4978,1.911674347,-1.1635208129882812,0,4978,1.911674347
4979,1.912058372,-1.1762619018554688,0,4979,1.912058372
4980,1.912442396,-1.1735916137695312,0,4980,1.912442396
4981,1.912826421,-1.1856651306152344,0,4981,1.912826421
4982,1.913210445,-1.19842529296875,0,4982,1.913210445
4983,1.913594470,-1.2042427062988281,0,4983,1.913594470
4984,1.913978495,-1.2139892578125,0,4984,1.913978495
4985,1.914362519,-1.2247657775878906,0,4985,1.914362519
4986,1.914746544,-1.219329833984375,0,4986,1.914746544
4987,1.915130568,-1.2081146240234375,0,4987,1.915130568
4988,1.915514593,-1.197357177734375,0,4988,1.915514593
4989,1.915898618,-1.186065673828125,0,4989,1.915898618
4990,1.916282642,-1.16943359375,0,4990,1.916282642
4991,1.916666667,-1.1512947082519531,0,4991,1.916666667
4992,1.917050691,-1.1360549926757812,0,4992,1.917050691
4993,1.917434716,-1.12060546875,0,4993,1.917434716
4994,1.917818740,-1.1125373840332031,0,4994,1.917818740
4995,1.918202765,-1.1026573181152344,0,4995,1.918202765
4996,1.918586790,-1.1020851135253906,0,4996,1.918586790
4997,1.918970814,-1.0979843139648438,0,4997,1.918970814
4998,1.919354839,-1.092376708984375,0,4998,1.919354839
4999,1.919738863,-1.083526611328125,0,4999,1.919738863
5000,1.920122888,-1.08673095703125,0,5000,1.920122888
5001,1.920506912,-1.0741615295410156,0,5001,1.920506912
5002,1.920890937,-1.0651016235351562,0,5002,1.920890937
5003,1.921274962,-1.07208251953125,0,5003,1.921274962
5004,1.921658986,-1.0672187805175781,0,5004,1.921658986
5005,1.922043011,-1.063995361328125,0,5005,1.922043011
5006,1.922427035,-1.0471153259277344,0,5006,1.922427035
5007,1.922811060,-1.0328292846679688,0,5007,1.922811060
5008,1.923195084,-1.0149383544921875,0,5008,1.923195084
5009,1.923579109,-1.0014533996582031,0,5009,1.923579109
5010,1.923963134,-0.99700927734375,0,5010,1.923963134
5011,1.924347158,-1.0047721862792969,0,5011,1.924347158
5012,1.924731183,-1.0132217407226562,0,5012,1.924731183
5013,1.925115207,-1.0357093811035156,0,5013,1.925115207
5014,1.925499232,-1.0550880432128906,0,5014,1.925499232
5015,1.925883257,-1.0677719116210938,0,5015,1.925883257
5016,1.926267281,-1.0770416259765625,0,5016,1.926267281
5017,1.926651306,-1.0736274719238281,0,5017,1.926651306
5018,1.927035330,-1.0814285278320312,0,5018,1.927035330
5019,1.927419355,-1.0803985595703125,0,5019,1.927419355
5020,1.927803379,-1.0949325561523438,0,5020,1.927803379
5021,1.928187404,-1.0987281799316406,0,5021,1.928187404
5022,1.928571429,-1.1142158508300781,0,5022,1.928571429
5023,1.928955453,-1.1166000366210938,0,5023,1.928955453
5024,1.929339478,-1.121673583984375,0,5024,1.929339478
5025,1.929723502,-1.1295318603515625,0,5025,1.929723502
5026,1.930107527,-1.1324691772460938,0,5026,1.930107527
5027,1.930491551,-1.1393356323242188,0,5027,1.930491551
5028,1.930875576,-1.1383628845214844,0,5028,1.930875576
5029,1.931259601,-1.1490058898925781,0,5029,1.931259601
5030,1.931643625,-1.1589431762695312,0,5030,1.931643625
5031,1.932027650,-1.1748504638671875,0,5031,1.932027650
5032,1.932411674,-1.1847114562988281,0,5032,1.932411674
5033,1.932795699,-1.2008476257324219,0,5033,1.932795699
5034,1.933179724,-1.2141990661621094,0,5034,1.933179724
5035,1.933563748,-1.2168693542480469,0,5035,1.933563748
5036,1.933947773,-1.2161445617675781,0,5036,1.933947773
5037,1.934331797,-1.217498779296875,0,5037,1.934331797
5038,1.934715822,-1.2015724182128906,0,5038,1.934715822
5039,1.935099846,-1.1957168579101562,0,5039,1.935099846
5040,1.935483871,-1.1872482299804688,0,5040,1.935483871
5041,1.935867896,-1.16943359375,0,5041,1.935867896
5042,1.936251920,-1.1544609069824219,0,5042,1.936251920
5043,1.936635945,-1.1416816711425781,0,5043,1.936635945
5044,1.937019969,-1.1301803588867188,0,5044,1.937019969
5045,1.937403994,-1.1210250854492188,0,5045,1.937403994
5046,1.937788018,-1.1175918579101562,0,5046,1.937788018
5047,1.938172043,-1.1077690124511719,0,5047,1.938172043
5048,1.938556068,-1.0886383056640625,0,5048,1.938556068
5049,1.938940092,-1.0761070251464844,0,5049,1.938940092
5050,1.939324117,-1.0827255249023438,0,5050,1.939324117
5051,1.939708141,-1.0781097412109375,0,5051,1.939708141
5052,1.940092166,-1.0681724548339844,0,5052,1.940092166
5053,1.940476190,-1.0640716552734375,0,5053,1.940476190
5054,1.940860215,-1.0646438598632812,0,5054,1.940860215
5055,1.941244240,-1.0625267028808594,0,5055,1.941244240
5056,1.941628264,-1.0570907592773438,0,5056,1.941628264
5057,1.942012289,-1.03851318359375,0,5057,1.942012289
5058,1.942396313,-1.0322761535644531,0,5058,1.942396313
5059,1.942780338,-1.0268402099609375,0,5059,1.942780338
5060,1.943164363,-1.0198211669921875,0,5060,1.943164363
5061,1.943548387,-1.0310935974121094,0,5061,1.943548387
5062,1.943932412,-1.0309982299804688,0,5062,1.943932412
5063,1.944316436,-1.0355567932128906,0,5063,1.944316436
5064,1.944700461,-1.0400581359863281,0,5064,1.944700461
5065,1.945084485,-1.0364341735839844,0,5065,1.945084485
5066,1.945468510,-1.0392951965332031,0,5066,1.945468510
5067,1.945852535,-1.0485267639160156,0,5067,1.945852535
5068,1.946236559,-1.063232421875,0,5068,1.946236559
5069,1.946620584,-1.0734367370605469,0,5069,1.946620584
5070,1.947004608,-1.0914421081542969,0,5070,1.947004608
5071,1.947388633,-1.1011314392089844,0,5071,1.947388633
5072,1.947772657,-1.1071586608886719,0,5072,1.947772657
5073,1.948156682,-1.1172294616699219,0,5073,1.948156682
5074,1.948540707,-1.1155891418457031,0,5074,1.948540707
5075,1.948924731,-1.1264610290527344,0,5075,1.948924731
5076,1.949308756,-1.1234474182128906,0,5076,1.949308756
5077,1.949692780,-1.1322402954101562,0,5077,1.949692780
5078,1.950076805,-1.1383628845214844,0,5078,1.950076805
5079,1.950460829,-1.1403846740722656,0,5079,1.950460829
5080,1.950844854,-1.1482048034667969,0,5080,1.950844854
5081,1.951228879,-1.1470413208007812,0,5081,1.951228879
5082,1.951612903,-1.1580085754394531,0,5082,1.951612903
5083,1.951996928,-1.1825180053710938,0,5083,1.951996928
5084,1.952380952,-1.1934089660644531,0,5084,1.952380952
5085,1.952764977,-1.2057304382324219,0,5085,1.952764977
5086,1.953149002,-1.2180328369140625,0,5086,1.953149002
5087,1.953533026,-1.22222900390625,0,5087,1.953533026
5088,1.953917051,-1.221923828125,0,5088,1.953917051
5089,1.954301075,-1.2139511108398438,0,5089,1.954301075
5090,1.954685100,-1.2029457092285156,0,5090,1.954685100
5091,1.955069124,-1.1698722839355469,0,5091,1.955069124
5092,1.955453149,-1.1270332336425781,0,5092,1.955453149
5093,1.955837174,-1.1259651184082031,0,5093,1.955837174
5094,1.956221198,-1.1253929138183594,0,5094,1.956221198
5095,1.956605223,-1.1284637451171875,0,5095,1.956605223
5096,1.956989247,-1.1299896240234375,0,5096,1.956989247
5097,1.957373272,-1.11358642578125,0,5097,1.957373272
5098,1.957757296,-1.1068344116210938,0,5098,1.957757296
5099,1.958141321,-1.088104248046875,0,5099,1.958141321
5100,1.958525346,-1.0784721374511719,0,5100,1.958525346
5101,1.958909370,-1.07421875,0,5101,1.958909370
5102,1.959293395,-1.0666084289550781,0,5102,1.959293395
5103,1.959677419,-1.0701560974121094,0,5103,1.959677419
5104,1.960061444,-1.0851860046386719,0,5104,1.960061444
5105,1.960445469,-1.0852813720703125,0,5105,1.960445469
5106,1.960829493,-1.0776901245117188,0,5106,1.960829493
5107,1.961213518,-1.0148429870605469,0,5107,1.961213518
5108,1.961597542,-0.9799003601074219,0,5108,1.961597542
5109,1.961981567,-0.9718132019042969,0,5109,1.961981567
5110,1.962365591,-0.9840202331542969,0,5110,1.962365591
5111,1.962749616,-1.0175132751464844,0,5111,1.962749616
5112,1.963133641,-1.0654640197753906,0,5112,1.963133641
5113,1.963517665,-1.0691070556640625,0,5113,1.963517665
5114,1.963901690,-1.0496711730957031,0,5114,1.963901690
5115,1.964285714,-1.0403251647949219,0,5115,1.964285714
5116,1.964669739,-1.0259819030761719,0,5116,1.964669739
5117,1.965053763,-1.033172607421875,0,5117,1.965053763
5118,1.965437788,-1.03057861328125,0,5118,1.965437788
5119,1.965821813,-1.0470962524414062,0,5119,1.965821813
5120,1.966205837,-1.0691070556640625,0,5120,1.966205837
5121,1.966589862,-1.0761833190917969,0,5121,1.966589862
5122,1.966973886,-1.0864067077636719,0,5122,1.966973886
5123,1.967357911,-1.0887527465820312,0,5123,1.967357911
5124,1.967741935,-1.1016082763671875,0,5124,1.967741935
5125,1.968125960,-1.1293601989746094,0,5125,1.968125960
5126,1.968509985,-1.1481475830078125,0,5126,1.968509985
5127,1.968894009,-1.1496353149414062,0,5127,1.968894009
5128,1.969278034,-1.14990234375,0,5128,1.969278034
5129,1.969662058,-1.1332321166992188,0,5129,1.969662058
5130,1.970046083,-1.1297988891601562,0,5130,1.970046083
5131,1.970430108,-1.133575439453125,0,5131,1.970430108
5132,1.970814132,-1.1402320861816406,0,5132,1.970814132
5133,1.971198157,-1.1442184448242188,0,5133,1.971198157
5134,1.971582181,-1.1523246765136719,0,5134,1.971582181
5135,1.971966206,-1.15875244140625,0,5135,1.971966206
5136,1.972350230,-1.173248291015625,0,5136,1.972350230
5137,1.972734255,-1.1909294128417969,0,5137,1.972734255
5138,1.973118280,-1.2121009826660156,0,5138,1.973118280
5139,1.973502304,-1.2244033813476562,0,5139,1.973502304
5140,1.973886329,-1.2239646911621094,0,5140,1.973886329
5141,1.974270353,-1.2096786499023438,0,5141,1.974270353
5142,1.974654378,-1.2091827392578125,0,5142,1.974654378
5143,1.975038402,-1.1852836608886719,0,5143,1.975038402
5144,1.975422427,-1.1650276184082031,0,5144,1.975422427
5145,1.975806452,-1.1500740051269531,0,5145,1.975806452
5146,1.976190476,-1.1314010620117188,0,5146,1.976190476
5147,1.976574501,-1.1306190490722656,0,5147,1.976574501
5148,1.976958525,-1.122589111328125,0,5148,1.976958525
5149,1.977342550,-1.1034202575683594,0,5149,1.977342550
5150,1.977726575,-1.0904884338378906,0,5150,1.977726575
5151,1.978110599,-1.0768508911132812,0,5151,1.978110599
5152,1.978494624,-1.0819244384765625,0,5152,1.978494624
5153,1.978878648,-1.0786819458007812,0,5153,1.978878648
5154,1.979262673,-1.0691452026367188,0,5154,1.979262673
5155,1.979646697,-1.0625267028808594,0,5155,1.979646697
5156,1.980030722,-1.0636329650878906,0,5156,1.980030722
5157,1.980414747,-1.0591316223144531,0,5157,1.980414747
5158,1.980798771,-1.0517692565917969,0,5158,1.980798771
5159,1.981182796,-1.0428619384765625,0,5159,1.981182796
5160,1.981566820,-1.0303306579589844,0,5160,1.981566820
5161,1.981950845,-1.021270751953125,0,5161,1.981950845
5162,1.982334869,-1.0223007202148438,0,5162,1.982334869
5163,1.982718894,-1.0219001770019531,0,5163,1.982718894
5164,1.983102919,-1.0152435302734375,0,5164,1.983102919
5165,1.983486943,-1.0166358947753906,0,5165,1.983486943
5166,1.983870968,-1.0235977172851562,0,5166,1.983870968
5167,1.984254992,-1.0238265991210938,0,5167,1.984254992
5168,1.984639017,-1.0355758666992188,0,5168,1.984639017
5169,1.985023041,-1.0376358032226562,0,5169,1.985023041
5170,1.985407066,-1.0433197021484375,0,5170,1.985407066
5171,1.985791091,-1.0530281066894531,0,5171,1.985791091
5172,1.986175115,-1.0638236999511719,0,5172,1.986175115
5173,1.986559140,-1.0764503479003906,0,5173,1.986559140
5174,1.986943164,-1.0952568054199219,0,5174,1.986943164
5175,1.987327189,-1.0958099365234375,0,5175,1.987327189
5176,1.987711214,-1.09832763671875,0,5176,1.987711214
5177,1.988095238,-1.0986518859863281,0,5177,1.988095238
5178,1.988479263,-1.1066436767578125,0,5178,1.988479263
5179,1.988863287,-1.1181640625,0,5179,1.988863287
5180,1.989247312,-1.1239814758300781,0,5180,1.989247312
5181,1.989631336,-1.1318016052246094,0,5181,1.989631336
5182,1.990015361,-1.1421012878417969,0,5182,1.990015361
5183,1.990399386,-1.1469268798828125,0,5183,1.990399386
5184,1.990783410,-1.1496734619140625,0,5184,1.990783410
5185,1.991167435,-1.1524772644042969,0,5185,1.991167435
5186,1.991551459,-1.1583328247070312,0,5186,1.991551459
5187,1.991935484,-1.1678123474121094,0,5187,1.991935484
5188,1.992319508,-1.1760902404785156,0,5188,1.992319508
5189,1.992703533,-1.1960792541503906,0,5189,1.992703533
5190,1.993087558,-1.2115287780761719,0,5190,1.993087558
5191,1.993471582,-1.2185859680175781,0,5191,1.993471582
5192,1.993855607,-1.220703125,0,5192,1.993855607
5193,1.994239631,-1.2039947509765625,0,5193,1.994239631
5194,1.994623656,-1.1935615539550781,0,5194,1.994623656
5195,1.995007680,-1.1884117126464844,0,5195,1.995007680
5196,1.995391705,-1.1652374267578125,0,5196,1.995391705
5197,1.995775730,-1.1572456359863281,0,5197,1.995775730
5198,1.996159754,-1.1454010009765625,0,5198,1.996159754
5199,1.996543779,-1.1416244506835938,0,5199,1.996543779
5200,1.996927803,-1.1398506164550781,0,5200,1.996927803
5201,1.997311828,-1.1201667785644531,0,5201,1.997311828
5202,1.997695853,-1.0901069641113281,0,5202,1.997695853
5203,1.998079877,-1.0724830627441406,0,5203,1.998079877
5204,1.998463902,-1.0594367980957031,0,5204,1.998463902
5205,1.998847926,-1.058807373046875,0,5205,1.998847926
5206,1.999231951,-1.0594367980957031,0,5206,1.999231951
5207,1.999615975,-1.05255126953125,0,5207,1.999615975
5208,2.000000000,-1.0516357421875,0,5208,2.000000000
5209,2.000384025,-1.0479354858398438,0,5209,2.000384025
5210,2.000768049,-1.0396957397460938,0,5210,2.000768049
5211,2.001152074,-1.0466384887695312,0,5211,2.001152074
5212,2.001536098,-1.0361099243164062,0,5212,2.001536098
5213,2.001920123,-1.0264968872070312,0,5213,2.001920123
5214,2.002304147,-1.0231590270996094,0,5214,2.002304147
5215,2.002688172,-1.0297775268554688,0,5215,2.002688172
5216,2.003072197,-1.0249710083007812,0,5216,2.003072197
5217,2.003456221,-1.0122489929199219,0,5217,2.003456221
5218,2.003840246,-1.0114097595214844,0,5218,2.003840246
5219,2.004224270,-1.0191535949707031,0,5219,2.004224270
5220,2.004608295,-1.016693115234375,0,5220,2.004608295
5221,2.004992320,-1.0236358642578125,0,5221,2.004992320
5222,2.005376344,-1.0392379760742188,0,5222,2.005376344
5223,2.005760369,-1.0539817810058594,0,5223,2.005760369
5224,2.006144393,-1.0666656494140625,0,5224,2.006144393
5225,2.006528418,-1.0854911804199219,0,5225,2.006528418
5226,2.006912442,-1.0945701599121094,0,5226,2.006912442
5227,2.007296467,-1.0973358154296875,0,5227,2.007296467
5228,2.007680492,-1.1033439636230469,0,5228,2.007680492
5229,2.008064516,-1.1085128784179688,0,5229,2.008064516
5230,2.008448541,-1.1189079284667969,0,5230,2.008448541
5231,2.008832565,-1.1178016662597656,0,5231,2.008832565
5232,2.009216590,-1.1156845092773438,0,5232,2.009216590
5233,2.009600614,-1.1250114440917969,0,5233,2.009600614
5234,2.009984639,-1.1204147338867188,0,5234,2.009984639
5235,2.010368664,-1.1276817321777344,0,5235,2.010368664
5236,2.010752688,-1.1495018005371094,0,5236,2.010752688
5237,2.011136713,-1.1631965637207031,0,5237,2.011136713
5238,2.011520737,-1.1766815185546875,0,5238,2.011520737
5239,2.011904762,-1.1870765686035156,0,5239,2.011904762
5240,2.012288786,-1.1896324157714844,0,5240,2.012288786
5241,2.012672811,-1.1774253845214844,0,5241,2.012672811
5242,2.013056836,-1.1561012268066406,0,5242,2.013056836
5243,2.013440860,-1.169891357421875,0,5243,2.013440860
5244,2.013824885,-1.1741065979003906,0,5244,2.013824885
5245,2.014208909,-1.1832237243652344,0,5245,2.014208909
5246,2.014592934,-1.1763572692871094,0,5246,2.014592934
5247,2.014976959,-1.1722183227539062,0,5247,2.014976959
5248,2.015360983,-1.1565589904785156,0,5248,2.015360983
5249,2.015745008,-1.1379432678222656,0,5249,2.015745008
5250,2.016129032,-1.1326026916503906,0,5250,2.016129032
5251,2.016513057,-1.13037109375,0,5251,2.016513057
5252,2.016897081,-1.1106491088867188,0,5252,2.016897081
5253,2.017281106,-1.0965156555175781,0,5253,2.017281106
5254,2.017665131,-1.0798835754394531,0,5254,2.017665131
5255,2.018049155,-1.0720634460449219,0,5255,2.018049155
5256,2.018433180,-1.0630226135253906,0,5256,2.018433180
5257,2.018817204,-1.0224151611328125,0,5257,2.018817204
5258,2.019201229,-1.0050582885742188,0,5258,2.019201229
5259,2.019585253,-1.0158348083496094,0,5259,2.019585253
5260,2.019969278,-1.0371208190917969,0,5260,2.019969278
5261,2.020353303,-1.0619544982910156,0,5261,2.020353303
5262,2.020737327,-1.0927200317382812,0,5262,2.020737327
5263,2.021121352,-1.0881805419921875,0,5263,2.021121352
5264,2.021505376,-1.0630416870117188,0,5264,2.021505376
5265,2.021889401,-1.0360527038574219,0,5265,2.021889401
5266,2.022273425,-1.0199546813964844,0,5266,2.022273425
5267,2.022657450,-1.0109329223632812,0,5267,2.022657450
5268,2.023041475,-1.0045242309570312,0,5268,2.023041475
5269,2.023425499,-1.0052299499511719,0,5269,2.023425499
5270,2.023809524,-1.0075569152832031,0,5270,2.023809524
5271,2.024193548,-1.0294914245605469,0,5271,2.024193548
5272,2.024577573,-1.0370826721191406,0,5272,2.024577573
5273,2.024961598,-1.0483360290527344,0,5273,2.024961598
5274,2.025345622,-1.0549736022949219,0,5274,2.025345622
5275,2.025729647,-1.0766220092773438,0,5275,2.025729647
5276,2.026113671,-1.1032676696777344,0,5276,2.026113671
5277,2.026497696,-1.1072731018066406,0,5277,2.026497696
5278,2.026881720,-1.1065292358398438,0,5278,2.026881720
5279,2.027265745,-1.0985565185546875,0,5279,2.027265745
5280,2.027649770,-1.1036109924316406,0,5280,2.027649770
5281,2.028033794,-1.1115646362304688,0,5281,2.028033794
5282,2.028417819,-1.1163520812988281,0,5282,2.028417819
5283,2.028801843,-1.1185264587402344,0,5283,2.028801843
5284,2.029185868,-1.1287117004394531,0,5284,2.029185868
5285,2.029569892,-1.1365699768066406,0,5285,2.029569892
5286,2.029953917,-1.140594482421875,0,5286,2.029953917
5287,2.030337942,-1.1403846740722656,0,5287,2.030337942
5288,2.030721966,-1.1348342895507812,0,5288,2.030721966
5289,2.031105991,-1.1435890197753906,0,5289,2.031105991
5290,2.031490015,-1.1675834655761719,0,5290,2.031490015
5291,2.031874040,-1.1788368225097656,0,5291,2.031874040
5292,2.032258065,-1.1928176879882812,0,5292,2.032258065
5293,2.032642089,-1.2009620666503906,0,5293,2.032642089
5294,2.033026114,-1.2066268920898438,0,5294,2.033026114
5295,2.033410138,-1.2104415893554688,0,5295,2.033410138
5296,2.033794163,-1.2099075317382812,0,5296,2.033794163
5297,2.034178187,-1.20269775390625,0,5297,2.034178187
5298,2.034562212,-1.1770248413085938,0,5298,2.034562212
5299,2.034946237,-1.1546707153320312,0,5299,2.034946237
5300,2.035330261,-1.1431503295898438,0,5300,2.035330261
5301,2.035714286,-1.1479377746582031,0,5301,2.035714286
5302,2.036098310,-1.1524391174316406,0,5302,2.036098310
5303,2.036482335,-1.1417007446289062,0,5303,2.036482335
5304,2.036866359,-1.1210060119628906,0,5304,2.036866359
5305,2.037250384,-1.1058616638183594,0,5305,2.037250384
5306,2.037634409,-1.0923957824707031,0,5306,2.037634409
5307,2.038018433,-1.0861015319824219,0,5307,2.038018433
5308,2.038402458,-1.0889625549316406,0,5308,2.038402458
5309,2.038786482,-1.08123779296875,0,5309,2.038786482
5310,2.039170507,-1.074066162109375,0,5310,2.039170507
5311,2.039554531,-1.0751914978027344,0,5311,2.039554531
5312,2.039938556,-1.0715866088867188,0,5312,2.039938556
5313,2.040322581,-1.0712051391601562,0,5313,2.040322581
5314,2.040706605,-1.0500526428222656,0,5314,2.040706605
5315,2.041090630,-1.0366439819335938,0,5315,2.041090630
5316,2.041474654,-1.0219764709472656,0,5316,2.041474654
5317,2.041858679,-1.014556884765625,0,5317,2.041858679
5318,2.042242704,-1.0032844543457031,0,5318,2.042242704
5319,2.042626728,-1.0037040710449219,0,5319,2.042626728
5320,2.043010753,-1.0129356384277344,0,5320,2.043010753
5321,2.043394777,-1.0164070129394531,0,5321,2.043394777
5322,2.043778802,-1.0154342651367188,0,5322,2.043778802
5323,2.044162826,-1.0298728942871094,0,5323,2.044162826
5324,2.044546851,-1.0459709167480469,0,5324,2.044546851
5325,2.044930876,-1.0501480102539062,0,5325,2.044930876
5326,2.045314900,-1.0551643371582031,0,5326,2.045314900
5327,2.045698925,-1.0629653930664062,0,5327,2.045698925
5328,2.046082949,-1.0808753967285156,0,5328,2.046082949
5329,2.046466974,-1.0907745361328125,0,5329,2.046466974
5330,2.046850998,-1.0836410522460938,0,5330,2.046850998
5331,2.047235023,-1.0923194885253906,0,5331,2.047235023
5332,2.047619048,-1.0931205749511719,0,5332,2.047619048
5333,2.048003072,-1.0985374450683594,0,5333,2.048003072
5334,2.048387097,-1.1062049865722656,0,5334,2.048387097
5335,2.048771121,-1.1191177368164062,0,5335,2.048771121
5336,2.049155146,-1.1297798156738281,0,5336,2.049155146
5337,2.049539171,-1.1356163024902344,0,5337,2.049539171
5338,2.049923195,-1.1384963989257812,0,5338,2.049923195
5339,2.050307220,-1.1439704895019531,0,5339,2.050307220
5340,2.050691244,-1.1537361145019531,0,5340,2.050691244
5341,2.051075269,-1.1599922180175781,0,5341,2.051075269
5342,2.051459293,-1.1732101440429688,0,5342,2.051459293
5343,2.051843318,-1.1872291564941406,0,5343,2.051843318
5344,2.052227343,-1.2056922912597656,0,5344,2.052227343
5345,2.052611367,-1.2185478210449219,0,5345,2.052611367
5346,2.052995392,-1.2157821655273438,0,5346,2.052995392
5347,2.053379416,-1.2098312377929688,0,5347,2.053379416
5348,2.053763441,-1.20025634765625,0,5348,2.053763441
5349,2.054147465,-1.1934280395507812,0,5349,2.054147465
5350,2.054531490,-1.1836051940917969,0,5350,2.054531490
5351,2.054915515,-1.1625289916992188,0,5351,2.054915515
5352,2.055299539,-1.14532470703125,0,5352,2.055299539
5353,2.055683564,-1.1311531066894531,0,5353,2.055683564
5354,2.056067588,-1.1311149597167969,0,5354,2.056067588
5355,2.056451613,-1.1219978332519531,0,5355,2.056451613
5356,2.056835637,-1.1121749877929688,0,5356,2.056835637
5357,2.057219662,-1.1096763610839844,0,5357,2.057219662
5358,2.057603687,-1.0948753356933594,0,5358,2.057603687
5359,2.057987711,-1.0889816284179688,0,5359,2.057987711
5360,2.058371736,-1.0806846618652344,0,5360,2.058371736
5361,2.058755760,-1.0706329345703125,0,5361,2.058755760
5362,2.059139785,-1.06414794921875,0,5362,2.059139785
5363,2.059523810,-1.0712242126464844,0,5363,2.059523810
5364,2.059907834,-1.0770034790039062,0,5364,2.059907834
5365,2.060291859,-1.0613632202148438,0,5365,2.060291859
5366,2.060675883,-1.0494804382324219,0,5366,2.060675883
5367,2.061059908,-1.0448646545410156,0,5367,2.061059908
5368,2.061443932,-1.0359954833984375,0,5368,2.061443932
5369,2.061827957,-1.0306167602539062,0,5369,2.061827957
5370,2.062211982,-1.0287284851074219,0,5370,2.062211982
5371,2.062596006,-1.0207557678222656,0,5371,2.062596006
5372,2.062980031,-1.0109710693359375,0,5372,2.062980031
5373,2.063364055,-1.0114669799804688,0,5373,2.063364055
5374,2.063748080,-1.0181236267089844,0,5374,2.063748080
5375,2.064132104,-1.0255813598632812,0,5375,2.064132104
5376,2.064516129,-1.0345840454101562,0,5376,2.064516129
5377,2.064900154,-1.0543251037597656,0,5377,2.064900154
5378,2.065284178,-1.0674667358398438,0,5378,2.065284178
5379,2.065668203,-1.0765838623046875,0,5379,2.065668203
5380,2.066052227,-1.0810089111328125,0,5380,2.066052227
5381,2.066436252,-1.0857391357421875,0,5381,2.066436252
5382,2.066820276,-1.0901832580566406,0,5382,2.066820276
5383,2.067204301,-1.0996818542480469,0,5383,2.067204301
5384,2.067588326,-1.10931396484375,0,5384,2.067588326
5385,2.067972350,-1.1238670349121094,0,5385,2.067972350
5386,2.068356375,-1.1271286010742188,0,5386,2.068356375
5387,2.068740399,-1.1379241943359375,0,5387,2.068740399
5388,2.069124424,-1.1309814453125,0,5388,2.069124424
5389,2.069508449,-1.129302978515625,0,5389,2.069508449
5390,2.069892473,-1.1327552795410156,0,5390,2.069892473
5391,2.070276498,-1.123199462890625,0,5391,2.070276498
5392,2.070660522,-1.1072158813476562,0,5392,2.070660522
5393,2.071044547,-1.1175537109375,0,5393,2.071044547
5394,2.071428571,-1.1399459838867188,0,5394,2.071428571
5395,2.071812596,-1.1603927612304688,0,5395,2.071812596
5396,2.072196621,-1.1951637268066406,0,5396,2.072196621
5397,2.072580645,-1.2035751342773438,0,5397,2.072580645
5398,2.072964670,-1.2148284912109375,0,5398,2.072964670
5399,2.073348694,-1.2206077575683594,0,5399,2.073348694
5400,2.073732719,-1.2152862548828125,0,5400,2.073732719
5401,2.074116743,-1.2092399597167969,0,5401,2.074116743
5402,2.074500768,-1.1915206909179688,0,5402,2.074500768
5403,2.074884793,-1.1724853515625,0,5403,2.074884793
5404,2.075268817,-1.1527442932128906,0,5404,2.075268817
5405,2.075652842,-1.1336708068847656,0,5405,2.075652842
5406,2.076036866,-1.1256980895996094,0,5406,2.076036866
5407,2.076420891,-1.0774612426757812,0,5407,2.076420891
5408,2.076804916,-1.0409736633300781,0,5408,2.076804916
5409,2.077188940,-1.0410499572753906,0,5409,2.077188940
5410,2.077572965,-1.056671142578125,0,5410,2.077572965
5411,2.077956989,-1.082763671875,0,5411,2.077956989
5412,2.078341014,-1.1202621459960938,0,5412,2.078341014
5413,2.078725038,-1.1118507385253906,0,5413,2.078725038
5414,2.079109063,-1.09161376953125,0,5414,2.079109063
5415,2.079493088,-1.0802650451660156,0,5415,2.079493088
5416,2.079877112,-1.0778999328613281,0,5416,2.079877112
5417,2.080261137,-1.0891532897949219,0,5417,2.080261137
5418,2.080645161,-1.0685539245605469,0,5418,2.080645161
5419,2.081029186,-1.0503578186035156,0,5419,2.081029186
5420,2.081413210,-1.0282135009765625,0,5420,2.081413210
5421,2.081797235,-1.0175895690917969,0,5421,2.081797235
5422,2.082181260,-1.0044670104980469,0,5422,2.082181260
5423,2.082565284,-0.9899520874023438,0,5423,2.082565284
5424,2.082949309,-0.9945106506347656,0,5424,2.082949309
5425,2.083333333,-1.0186386108398438,0,5425,2.083333333
5426,2.083717358,-1.0513877868652344,0,5426,2.083717358
5427,2.084101382,-1.0647964477539062,0,5427,2.084101382
5428,2.084485407,-1.0709762573242188,0,5428,2.084485407
5429,2.084869432,-1.0680389404296875,0,5429,2.084869432
5430,2.085253456,-1.0715866088867188,0,5430,2.085253456
5431,2.085637481,-1.0653305053710938,0,5431,2.085637481
5432,2.086021505,-1.0744285583496094,0,5432,2.086021505
5433,2.086405530,-1.0864639282226562,0,5433,2.086405530
5434,2.086789555,-1.1030960083007812,0,5434,2.086789555
5435,2.087173579,-1.1126708984375,0,5435,2.087173579
5436,2.087557604,-1.1133384704589844,0,5436,2.087557604
5437,2.087941628,-1.1343002319335938,0,5437,2.087941628
5438,2.088325653,-1.1351394653320312,0,5438,2.088325653
5439,2.088709677,-1.127166748046875,0,5439,2.088709677
5440,2.089093702,-1.1303901672363281,0,5440,2.089093702
5441,2.089477727,-1.1377906799316406,0,5441,2.089477727
5442,2.089861751,-1.1407852172851562,0,5442,2.089861751
5443,2.090245776,-1.1509513854980469,0,5443,2.090245776
5444,2.090629800,-1.1533546447753906,0,5444,2.090629800
5445,2.091013825,-1.1613082885742188,0,5445,2.091013825
5446,2.091397849,-1.1786651611328125,0,5446,2.091397849
5447,2.091781874,-1.1903572082519531,0,5447,2.091781874
5448,2.092165899,-1.1983680725097656,0,5448,2.092165899
5449,2.092549923,-1.2087440490722656,0,5449,2.092549923
5450,2.092933948,-1.2166786193847656,0,5450,2.092933948
5451,2.093317972,-1.2158966064453125,0,5451,2.093317972
5452,2.093701997,-1.2011528015136719,0,5452,2.093701997
5453,2.094086022,-1.1876869201660156,0,5453,2.094086022
5454,2.094470046,-1.1651611328125,0,5454,2.094470046
5455,2.094854071,-1.148223876953125,0,5455,2.094854071
5456,2.095238095,-1.1386871337890625,0,5456,2.095238095
5457,2.095622120,-1.1377525329589844,0,5457,2.095622120
5458,2.096006144,-1.1274528503417969,0,5458,2.096006144
5459,2.096390169,-1.1182022094726562,0,5459,2.096390169
5460,2.096774194,-1.1019134521484375,0,5460,2.096774194
5461,2.097158218,-1.0985946655273438,0,5461,2.097158218
5462,2.097542243,-1.0905647277832031,0,5462,2.097542243
5463,2.097926267,-1.0835075378417969,0,5463,2.097926267
5464,2.098310292,-1.0786628723144531,0,5464,2.098310292
5465,2.098694316,-1.0631561279296875,0,5465,2.098694316
5466,2.099078341,-1.0570907592773438,0,5466,2.099078341
5467,2.099462366,-1.0606765747070312,0,5467,2.099462366
5468,2.099846390,-1.0606002807617188,0,5468,2.099846390
5469,2.100230415,-1.0598373413085938,0,5469,2.100230415
5470,2.100614439,-1.0449600219726562,0,5470,2.100614439
5471,2.100998464,-1.0338211059570312,0,5471,2.100998464
5472,2.101382488,-1.0196304321289062,0,5472,2.101382488
5473,2.101766513,-1.0179328918457031,0,5473,2.101766513
5474,2.102150538,-1.0161972045898438,0,5474,2.102150538
5475,2.102534562,-1.0106849670410156,0,5475,2.102534562
5476,2.102918587,-1.01715087890625,0,5476,2.102918587
5477,2.103302611,-1.0297012329101562,0,5477,2.103302611
5478,2.103686636,-1.0252952575683594,0,5478,2.103686636
5479,2.104070661,-1.0344696044921875,0,5479,2.104070661
5480,2.104454685,-1.0499763488769531,0,5480,2.104454685
5481,2.104838710,-1.0586929321289062,0,5481,2.104838710
5482,2.105222734,-1.0634803771972656,0,5482,2.105222734
5483,2.105606759,-1.0629844665527344,0,5483,2.105606759
5484,2.105990783,-1.0776519775390625,0,5484,2.105990783
5485,2.106374808,-1.0873031616210938,0,5485,2.106374808
5486,2.106758833,-1.0923576354980469,0,5486,2.106758833
5487,2.107142857,-1.1017990112304688,0,5487,2.107142857
5488,2.107526882,-1.1109733581542969,0,5488,2.107526882
5489,2.107910906,-1.1160469055175781,0,5489,2.107910906
5490,2.108294931,-1.1234664916992188,0,5490,2.108294931
5491,2.108678955,-1.1294746398925781,0,5491,2.108678955
5492,2.109062980,-1.1336708068847656,0,5492,2.109062980
5493,2.109447005,-1.1412620544433594,0,5493,2.109447005
5494,2.109831029,-1.1442947387695312,0,5494,2.109831029
5495,2.110215054,-1.1382484436035156,0,5495,2.110215054
5496,2.110599078,-1.1534500122070312,0,5496,2.110599078
5497,2.110983103,-1.1709403991699219,0,5497,2.110983103
5498,2.111367127,-1.1781501770019531,0,5498,2.111367127
5499,2.111751152,-1.1841011047363281,0,5499,2.111751152
5500,2.112135177,-1.1919593811035156,0,5500,2.112135177
5501,2.112519201,-1.2103843688964844,0,5501,2.112519201
5502,2.112903226,-1.2183570861816406,0,5502,2.112903226
5503,2.113287250,-1.2066650390625,0,5503,2.113287250
5504,2.113671275,-1.1980247497558594,0,5504,2.113671275
5505,2.114055300,-1.1788368225097656,0,5505,2.114055300
5506,2.114439324,-1.1645698547363281,0,5506,2.114439324
5507,2.114823349,-1.1611557006835938,0,5507,2.114823349
5508,2.115207373,-1.1420440673828125,0,5508,2.115207373
5509,2.115591398,-1.1457061767578125,0,5509,2.115591398
5510,2.115975422,-1.1349868774414062,0,5510,2.115975422
5511,2.116359447,-1.1215972900390625,0,5511,2.116359447
5512,2.116743472,-1.0934829711914062,0,5512,2.116743472
5513,2.117127496,-1.0838508605957031,0,5513,2.117127496
5514,2.117511521,-1.0752487182617188,0,5514,2.117511521
5515,2.117895545,-1.0745811462402344,0,5515,2.117895545
5516,2.118279570,-1.0825729370117188,0,5516,2.118279570
5517,2.118663594,-1.0907554626464844,0,5517,2.118663594
5518,2.119047619,-1.0931396484375,0,5518,2.119047619
5519,2.119431644,-1.0761070251464844,0,5519,2.119431644
5520,2.119815668,-1.0716819763183594,0,5520,2.119815668
5521,2.120199693,-1.0601997375488281,0,5521,2.120199693
5522,2.120583717,-1.0359573364257812,0,5522,2.120583717
5523,2.120967742,-1.0253715515136719,0,5523,2.120967742
5524,2.121351767,-1.024322509765625,0,5524,2.121351767
5525,2.121735791,-1.0231590270996094,0,5525,2.121735791
5526,2.122119816,-1.0100936889648438,0,5526,2.122119816
5527,2.122503840,-1.0028839111328125,0,5527,2.122503840
5528,2.122887865,-1.0152053833007812,0,5528,2.122887865
5529,2.123271889,-1.021881103515625,0,5529,2.123271889
5530,2.123655914,-1.029205322265625,0,5530,2.123655914
5531,2.124039939,-1.0529708862304688,0,5531,2.124039939
5532,2.124423963,-1.0635757446289062,0,5532,2.124423963
5533,2.124807988,-1.0684967041015625,0,5533,2.124807988
5534,2.125192012,-1.0660743713378906,0,5534,2.125192012
5535,2.125576037,-1.0762786865234375,0,5535,2.125576037
5536,2.125960061,-1.0876655578613281,0,5536,2.125960061
5537,2.126344086,-1.0850715637207031,0,5537,2.126344086
5538,2.126728111,-1.0948371887207031,0,5538,2.126728111
5539,2.127112135,-1.103515625,0,5539,2.127112135
5540,2.127496160,-1.1088752746582031,0,5540,2.127496160
5541,2.127880184,-1.1064338684082031,0,5541,2.127880184
5542,2.128264209,-1.0878562927246094,0,5542,2.128264209
5543,2.128648233,-1.0982704162597656,0,5543,2.128648233
5544,2.129032258,-1.1064529418945312,0,5544,2.129032258
5545,2.129416283,-1.1175346374511719,0,5545,2.129416283
5546,2.129800307,-1.1324691772460938,0,5546,2.129800307
5547,2.130184332,-1.143035888671875,0,5547,2.130184332
5548,2.130568356,-1.1563873291015625,0,5548,2.130568356
5549,2.130952381,-1.1720848083496094,0,5549,2.130952381
5550,2.131336406,-1.1803817749023438,0,5550,2.131336406
5551,2.131720430,-1.1996841430664062,0,5551,2.131720430
5552,2.132104455,-1.2063789367675781,0,5552,2.132104455
5553,2.132488479,-1.2008476257324219,0,5553,2.132488479
5554,2.132872504,-1.2096977233886719,0,5554,2.132872504
5555,2.133256528,-1.1945152282714844,0,5555,2.133256528
5556,2.133640553,-1.1867141723632812,0,5556,2.133640553
5557,2.134024578,-1.1453819274902344,0,5557,2.134024578
5558,2.134408602,-1.1193275451660156,0,5558,2.134408602
5559,2.134792627,-1.112213134765625,0,5559,2.134792627
5560,2.135176651,-1.1266326904296875,0,5560,2.135176651
5561,2.135560676,-1.1399459838867188,0,5561,2.135560676
5562,2.135944700,-1.1779022216796875,0,5562,2.135944700
5563,2.136328725,-1.1554145812988281,0,5563,2.136328725
5564,2.136712750,-1.1222076416015625,0,5564,2.136712750
5565,2.137096774,-1.0934638977050781,0,5565,2.137096774
5566,2.137480799,-1.0803031921386719,0,5566,2.137480799
5567,2.137864823,-1.0792922973632812,0,5567,2.137864823
5568,2.138248848,-1.0795211791992188,0,5568,2.138248848
5569,2.138632873,-1.0749435424804688,0,5569,2.138632873
5570,2.139016897,-1.0722541809082031,0,5570,2.139016897
5571,2.139400922,-1.067657470703125,0,5571,2.139400922
5572,2.139784946,-1.0555267333984375,0,5572,2.139784946
5573,2.140168971,-1.0367202758789062,0,5573,2.140168971
5574,2.140552995,-1.0290718078613281,0,5574,2.140552995
5575,2.140937020,-1.0426902770996094,0,5575,2.140937020
5576,2.141321045,-1.0643577575683594,0,5576,2.141321045
5577,2.141705069,-1.0725593566894531,0,5577,2.141705069
5578,2.142089094,-1.0633659362792969,0,5578,2.142089094
5579,2.142473118,-1.0575485229492188,0,5579,2.142473118
5580,2.142857143,-1.0506248474121094,0,5580,2.142857143
5581,2.143241167,-1.0377693176269531,0,5581,2.143241167
5582,2.143625192,-1.0400390625,0,5582,2.143625192
5583,2.144009217,-1.0482215881347656,0,5583,2.144009217
5584,2.144393241,-1.0516738891601562,0,5584,2.144393241
5585,2.144777266,-1.0636711120605469,0,5585,2.144777266
5586,2.145161290,-1.0723304748535156,0,5586,2.145161290
5587,2.145545315,-1.0759925842285156,0,5587,2.145545315
5588,2.145929339,-1.0851287841796875,0,5588,2.145929339
5589,2.146313364,-1.0949897766113281,0,5589,2.146313364
5590,2.146697389,-1.1012649536132812,0,5590,2.146697389
5591,2.147081413,-1.1113548278808594,0,5591,2.147081413
5592,2.147465438,-1.122894287109375,0,5592,2.147465438
5593,2.147849462,-1.1268424987792969,0,5593,2.147849462
5594,2.148233487,-1.1336135864257812,0,5594,2.148233487
5595,2.148617512,-1.1346626281738281,0,5595,2.148617512
5596,2.149001536,-1.1437034606933594,0,5596,2.149001536
5597,2.149385561,-1.1466026306152344,0,5597,2.149385561
5598,2.149769585,-1.139068603515625,0,5598,2.149769585
5599,2.150153610,-1.1447334289550781,0,5599,2.150153610
5600,2.150537634,-1.1557579040527344,0,5600,2.150537634
5601,2.150921659,-1.1713218688964844,0,5601,2.150921659
5602,2.151305684,-1.1915206909179688,0,5602,2.151305684
5603,2.151689708,-1.1987495422363281,0,5603,2.151689708
5604,2.152073733,-1.2093734741210938,0,5604,2.152073733
5605,2.152457757,-1.2182998657226562,0,5605,2.152457757
5606,2.152841782,-1.2216758728027344,0,5606,2.152841782
5607,2.153225806,-1.2141990661621094,0,5607,2.153225806
5608,2.153609831,-1.1981964111328125,0,5608,2.153609831
5609,2.153993856,-1.1854171752929688,0,5609,2.153993856
5610,2.154377880,-1.1803817749023438,0,5610,2.154377880
5611,2.154761905,-1.1662673950195312,0,5611,2.154761905
5612,2.155145929,-1.1633110046386719,0,5612,2.155145929
5613,2.155529954,-1.1489486694335938,0,5613,2.155529954
5614,2.155913978,-1.1211204528808594,0,5614,2.155913978
5615,2.156298003,-1.1151313781738281,0,5615,2.156298003
5616,2.156682028,-1.1048698425292969,0,5616,2.156682028
5617,2.157066052,-1.0914039611816406,0,5617,2.157066052
5618,2.157450077,-1.0882759094238281,0,5618,2.157450077
5619,2.157834101,-1.0864448547363281,0,5619,2.157834101
5620,2.158218126,-1.0798263549804688,0,5620,2.158218126
5621,2.158602151,-1.0873222351074219,0,5621,2.158602151
5622,2.158986175,-1.0832977294921875,0,5622,2.158986175
5623,2.159370200,-1.0718345642089844,0,5623,2.159370200
5624,2.159754224,-1.0553741455078125,0,5624,2.159754224
5625,2.160138249,-1.0514068603515625,0,5625,2.160138249
5626,2.160522273,-1.0423660278320312,0,5626,2.160522273
5627,2.160906298,-1.0330581665039062,0,5627,2.160906298
5628,2.161290323,-1.0279655456542969,0,5628,2.161290323
5629,2.161674347,-1.0320854187011719,0,5629,2.161674347
5630,2.162058372,-1.028900146484375,0,5630,2.162058372
5631,2.162442396,-1.0247993469238281,0,5631,2.162442396
5632,2.162826421,-1.0174751281738281,0,5632,2.162826421
5633,2.163210445,-1.0344886779785156,0,5633,2.163210445
5634,2.163594470,-1.0394668579101562,0,5634,2.163594470
5635,2.163978495,-1.0475540161132812,0,5635,2.163978495
5636,2.164362519,-1.0515403747558594,0,5636,2.164362519
5637,2.164746544,-1.0678482055664062,0,5637,2.164746544
5638,2.165130568,-1.0681724548339844,0,5638,2.165130568
5639,2.165514593,-1.07940673828125,0,5639,2.165514593
5640,2.165898618,-1.0919189453125,0,5640,2.165898618
5641,2.166282642,-1.0964584350585938,0,5641,2.166282642
5642,2.166666667,-1.1083984375,0,5642,2.166666667
5643,2.167050691,-1.1182785034179688,0,5643,2.167050691
5644,2.167434716,-1.1245536804199219,0,5644,2.167434716
5645,2.167818740,-1.1291122436523438,0,5645,2.167818740
5646,2.168202765,-1.1390495300292969,0,5646,2.168202765
5647,2.168586790,-1.14349365234375,0,5647,2.168586790
5648,2.168970814,-1.1379432678222656,0,5648,2.168970814
5649,2.169354839,-1.1392974853515625,0,5649,2.169354839
5650,2.169738863,-1.1514472961425781,0,5650,2.169738863
5651,2.170122888,-1.1548423767089844,0,5651,2.170122888
5652,2.170506912,-1.1751556396484375,0,5652,2.170506912
5653,2.170890937,-1.1941909790039062,0,5653,2.170890937
5654,2.171274962,-1.2139320373535156,0,5654,2.171274962
5655,2.171658986,-1.2164878845214844,0,5655,2.171658986
5656,2.172043011,-1.222991943359375,0,5656,2.172043011
5657,2.172427035,-1.2188529968261719,0,5657,2.172427035
5658,2.172811060,-1.2180328369140625,0,5658,2.172811060
5659,2.173195084,-1.2059211730957031,0,5659,2.173195084
5660,2.173579109,-1.1957740783691406,0,5660,2.173579109
5661,2.173963134,-1.1781883239746094,0,5661,2.173963134
5662,2.174347158,-1.1646461486816406,0,5662,2.174347158
5663,2.174731183,-1.1492729187011719,0,5663,2.174731183
5664,2.175115207,-1.1413192749023438,0,5664,2.175115207
5665,2.175499232,-1.1287689208984375,0,5665,2.175499232
5666,2.175883257,-1.1194801330566406,0,5666,2.175883257
5667,2.176267281,-1.1195755004882812,0,5667,2.176267281
5668,2.176651306,-1.1156463623046875,0,5668,2.176651306
5669,2.177035330,-1.1090850830078125,0,5669,2.177035330
5670,2.177419355,-1.0953521728515625,0,5670,2.177419355
5671,2.177803379,-1.0917472839355469,0,5671,2.177803379
5672,2.178187404,-1.0822486877441406,0,5672,2.178187404
5673,2.178571429,-1.07635498046875,0,5673,2.178571429
5674,2.178955453,-1.06842041015625,0,5674,2.178955453
5675,2.179339478,-1.0675430297851562,0,5675,2.179339478
5676,2.179723502,-1.072540283203125,0,5676,2.179723502
5677,2.180107527,-1.071624755859375,0,5677,2.180107527
5678,2.180491551,-1.0574531555175781,0,5678,2.180491551
5679,2.180875576,-1.0460472106933594,0,5679,2.180875576
5680,2.181259601,-1.0315513610839844,0,5680,2.181259601
5681,2.181643625,-1.0161209106445312,0,5681,2.181643625
5682,2.182027650,-1.0211181640625,0,5682,2.182027650
5683,2.182411674,-1.0301971435546875,0,5683,2.182411674
5684,2.182795699,-1.0318565368652344,0,5684,2.182795699
5685,2.183179724,-1.0332870483398438,0,5685,2.183179724
5686,2.183563748,-1.0412406921386719,0,5686,2.183563748
5687,2.183947773,-1.04827880859375,0,5687,2.183947773
5688,2.184331797,-1.055450439453125,0,5688,2.184331797
5689,2.184715822,-1.0580635070800781,0,5689,2.184715822
5690,2.185099846,-1.0680770874023438,0,5690,2.185099846
5691,2.185483871,-1.0643196105957031,0,5691,2.185483871
5692,2.185867896,-1.0466384887695312,0,5692,2.185867896
5693,2.186251920,-1.0713386535644531,0,5693,2.186251920
5694,2.186635945,-1.095123291015625,0,5694,2.186635945
5695,2.187019969,-1.1050033569335938,0,5695,2.187019969
5696,2.187403994,-1.1069488525390625,0,5696,2.187403994
5697,2.187788018,-1.1214256286621094,0,5697,2.187788018
5698,2.188172043,-1.1245536804199219,0,5698,2.188172043
5699,2.188556068,-1.137847900390625,0,5699,2.188556068
5700,2.188940092,-1.1523246765136719,0,5700,2.188940092
5701,2.189324117,-1.1462974548339844,0,5701,2.189324117
5702,2.189708141,-1.1491203308105469,0,5702,2.189708141
5703,2.190092166,-1.1554527282714844,0,5703,2.190092166
5704,2.190476190,-1.1657524108886719,0,5704,2.190476190
5705,2.190860215,-1.1875724792480469,0,5705,2.190860215
5706,2.191244240,-1.201934814453125,0,5706,2.191244240
5707,2.191628264,-1.18377685546875,0,5707,2.191628264
5708,2.192012289,-1.1815834045410156,0,5708,2.192012289
5709,2.192396313,-1.1896514892578125,0,5709,2.192396313
5710,2.192780338,-1.1931228637695312,0,5710,2.192780338
5711,2.193164363,-1.1933326721191406,0,5711,2.193164363
5712,2.193548387,-1.2066268920898438,0,5712,2.193548387
5713,2.193932412,-1.2015724182128906,0,5713,2.193932412
5714,2.194316436,-1.1844635009765625,0,5714,2.194316436
5715,2.194700461,-1.1704826354980469,0,5715,2.194700461
5716,2.195084485,-1.1449241638183594,0,5716,2.195084485
5717,2.195468510,-1.1429405212402344,0,5717,2.195468510
5718,2.195852535,-1.1284255981445312,0,5718,2.195852535
5719,2.196236559,-1.1184883117675781,0,5719,2.196236559
5720,2.196620584,-1.1096954345703125,0,5720,2.196620584
5721,2.197004608,-1.098785400390625,0,5721,2.197004608
5722,2.197388633,-1.0816383361816406,0,5722,2.197388633
5723,2.197772657,-1.0786056518554688,0,5723,2.197772657
5724,2.198156682,-1.0843849182128906,0,5724,2.198156682
5725,2.198540707,-1.0976982116699219,0,5725,2.198540707
5726,2.198924731,-1.1050987243652344,0,5726,2.198924731
5727,2.199308756,-1.0960578918457031,0,5727,2.199308756
5728,2.199692780,-1.0864067077636719,0,5728,2.199692780
5729,2.200076805,-1.0704421997070312,0,5729,2.200076805
5730,2.200460829,-1.0466194152832031,0,5730,2.200460829
5731,2.200844854,-1.0297393798828125,0,5731,2.200844854
5732,2.201228879,-1.0214805603027344,0,5732,2.201228879
5733,2.201612903,-1.0272789001464844,0,5733,2.201612903
5734,2.201996928,-1.030731201171875,0,5734,2.201996928
5735,2.202380952,-1.0354995727539062,0,5735,2.202380952
5736,2.202764977,-1.0353469848632812,0,5736,2.202764977
5737,2.203149002,-1.0334968566894531,0,5737,2.203149002
5738,2.203533026,-1.0410690307617188,0,5738,2.203533026
5739,2.203917051,-1.0413742065429688,0,5739,2.203917051
5740,2.204301075,-1.0536956787109375,0,5740,2.204301075
5741,2.204685100,-1.0615348815917969,0,5741,2.204685100
5742,2.205069124,-1.074066162109375,0,5742,2.205069124
5743,2.205453149,-1.0924339294433594,0,5743,2.205453149
5744,2.205837174,-1.0960006713867188,0,5744,2.205837174
5745,2.206221198,-1.097259521484375,0,5745,2.206221198
5746,2.206605223,-1.1129570007324219,0,5746,2.206605223
5747,2.206989247,-1.1157608032226562,0,5747,2.206989247
5748,2.207373272,-1.1277198791503906,0,5748,2.207373272
5749,2.207757296,-1.1412811279296875,0,5749,2.207757296
5750,2.208141321,-1.1442756652832031,0,5750,2.208141321
5751,2.208525346,-1.14959716796875,0,5751,2.208525346
5752,2.208909370,-1.1526870727539062,0,5752,2.208909370
5753,2.209293395,-1.15325927734375,0,5753,2.209293395
5754,2.209677419,-1.1495018005371094,0,5754,2.209677419
5755,2.210061444,-1.1640548706054688,0,5755,2.210061444
5756,2.210445469,-1.1815834045410156,0,5756,2.210445469
5757,2.210829493,-1.1968231201171875,0,5757,2.210829493
5758,2.211213518,-1.2033271789550781,0,5758,2.211213518
5759,2.211597542,-1.2212371826171875,0,5759,2.211597542
5760,2.211981567,-1.213226318359375,0,5760,2.211981567
5761,2.212365591,-1.2098121643066406,0,5761,2.212365591
5762,2.212749616,-1.2080192565917969,0,5762,2.212749616
5763,2.213133641,-1.2088584899902344,0,5763,2.213133641
5764,2.213517665,-1.1963462829589844,0,5764,2.213517665
5765,2.213901690,-1.1828994750976562,0,5765,2.213901690
5766,2.214285714,-1.1751174926757812,0,5766,2.214285714
5767,2.214669739,-1.1634445190429688,0,5767,2.214669739
5768,2.215053763,-1.1554145812988281,0,5768,2.215053763
5769,2.215437788,-1.1409378051757812,0,5769,2.215437788
5770,2.215821813,-1.1228752136230469,0,5770,2.215821813
5771,2.216205837,-1.1130523681640625,0,5771,2.216205837
5772,2.216589862,-1.0963058471679688,0,5772,2.216589862
5773,2.216973886,-1.0964775085449219,0,5773,2.216973886
5774,2.217357911,-1.0974502563476562,0,5774,2.217357911
5775,2.217741935,-1.0941505432128906,0,5775,2.217741935
5776,2.218125960,-1.0889244079589844,0,5776,2.218125960
5777,2.218509985,-1.0831260681152344,0,5777,2.218509985
5778,2.218894009,-1.0832595825195312,0,5778,2.218894009
5779,2.219278034,-1.06842041015625,0,5779,2.219278034
5780,2.219662058,-1.065216064453125,0,5780,2.219662058
5781,2.220046083,-1.0465240478515625,0,5781,2.220046083
5782,2.220430108,-1.0420989990234375,0,5782,2.220430108
5783,2.220814132,-1.0325431823730469,0,5783,2.220814132
5784,2.221198157,-1.0262298583984375,0,5784,2.221198157
5785,2.221582181,-1.0287094116210938,0,5785,2.221582181
5786,2.221966206,-1.033477783203125,0,5786,2.221966206
5787,2.222350230,-1.040496826171875,0,5787,2.222350230
5788,2.222734255,-1.0409736633300781,0,5788,2.222734255
5789,2.223118280,-1.0417747497558594,0,5789,2.223118280
5790,2.223502304,-1.0509681701660156,0,5790,2.223502304
5791,2.223886329,-1.0612678527832031,0,5791,2.223886329
5792,2.224270353,-1.071624755859375,0,5792,2.224270353
5793,2.224654378,-1.0862922668457031,0,5793,2.224654378
5794,2.225038402,-1.0920524597167969,0,5794,2.225038402
5795,2.225422427,-1.0914802551269531,0,5795,2.225422427
5796,2.225806452,-1.1077499389648438,0,5796,2.225806452
5797,2.226190476,-1.1272811889648438,0,5797,2.226190476
5798,2.226574501,-1.1245918273925781,0,5798,2.226574501
5799,2.226958525,-1.1383628845214844,0,5799,2.226958525
5800,2.227342550,-1.1485671997070312,0,5800,2.227342550
5801,2.227726575,-1.1509895324707031,0,5801,2.227726575
5802,2.228110599,-1.1444473266601562,0,5802,2.228110599
5803,2.228494624,-1.1433219909667969,0,5803,2.228494624
5804,2.228878648,-1.1456298828125,0,5804,2.228878648
5805,2.229262673,-1.1531639099121094,0,5805,2.229262673
5806,2.229646697,-1.1614418029785156,0,5806,2.229646697
5807,2.230030722,-1.1760330200195312,0,5807,2.230030722
5808,2.230414747,-1.1882209777832031,0,5808,2.230414747
5809,2.230798771,-1.2080001831054688,0,5809,2.230798771
5810,2.231182796,-1.2198257446289062,0,5810,2.231182796
5811,2.231566820,-1.2252426147460938,0,5811,2.231566820
5812,2.231950845,-1.2246894836425781,0,5812,2.231950845
5813,2.232334869,-1.2182235717773438,0,5813,2.232334869
5814,2.232718894,-1.2194252014160156,0,5814,2.232718894
5815,2.233102919,-1.2034988403320312,0,5815,2.233102919
5816,2.233486943,-1.1828422546386719,0,5816,2.233486943
5817,2.233870968,-1.1721420288085938,0,5817,2.233870968
5818,2.234254992,-1.154022216796875,0,5818,2.234254992
5819,2.234639017,-1.1375999450683594,0,5819,2.234639017
5820,2.235023041,-1.1367988586425781,0,5820,2.235023041
5821,2.235407066,-1.130218505859375,0,5821,2.235407066
5822,2.235791091,-1.12640380859375,0,5822,2.235791091
5823,2.236175115,-1.1154556274414062,0,5823,2.236175115
5824,2.236559140,-1.100921630859375,0,5824,2.236559140
5825,2.236943164,-1.09893798828125,0,5825,2.236943164
5826,2.237327189,-1.091156005859375,0,5826,2.237327189
5827,2.237711214,-1.083221435546875,0,5827,2.237711214
5828,2.238095238,-1.0741424560546875,0,5828,2.238095238
5829,2.238479263,-1.0765838623046875,0,5829,2.238479263
5830,2.238863287,-1.0825157165527344,0,5830,2.238863287
5831,2.239247312,-1.0694122314453125,0,5831,2.239247312
5832,2.239631336,-1.0613059997558594,0,5832,2.239631336
5833,2.240015361,-1.0585212707519531,0,5833,2.240015361
5834,2.240399386,-1.0531806945800781,0,5834,2.240399386
5835,2.240783410,-1.038360595703125,0,5835,2.240783410
5836,2.241167435,-1.0320854187011719,0,5836,2.241167435
5837,2.241551459,-1.0185432434082031,0,5837,2.241551459
5838,2.241935484,-1.0271453857421875,0,5838,2.241935484
5839,2.242319508,-1.0379791259765625,0,5839,2.242319508
5840,2.242703533,-1.04034423828125,0,5840,2.242703533
5841,2.243087558,-1.0425186157226562,0,5841,2.243087558
5842,2.243471582,-1.0351181030273438,0,5842,2.243471582
5843,2.243855607,-1.0379600524902344,0,5843,2.243855607
5844,2.244239631,-1.0574150085449219,0,5844,2.244239631
5845,2.244623656,-1.0705184936523438,0,5845,2.244623656
5846,2.245007680,-1.080169677734375,0,5846,2.245007680
5847,2.245391705,-1.0937881469726562,0,5847,2.245391705
5848,2.245775730,-1.0965728759765625,0,5848,2.245775730
5849,2.246159754,-1.1043357849121094,0,5849,2.246159754
5850,2.246543779,-1.1131668090820312,0,5850,2.246543779
5851,2.246927803,-1.1295509338378906,0,5851,2.246927803
5852,2.247311828,-1.1443901062011719,0,5852,2.247311828
5853,2.247695853,-1.1547660827636719,0,5853,2.247695853
5854,2.248079877,-1.1477088928222656,0,5854,2.248079877
5855,2.248463902,-1.1494636535644531,0,5855,2.248463902
5856,2.248847926,-1.1383628845214844,0,5856,2.248847926
5857,2.249231951,-1.1020469665527344,0,5857,2.249231951
5858,2.249615975,-1.1036109924316406,0,5858,2.249615975
5859,2.250000000,-1.1211395263671875,0,5859,2.250000000
5860,2.250384025,-1.1621856689453125,0,5860,2.250384025
5861,2.250768049,-1.1893463134765625,0,5861,2.250768049
5862,2.251152074,-1.2494850158691406,0,5862,2.251152074
5863,2.251536098,-1.2744331359863281,0,5863,2.251536098
5864,2.251920123,-1.2702369689941406,0,5864,2.251920123
5865,2.252304147,-1.2514114379882812,0,5865,2.252304147
5866,2.252688172,-1.2236595153808594,0,5866,2.252688172
5867,2.253072197,-1.19720458984375,0,5867,2.253072197
5868,2.253456221,-1.1753082275390625,0,5868,2.253456221
5869,2.253840246,-1.158599853515625,0,5869,2.253840246
5870,2.254224270,-1.1423873901367188,0,5870,2.254224270
5871,2.254608295,-1.1357498168945312,0,5871,2.254608295
5872,2.254992320,-1.1329841613769531,0,5872,2.254992320
5873,2.255376344,-1.1349678039550781,0,5873,2.255376344
5874,2.255760369,-1.11968994140625,0,5874,2.255760369
5875,2.256144393,-1.1140251159667969,0,5875,2.256144393
5876,2.256528418,-1.1159133911132812,0,5876,2.256528418
5877,2.256912442,-1.1067962646484375,0,5877,2.256912442
5878,2.257296467,-1.1061286926269531,0,5878,2.257296467
5879,2.257680492,-1.0941505432128906,0,5879,2.257680492
5880,2.258064516,-1.083984375,0,5880,2.258064516
5881,2.258448541,-1.0789108276367188,0,5881,2.258448541
5882,2.258832565,-1.0752677917480469,0,5882,2.258832565
5883,2.259216590,-1.0655975341796875,0,5883,2.259216590
5884,2.259600614,-1.0627365112304688,0,5884,2.259600614
5885,2.259984639,-1.0471534729003906,0,5885,2.259984639
5886,2.260368664,-1.03729248046875,0,5886,2.260368664
5887,2.260752688,-1.039886474609375,0,5887,2.260752688
5888,2.261136713,-1.0297012329101562,0,5888,2.261136713
5889,2.261520737,-1.0339164733886719,0,5889,2.261520737
5890,2.261904762,-1.0363197326660156,0,5890,2.261904762
5891,2.262288786,-1.0387420654296875,0,5891,2.262288786
5892,2.262672811,-1.0388374328613281,0,5892,2.262672811
5893,2.263056836,-1.0536575317382812,0,5893,2.263056836
5894,2.263440860,-1.0659217834472656,0,5894,2.263440860
5895,2.263824885,-1.07940673828125,0,5895,2.263824885
5896,2.264208909,-1.0815238952636719,0,5896,2.264208909
5897,2.264592934,-1.0841941833496094,0,5897,2.264592934
5898,2.264976959,-1.0861587524414062,0,5898,2.264976959
5899,2.265360983,-1.0840797424316406,0,5899,2.265360983
5900,2.265745008,-1.1006546020507812,0,5900,2.265745008
5901,2.266129032,-1.1183929443359375,0,5901,2.266129032
5902,2.266513057,-1.1219978332519531,0,5902,2.266513057
5903,2.266897081,-1.1259078979492188,0,5903,2.266897081
5904,2.267281106,-1.1391448974609375,0,5904,2.267281106
5905,2.267665131,-1.1472892761230469,0,5905,2.267665131
5906,2.268049155,-1.1510276794433594,0,5906,2.268049155
5907,2.268433180,-1.1425590515136719,0,5907,2.268433180
5908,2.268817204,-1.1407470703125,0,5908,2.268817204
5909,2.269201229,-1.1564064025878906,0,5909,2.269201229
5910,2.269585253,-1.169891357421875,0,5910,2.269585253
5911,2.269969278,-1.1830711364746094,0,5911,2.269969278
5912,2.270353303,-1.1948394775390625,0,5912,2.270353303
5913,2.270737327,-1.2140083312988281,0,5913,2.270737327
5914,2.271121352,-1.21063232421875,0,5914,2.271121352
5915,2.271505376,-1.2228584289550781,0,5915,2.271505376
5916,2.271889401,-1.2247848510742188,0,5916,2.271889401
5917,2.272273425,-1.2172317504882812,0,5917,2.272273425
5918,2.272657450,-1.1968421936035156,0,5918,2.272657450
5919,2.273041475,-1.1758041381835938,0,5919,2.273041475
5920,2.273425499,-1.1693000793457031,0,5920,2.273425499
5921,2.273809524,-1.1530876159667969,0,5921,2.273809524
5922,2.274193548,-1.1399269104003906,0,5922,2.274193548
5923,2.274577573,-1.1273956298828125,0,5923,2.274577573
5924,2.274961598,-1.1211013793945312,0,5924,2.274961598
5925,2.275345622,-1.1112403869628906,0,5925,2.275345622
5926,2.275729647,-1.0931205749511719,0,5926,2.275729647
5927,2.276113671,-1.0892868041992188,0,5927,2.276113671
5928,2.276497696,-1.0851860046386719,0,5928,2.276497696
5929,2.276881720,-1.0889816284179688,0,5929,2.276881720
5930,2.277265745,-1.0855865478515625,0,5930,2.277265745
5931,2.277649770,-1.0832786560058594,0,5931,2.277649770
5932,2.278033794,-1.0809707641601562,0,5932,2.278033794
5933,2.278417819,-1.07696533203125,0,5933,2.278417819
5934,2.278801843,-1.0616302490234375,0,5934,2.278801843
5935,2.279185868,-1.0516738891601562,0,5935,2.279185868
5936,2.279569892,-1.046295166015625,0,5936,2.279569892
5937,2.279953917,-1.0531425476074219,0,5937,2.279953917
5938,2.280337942,-1.0564994812011719,0,5938,2.280337942
5939,2.280721966,-1.0403060913085938,0,5939,2.280721966
5940,2.281105991,-1.023101806640625,0,5940,2.281105991
5941,2.281490015,-1.0142707824707031,0,5941,2.281490015
5942,2.281874040,-1.0251617431640625,0,5942,2.281874040
5943,2.282258065,-1.027984619140625,0,5943,2.282258065
5944,2.282642089,-1.0420799255371094,0,5944,2.282642089
5945,2.283026114,-1.0503768920898438,0,5945,2.283026114
5946,2.283410138,-1.06292724609375,0,5946,2.283410138
5947,2.283794163,-1.081085205078125,0,5947,2.283794163
5948,2.284178187,-1.090545654296875,0,5948,2.284178187
5949,2.284562212,-1.0931396484375,0,5949,2.284562212
5950,2.284946237,-1.097869873046875,0,5950,2.284946237
5951,2.285330261,-1.0966300964355469,0,5951,2.285330261
5952,2.285714286,-1.0947227478027344,0,5952,2.285714286
5953,2.286098310,-1.09405517578125,0,5953,2.286098310
5954,2.286482335,-1.1030960083007812,0,5954,2.286482335
5955,2.286866359,-1.1256980895996094,0,5955,2.286866359
5956,2.287250384,-1.1337471008300781,0,5956,2.287250384
5957,2.287634409,-1.1301040649414062,0,5957,2.287634409
5958,2.288018433,-1.1317253112792969,0,5958,2.288018433
5959,2.288402458,-1.1400794982910156,0,5959,2.288402458
5960,2.288786482,-1.1439704895019531,0,5960,2.288786482
5961,2.289170507,-1.1596870422363281,0,5961,2.289170507
5962,2.289554531,-1.1683273315429688,0,5962,2.289554531
5963,2.289938556,-1.1707878112792969,0,5963,2.289938556
5964,2.290322581,-1.1927223205566406,0,5964,2.290322581
5965,2.290706605,-1.2140083312988281,0,5965,2.290706605
5966,2.291090630,-1.2215805053710938,0,5966,2.291090630
5967,2.291474654,-1.2213516235351562,0,5967,2.291474654
5968,2.291858679,-1.2185478210449219,0,5968,2.291858679
5969,2.292242704,-1.2153244018554688,0,5969,2.292242704
5970,2.292626728,-1.2129020690917969,0,5970,2.292626728
5971,2.293010753,-1.1928558349609375,0,5971,2.293010753
5972,2.293394777,-1.1699676513671875,0,5972,2.293394777
5973,2.293778802,-1.1559677124023438,0,5973,2.293778802
5974,2.294162826,-1.1426162719726562,0,5974,2.294162826
5975,2.294546851,-1.1350822448730469,0,5975,2.294546851
5976,2.294930876,-1.1284828186035156,0,5976,2.294930876
5977,2.295314900,-1.1120033264160156,0,5977,2.295314900
5978,2.295698925,-1.1042213439941406,0,5978,2.295698925
5979,2.296082949,-1.0898971557617188,0,5979,2.296082949
5980,2.296466974,-1.0774612426757812,0,5980,2.296466974
5981,2.296850998,-1.0760879516601562,0,5981,2.296850998
5982,2.297235023,-1.0773849487304688,0,5982,2.297235023
5983,2.297619048,-1.0804176330566406,0,5983,2.297619048
5984,2.298003072,-1.086273193359375,0,5984,2.298003072
5985,2.298387097,-1.0820770263671875,0,5985,2.298387097
5986,2.298771121,-1.07177734375,0,5986,2.298771121
5987,2.299155146,-1.0565185546875,0,5987,2.299155146
5988,2.299539171,-1.0407257080078125,0,5988,2.299539171
5989,2.299923195,-1.0350990295410156,0,5989,2.299923195
5990,2.300307220,-1.0243034362792969,0,5990,2.300307220
5991,2.300691244,-1.0030364990234375,0,5991,2.300691244
5992,2.301075269,-0.97442626953125,0,5992,2.301075269
5993,2.301459293,-0.9748268127441406,0,5993,2.301459293
5994,2.301843318,-0.9948158264160156,0,5994,2.301843318
5995,2.302227343,-1.0183334350585938,0,5995,2.302227343
5996,2.302611367,-1.0382843017578125,0,5996,2.302611367
5997,2.302995392,-1.0477256774902344,0,5997,2.302995392
5998,2.303379416,-1.0625648498535156,0,5998,2.303379416
5999,2.303763441,-1.0752296447753906,0,5999,2.303763441
6000,2.304147465,-1.0929298400878906,0,6000,2.304147465
6001,2.304531490,-1.0978126525878906,0,6001,2.304531490
6002,2.304915515,-1.092529296875,0,6002,2.304915515
6003,2.305299539,-1.0928153991699219,0,6003,2.305299539
6004,2.305683564,-1.0987472534179688,0,6004,2.305683564
6005,2.306067588,-1.1041831970214844,0,6005,2.306067588
6006,2.306451613,-1.1122322082519531,0,6006,2.306451613
6007,2.306835637,-1.0880851745605469,0,6007,2.306835637
6008,2.307219662,-1.0720062255859375,0,6008,2.307219662
6009,2.307603687,-1.0891914367675781,0,6009,2.307603687
6010,2.307987711,-1.1248970031738281,0,6010,2.307987711
6011,2.308371736,-1.1479377746582031,0,6011,2.308371736
6012,2.308755760,-1.2026023864746094,0,6012,2.308755760
6013,2.309139785,-1.2184906005859375,0,6013,2.309139785
6014,2.309523810,-1.2191581726074219,0,6014,2.309523810
6015,2.309907834,-1.2036895751953125,0,6015,2.309907834
6016,2.310291859,-1.2076950073242188,0,6016,2.310291859
6017,2.310675883,-1.2037086486816406,0,6017,2.310675883
6018,2.311059908,-1.1994743347167969,0,6018,2.311059908
6019,2.311443932,-1.2077903747558594,0,6019,2.311443932
6020,2.311827957,-1.2018203735351562,0,6020,2.311827957
6021,2.312211982,-1.201629638671875,0,6021,2.312211982
6022,2.312596006,-1.2023162841796875,0,6022,2.312596006
6023,2.312980031,-1.188507080078125,0,6023,2.312980031
6024,2.313364055,-1.1687660217285156,0,6024,2.313364055
6025,2.313748080,-1.1707496643066406,0,6025,2.313748080
6026,2.314132104,-1.1620712280273438,0,6026,2.314132104
6027,2.314516129,-1.1446189880371094,0,6027,2.314516129
6028,2.314900154,-1.1274909973144531,0,6028,2.314900154
6029,2.315284178,-1.1089515686035156,0,6029,2.315284178
6030,2.315668203,-1.1004638671875,0,6030,2.315668203
6031,2.316052227,-1.0897064208984375,0,6031,2.316052227
6032,2.316436252,-1.0826492309570312,0,6032,2.316436252
6033,2.316820276,-1.0848426818847656,0,6033,2.316820276
6034,2.317204301,-1.083831787109375,0,6034,2.317204301
6035,2.317588326,-1.0811233520507812,0,6035,2.317588326
6036,2.317972350,-1.0689926147460938,0,6036,2.317972350
6037,2.318356375,-1.0653305053710938,0,6037,2.318356375
6038,2.318740399,-1.0634994506835938,0,6038,2.318740399
6039,2.319124424,-1.0502052307128906,0,6039,2.319124424
6040,2.319508449,-1.0399818420410156,0,6040,2.319508449
6041,2.319892473,-1.0212898254394531,0,6041,2.319892473
6042,2.320276498,-1.0182952880859375,0,6042,2.320276498
6043,2.320660522,-1.0113334655761719,0,6043,2.320660522
6044,2.321044547,-1.0070991516113281,0,6044,2.321044547
6045,2.321428571,-1.0143470764160156,0,6045,2.321428571
6046,2.321812596,-1.0235404968261719,0,6046,2.321812596
6047,2.322196621,-1.0402107238769531,0,6047,2.322196621
6048,2.322580645,-1.0525131225585938,0,6048,2.322580645
6049,2.322964670,-1.0586929321289062,0,6049,2.322964670
6050,2.323348694,-1.0721397399902344,0,6050,2.323348694
6051,2.323732719,-1.07177734375,0,6051,2.323732719
6052,2.324116743,-1.072998046875,0,6052,2.324116743
6053,2.324500768,-1.0776138305664062,0,6053,2.324500768
6054,2.324884793,-1.0800552368164062,0,6054,2.324884793
6055,2.325268817,-1.0816192626953125,0,6055,2.325268817
6056,2.325652842,-1.100616455078125,0,6056,2.325652842
6057,2.326036866,-1.1046791076660156,0,6057,2.326036866
6058,2.326420891,-1.1069488525390625,0,6058,2.326420891
6059,2.326804916,-1.1217498779296875,0,6059,2.326804916
6060,2.327188940,-1.1321449279785156,0,6060,2.327188940
6061,2.327572965,-1.1443138122558594,0,6061,2.327572965
6062,2.327956989,-1.1494255065917969,0,6062,2.327956989
6063,2.328341014,-1.1549949645996094,0,6063,2.328341014
6064,2.328725038,-1.1602210998535156,0,6064,2.328725038
6065,2.329109063,-1.1651992797851562,0,6065,2.329109063
6066,2.329493088,-1.1691474914550781,0,6066,2.329493088
6067,2.329877112,-1.1825942993164062,0,6067,2.329877112
6068,2.330261137,-1.1899375915527344,0,6068,2.330261137
6069,2.330645161,-1.2014198303222656,0,6069,2.330645161
6070,2.331029186,-1.2045860290527344,0,6070,2.331029186
6071,2.331413210,-1.2127304077148438,0,6071,2.331413210
6072,2.331797235,-1.2107276916503906,0,6072,2.331797235
6073,2.332181260,-1.2030982971191406,0,6073,2.332181260
6074,2.332565284,-1.1907958984375,0,6074,2.332565284
6075,2.332949309,-1.1745643615722656,0,6075,2.332949309
6076,2.333333333,-1.1534881591796875,0,6076,2.333333333
6077,2.333717358,-1.1352348327636719,0,6077,2.333717358
6078,2.334101382,-1.1267280578613281,0,6078,2.334101382
6079,2.334485407,-1.124267578125,0,6079,2.334485407
6080,2.334869432,-1.1129570007324219,0,6080,2.334869432
6081,2.335253456,-1.1053466796875,0,6081,2.335253456
6082,2.335637481,-1.10076904296875,0,6082,2.335637481
6083,2.336021505,-1.0896492004394531,0,6083,2.336021505
6084,2.336405530,-1.0746574401855469,0,6084,2.336405530
6085,2.336789555,-1.077117919921875,0,6085,2.336789555
6086,2.337173579,-1.0660171508789062,0,6086,2.337173579
6087,2.337557604,-1.0644340515136719,0,6087,2.337557604
6088,2.337941628,-1.0598945617675781,0,6088,2.337941628
6089,2.338325653,-1.0587882995605469,0,6089,2.338325653
6090,2.338709677,-1.0496902465820312,0,6090,2.338709677
6091,2.339093702,-1.0470199584960938,0,6091,2.339093702
6092,2.339477727,-1.0508155822753906,0,6092,2.339477727
6093,2.339861751,-1.0393714904785156,0,6093,2.339861751
6094,2.340245776,-1.0269927978515625,0,6094,2.340245776
6095,2.340629800,-1.0149574279785156,0,6095,2.340629800
6096,2.341013825,-1.00830078125,0,6096,2.341013825
6097,2.341397849,-1.0196113586425781,0,6097,2.341397849
6098,2.341781874,-1.0211944580078125,0,6098,2.341781874
6099,2.342165899,-1.0282516479492188,0,6099,2.342165899
6100,2.342549923,-1.038665771484375,0,6100,2.342549923
6101,2.342933948,-1.0472488403320312,0,6101,2.342933948
6102,2.343317972,-1.0573387145996094,0,6102,2.343317972
6103,2.343701997,-1.0593032836914062,0,6103,2.343701997
6104,2.344086022,-1.069488525390625,0,6104,2.344086022
6105,2.344470046,-1.0767173767089844,0,6105,2.344470046
6106,2.344854071,-1.0838127136230469,0,6106,2.344854071
6107,2.345238095,-1.0904312133789062,0,6107,2.345238095
6108,2.345622120,-1.1078643798828125,0,6108,2.345622120
6109,2.346006144,-1.1140060424804688,0,6109,2.346006144
6110,2.346390169,-1.1115455627441406,0,6110,2.346390169
6111,2.346774194,-1.1176872253417969,0,6111,2.346774194
6112,2.347158218,-1.1224555969238281,0,6112,2.347158218
6113,2.347542243,-1.1369132995605469,0,6113,2.347542243
6114,2.347926267,-1.1389732360839844,0,6114,2.347926267
6115,2.348310292,-1.141510009765625,0,6115,2.348310292
6116,2.348694316,-1.14532470703125,0,6116,2.348694316
6117,2.349078341,-1.1528778076171875,0,6117,2.349078341
6118,2.349462366,-1.1745071411132812,0,6118,2.349462366
6119,2.349846390,-1.1936569213867188,0,6119,2.349846390
6120,2.350230415,-1.2093162536621094,0,6120,2.350230415
6121,2.350614439,-1.2103080749511719,0,6121,2.350614439
6122,2.350998464,-1.2099647521972656,0,6122,2.350998464
6123,2.351382488,-1.2069892883300781,0,6123,2.351382488
6124,2.351766513,-1.2016487121582031,0,6124,2.351766513
6125,2.352150538,-1.1862564086914062,0,6125,2.352150538
6126,2.352534562,-1.1706352233886719,0,6126,2.352534562
6127,2.352918587,-1.1551094055175781,0,6127,2.352918587
6128,2.353302611,-1.1501693725585938,0,6128,2.353302611
6129,2.353686636,-1.1442756652832031,0,6129,2.353686636
6130,2.354070661,-1.1354255676269531,0,6130,2.354070661
6131,2.354454685,-1.1275672912597656,0,6131,2.354454685
6132,2.354838710,-1.1160087585449219,0,6132,2.354838710
6133,2.355222734,-1.1031532287597656,0,6133,2.355222734
6134,2.355606759,-1.0798454284667969,0,6134,2.355606759
6135,2.355990783,-1.0811996459960938,0,6135,2.355990783
6136,2.356374808,-1.0820388793945312,0,6136,2.356374808
6137,2.356758833,-1.0730934143066406,0,6137,2.356758833
6138,2.357142857,-1.0688209533691406,0,6138,2.357142857
6139,2.357526882,-1.0627937316894531,0,6139,2.357526882
6140,2.357910906,-1.0676383972167969,0,6140,2.357910906
6141,2.358294931,-1.0422134399414062,0,6141,2.358294931
6142,2.358678955,-1.0034561157226562,0,6142,2.358678955
6143,2.359062980,-1.0054779052734375,0,6143,2.359062980
6144,2.359447005,-1.007537841796875,0,6144,2.359447005
6145,2.359831029,-1.0089874267578125,0,6145,2.359831029
6146,2.360215054,-1.0075950622558594,0,6146,2.360215054
6147,2.360599078,-1.0073661804199219,0,6147,2.360599078
6148,2.360983103,-1.0116386413574219,0,6148,2.360983103
6149,2.361367127,-1.0210418701171875,0,6149,2.361367127
6150,2.361751152,-1.0321617126464844,0,6150,2.361751152
6151,2.362135177,-1.0317802429199219,0,6151,2.362135177
6152,2.362519201,-1.0341262817382812,0,6152,2.362519201
6153,2.362903226,-1.0402107238769531,0,6153,2.362903226
6154,2.363287250,-1.0553169250488281,0,6154,2.363287250
6155,2.363671275,-1.0716819763183594,0,6155,2.363671275
6156,2.364055300,-1.0768890380859375,0,6156,2.364055300
6157,2.364439324,-1.0489273071289062,0,6157,2.364439324
6158,2.364823349,-1.0342025756835938,0,6158,2.364823349
6159,2.365207373,-1.0467147827148438,0,6159,2.365207373
6160,2.365591398,-1.0780715942382812,0,6160,2.365591398
6161,2.365975422,-1.1151313781738281,0,6161,2.365975422
6162,2.366359447,-1.1700057983398438,0,6162,2.366359447
6163,2.366743472,-1.1782455444335938,0,6163,2.366743472
6164,2.367127496,-1.1708450317382812,0,6164,2.367127496
6165,2.367511521,-1.1590576171875,0,6165,2.367511521
6166,2.367895545,-1.1461257934570312,0,6166,2.367895545
6167,2.368279570,-1.14501953125,0,6167,2.368279570
6168,2.368663594,-1.1398124694824219,0,6168,2.368663594
6169,2.369047619,-1.1536407470703125,0,6169,2.369047619
6170,2.369431644,-1.1750030517578125,0,6170,2.369431644
6171,2.369815668,-1.1886978149414062,0,6171,2.369815668
6172,2.370199693,-1.204986572265625,0,6172,2.370199693
6173,2.370583717,-1.2145233154296875,0,6173,2.370583717
6174,2.370967742,-1.2201118469238281,0,6174,2.370967742
6175,2.371351767,-1.2328338623046875,0,6175,2.371351767
6176,2.371735791,-1.233062744140625,0,6176,2.371735791
6177,2.372119816,-1.2181854248046875,0,6177,2.372119816
6178,2.372503840,-1.1951828002929688,0,6178,2.372503840
6179,2.372887865,-1.1744117736816406,0,6179,2.372887865
6180,2.373271889,-1.1536407470703125,0,6180,2.373271889
6181,2.373655914,-1.1355400085449219,0,6181,2.373655914
6182,2.374039939,-1.1259651184082031,0,6182,2.374039939
6183,2.374423963,-1.1165046691894531,0,6183,2.374423963
6184,2.374807988,-1.1053085327148438,0,6184,2.374807988
6185,2.375192012,-1.0964012145996094,0,6185,2.375192012
6186,2.375576037,-1.0825729370117188,0,6186,2.375576037
6187,2.375960061,-1.0754776000976562,0,6187,2.375960061
6188,2.376344086,-1.0712242126464844,0,6188,2.376344086
6189,2.376728111,-1.0664939880371094,0,6189,2.376728111
6190,2.377112135,-1.0675621032714844,0,6190,2.377112135
6191,2.377496160,-1.0690689086914062,0,6191,2.377496160
6192,2.377880184,-1.0580062866210938,0,6192,2.377880184
6193,2.378264209,-1.0536956787109375,0,6193,2.378264209
6194,2.378648233,-1.0402107238769531,0,6194,2.378648233
6195,2.379032258,-1.036834716796875,0,6195,2.379032258
6196,2.379416283,-1.023406982421875,0,6196,2.379416283
6197,2.379800307,-1.0165214538574219,0,6197,2.379800307
6198,2.380184332,-1.0130500793457031,0,6198,2.380184332
6199,2.380568356,-1.0064697265625,0,6199,2.380568356
6200,2.380952381,-1.0102272033691406,0,6200,2.380952381
6201,2.381336406,-1.012420654296875,0,6201,2.381336406
6202,2.381720430,-1.023406982421875,0,6202,2.381720430
6203,2.382104455,-1.0418128967285156,0,6203,2.382104455
6204,2.382488479,-1.0542678833007812,0,6204,2.382488479
6205,2.382872504,-1.05682373046875,0,6205,2.382872504
6206,2.383256528,-1.0593032836914062,0,6206,2.383256528
6207,2.383640553,-1.0580825805664062,0,6207,2.383640553
6208,2.384024578,-1.0681724548339844,0,6208,2.384024578
6209,2.384408602,-1.0801315307617188,0,6209,2.384408602
6210,2.384792627,-1.0931015014648438,0,6210,2.384792627
6211,2.385176651,-1.1092185974121094,0,6211,2.385176651
6212,2.385560676,-1.1263465881347656,0,6212,2.385560676
6213,2.385944700,-1.1381721496582031,0,6213,2.385944700
6214,2.386328725,-1.1470603942871094,0,6214,2.386328725
6215,2.386712750,-1.1370277404785156,0,6215,2.386712750
6216,2.387096774,-1.1425018310546875,0,6216,2.387096774
6217,2.387480799,-1.1336708068847656,0,6217,2.387480799
6218,2.387864823,-1.1301994323730469,0,6218,2.387864823
6219,2.388248848,-1.136932373046875,0,6219,2.388248848
6220,2.388632873,-1.1426162719726562,0,6220,2.388632873
6221,2.389016897,-1.1688423156738281,0,6221,2.389016897
6222,2.389400922,-1.1751937866210938,0,6222,2.389400922
6223,2.389784946,-1.1945152282714844,0,6223,2.389784946
6224,2.390168971,-1.1990737915039062,0,6224,2.390168971
6225,2.390552995,-1.200408935546875,0,6225,2.390552995
6226,2.390937020,-1.2026786804199219,0,6226,2.390937020
6227,2.391321045,-1.1950874328613281,0,6227,2.391321045
6228,2.391705069,-1.1906814575195312,0,6228,2.391705069
6229,2.392089094,-1.1754417419433594,0,6229,2.392089094
6230,2.392473118,-1.159515380859375,0,6230,2.392473118
6231,2.392857143,-1.1564064025878906,0,6231,2.392857143
6232,2.393241167,-1.1519813537597656,0,6232,2.393241167
6233,2.393625192,-1.1458015441894531,0,6233,2.393625192
6234,2.394009217,-1.1406135559082031,0,6234,2.394009217
6235,2.394393241,-1.1253547668457031,0,6235,2.394393241
6236,2.394777266,-1.1065864562988281,0,6236,2.394777266
6237,2.395161290,-1.0894012451171875,0,6237,2.395161290
6238,2.395545315,-1.0776901245117188,0,6238,2.395545315
6239,2.395929339,-1.0688018798828125,0,6239,2.395929339
6240,2.396313364,-1.0736656188964844,0,6240,2.396313364
6241,2.396697389,-1.0753631591796875,0,6241,2.396697389
6242,2.397081413,-1.0699462890625,0,6242,2.397081413
6243,2.397465438,-1.0735893249511719,0,6243,2.397465438
6244,2.397849462,-1.07513427734375,0,6244,2.397849462
6245,2.398233487,-1.0629844665527344,0,6245,2.398233487
6246,2.398617512,-1.0486793518066406,0,6246,2.398617512
6247,2.399001536,-1.0339546203613281,0,6247,2.399001536
6248,2.399385561,-1.0239791870117188,0,6248,2.399385561
6249,2.399769585,-1.0235786437988281,0,6249,2.399769585
6250,2.400153610,-1.0231399536132812,0,6250,2.400153610
6251,2.400537634,-1.0196876525878906,0,6251,2.400537634
6252,2.400921659,-1.0216712951660156,0,6252,2.400921659
6253,2.401305684,-1.0164260864257812,0,6253,2.401305684
6254,2.401689708,-1.0239028930664062,0,6254,2.401689708
6255,2.402073733,-1.0414886474609375,0,6255,2.402073733
6256,2.402457757,-1.0506820678710938,0,6256,2.402457757
6257,2.402841782,-1.0634040832519531,0,6257,2.402841782
6258,2.403225806,-1.0699462890625,0,6258,2.403225806
6259,2.403609831,-1.0751914978027344,0,6259,2.403609831
6260,2.403993856,-1.0846328735351562,0,6260,2.403993856
6261,2.404377880,-1.08795166015625,0,6261,2.404377880
6262,2.404761905,-1.1055564880371094,0,6262,2.404761905
6263,2.405145929,-1.1109542846679688,0,6263,2.405145929
6264,2.405529954,-1.1174583435058594,0,6264,2.405529954
6265,2.405913978,-1.1167526245117188,0,6265,2.405913978
6266,2.406298003,-1.1193084716796875,0,6266,2.406298003
6267,2.406682028,-1.1290359497070312,0,6267,2.406682028
6268,2.407066052,-1.1321258544921875,0,6268,2.407066052
6269,2.407450077,-1.1313056945800781,0,6269,2.407450077
6270,2.407834101,-1.1468887329101562,0,6270,2.407834101
6271,2.408218126,-1.1453056335449219,0,6271,2.408218126
6272,2.408602151,-1.1593246459960938,0,6272,2.408602151
6273,2.408986175,-1.1699485778808594,0,6273,2.408986175
6274,2.409370200,-1.1835670471191406,0,6274,2.409370200
6275,2.409754224,-1.2013053894042969,0,6275,2.409754224
6276,2.410138249,-1.2126350402832031,0,6276,2.410138249
6277,2.410522273,-1.2148094177246094,0,6277,2.410522273
6278,2.410906298,-1.2221336364746094,0,6278,2.410906298
6279,2.411290323,-1.2124824523925781,0,6279,2.411290323
6280,2.411674347,-1.1952781677246094,0,6280,2.411674347
6281,2.412058372,-1.1778831481933594,0,6281,2.412058372
6282,2.412442396,-1.1639404296875,0,6282,2.412442396
6283,2.412826421,-1.157684326171875,0,6283,2.412826421
6284,2.413210445,-1.1495590209960938,0,6284,2.413210445
6285,2.413594470,-1.1371803283691406,0,6285,2.413594470
6286,2.413978495,-1.1248207092285156,0,6286,2.413978495
6287,2.414362519,-1.1140632629394531,0,6287,2.414362519
6288,2.414746544,-1.1010169982910156,0,6288,2.414746544
6289,2.415130568,-1.0964012145996094,0,6289,2.415130568
6290,2.415514593,-1.0838127136230469,0,6290,2.415514593
6291,2.415898618,-1.0648536682128906,0,6291,2.415898618
6292,2.416282642,-1.0322761535644531,0,6292,2.416282642
6293,2.416666667,-1.0345649719238281,0,6293,2.416666667
6294,2.417050691,-1.0448265075683594,0,6294,2.417050691
6295,2.417434716,-1.0487937927246094,0,6295,2.417434716
6296,2.417818740,-1.0481643676757812,0,6296,2.417818740
6297,2.418202765,-1.0492706298828125,0,6297,2.418202765
6298,2.418586790,-1.0450363159179688,0,6298,2.418586790
6299,2.418970814,-1.0384941101074219,0,6299,2.418970814
6300,2.419354839,-1.0223770141601562,0,6300,2.419354839
6301,2.419738863,-1.0233497619628906,0,6301,2.419738863
6302,2.420122888,-1.0213470458984375,0,6302,2.420122888
6303,2.420506912,-1.0094833374023438,0,6303,2.420506912
6304,2.420890937,-1.0198211669921875,0,6304,2.420890937
6305,2.421274962,-1.0299110412597656,0,6305,2.421274962
6306,2.421658986,-1.0284996032714844,0,6306,2.421658986
6307,2.422043011,-0.9979057312011719,0,6307,2.422043011
6308,2.422427035,-0.992431640625,0,6308,2.422427035
6309,2.422811060,-1.0100555419921875,0,6309,2.422811060
6310,2.423195084,-1.0325813293457031,0,6310,2.423195084
6311,2.423579109,-1.0617256164550781,0,6311,2.423579109
6312,2.423963134,-1.1211585998535156,0,6312,2.423963134
6313,2.424347158,-1.1415290832519531,0,6313,2.424347158
6314,2.424731183,-1.1396026611328125,0,6314,2.424731183
6315,2.425115207,-1.121978759765625,0,6315,2.425115207
6316,2.425499232,-1.1104774475097656,0,6316,2.425499232
6317,2.425883257,-1.1193656921386719,0,6317,2.425883257
6318,2.426267281,-1.1258697509765625,0,6318,2.426267281
6319,2.426651306,-1.1364936828613281,0,6319,2.426651306
6320,2.427035330,-1.1419105529785156,0,6320,2.427035330
6321,2.427419355,-1.1350059509277344,0,6321,2.427419355
6322,2.427803379,-1.146240234375,0,6322,2.427803379
6323,2.428187404,-1.1476325988769531,0,6323,2.428187404
6324,2.428571429,-1.1539077758789062,0,6324,2.428571429
6325,2.428955453,-1.1686515808105469,0,6325,2.428955453
6326,2.429339478,-1.2025833129882812,0,6326,2.429339478
6327,2.429723502,-1.2166213989257812,0,6327,2.429723502
6328,2.430107527,-1.2241172790527344,0,6328,2.430107527
6329,2.430491551,-1.2170600891113281,0,6329,2.430491551
6330,2.430875576,-1.212615966796875,0,6330,2.430875576
6331,2.431259601,-1.2092971801757812,0,6331,2.431259601
6332,2.431643625,-1.2026596069335938,0,6332,2.431643625
6333,2.432027650,-1.1746025085449219,0,6333,2.432027650
6334,2.432411674,-1.1566162109375,0,6334,2.432411674
6335,2.432795699,-1.143798828125,0,6335,2.432795699
6336,2.433179724,-1.1403274536132812,0,6336,2.433179724
6337,2.433563748,-1.1275100708007812,0,6337,2.433563748
6338,2.433947773,-1.1133003234863281,0,6338,2.433947773
6339,2.434331797,-1.0982513427734375,0,6339,2.434331797
6340,2.434715822,-1.0927581787109375,0,6340,2.434715822
6341,2.435099846,-1.0844993591308594,0,6341,2.435099846
6342,2.435483871,-1.0808753967285156,0,6342,2.435483871
6343,2.435867896,-1.0715293884277344,0,6343,2.435867896
6344,2.436251920,-1.0663986206054688,0,6344,2.436251920
6345,2.436635945,-1.0717201232910156,0,6345,2.436635945
6346,2.437019969,-1.0605430603027344,0,6346,2.437019969
6347,2.437403994,-1.0602378845214844,0,6347,2.437403994
6348,2.437788018,-1.0610008239746094,0,6348,2.437788018
6349,2.438172043,-1.0503768920898438,0,6349,2.438172043
6350,2.438556068,-1.0402297973632812,0,6350,2.438556068
6351,2.438940092,-1.0330772399902344,0,6351,2.438940092
6352,2.439324117,-1.0300445556640625,0,6352,2.439324117
6353,2.439708141,-1.0296058654785156,0,6353,2.439708141
6354,2.440092166,-1.0247230529785156,0,6354,2.440092166
6355,2.440476190,-1.0097312927246094,0,6355,2.440476190
6356,2.440860215,-1.0169792175292969,0,6356,2.440860215
6357,2.441244240,-1.0270500183105469,0,6357,2.441244240
6358,2.441628264,-1.034698486328125,0,6358,2.441628264
6359,2.442012289,-1.0462188720703125,0,6359,2.442012289
6360,2.442396313,-1.0536003112792969,0,6360,2.442396313
6361,2.442780338,-1.0590171813964844,0,6361,2.442780338
6362,2.443164363,-1.0685539245605469,0,6362,2.443164363
6363,2.443548387,-1.0741996765136719,0,6363,2.443548387
6364,2.443932412,-1.0793876647949219,0,6364,2.443932412
6365,2.444316436,-1.0919761657714844,0,6365,2.444316436
6366,2.444700461,-1.1026191711425781,0,6366,2.444700461
6367,2.445084485,-1.1084175109863281,0,6367,2.445084485
6368,2.445468510,-1.1157798767089844,0,6368,2.445468510
6369,2.445852535,-1.1104011535644531,0,6369,2.445852535
6370,2.446236559,-1.1133384704589844,0,6370,2.446236559
6371,2.446620584,-1.123504638671875,0,6371,2.446620584
6372,2.447004608,-1.13006591796875,0,6372,2.447004608
6373,2.447388633,-1.131744384765625,0,6373,2.447388633
6374,2.447772657,-1.1409187316894531,0,6374,2.447772657
6375,2.448156682,-1.140899658203125,0,6375,2.448156682
6376,2.448540707,-1.1573982238769531,0,6376,2.448540707
6377,2.448924731,-1.1793327331542969,0,6377,2.448924731
6378,2.449308756,-1.1918258666992188,0,6378,2.449308756
6379,2.449692780,-1.1984062194824219,0,6379,2.449692780
6380,2.450076805,-1.2003898620605469,0,6380,2.450076805
6381,2.450460829,-1.1931037902832031,0,6381,2.450460829
6382,2.450844854,-1.2026214599609375,0,6382,2.450844854
6383,2.451228879,-1.1956405639648438,0,6383,2.451228879
6384,2.451612903,-1.1850738525390625,0,6384,2.451612903
6385,2.451996928,-1.1813163757324219,0,6385,2.451996928
6386,2.452380952,-1.1668014526367188,0,6386,2.452380952
6387,2.452764977,-1.1494827270507812,0,6387,2.452764977
6388,2.453149002,-1.1452484130859375,0,6388,2.453149002
6389,2.453533026,-1.1324310302734375,0,6389,2.453533026
6390,2.453917051,-1.1115646362304688,0,6390,2.453917051
6391,2.454301075,-1.0979843139648438,0,6391,2.454301075
6392,2.454685100,-1.0838890075683594,0,6392,2.454685100
6393,2.455069124,-1.0793876647949219,0,6393,2.455069124
6394,2.455453149,-1.0751724243164062,0,6394,2.455453149
6395,2.455837174,-1.0691070556640625,0,6395,2.455837174
6396,2.456221198,-1.0648727416992188,0,6396,2.456221198
6397,2.456605223,-1.0698509216308594,0,6397,2.456605223
6398,2.456989247,-1.0641288757324219,0,6398,2.456989247
6399,2.457373272,-1.0611534118652344,0,6399,2.457373272
6400,2.457757296,-1.0588836669921875,0,6400,2.457757296
6401,2.458141321,-1.0427284240722656,0,6401,2.458141321
6402,2.458525346,-1.0314178466796875,0,6402,2.458525346
6403,2.458909370,-1.0244941711425781,0,6403,2.458909370
6404,2.459293395,-1.0237693786621094,0,6404,2.459293395
6405,2.459677419,-1.0230827331542969,0,6405,2.459677419
6406,2.460061444,-1.0181999206542969,0,6406,2.460061444
6407,2.460445469,-1.0220527648925781,0,6407,2.460445469
6408,2.460829493,-1.0258293151855469,0,6408,2.460829493
6409,2.461213518,-1.02630615234375,0,6409,2.461213518
6410,2.461597542,-1.0282135009765625,0,6410,2.461597542
6411,2.461981567,-1.02569580078125,0,6411,2.461981567
6412,2.462365591,-1.0420608520507812,0,6412,2.462365591
6413,2.462749616,-1.068878173828125,0,6413,2.462749616
6414,2.463133641,-1.0869979858398438,0,6414,2.463133641
6415,2.463517665,-1.094818115234375,0,6415,2.463517665
6416,2.463901690,-1.1034584045410156,0,6416,2.463901690
6417,2.464285714,-1.0993385314941406,0,6417,2.464285714
6418,2.464669739,-1.103668212890625,0,6418,2.464669739
6419,2.465053763,-1.0984230041503906,0,6419,2.465053763
6420,2.465437788,-1.097869873046875,0,6420,2.465437788
6421,2.465821813,-1.1085128784179688,0,6421,2.465821813
6422,2.466205837,-1.1133384704589844,0,6422,2.466205837
6423,2.466589862,-1.1216545104980469,0,6423,2.466589862
6424,2.466973886,-1.132659912109375,0,6424,2.466973886
6425,2.467357911,-1.1516571044921875,0,6425,2.467357911
6426,2.467741935,-1.1584663391113281,0,6426,2.467741935
6427,2.468125960,-1.1600112915039062,0,6427,2.468125960
6428,2.468509985,-1.1697769165039062,0,6428,2.468509985
6429,2.468894009,-1.1837577819824219,0,6429,2.468894009
6430,2.469278034,-1.19598388671875,0,6430,2.469278034
6431,2.469662058,-1.1992263793945312,0,6431,2.469662058
6432,2.470046083,-1.2031173706054688,0,6432,2.470046083
6433,2.470430108,-1.2059593200683594,0,6433,2.470430108
6434,2.470814132,-1.1984062194824219,0,6434,2.470814132
6435,2.471198157,-1.1878585815429688,0,6435,2.471198157
6436,2.471582181,-1.1767005920410156,0,6436,2.471582181
6437,2.471966206,-1.1603736877441406,0,6437,2.471966206
6438,2.472350230,-1.1512374877929688,0,6438,2.472350230
6439,2.472734255,-1.1391448974609375,0,6439,2.472734255
6440,2.473118280,-1.135101318359375,0,6440,2.473118280
6441,2.473502304,-1.114501953125,0,6441,2.473502304
6442,2.473886329,-1.0780906677246094,0,6442,2.473886329
6443,2.474270353,-1.0600662231445312,0,6443,2.474270353
6444,2.474654378,-1.0585212707519531,0,6444,2.474654378
6445,2.475038402,-1.0562324523925781,0,6445,2.475038402
6446,2.475422427,-1.0602569580078125,0,6446,2.475422427
6447,2.475806452,-1.0597419738769531,0,6447,2.475806452
6448,2.476190476,-1.0617256164550781,0,6448,2.476190476
6449,2.476574501,-1.0640525817871094,0,6449,2.476574501
6450,2.476958525,-1.0509681701660156,0,6450,2.476958525
6451,2.477342550,-1.0498619079589844,0,6451,2.477342550
6452,2.477726575,-1.049652099609375,0,6452,2.477726575
6453,2.478110599,-1.039581298828125,0,6453,2.478110599
6454,2.478494624,-1.0404396057128906,0,6454,2.478494624
6455,2.478878648,-1.030426025390625,0,6455,2.478878648
6456,2.479262673,-1.0265159606933594,0,6456,2.479262673
6457,2.479646697,-0.9821128845214844,0,6457,2.479646697
6458,2.480030722,-0.9606742858886719,0,6458,2.480030722
6459,2.480414747,-0.97412109375,0,6459,2.480414747
6460,2.480798771,-1.0004043579101562,0,6460,2.480798771
6461,2.481182796,-1.0186386108398438,0,6461,2.481182796
6462,2.481566820,-1.0811233520507812,0,6462,2.481566820
6463,2.481950845,-1.1016464233398438,0,6463,2.481950845
6464,2.482334869,-1.0991668701171875,0,6464,2.482334869
6465,2.482718894,-1.0892295837402344,0,6465,2.482718894
6466,2.483102919,-1.0806465148925781,0,6466,2.483102919
6467,2.483486943,-1.0858726501464844,0,6467,2.483486943
6468,2.483870968,-1.0902976989746094,0,6468,2.483870968
6469,2.484254992,-1.090240478515625,0,6469,2.484254992
6470,2.484639017,-1.0938835144042969,0,6470,2.484639017
6471,2.485023041,-1.0997772216796875,0,6471,2.485023041
6472,2.485407066,-1.1170578002929688,0,6472,2.485407066
6473,2.485791091,-1.1242866516113281,0,6473,2.485791091
6474,2.486175115,-1.1334800720214844,0,6474,2.486175115
6475,2.486559140,-1.1450767517089844,0,6475,2.486559140
6476,2.486943164,-1.1678123474121094,0,6476,2.486943164
6477,2.487327189,-1.1751556396484375,0,6477,2.487327189
6478,2.487711214,-1.1687278747558594,0,6478,2.487711214
6479,2.488095238,-1.1612319946289062,0,6479,2.488095238
6480,2.488479263,-1.1823654174804688,0,6480,2.488479263
6481,2.488863287,-1.1887741088867188,0,6481,2.488863287
6482,2.489247312,-1.1849212646484375,0,6482,2.489247312
6483,2.489631336,-1.1915206909179688,0,6483,2.489631336
6484,2.490015361,-1.1974906921386719,0,6484,2.490015361
6485,2.490399386,-1.199188232421875,0,6485,2.490399386
6486,2.490783410,-1.1986541748046875,0,6486,2.490783410
6487,2.491167435,-1.1944198608398438,0,6487,2.491167435
6488,2.491551459,-1.1798286437988281,0,6488,2.491551459
6489,2.491935484,-1.1768531799316406,0,6489,2.491935484
6490,2.492319508,-1.1749267578125,0,6490,2.492319508
6491,2.492703533,-1.1552810668945312,0,6491,2.492703533
6492,2.493087558,-1.1371994018554688,0,6492,2.493087558
6493,2.493471582,-1.1268043518066406,0,6493,2.493471582
6494,2.493855607,-1.1123847961425781,0,6494,2.493855607
6495,2.494239631,-1.1018562316894531,0,6495,2.494239631
6496,2.494623656,-1.0854911804199219,0,6496,2.494623656
6497,2.495007680,-1.0762214660644531,0,6497,2.495007680
6498,2.495391705,-1.0725975036621094,0,6498,2.495391705
6499,2.495775730,-1.0676002502441406,0,6499,2.495775730
6500,2.496159754,-1.0765838623046875,0,6500,2.496159754
6501,2.496543779,-1.0737991333007812,0,6501,2.496543779
6502,2.496927803,-1.0622024536132812,0,6502,2.496927803
6503,2.497311828,-1.0527801513671875,0,6503,2.497311828
6504,2.497695853,-1.0493278503417969,0,6504,2.497695853
6505,2.498079877,-1.0351181030273438,0,6505,2.498079877
6506,2.498463902,-1.0303688049316406,0,6506,2.498463902
6507,2.498847926,-1.0274505615234375,0,6507,2.498847926
6508,2.499231951,-1.0225868225097656,0,6508,2.499231951
6509,2.499615975,-1.0273170471191406,0,6509,2.499615975
6510,2.500000000,-1.0227394104003906,0,6510,2.500000000
6511,2.500384025,-1.020660400390625,0,6511,2.500384025
6512,2.500768049,-1.0229873657226562,0,6512,2.500768049
6513,2.501152074,-1.0259056091308594,0,6513,2.501152074
6514,2.501536098,-1.0310745239257812,0,6514,2.501536098
6515,2.501920123,-1.0493659973144531,0,6515,2.501920123
6516,2.502304147,-1.0595512390136719,0,6516,2.502304147
6517,2.502688172,-1.0621452331542969,0,6517,2.502688172
6518,2.503072197,-1.0783767700195312,0,6518,2.503072197
6519,2.503456221,-1.0883140563964844,0,6519,2.503456221
6520,2.503840246,-1.093292236328125,0,6520,2.503840246
6521,2.504224270,-1.1005783081054688,0,6521,2.504224270
6522,2.504608295,-1.1011695861816406,0,6522,2.504608295
6523,2.504992320,-1.1079597473144531,0,6523,2.504992320
6524,2.505376344,-1.1119842529296875,0,6524,2.505376344
6525,2.505760369,-1.125335693359375,0,6525,2.505760369
6526,2.506144393,-1.1305809020996094,0,6526,2.506144393
6527,2.506528418,-1.1445236206054688,0,6527,2.506528418
6528,2.506912442,-1.1380386352539062,0,6528,2.506912442
6529,2.507296467,-1.1453819274902344,0,6529,2.507296467
6530,2.507680492,-1.1533164978027344,0,6530,2.507680492
6531,2.508064516,-1.1639022827148438,0,6531,2.508064516
6532,2.508448541,-1.168670654296875,0,6532,2.508448541
6533,2.508832565,-1.1786842346191406,0,6533,2.508832565
6534,2.509216590,-1.1947822570800781,0,6534,2.509216590
6535,2.509600614,-1.2130355834960938,0,6535,2.509600614
6536,2.509984639,-1.2131881713867188,0,6536,2.509984639
6537,2.510368664,-1.2046623229980469,0,6537,2.510368664
6538,2.510752688,-1.2009429931640625,0,6538,2.510752688
6539,2.511136713,-1.1895370483398438,0,6539,2.511136713
6540,2.511520737,-1.1772918701171875,0,6540,2.511520737
6541,2.511904762,-1.1605072021484375,0,6541,2.511904762
6542,2.512288786,-1.1478805541992188,0,6542,2.512288786
6543,2.512672811,-1.1417198181152344,0,6543,2.512672811
6544,2.513056836,-1.1315536499023438,0,6544,2.513056836
6545,2.513440860,-1.1286544799804688,0,6545,2.513440860
6546,2.513824885,-1.1056137084960938,0,6546,2.513824885
6547,2.514208909,-1.1016082763671875,0,6547,2.514208909
6548,2.514592934,-1.0954093933105469,0,6548,2.514592934
6549,2.514976959,-1.0861015319824219,0,6549,2.514976959
6550,2.515360983,-1.0752296447753906,0,6550,2.515360983
6551,2.515745008,-1.0659027099609375,0,6551,2.515745008
6552,2.516129032,-1.0605621337890625,0,6552,2.516129032
6553,2.516513057,-1.0599136352539062,0,6553,2.516513057
6554,2.516897081,-1.0587501525878906,0,6554,2.516897081
6555,2.517281106,-1.0458755493164062,0,6555,2.517281106
6556,2.517665131,-1.0414505004882812,0,6556,2.517665131
6557,2.518049155,-1.0449790954589844,0,6557,2.518049155
6558,2.518433180,-1.0276603698730469,0,6558,2.518433180
6559,2.518817204,-1.0190582275390625,0,6559,2.518817204
6560,2.519201229,-1.0164070129394531,0,6560,2.519201229
6561,2.519585253,-1.0050582885742188,0,6561,2.519585253
6562,2.519969278,-1.0107231140136719,0,6562,2.519969278
6563,2.520353303,-1.0198783874511719,0,6563,2.520353303
6564,2.520737327,-1.0295677185058594,0,6564,2.520737327
6565,2.521121352,-1.0423469543457031,0,6565,2.521121352
6566,2.521505376,-1.0456085205078125,0,6566,2.521505376
6567,2.521889401,-1.0630035400390625,0,6567,2.521889401
6568,2.522273425,-1.0669898986816406,0,6568,2.522273425
6569,2.522657450,-1.0696029663085938,0,6569,2.522657450
6570,2.523041475,-1.0796737670898438,0,6570,2.523041475
6571,2.523425499,-1.0799789428710938,0,6571,2.523425499
6572,2.523809524,-1.0866355895996094,0,6572,2.523809524
6573,2.524193548,-1.0983085632324219,0,6573,2.524193548
6574,2.524577573,-1.1005592346191406,0,6574,2.524577573
6575,2.524961598,-1.1097908020019531,0,6575,2.524961598
6576,2.525345622,-1.1117362976074219,0,6576,2.525345622
6577,2.525729647,-1.1219024658203125,0,6577,2.525729647
6578,2.526113671,-1.127166748046875,0,6578,2.526113671
6579,2.526497696,-1.1225700378417969,0,6579,2.526497696
6580,2.526881720,-1.1260795593261719,0,6580,2.526881720
6581,2.527265745,-1.1341667175292969,0,6581,2.527265745
6582,2.527649770,-1.1471939086914062,0,6582,2.527649770
6583,2.528033794,-1.1561775207519531,0,6583,2.528033794
6584,2.528417819,-1.1742973327636719,0,6584,2.528417819
6585,2.528801843,-1.1890983581542969,0,6585,2.528801843
6586,2.529185868,-1.2117385864257812,0,6586,2.529185868
6587,2.529569892,-1.2275505065917969,0,6587,2.529569892
6588,2.529953917,-1.2235069274902344,0,6588,2.529953917
6589,2.530337942,-1.2195205688476562,0,6589,2.530337942
6590,2.530721966,-1.2007713317871094,0,6590,2.530721966
6591,2.531105991,-1.1716079711914062,0,6591,2.531105991
6592,2.531490015,-1.124725341796875,0,6592,2.531490015
6593,2.531874040,-1.1145782470703125,0,6593,2.531874040
6594,2.532258065,-1.1208724975585938,0,6594,2.532258065
6595,2.532642089,-1.129150390625,0,6595,2.532642089
6596,2.533026114,-1.1279869079589844,0,6596,2.533026114
6597,2.533410138,-1.1190986633300781,0,6597,2.533410138
6598,2.533794163,-1.1100196838378906,0,6598,2.533794163
6599,2.534178187,-1.0976791381835938,0,6599,2.534178187
6600,2.534562212,-1.0858726501464844,0,6600,2.534562212
6601,2.534946237,-1.0878944396972656,0,6601,2.534946237
6602,2.535330261,-1.0776901245117188,0,6602,2.535330261
6603,2.535714286,-1.0699081420898438,0,6603,2.535714286
6604,2.536098310,-1.0603713989257812,0,6604,2.536098310
6605,2.536482335,-1.0460853576660156,0,6605,2.536482335
6606,2.536866359,-1.043548583984375,0,6606,2.536866359
6607,2.537250384,-0.9976959228515625,0,6607,2.537250384
6608,2.537634409,-0.9738922119140625,0,6608,2.537634409
6609,2.538018433,-0.9773063659667969,0,6609,2.538018433
6610,2.538402458,-1.006927490234375,0,6610,2.538402458
6611,2.538786482,-1.0152816772460938,0,6611,2.538786482
6612,2.539170507,-1.0624885559082031,0,6612,2.539170507
6613,2.539554531,-1.0614776611328125,0,6613,2.539554531
6614,2.539938556,-1.0562324523925781,0,6614,2.539938556
6615,2.540322581,-1.0394859313964844,0,6615,2.540322581
6616,2.540706605,-1.0263824462890625,0,6616,2.540706605
6617,2.541090630,-1.02935791015625,0,6617,2.541090630
6618,2.541474654,-1.0351371765136719,0,6618,2.541474654
6619,2.541858679,-1.04278564453125,0,6619,2.541858679
6620,2.542242704,-1.0538864135742188,0,6620,2.542242704
6621,2.542626728,-1.0628890991210938,0,6621,2.542626728
6622,2.543010753,-1.0720062255859375,0,6622,2.543010753
6623,2.543394777,-1.0810089111328125,0,6623,2.543394777
6624,2.543778802,-1.0873031616210938,0,6624,2.543778802
6625,2.544162826,-1.1098670959472656,0,6625,2.544162826
6626,2.544546851,-1.1384201049804688,0,6626,2.544546851
6627,2.544930876,-1.1489105224609375,0,6627,2.544930876
6628,2.545314900,-1.1466407775878906,0,6628,2.545314900
6629,2.545698925,-1.1432456970214844,0,6629,2.545698925
6630,2.546082949,-1.1371231079101562,0,6630,2.546082949
6631,2.546466974,-1.1385726928710938,0,6631,2.546466974
6632,2.546850998,-1.1445999145507812,0,6632,2.546850998
6633,2.547235023,-1.1501121520996094,0,6633,2.547235023
6634,2.547619048,-1.1396980285644531,0,6634,2.547619048
6635,2.548003072,-1.1447906494140625,0,6635,2.548003072
6636,2.548387097,-1.1581611633300781,0,6636,2.548387097
6637,2.548771121,-1.1902427673339844,0,6637,2.548771121
6638,2.549155146,-1.2088394165039062,0,6638,2.549155146
6639,2.549539171,-1.2204170227050781,0,6639,2.549539171
6640,2.549923195,-1.2180328369140625,0,6640,2.549923195
6641,2.550307220,-1.2092971801757812,0,6641,2.550307220
6642,2.550691244,-1.1920928955078125,0,6642,2.550691244
6643,2.551075269,-1.1672401428222656,0,6643,2.551075269
6644,2.551459293,-1.1577796936035156,0,6644,2.551459293
6645,2.551843318,-1.1592292785644531,0,6645,2.551843318
6646,2.552227343,-1.1529922485351562,0,6646,2.552227343
6647,2.552611367,-1.1458015441894531,0,6647,2.552611367
6648,2.552995392,-1.1259078979492188,0,6648,2.552995392
6649,2.553379416,-1.1076545715332031,0,6649,2.553379416
6650,2.553763441,-1.0980796813964844,0,6650,2.553763441
6651,2.554147465,-1.0931587219238281,0,6651,2.554147465
6652,2.554531490,-1.086273193359375,0,6652,2.554531490
6653,2.554915515,-1.079559326171875,0,6653,2.554915515
6654,2.555299539,-1.0690498352050781,0,6654,2.555299539
6655,2.555683564,-1.0587882995605469,0,6655,2.555683564
6656,2.556067588,-1.0582542419433594,0,6656,2.556067588
6657,2.556451613,-1.0659217834472656,0,6657,2.556451613
6658,2.556835637,-1.0605812072753906,0,6658,2.556835637
6659,2.557219662,-1.0482025146484375,0,6659,2.557219662
6660,2.557603687,-1.0373306274414062,0,6660,2.557603687
6661,2.557987711,-1.0278129577636719,0,6661,2.557987711
6662,2.558371736,-1.0074996948242188,0,6662,2.558371736
6663,2.558755760,-1.0063934326171875,0,6663,2.558755760
6664,2.559139785,-1.0111427307128906,0,6664,2.559139785
6665,2.559523810,-1.0161590576171875,0,6665,2.559523810
6666,2.559907834,-1.0231208801269531,0,6666,2.559907834
6667,2.560291859,-1.0297775268554688,0,6667,2.560291859
6668,2.560675883,-1.0281753540039062,0,6668,2.560675883
6669,2.561059908,-1.0341835021972656,0,6669,2.561059908
6670,2.561443932,-1.0420989990234375,0,6670,2.561443932
6671,2.561827957,-1.0626411437988281,0,6671,2.561827957
6672,2.562211982,-1.077728271484375,0,6672,2.562211982
6673,2.562596006,-1.0853385925292969,0,6673,2.562596006
6674,2.562980031,-1.0879707336425781,0,6674,2.562980031
6675,2.563364055,-1.0939216613769531,0,6675,2.563364055
6676,2.563748080,-1.0981941223144531,0,6676,2.563748080
6677,2.564132104,-1.1090469360351562,0,6677,2.564132104
6678,2.564516129,-1.114044189453125,0,6678,2.564516129
6679,2.564900154,-1.1165618896484375,0,6679,2.564900154
6680,2.565284178,-1.1252784729003906,0,6680,2.565284178
6681,2.565668203,-1.1372756958007812,0,6681,2.565668203
6682,2.566052227,-1.1383438110351562,0,6682,2.566052227
6683,2.566436252,-1.1440086364746094,0,6683,2.566436252
6684,2.566820276,-1.150054931640625,0,6684,2.566820276
6685,2.567204301,-1.15447998046875,0,6685,2.567204301
6686,2.567588326,-1.1614227294921875,0,6686,2.567588326
6687,2.567972350,-1.16912841796875,0,6687,2.567972350
6688,2.568356375,-1.1879730224609375,0,6688,2.568356375
6689,2.568740399,-1.1887359619140625,0,6689,2.568740399
6690,2.569124424,-1.1872673034667969,0,6690,2.569124424
6691,2.569508449,-1.1894798278808594,0,6691,2.569508449
6692,2.569892473,-1.1965560913085938,0,6692,2.569892473
6693,2.570276498,-1.1956405639648438,0,6693,2.570276498
6694,2.570660522,-1.1853981018066406,0,6694,2.570660522
6695,2.571044547,-1.17034912109375,0,6695,2.571044547
6696,2.571428571,-1.1604118347167969,0,6696,2.571428571
6697,2.571812596,-1.1515235900878906,0,6697,2.571812596
6698,2.572196621,-1.1353874206542969,0,6698,2.572196621
6699,2.572580645,-1.1210250854492188,0,6699,2.572580645
6700,2.572964670,-1.1171913146972656,0,6700,2.572964670
6701,2.573348694,-1.1092185974121094,0,6701,2.573348694
6702,2.573732719,-1.1030769348144531,0,6702,2.573732719
6703,2.574116743,-1.0846900939941406,0,6703,2.574116743
6704,2.574500768,-1.0771560668945312,0,6704,2.574500768
6705,2.574884793,-1.0834503173828125,0,6705,2.574884793
6706,2.575268817,-1.0699462890625,0,6706,2.575268817
6707,2.575652842,-1.0658073425292969,0,6707,2.575652842
6708,2.576036866,-1.0706901550292969,0,6708,2.576036866
6709,2.576420891,-1.0610198974609375,0,6709,2.576420891
6710,2.576804916,-1.0504913330078125,0,6710,2.576804916
6711,2.577188940,-1.040802001953125,0,6711,2.577188940
6712,2.577572965,-1.0296249389648438,0,6712,2.577572965
6713,2.577956989,-1.0242080688476562,0,6713,2.577956989
6714,2.578341014,-1.0167884826660156,0,6714,2.578341014
6715,2.578725038,-1.0172462463378906,0,6715,2.578725038
6716,2.579109063,-1.0124969482421875,0,6716,2.579109063
6717,2.579493088,-1.0175514221191406,0,6717,2.579493088
6718,2.579877112,-1.0216140747070312,0,6718,2.579877112
6719,2.580261137,-1.0204124450683594,0,6719,2.580261137
6720,2.580645161,-1.0354232788085938,0,6720,2.580645161
6721,2.581029186,-1.0519599914550781,0,6721,2.581029186
6722,2.581413210,-1.0577392578125,0,6722,2.581413210
6723,2.581797235,-1.0640144348144531,0,6723,2.581797235
6724,2.582181260,-1.0613250732421875,0,6724,2.582181260
6725,2.582565284,-1.0691261291503906,0,6725,2.582565284
6726,2.582949309,-1.0854530334472656,0,6726,2.582949309
6727,2.583333333,-1.1016464233398438,0,6727,2.583333333
6728,2.583717358,-1.1228370666503906,0,6728,2.583717358
6729,2.584101382,-1.1257171630859375,0,6729,2.584101382
6730,2.584485407,-1.1346626281738281,0,6730,2.584485407
6731,2.584869432,-1.1351585388183594,0,6731,2.584869432
6732,2.585253456,-1.1298370361328125,0,6732,2.585253456
6733,2.585637481,-1.126556396484375,0,6733,2.585637481
6734,2.586021505,-1.1288833618164062,0,6734,2.586021505
6735,2.586405530,-1.130218505859375,0,6735,2.586405530
6736,2.586789555,-1.1321258544921875,0,6736,2.586789555
6737,2.587173579,-1.1436653137207031,0,6737,2.587173579
6738,2.587557604,-1.1560440063476562,0,6738,2.587557604
6739,2.587941628,-1.16790771484375,0,6739,2.587941628
6740,2.588325653,-1.1862945556640625,0,6740,2.588325653
6741,2.588709677,-1.1987876892089844,0,6741,2.588709677
6742,2.589093702,-1.1865043640136719,0,6742,2.589093702
6743,2.589477727,-1.1833953857421875,0,6743,2.589477727
6744,2.589861751,-1.1948966979980469,0,6744,2.589861751
6745,2.590245776,-1.1935806274414062,0,6745,2.590245776
6746,2.590629800,-1.1905860900878906,0,6746,2.590629800
6747,2.591013825,-1.1681175231933594,0,6747,2.591013825
6748,2.591397849,-1.1445045471191406,0,6748,2.591397849
6749,2.591781874,-1.1299514770507812,0,6749,2.591781874
6750,2.592165899,-1.1288642883300781,0,6750,2.592165899
6751,2.592549923,-1.1237144470214844,0,6751,2.592549923
6752,2.592933948,-1.1184501647949219,0,6752,2.592933948
6753,2.593317972,-1.1118888854980469,0,6753,2.593317972
6754,2.593701997,-1.1002540588378906,0,6754,2.593701997
6755,2.594086022,-1.0900306701660156,0,6755,2.594086022
6756,2.594470046,-1.0837173461914062,0,6756,2.594470046
6757,2.594854071,-1.0335731506347656,0,6757,2.594854071
6758,2.595238095,-1.0121345520019531,0,6758,2.595238095
6759,2.595622120,-1.0214996337890625,0,6759,2.595622120
6760,2.596006144,-1.0448646545410156,0,6760,2.596006144
6761,2.596390169,-1.0568428039550781,0,6761,2.596390169
6762,2.596774194,-1.100616455078125,0,6762,2.596774194
6763,2.597158218,-1.10565185546875,0,6763,2.597158218
6764,2.597542243,-1.0924911499023438,0,6764,2.597542243
6765,2.597926267,-1.0573577880859375,0,6765,2.597926267
6766,2.598310292,-1.0273170471191406,0,6766,2.598310292
6767,2.598694316,-1.0185432434082031,0,6767,2.598694316
6768,2.599078341,-1.0074806213378906,0,6768,2.599078341
6769,2.599462366,-1.001129150390625,0,6769,2.599462366
6770,2.599846390,-0.9990310668945312,0,6770,2.599846390
6771,2.600230415,-1.0010910034179688,0,6771,2.600230415
6772,2.600614439,-1.0199737548828125,0,6772,2.600614439
6773,2.600998464,-1.0352706909179688,0,6773,2.600998464
6774,2.601382488,-1.052703857421875,0,6774,2.601382488
6775,2.601766513,-1.0763740539550781,0,6775,2.601766513
6776,2.602150538,-1.1085891723632812,0,6776,2.602150538
6777,2.602534562,-1.1106109619140625,0,6777,2.602534562
6778,2.602918587,-1.1042594909667969,0,6778,2.602918587
6779,2.603302611,-1.1001396179199219,0,6779,2.603302611
6780,2.603686636,-1.1054039001464844,0,6780,2.603686636
6781,2.604070661,-1.1054039001464844,0,6781,2.604070661
6782,2.604454685,-1.1076545715332031,0,6782,2.604454685
6783,2.604838710,-1.10595703125,0,6783,2.604838710
6784,2.605222734,-1.1099624633789062,0,6784,2.605222734
6785,2.605606759,-1.1202812194824219,0,6785,2.605606759
6786,2.605990783,-1.1191749572753906,0,6786,2.605990783
6787,2.606374808,-1.133575439453125,0,6787,2.606374808
6788,2.606758833,-1.1487770080566406,0,6788,2.606758833
6789,2.607142857,-1.1552619934082031,0,6789,2.607142857
6790,2.607526882,-1.1624336242675781,0,6790,2.607526882
6791,2.607910906,-1.1745262145996094,0,6791,2.607910906
6792,2.608294931,-1.1942100524902344,0,6792,2.608294931
6793,2.608678955,-1.1977195739746094,0,6793,2.608678955
6794,2.609062980,-1.1991691589355469,0,6794,2.609062980
6795,2.609447005,-1.2001228332519531,0,6795,2.609447005
6796,2.609831029,-1.1910820007324219,0,6796,2.609831029
6797,2.610215054,-1.1880302429199219,0,6797,2.610215054
6798,2.610599078,-1.1826515197753906,0,6798,2.610599078
6799,2.610983103,-1.1644363403320312,0,6799,2.610983103
6800,2.611367127,-1.149444580078125,0,6800,2.611367127
6801,2.611751152,-1.1433219909667969,0,6801,2.611751152
6802,2.612135177,-1.1267852783203125,0,6802,2.612135177
6803,2.612519201,-1.124267578125,0,6803,2.612519201
6804,2.612903226,-1.1165809631347656,0,6804,2.612903226
6805,2.613287250,-1.1020660400390625,0,6805,2.613287250
6806,2.613671275,-1.0968399047851562,0,6806,2.613671275
6807,2.614055300,-1.0898208618164062,0,6807,2.614055300
6808,2.614439324,-1.0825538635253906,0,6808,2.614439324
6809,2.614823349,-1.0712242126464844,0,6809,2.614823349
6810,2.615207373,-1.0687637329101562,0,6810,2.615207373
6811,2.615591398,-1.0584640502929688,0,6811,2.615591398
6812,2.615975422,-1.0515403747558594,0,6812,2.615975422
6813,2.616359447,-1.0560989379882812,0,6813,2.616359447
6814,2.616743472,-1.0535621643066406,0,6814,2.616743472
6815,2.617127496,-1.0450553894042969,0,6815,2.617127496
6816,2.617511521,-1.0406303405761719,0,6816,2.617511521
6817,2.617895545,-1.0314369201660156,0,6817,2.617895545
6818,2.618279570,-1.018218994140625,0,6818,2.618279570
6819,2.618663594,-1.0006141662597656,0,6819,2.618663594
6820,2.619047619,-0.9904289245605469,0,6820,2.619047619
6821,2.619431644,-0.99700927734375,0,6821,2.619431644
6822,2.619815668,-1.0046958923339844,0,6822,2.619815668
6823,2.620199693,-1.0205078125,0,6823,2.620199693
6824,2.620583717,-1.0329627990722656,0,6824,2.620583717
6825,2.620967742,-1.049957275390625,0,6825,2.620967742
6826,2.621351767,-1.0587310791015625,0,6826,2.621351767
6827,2.621735791,-1.0621070861816406,0,6827,2.621735791
6828,2.622119816,-1.0619354248046875,0,6828,2.622119816
6829,2.622503840,-1.070709228515625,0,6829,2.622503840
6830,2.622887865,-1.0837554931640625,0,6830,2.622887865
6831,2.623271889,-1.0956001281738281,0,6831,2.623271889
6832,2.623655914,-1.1099815368652344,0,6832,2.623655914
6833,2.624039939,-1.1128044128417969,0,6833,2.624039939
6834,2.624423963,-1.1098670959472656,0,6834,2.624423963
6835,2.624807988,-1.1205673217773438,0,6835,2.624807988
6836,2.625192012,-1.121063232421875,0,6836,2.625192012
6837,2.625576037,-1.1224746704101562,0,6837,2.625576037
6838,2.625960061,-1.1272048950195312,0,6838,2.625960061
6839,2.626344086,-1.1346435546875,0,6839,2.626344086
6840,2.626728111,-1.1417388916015625,0,6840,2.626728111
6841,2.627112135,-1.1442947387695312,0,6841,2.627112135
6842,2.627496160,-1.1590766906738281,0,6842,2.627496160
6843,2.627880184,-1.1787223815917969,0,6843,2.627880184
6844,2.628264209,-1.1937904357910156,0,6844,2.628264209
6845,2.628648233,-1.2091636657714844,0,6845,2.628648233
6846,2.629032258,-1.2166023254394531,0,6846,2.629032258
6847,2.629416283,-1.2176513671875,0,6847,2.629416283
6848,2.629800307,-1.2093544006347656,0,6848,2.629800307
6849,2.630184332,-1.1885643005371094,0,6849,2.630184332
6850,2.630568356,-1.1748695373535156,0,6850,2.630568356
6851,2.630952381,-1.155548095703125,0,6851,2.630952381
6852,2.631336406,-1.1441421508789062,0,6852,2.631336406
6853,2.631720430,-1.1326408386230469,0,6853,2.631720430
6854,2.632104455,-1.1246490478515625,0,6854,2.632104455
6855,2.632488479,-1.1119842529296875,0,6855,2.632488479
6856,2.632872504,-1.1072731018066406,0,6856,2.632872504
6857,2.633256528,-1.109771728515625,0,6857,2.633256528
6858,2.633640553,-1.1020469665527344,0,6858,2.633640553
6859,2.634024578,-1.0877037048339844,0,6859,2.634024578
6860,2.634408602,-1.0749244689941406,0,6860,2.634408602
6861,2.634792627,-1.0636520385742188,0,6861,2.634792627
6862,2.635176651,-1.0645294189453125,0,6862,2.635176651
6863,2.635560676,-1.0560035705566406,0,6863,2.635560676
6864,2.635944700,-1.0564231872558594,0,6864,2.635944700
6865,2.636328725,-1.0555076599121094,0,6865,2.636328725
6866,2.636712750,-1.0419464111328125,0,6866,2.636712750
6867,2.637096774,-1.0309410095214844,0,6867,2.637096774
6868,2.637480799,-1.0246658325195312,0,6868,2.637480799
6869,2.637864823,-1.0155677795410156,0,6869,2.637864823
6870,2.638248848,-1.0050010681152344,0,6870,2.638248848
6871,2.638632873,-1.0008811950683594,0,6871,2.638632873
6872,2.639016897,-1.0079193115234375,0,6872,2.639016897
6873,2.639400922,-1.0098648071289062,0,6873,2.639400922
6874,2.639784946,-1.0138893127441406,0,6874,2.639784946
6875,2.640168971,-1.03485107421875,0,6875,2.640168971
6876,2.640552995,-1.0498428344726562,0,6876,2.640552995
6877,2.640937020,-1.0555839538574219,0,6877,2.640937020
6878,2.641321045,-1.0620689392089844,0,6878,2.641321045
6879,2.641705069,-1.0751152038574219,0,6879,2.641705069
6880,2.642089094,-1.081390380859375,0,6880,2.642089094
6881,2.642473118,-1.0955619812011719,0,6881,2.642473118
6882,2.642857143,-1.0983848571777344,0,6882,2.642857143
6883,2.643241167,-1.0969161987304688,0,6883,2.643241167
6884,2.643625192,-1.082763671875,0,6884,2.643625192
6885,2.644009217,-1.0906982421875,0,6885,2.644009217
6886,2.644393241,-1.103668212890625,0,6886,2.644393241
6887,2.644777266,-1.1187553405761719,0,6887,2.644777266
6888,2.645161290,-1.1245536804199219,0,6888,2.645161290
6889,2.645545315,-1.1240577697753906,0,6889,2.645545315
6890,2.645929339,-1.1240959167480469,0,6890,2.645929339
6891,2.646313364,-1.1165809631347656,0,6891,2.646313364
6892,2.646697389,-1.1005401611328125,0,6892,2.646697389
6893,2.647081413,-1.11663818359375,0,6893,2.647081413
6894,2.647465438,-1.150360107421875,0,6894,2.647465438
6895,2.647849462,-1.1806488037109375,0,6895,2.647849462
6896,2.648233487,-1.2003326416015625,0,6896,2.648233487
6897,2.648617512,-1.211395263671875,0,6897,2.648617512
6898,2.649001536,-1.2082099914550781,0,6898,2.649001536
6899,2.649385561,-1.202850341796875,0,6899,2.649385561
6900,2.649769585,-1.1942863464355469,0,6900,2.649769585
6901,2.650153610,-1.1872482299804688,0,6901,2.650153610
6902,2.650537634,-1.16851806640625,0,6902,2.650537634
6903,2.650921659,-1.145782470703125,0,6903,2.650921659
6904,2.651305684,-1.1377143859863281,0,6904,2.651305684
6905,2.651689708,-1.1328506469726562,0,6905,2.651689708
6906,2.652073733,-1.125946044921875,0,6906,2.652073733
6907,2.652457757,-1.0750198364257812,0,6907,2.652457757
6908,2.652841782,-1.0458946228027344,0,6908,2.652841782
6909,2.653225806,-1.0449028015136719,0,6909,2.653225806
6910,2.653609831,-1.0511970520019531,0,6910,2.653609831
6911,2.653993856,-1.0609054565429688,0,6911,2.653993856
6912,2.654377880,-1.0989761352539062,0,6912,2.654377880
6913,2.654761905,-1.1168861389160156,0,6913,2.654761905
6914,2.655145929,-1.1035346984863281,0,6914,2.655145929
6915,2.655529954,-1.0851669311523438,0,6915,2.655529954
6916,2.655913978,-1.0686683654785156,0,6916,2.655913978
6917,2.656298003,-1.0489654541015625,0,6917,2.656298003
6918,2.656682028,-1.0271644592285156,0,6918,2.656682028
6919,2.657066052,-1.0146522521972656,0,6919,2.657066052
6920,2.657450077,-1.0126304626464844,0,6920,2.657450077
6921,2.657834101,-0.999908447265625,0,6921,2.657834101
6922,2.658218126,-1.0054397583007812,0,6922,2.658218126
6923,2.658602151,-1.0056877136230469,0,6923,2.658602151
6924,2.658986175,-1.0121345520019531,0,6924,2.658986175
6925,2.659370200,-1.0224533081054688,0,6925,2.659370200
6926,2.659754224,-1.0500144958496094,0,6926,2.659754224
6927,2.660138249,-1.0661506652832031,0,6927,2.660138249
6928,2.660522273,-1.0634803771972656,0,6928,2.660522273
6929,2.660906298,-1.0682296752929688,0,6929,2.660906298
6930,2.661290323,-1.0791587829589844,0,6930,2.661290323
6931,2.661674347,-1.0806846618652344,0,6931,2.661674347
6932,2.662058372,-1.0807609558105469,0,6932,2.662058372
6933,2.662442396,-1.0869026184082031,0,6933,2.662442396
6934,2.662826421,-1.0943794250488281,0,6934,2.662826421
6935,2.663210445,-1.0954666137695312,0,6935,2.663210445
6936,2.663594470,-1.1001968383789062,0,6936,2.663594470
6937,2.663978495,-1.1079216003417969,0,6937,2.663978495
6938,2.664362519,-1.11541748046875,0,6938,2.664362519
6939,2.664746544,-1.1175918579101562,0,6939,2.664746544
6940,2.665130568,-1.1346817016601562,0,6940,2.665130568
6941,2.665514593,-1.1363792419433594,0,6941,2.665514593
6942,2.665898618,-1.1388206481933594,0,6942,2.665898618
6943,2.666282642,-1.1392784118652344,0,6943,2.666282642
6944,2.666666667,-1.1535263061523438,0,6944,2.666666667
6945,2.667050691,-1.1720085144042969,0,6945,2.667050691
6946,2.667434716,-1.1831474304199219,0,6946,2.667434716
6947,2.667818740,-1.191864013671875,0,6947,2.667818740
6948,2.668202765,-1.1970329284667969,0,6948,2.668202765
6949,2.668586790,-1.1997795104980469,0,6949,2.668586790
6950,2.668970814,-1.2089157104492188,0,6950,2.668970814
6951,2.669354839,-1.2078094482421875,0,6951,2.669354839
6952,2.669738863,-1.1999130249023438,0,6952,2.669738863
6953,2.670122888,-1.1915779113769531,0,6953,2.670122888
6954,2.670506912,-1.1841392517089844,0,6954,2.670506912
6955,2.670890937,-1.169586181640625,0,6955,2.670890937
6956,2.671274962,-1.1551284790039062,0,6956,2.671274962
6957,2.671658986,-1.1355209350585938,0,6957,2.671658986
6958,2.672043011,-1.1239242553710938,0,6958,2.672043011
6959,2.672427035,-1.1155319213867188,0,6959,2.672427035
6960,2.672811060,-1.110076904296875,0,6960,2.672811060
6961,2.673195084,-1.1043930053710938,0,6961,2.673195084
6962,2.673579109,-1.0888481140136719,0,6962,2.673579109
6963,2.673963134,-1.0744285583496094,0,6963,2.673963134
6964,2.674347158,-1.0722732543945312,0,6964,2.674347158
6965,2.674731183,-1.0746002197265625,0,6965,2.674731183
6966,2.675115207,-1.0712814331054688,0,6966,2.675115207
6967,2.675499232,-1.0684394836425781,0,6967,2.675499232
6968,2.675883257,-1.0616874694824219,0,6968,2.675883257
6969,2.676267281,-1.0538482666015625,0,6969,2.676267281
6970,2.676651306,-1.0444450378417969,0,6970,2.676651306
6971,2.677035330,-1.0345077514648438,0,6971,2.677035330
6972,2.677419355,-1.0306549072265625,0,6972,2.677419355
6973,2.677803379,-1.0277748107910156,0,6973,2.677803379
6974,2.678187404,-1.0247421264648438,0,6974,2.678187404
6975,2.678571429,-1.0173225402832031,0,6975,2.678571429
6976,2.678955453,-1.0155868530273438,0,6976,2.678955453
6977,2.679339478,-1.0131645202636719,0,6977,2.679339478
6978,2.679723502,-1.0193061828613281,0,6978,2.679723502
6979,2.680107527,-1.0284614562988281,0,6979,2.680107527
6980,2.680491551,-1.0397148132324219,0,6980,2.680491551
6981,2.680875576,-1.0597038269042969,0,6981,2.680875576
6982,2.681259601,-1.0804939270019531,0,6982,2.681259601
6983,2.681643625,-1.0840034484863281,0,6983,2.681643625
6984,2.682027650,-1.0928726196289062,0,6984,2.682027650
6985,2.682411674,-1.0998153686523438,0,6985,2.682411674
6986,2.682795699,-1.0971641540527344,0,6986,2.682795699
6987,2.683179724,-1.0974693298339844,0,6987,2.683179724
6988,2.683563748,-1.0993003845214844,0,6988,2.683563748
6989,2.683947773,-1.1141395568847656,0,6989,2.683947773
6990,2.684331797,-1.1318016052246094,0,6990,2.684331797
6991,2.684715822,-1.1341094970703125,0,6991,2.684715822
6992,2.685099846,-1.139984130859375,0,6992,2.685099846
6993,2.685483871,-1.1426925659179688,0,6993,2.685483871
6994,2.685867896,-1.1498260498046875,0,6994,2.685867896
6995,2.686251920,-1.1626815795898438,0,6995,2.686251920
6996,2.686635945,-1.1733245849609375,0,6996,2.686635945
6997,2.687019969,-1.1785316467285156,0,6997,2.687019969
6998,2.687403994,-1.1819076538085938,0,6998,2.687403994
6999,2.687788018,-1.196746826171875,0,6999,2.687788018
7000,2.688172043,-1.2148094177246094,0,7000,2.688172043
7001,2.688556068,-1.2149429321289062,0,7001,2.688556068
7002,2.688940092,-1.2131500244140625,0,7002,2.688940092
7003,2.689324117,-1.2069320678710938,0,7003,2.689324117
7004,2.689708141,-1.196441650390625,0,7004,2.689708141
7005,2.690092166,-1.1819648742675781,0,7005,2.690092166
7006,2.690476190,-1.1794853210449219,0,7006,2.690476190
7007,2.690860215,-1.1691856384277344,0,7007,2.690860215
7008,2.691244240,-1.1561203002929688,0,7008,2.691244240
7009,2.691628264,-1.1424636840820312,0,7009,2.691628264
7010,2.692012289,-1.1246490478515625,0,7010,2.692012289
7011,2.692396313,-1.1175727844238281,0,7011,2.692396313
7012,2.692780338,-1.0942649841308594,0,7012,2.692780338
7013,2.693164363,-1.0851097106933594,0,7013,2.693164363
7014,2.693548387,-1.0786628723144531,0,7014,2.693548387
7015,2.693932412,-1.0771560668945312,0,7015,2.693932412
7016,2.694316436,-1.0808372497558594,0,7016,2.694316436
7017,2.694700461,-1.0851860046386719,0,7017,2.694700461
7018,2.695084485,-1.0808753967285156,0,7018,2.695084485
7019,2.695468510,-1.0746574401855469,0,7019,2.695468510
7020,2.695852535,-1.0694313049316406,0,7020,2.695852535
7021,2.696236559,-1.0501289367675781,0,7021,2.696236559
7022,2.696620584,-1.0376548767089844,0,7022,2.696620584
7023,2.697004608,-1.0413932800292969,0,7023,2.697004608
7024,2.697388633,-1.0391998291015625,0,7024,2.697388633
7025,2.697772657,-1.0319709777832031,0,7025,2.697772657
7026,2.698156682,-1.0286712646484375,0,7026,2.698156682
7027,2.698540707,-1.0257720947265625,0,7027,2.698540707
7028,2.698924731,-1.0278129577636719,0,7028,2.698924731
7029,2.699308756,-1.0303688049316406,0,7029,2.699308756
7030,2.699692780,-1.0341072082519531,0,7030,2.699692780
7031,2.700076805,-1.0498237609863281,0,7031,2.700076805
7032,2.700460829,-1.0521125793457031,0,7032,2.700460829
7033,2.700844854,-1.0688972473144531,0,7033,2.700844854
7034,2.701228879,-1.0881805419921875,0,7034,2.701228879
7035,2.701612903,-1.0895156860351562,0,7035,2.701612903
7036,2.701996928,-1.0904884338378906,0,7036,2.701996928
7037,2.702380952,-1.088409423828125,0,7037,2.702380952
7038,2.702764977,-1.1050796508789062,0,7038,2.702764977
7039,2.703149002,-1.1194801330566406,0,7039,2.703149002
7040,2.703533026,-1.1210441589355469,0,7040,2.703533026
7041,2.703917051,-1.1061477661132812,0,7041,2.703917051
7042,2.704301075,-1.1029052734375,0,7042,2.704301075
7043,2.704685100,-1.1067962646484375,0,7043,2.704685100
7044,2.705069124,-1.1125755310058594,0,7044,2.705069124
7045,2.705453149,-1.129608154296875,0,7045,2.705453149
7046,2.705837174,-1.1510086059570312,0,7046,2.705837174
7047,2.706221198,-1.1614227294921875,0,7047,2.706221198
7048,2.706605223,-1.1730575561523438,0,7048,2.706605223
7049,2.706989247,-1.1766242980957031,0,7049,2.706989247
7050,2.707373272,-1.1859703063964844,0,7050,2.707373272
7051,2.707757296,-1.1867332458496094,0,7051,2.707757296
7052,2.708141321,-1.1955642700195312,0,7052,2.708141321
7053,2.708525346,-1.2026405334472656,0,7053,2.708525346
7054,2.708909370,-1.2114524841308594,0,7054,2.708909370
7055,2.709293395,-1.2159347534179688,0,7055,2.709293395
7056,2.709677419,-1.1931037902832031,0,7056,2.709677419
7057,2.710061444,-1.1314010620117188,0,7057,2.710061444
7058,2.710445469,-1.1102485656738281,0,7058,2.710445469
7059,2.710829493,-1.1130905151367188,0,7059,2.710829493
7060,2.711213518,-1.1289596557617188,0,7060,2.711213518
7061,2.711597542,-1.1292076110839844,0,7061,2.711597542
7062,2.711981567,-1.1625289916992188,0,7062,2.711981567
7063,2.712365591,-1.1616134643554688,0,7063,2.712365591
7064,2.712749616,-1.1317825317382812,0,7064,2.712749616
7065,2.713133641,-1.112060546875,0,7065,2.713133641
7066,2.713517665,-1.0810089111328125,0,7066,2.713517665
7067,2.713901690,-1.0706329345703125,0,7067,2.713901690
7068,2.714285714,-1.0674858093261719,0,7068,2.714285714
7069,2.714669739,-1.0629463195800781,0,7069,2.714669739
7070,2.715053763,-1.0696601867675781,0,7070,2.715053763
7071,2.715437788,-1.0729408264160156,0,7071,2.715437788
7072,2.715821813,-1.0625267028808594,0,7072,2.715821813
7073,2.716205837,-1.0556793212890625,0,7073,2.716205837
7074,2.716589862,-1.0495948791503906,0,7074,2.716589862
7075,2.716973886,-1.0532951354980469,0,7075,2.716973886
7076,2.717357911,-1.0625648498535156,0,7076,2.717357911
7077,2.717741935,-1.0573387145996094,0,7077,2.717741935
7078,2.718125960,-1.0472869873046875,0,7078,2.718125960
7079,2.718509985,-1.0397148132324219,0,7079,2.718509985
7080,2.718894009,-1.027679443359375,0,7080,2.718894009
7081,2.719278034,-1.0254478454589844,0,7081,2.719278034
7082,2.719662058,-1.0203170776367188,0,7082,2.719662058
7083,2.720046083,-1.0395431518554688,0,7083,2.720046083
7084,2.720430108,-1.0541915893554688,0,7084,2.720430108
7085,2.720814132,-1.0654067993164062,0,7085,2.720814132
7086,2.721198157,-1.0700035095214844,0,7086,2.721198157
7087,2.721582181,-1.0776901245117188,0,7087,2.721582181
7088,2.721966206,-1.0894966125488281,0,7088,2.721966206
7089,2.722350230,-1.093292236328125,0,7089,2.722350230
7090,2.722734255,-1.1008262634277344,0,7090,2.722734255
7091,2.723118280,-1.1007499694824219,0,7091,2.723118280
7092,2.723502304,-1.108551025390625,0,7092,2.723502304
7093,2.723886329,-1.1142921447753906,0,7093,2.723886329
7094,2.724270353,-1.1237907409667969,0,7094,2.724270353
7095,2.724654378,-1.1331748962402344,0,7095,2.724654378
7096,2.725038402,-1.1363792419433594,0,7096,2.725038402
7097,2.725422427,-1.1398506164550781,0,7097,2.725422427
7098,2.725806452,-1.153411865234375,0,7098,2.725806452
7099,2.726190476,-1.1563682556152344,0,7099,2.726190476
7100,2.726574501,-1.1673355102539062,0,7100,2.726574501
7101,2.726958525,-1.1709403991699219,0,7101,2.726958525
7102,2.727342550,-1.1798095703125,0,7102,2.727342550
7103,2.727726575,-1.201019287109375,0,7103,2.727726575
7104,2.728110599,-1.2176704406738281,0,7104,2.728110599
7105,2.728494624,-1.23138427734375,0,7105,2.728494624
7106,2.728878648,-1.2296295166015625,0,7106,2.728878648
7107,2.729262673,-1.2145042419433594,0,7107,2.729262673
7108,2.729646697,-1.2115669250488281,0,7108,2.729646697
7109,2.730030722,-1.1867713928222656,0,7109,2.730030722
7110,2.730414747,-1.16546630859375,0,7110,2.730414747
7111,2.730798771,-1.1451530456542969,0,7111,2.730798771
7112,2.731182796,-1.133270263671875,0,7112,2.731182796
7113,2.731566820,-1.1187934875488281,0,7113,2.731566820
7114,2.731950845,-1.1121177673339844,0,7114,2.731950845
7115,2.732334869,-1.1112213134765625,0,7115,2.732334869
7116,2.732718894,-1.1147117614746094,0,7116,2.732718894
7117,2.733102919,-1.1002159118652344,0,7117,2.733102919
7118,2.733486943,-1.0944747924804688,0,7118,2.733486943
7119,2.733870968,-1.0826492309570312,0,7119,2.733870968
7120,2.734254992,-1.0746955871582031,0,7120,2.734254992
7121,2.734639017,-1.0745620727539062,0,7121,2.734639017
7122,2.735023041,-1.0728645324707031,0,7122,2.735023041
7123,2.735407066,-1.0606956481933594,0,7123,2.735407066
7124,2.735791091,-1.0519981384277344,0,7124,2.735791091
7125,2.736175115,-1.0444450378417969,0,7125,2.736175115
7126,2.736559140,-1.0460090637207031,0,7126,2.736559140
7127,2.736943164,-1.0445404052734375,0,7127,2.736943164
7128,2.737327189,-1.0410308837890625,0,7128,2.737327189
7129,2.737711214,-1.0363006591796875,0,7129,2.737711214
7130,2.738095238,-1.0322189331054688,0,7130,2.738095238
7131,2.738479263,-1.0316658020019531,0,7131,2.738479263
7132,2.738863287,-1.0315132141113281,0,7132,2.738863287
7133,2.739247312,-1.0317039489746094,0,7133,2.739247312
7134,2.739631336,-1.046905517578125,0,7134,2.739631336
7135,2.740015361,-1.0567092895507812,0,7135,2.740015361
7136,2.740399386,-1.0629844665527344,0,7136,2.740399386
7137,2.740783410,-1.0744857788085938,0,7137,2.740783410
7138,2.741167435,-1.0754203796386719,0,7138,2.741167435
7139,2.741551459,-1.0810661315917969,0,7139,2.741551459
7140,2.741935484,-1.0856246948242188,0,7140,2.741935484
7141,2.742319508,-1.0844993591308594,0,7141,2.742319508
7142,2.742703533,-1.0927200317382812,0,7142,2.742703533
7143,2.743087558,-1.097412109375,0,7143,2.743087558
7144,2.743471582,-1.1057662963867188,0,7144,2.743471582
7145,2.743855607,-1.1179924011230469,0,7145,2.743855607
7146,2.744239631,-1.1298942565917969,0,7146,2.744239631
7147,2.744623656,-1.1403656005859375,0,7147,2.744623656
7148,2.745007680,-1.1445808410644531,0,7148,2.745007680
7149,2.745391705,-1.15081787109375,0,7149,2.745391705
7150,2.745775730,-1.157684326171875,0,7150,2.745775730
7151,2.746159754,-1.1735725402832031,0,7151,2.746159754
7152,2.746543779,-1.1808395385742188,0,7152,2.746543779
7153,2.746927803,-1.1881637573242188,0,7153,2.746927803
7154,2.747311828,-1.2023162841796875,0,7154,2.747311828
7155,2.747695853,-1.2109947204589844,0,7155,2.747695853
7156,2.748079877,-1.2274551391601562,0,7156,2.748079877
7157,2.748463902,-1.2303733825683594,0,7157,2.748463902
7158,2.748847926,-1.2230491638183594,0,7158,2.748847926
7159,2.749231951,-1.202239990234375,0,7159,2.749231951
7160,2.749615975,-1.1883735656738281,0,7160,2.749615975
7161,2.750000000,-1.1770439147949219,0,7161,2.750000000
7162,2.750384025,-1.163482666015625,0,7162,2.750384025
7163,2.750768049,-1.151275634765625,0,7163,2.750768049
7164,2.751152074,-1.1312675476074219,0,7164,2.751152074
7165,2.751536098,-1.1244392395019531,0,7165,2.751536098
7166,2.751920123,-1.1108016967773438,0,7166,2.751920123
7167,2.752304147,-1.1069679260253906,0,7167,2.752304147
7168,2.752688172,-1.0976982116699219,0,7168,2.752688172
7169,2.753072197,-1.0907173156738281,0,7169,2.753072197
7170,2.753456221,-1.0937690734863281,0,7170,2.753456221
7171,2.753840246,-1.0913658142089844,0,7171,2.753840246
7172,2.754224270,-1.0806846618652344,0,7172,2.754224270
7173,2.754608295,-1.0790443420410156,0,7173,2.754608295
7174,2.754992320,-1.0788917541503906,0,7174,2.754992320
7175,2.755376344,-1.0717010498046875,0,7175,2.755376344
7176,2.755760369,-1.0695266723632812,0,7176,2.755760369
7177,2.756144393,-1.0584449768066406,0,7177,2.756144393
7178,2.756528418,-1.0403251647949219,0,7178,2.756528418
7179,2.756912442,-1.0331535339355469,0,7179,2.756912442
7180,2.757296467,-1.0166549682617188,0,7180,2.757296467
7181,2.757680492,-1.0230827331542969,0,7181,2.757680492
7182,2.758064516,-1.0286521911621094,0,7182,2.758064516
7183,2.758448541,-1.0310173034667969,0,7183,2.758448541
7184,2.758832565,-1.0363960266113281,0,7184,2.758832565
7185,2.759216590,-1.0439109802246094,0,7185,2.759216590
7186,2.759600614,-1.0531997680664062,0,7186,2.759600614
7187,2.759984639,-1.0626029968261719,0,7187,2.759984639
7188,2.760368664,-1.0613632202148438,0,7188,2.760368664
7189,2.760752688,-1.0690498352050781,0,7189,2.760752688
7190,2.761136713,-1.0725784301757812,0,7190,2.761136713
7191,2.761520737,-1.0661888122558594,0,7191,2.761520737
7192,2.761904762,-1.055908203125,0,7192,2.761904762
7193,2.762288786,-1.0800933837890625,0,7193,2.762288786
7194,2.762672811,-1.0988807678222656,0,7194,2.762672811
7195,2.763056836,-1.1073684692382812,0,7195,2.763056836
7196,2.763440860,-1.1162185668945312,0,7196,2.763440860
7197,2.763824885,-1.123199462890625,0,7197,2.763824885
7198,2.764208909,-1.1346626281738281,0,7198,2.764208909
7199,2.764592934,-1.134033203125,0,7199,2.764592934
7200,2.764976959,-1.1367034912109375,0,7200,2.764976959
7201,2.765360983,-1.1397743225097656,0,7201,2.765360983
7202,2.765745008,-1.1532211303710938,0,7202,2.765745008
7203,2.766129032,-1.160736083984375,0,7203,2.766129032
7204,2.766513057,-1.1726951599121094,0,7204,2.766513057
7205,2.766897081,-1.1945533752441406,0,7205,2.766897081
7206,2.767281106,-1.2046241760253906,0,7206,2.767281106
7207,2.767665131,-1.1798858642578125,0,7207,2.767665131
7208,2.768049155,-1.1703109741210938,0,7208,2.768049155
7209,2.768433180,-1.1799430847167969,0,7209,2.768433180
7210,2.768817204,-1.1949539184570312,0,7210,2.768817204
7211,2.769201229,-1.1924552917480469,0,7211,2.769201229
7212,2.769585253,-1.2236213684082031,0,7212,2.769585253
7213,2.769969278,-1.2299919128417969,0,7213,2.769969278
7214,2.770353303,-1.1968612670898438,0,7214,2.770353303
7215,2.770737327,-1.1651039123535156,0,7215,2.770737327
7216,2.771121352,-1.137542724609375,0,7216,2.771121352
7217,2.771505376,-1.1286354064941406,0,7217,2.771505376
7218,2.771889401,-1.1139678955078125,0,7218,2.771889401
7219,2.772273425,-1.0953903198242188,0,7219,2.772273425
7220,2.772657450,-1.0907936096191406,0,7220,2.772657450
7221,2.773041475,-1.0859489440917969,0,7221,2.773041475
7222,2.773425499,-1.0837936401367188,0,7222,2.773425499
7223,2.773809524,-1.08642578125,0,7223,2.773809524
7224,2.774193548,-1.0751152038574219,0,7224,2.774193548
7225,2.774577573,-1.0813713073730469,0,7225,2.774577573
7226,2.774961598,-1.1079597473144531,0,7226,2.774961598
7227,2.775345622,-1.1022377014160156,0,7227,2.775345622
7228,2.775729647,-1.0793685913085938,0,7228,2.775729647
7229,2.776113671,-1.0620498657226562,0,7229,2.776113671
7230,2.776497696,-1.0560035705566406,0,7230,2.776497696
7231,2.776881720,-1.0428428649902344,0,7231,2.776881720
7232,2.777265745,-1.0287857055664062,0,7232,2.777265745
7233,2.777649770,-1.0203361511230469,0,7233,2.777649770
7234,2.778033794,-1.0137367248535156,0,7234,2.778033794
7235,2.778417819,-1.0277366638183594,0,7235,2.778417819
7236,2.778801843,-1.0162162780761719,0,7236,2.778801843
7237,2.779185868,-1.0251235961914062,0,7237,2.779185868
7238,2.779569892,-1.0444068908691406,0,7238,2.779569892
7239,2.779953917,-1.0544013977050781,0,7239,2.779953917
7240,2.780337942,-1.0632705688476562,0,7240,2.780337942
7241,2.780721966,-1.0708808898925781,0,7241,2.780721966
7242,2.781105991,-1.0860824584960938,0,7242,2.781105991
7243,2.781490015,-1.0969161987304688,0,7243,2.781490015
7244,2.781874040,-1.1173057556152344,0,7244,2.781874040
7245,2.782258065,-1.1234474182128906,0,7245,2.782258065
7246,2.782642089,-1.1130905151367188,0,7246,2.782642089
7247,2.783026114,-1.1260223388671875,0,7247,2.783026114
7248,2.783410138,-1.1288833618164062,0,7248,2.783410138
7249,2.783794163,-1.1330032348632812,0,7249,2.783794163
7250,2.784178187,-1.1297416687011719,0,7250,2.784178187
7251,2.784562212,-1.1301994323730469,0,7251,2.784562212
7252,2.784946237,-1.1289215087890625,0,7252,2.784946237
7253,2.785330261,-1.1384773254394531,0,7253,2.785330261
7254,2.785714286,-1.1475181579589844,0,7254,2.785714286
7255,2.786098310,-1.1571502685546875,0,7255,2.786098310
7256,2.786482335,-1.1771202087402344,0,7256,2.786482335
7257,2.786866359,-1.198272705078125,0,7257,2.786866359
7258,2.787250384,-1.2114524841308594,0,7258,2.787250384
7259,2.787634409,-1.2200355529785156,0,7259,2.787634409
7260,2.788018433,-1.2312698364257812,0,7260,2.788018433
7261,2.788402458,-1.2269210815429688,0,7261,2.788402458
7262,2.788786482,-1.2133598327636719,0,7262,2.788786482
7263,2.789170507,-1.2007331848144531,0,7263,2.789170507
7264,2.789554531,-1.1907386779785156,0,7264,2.789554531
7265,2.789938556,-1.1800575256347656,0,7265,2.789938556
7266,2.790322581,-1.1667251586914062,0,7266,2.790322581
7267,2.790706605,-1.1457252502441406,0,7267,2.790706605
7268,2.791090630,-1.1346244812011719,0,7268,2.791090630
7269,2.791474654,-1.1255073547363281,0,7269,2.791474654
7270,2.791858679,-1.114044189453125,0,7270,2.791858679
7271,2.792242704,-1.1041069030761719,0,7271,2.792242704
7272,2.792626728,-1.0950469970703125,0,7272,2.792626728
7273,2.793010753,-1.077728271484375,0,7273,2.793010753
7274,2.793394777,-1.0704231262207031,0,7274,2.793394777
7275,2.793778802,-1.0662841796875,0,7275,2.793778802
7276,2.794162826,-1.0680389404296875,0,7276,2.794162826
7277,2.794546851,-1.061859130859375,0,7277,2.794546851
7278,2.794930876,-1.0568046569824219,0,7278,2.794930876
7279,2.795314900,-1.0610771179199219,0,7279,2.795314900
7280,2.795698925,-1.0516357421875,0,7280,2.795698925
7281,2.796082949,-1.0499954223632812,0,7281,2.796082949
7282,2.796466974,-1.0388374328613281,0,7282,2.796466974
7283,2.796850998,-1.0274314880371094,0,7283,2.796850998
7284,2.797235023,-1.0271835327148438,0,7284,2.797235023
7285,2.797619048,-1.0187339782714844,0,7285,2.797619048
7286,2.798003072,-1.0189056396484375,0,7286,2.798003072
7287,2.798387097,-1.0227584838867188,0,7287,2.798387097
7288,2.798771121,-1.0315132141113281,0,7288,2.798771121
7289,2.799155146,-1.0500144958496094,0,7289,2.799155146
7290,2.799539171,-1.0637855529785156,0,7290,2.799539171
7291,2.799923195,-1.0776710510253906,0,7291,2.799923195
7292,2.800307220,-1.0867500305175781,0,7292,2.800307220
7293,2.800691244,-1.090087890625,0,7293,2.800691244
7294,2.801075269,-1.0890579223632812,0,7294,2.801075269
7295,2.801459293,-1.0964584350585938,0,7295,2.801459293
7296,2.801843318,-1.1034011840820312,0,7296,2.801843318
7297,2.802227343,-1.1033248901367188,0,7297,2.802227343
7298,2.802611367,-1.1068534851074219,0,7298,2.802611367
7299,2.802995392,-1.1111068725585938,0,7299,2.802995392
7300,2.803379416,-1.1246109008789062,0,7300,2.803379416
7301,2.803763441,-1.1302757263183594,0,7301,2.803763441
7302,2.804147465,-1.1379623413085938,0,7302,2.804147465
7303,2.804531490,-1.1416816711425781,0,7303,2.804531490
7304,2.804915515,-1.1473464965820312,0,7304,2.804915515
7305,2.805299539,-1.1464309692382812,0,7305,2.805299539
7306,2.805683564,-1.1587333679199219,0,7306,2.805683564
7307,2.806067588,-1.1651229858398438,0,7307,2.806067588
7308,2.806451613,-1.166229248046875,0,7308,2.806451613
7309,2.806835637,-1.180267333984375,0,7309,2.806835637
7310,2.807219662,-1.195220947265625,0,7310,2.807219662
7311,2.807603687,-1.2087631225585938,0,7311,2.807603687
7312,2.807987711,-1.2040519714355469,0,7312,2.807987711
7313,2.808371736,-1.1989212036132812,0,7313,2.808371736
7314,2.808755760,-1.1925315856933594,0,7314,2.808755760
7315,2.809139785,-1.1927413940429688,0,7315,2.809139785
7316,2.809523810,-1.175384521484375,0,7316,2.809523810
7317,2.809907834,-1.1538505554199219,0,7317,2.809907834
7318,2.810291859,-1.1502456665039062,0,7318,2.810291859
7319,2.810675883,-1.1358070373535156,0,7319,2.810675883
7320,2.811059908,-1.1211776733398438,0,7320,2.811059908
7321,2.811443932,-1.113739013671875,0,7321,2.811443932
7322,2.811827957,-1.092529296875,0,7322,2.811827957
7323,2.812211982,-1.0939407348632812,0,7323,2.812211982
7324,2.812596006,-1.0845375061035156,0,7324,2.812596006
7325,2.812980031,-1.08154296875,0,7325,2.812980031
7326,2.813364055,-1.0788154602050781,0,7326,2.813364055
7327,2.813748080,-1.0669708251953125,0,7327,2.813748080
7328,2.814132104,-1.0583877563476562,0,7328,2.814132104
7329,2.814516129,-1.0568428039550781,0,7329,2.814516129
7330,2.814900154,-1.0596656799316406,0,7330,2.814900154
7331,2.815284178,-1.0578536987304688,0,7331,2.815284178
7332,2.815668203,-1.0457992553710938,0,7332,2.815668203
7333,2.816052227,-1.0349082946777344,0,7333,2.816052227
7334,2.816436252,-1.0345268249511719,0,7334,2.816436252
7335,2.816820276,-1.0243797302246094,0,7335,2.816820276
7336,2.817204301,-1.0222244262695312,0,7336,2.817204301
7337,2.817588326,-1.0196495056152344,0,7337,2.817588326
7338,2.817972350,-1.0238838195800781,0,7338,2.817972350
7339,2.818356375,-1.0238265991210938,0,7339,2.818356375
7340,2.818740399,-1.0260009765625,0,7340,2.818740399
7341,2.819124424,-1.0294723510742188,0,7341,2.819124424
7342,2.819508449,-1.0117721557617188,0,7342,2.819508449
7343,2.819892473,-1.0186576843261719,0,7343,2.819892473
7344,2.820276498,-1.0440635681152344,0,7344,2.820276498
7345,2.820660522,-1.066741943359375,0,7345,2.820660522
7346,2.821044547,-1.0741424560546875,0,7346,2.821044547
7347,2.821428571,-1.0808372497558594,0,7347,2.821428571
7348,2.821812596,-1.0816383361816406,0,7348,2.821812596
7349,2.822196621,-1.0948753356933594,0,7349,2.822196621
7350,2.822580645,-1.10687255859375,0,7350,2.822580645
7351,2.822964670,-1.1167335510253906,0,7351,2.822964670
7352,2.823348694,-1.1146926879882812,0,7352,2.823348694
7353,2.823732719,-1.1192893981933594,0,7353,2.823732719
7354,2.824116743,-1.124725341796875,0,7354,2.824116743
7355,2.824500768,-1.1249923706054688,0,7355,2.824500768
7356,2.824884793,-1.1236953735351562,0,7356,2.824884793
7357,2.825268817,-1.0972404479980469,0,7357,2.825268817
7358,2.825652842,-1.0925483703613281,0,7358,2.825652842
7359,2.826036866,-1.1184501647949219,0,7359,2.826036866
7360,2.826420891,-1.1592864990234375,0,7360,2.826420891
7361,2.826804916,-1.1839103698730469,0,7361,2.826804916
7362,2.827188940,-1.2400436401367188,0,7362,2.827188940
7363,2.827572965,-1.2682533264160156,0,7363,2.827572965
7364,2.827956989,-1.2604331970214844,0,7364,2.827956989
7365,2.828341014,-1.2402534484863281,0,7365,2.828341014
7366,2.828725038,-1.2148094177246094,0,7366,2.828725038
7367,2.829109063,-1.1838150024414062,0,7367,2.829109063
7368,2.829493088,-1.15814208984375,0,7368,2.829493088
7369,2.829877112,-1.1377716064453125,0,7369,2.829877112
7370,2.830261137,-1.1273956298828125,0,7370,2.830261137
7371,2.830645161,-1.1255645751953125,0,7371,2.830645161
7372,2.831029186,-1.1152267456054688,0,7372,2.831029186
7373,2.831413210,-1.1076736450195312,0,7373,2.831413210
7374,2.831797235,-1.0972213745117188,0,7374,2.831797235
7375,2.832181260,-1.0953330993652344,0,7375,2.832181260
7376,2.832565284,-1.0950660705566406,0,7376,2.832565284
7377,2.832949309,-1.0869598388671875,0,7377,2.832949309
7378,2.833333333,-1.0815048217773438,0,7378,2.833333333
7379,2.833717358,-1.0786819458007812,0,7379,2.833717358
7380,2.834101382,-1.06964111328125,0,7380,2.834101382
7381,2.834485407,-1.06048583984375,0,7381,2.834485407
7382,2.834869432,-1.0518455505371094,0,7382,2.834869432
7383,2.835253456,-1.0343170166015625,0,7383,2.835253456
7384,2.835637481,-1.0285758972167969,0,7384,2.835637481
7385,2.836021505,-1.029815673828125,0,7385,2.836021505
7386,2.836405530,-1.0221290588378906,0,7386,2.836405530
7387,2.836789555,-1.0218048095703125,0,7387,2.836789555
7388,2.837173579,-1.0137939453125,0,7388,2.837173579
7389,2.837557604,-1.0060310363769531,0,7389,2.837557604
7390,2.837941628,-1.0095977783203125,0,7390,2.837941628
7391,2.838325653,-1.030731201171875,0,7391,2.838325653
7392,2.838709677,-1.0453224182128906,0,7392,2.838709677
7393,2.839093702,-1.0645675659179688,0,7393,2.839093702
7394,2.839477727,-1.0695457458496094,0,7394,2.839477727
7395,2.839861751,-1.068572998046875,0,7395,2.839861751
7396,2.840245776,-1.0589981079101562,0,7396,2.840245776
7397,2.840629800,-1.0640144348144531,0,7397,2.840629800
7398,2.841013825,-1.0795211791992188,0,7398,2.841013825
7399,2.841397849,-1.0939979553222656,0,7399,2.841397849
7400,2.841781874,-1.0968589782714844,0,7400,2.841781874
7401,2.842165899,-1.0964012145996094,0,7401,2.842165899
7402,2.842549923,-1.0984992980957031,0,7402,2.842549923
7403,2.842933948,-1.0999298095703125,0,7403,2.842933948
7404,2.843317972,-1.1064338684082031,0,7404,2.843317972
7405,2.843701997,-1.1143684387207031,0,7405,2.843701997
7406,2.844086022,-1.1233711242675781,0,7406,2.844086022
7407,2.844470046,-1.1232376098632812,0,7407,2.844470046
7408,2.844854071,-1.1320114135742188,0,7408,2.844854071
7409,2.845238095,-1.1460113525390625,0,7409,2.845238095
7410,2.845622120,-1.1630630493164062,0,7410,2.845622120
7411,2.846006144,-1.1737823486328125,0,7411,2.846006144
7412,2.846390169,-1.1834144592285156,0,7412,2.846390169
7413,2.846774194,-1.1885452270507812,0,7413,2.846774194
7414,2.847158218,-1.2061882019042969,0,7414,2.847158218
7415,2.847542243,-1.2032890319824219,0,7415,2.847542243
7416,2.847926267,-1.1990928649902344,0,7416,2.847926267
7417,2.848310292,-1.1983680725097656,0,7417,2.848310292
7418,2.848694316,-1.1813735961914062,0,7418,2.848694316
7419,2.849078341,-1.1772727966308594,0,7419,2.849078341
7420,2.849462366,-1.1649513244628906,0,7420,2.849462366
7421,2.849846390,-1.1432838439941406,0,7421,2.849846390
7422,2.850230415,-1.1380386352539062,0,7422,2.850230415
7423,2.850614439,-1.1243629455566406,0,7423,2.850614439
7424,2.850998464,-1.107025146484375,0,7424,2.850998464
7425,2.851382488,-1.0963630676269531,0,7425,2.851382488
7426,2.851766513,-1.0754013061523438,0,7426,2.851766513
7427,2.852150538,-1.0693931579589844,0,7427,2.852150538
7428,2.852534562,-1.0629463195800781,0,7428,2.852534562
7429,2.852918587,-1.0637855529785156,0,7429,2.852918587
7430,2.853302611,-1.0580825805664062,0,7430,2.853302611
7431,2.853686636,-1.0511398315429688,0,7431,2.853686636
7432,2.854070661,-1.0451316833496094,0,7432,2.854070661
7433,2.854454685,-1.0513114929199219,0,7433,2.854454685
7434,2.854838710,-1.0521888732910156,0,7434,2.854838710
7435,2.855222734,-1.0450363159179688,0,7435,2.855222734
7436,2.855606759,-1.0310173034667969,0,7436,2.855606759
7437,2.855990783,-1.0296249389648438,0,7437,2.855990783
7438,2.856374808,-1.0272598266601562,0,7438,2.856374808
7439,2.856758833,-1.0122299194335938,0,7439,2.856758833
7440,2.857142857,-1.0082244873046875,0,7440,2.857142857
7441,2.857526882,-1.0036849975585938,0,7441,2.857526882
7442,2.857910906,-1.0048484802246094,0,7442,2.857910906
7443,2.858294931,-1.0164451599121094,0,7443,2.858294931
7444,2.858678955,-1.0333061218261719,0,7444,2.858678955
7445,2.859062980,-1.0423851013183594,0,7445,2.859062980
7446,2.859447005,-1.0491180419921875,0,7446,2.859447005
7447,2.859831029,-1.0605430603027344,0,7447,2.859831029
7448,2.860215054,-1.0738754272460938,0,7448,2.860215054
7449,2.860599078,-1.0778427124023438,0,7449,2.860599078
7450,2.860983103,-1.0817909240722656,0,7450,2.860983103
7451,2.861367127,-1.0858535766601562,0,7451,2.861367127
7452,2.861751152,-1.0939407348632812,0,7452,2.861751152
7453,2.862135177,-1.0966110229492188,0,7453,2.862135177
7454,2.862519201,-1.0960960388183594,0,7454,2.862519201
7455,2.862903226,-1.1069869995117188,0,7455,2.862903226
7456,2.863287250,-1.1123847961425781,0,7456,2.863287250
7457,2.863671275,-1.1256790161132812,0,7457,2.863671275
7458,2.864055300,-1.1312675476074219,0,7458,2.864055300
7459,2.864439324,-1.133880615234375,0,7459,2.864439324
7460,2.864823349,-1.1303329467773438,0,7460,2.864823349
7461,2.865207373,-1.12762451171875,0,7461,2.865207373
7462,2.865591398,-1.1346435546875,0,7462,2.865591398
7463,2.865975422,-1.1426162719726562,0,7463,2.865975422
7464,2.866359447,-1.1617088317871094,0,7464,2.866359447
7465,2.866743472,-1.1859130859375,0,7465,2.866743472
7466,2.867127496,-1.2042808532714844,0,7466,2.867127496
7467,2.867511521,-1.2071037292480469,0,7467,2.867511521
7468,2.867895545,-1.2128067016601562,0,7468,2.867895545
7469,2.868279570,-1.2063407897949219,0,7469,2.868279570
7470,2.868663594,-1.19720458984375,0,7470,2.868663594
7471,2.869047619,-1.1739921569824219,0,7471,2.869047619
7472,2.869431644,-1.1536216735839844,0,7472,2.869431644
7473,2.869815668,-1.1474800109863281,0,7473,2.869815668
7474,2.870199693,-1.1397361755371094,0,7474,2.870199693
7475,2.870583717,-1.1262702941894531,0,7475,2.870583717
7476,2.870967742,-1.1158370971679688,0,7476,2.870967742
7477,2.871351767,-1.0930633544921875,0,7477,2.871351767
7478,2.871735791,-1.082763671875,0,7478,2.871735791
7479,2.872119816,-1.0765838623046875,0,7479,2.872119816
7480,2.872503840,-1.0596084594726562,0,7480,2.872503840
7481,2.872887865,-1.0594940185546875,0,7481,2.872887865
7482,2.873271889,-1.0626602172851562,0,7482,2.873271889
7483,2.873655914,-1.0634040832519531,0,7483,2.873655914
7484,2.874039939,-1.0646629333496094,0,7484,2.874039939
7485,2.874423963,-1.060333251953125,0,7485,2.874423963
7486,2.874807988,-1.0463333129882812,0,7486,2.874807988
7487,2.875192012,-1.0331153869628906,0,7487,2.875192012
7488,2.875576037,-1.0316276550292969,0,7488,2.875576037
7489,2.875960061,-1.022796630859375,0,7489,2.875960061
7490,2.876344086,-1.0283279418945312,0,7490,2.876344086
7491,2.876728111,-1.0030555725097656,0,7491,2.876728111
7492,2.877112135,-0.96923828125,0,7492,2.877112135
7493,2.877496160,-0.962066650390625,0,7493,2.877496160
7494,2.877880184,-0.9811973571777344,0,7494,2.877880184
7495,2.878264209,-0.9932899475097656,0,7495,2.878264209
7496,2.878648233,-1.0094642639160156,0,7496,2.878648233
7497,2.879032258,-1.0233306884765625,0,7497,2.879032258
7498,2.879416283,-1.0380744934082031,0,7498,2.879416283
7499,2.879800307,-1.0609626770019531,0,7499,2.879800307
7500,2.880184332,-1.0736656188964844,0,7500,2.880184332
7501,2.880568356,-1.0848808288574219,0,7501,2.880568356
7502,2.880952381,-1.0800361633300781,0,7502,2.880952381
7503,2.881336406,-1.0846138000488281,0,7503,2.881336406
7504,2.881720430,-1.0882759094238281,0,7504,2.881720430
7505,2.882104455,-1.0879135131835938,0,7505,2.882104455
7506,2.882488479,-1.0914993286132812,0,7506,2.882488479
7507,2.882872504,-1.0720062255859375,0,7507,2.882872504
7508,2.883256528,-1.0535430908203125,0,7508,2.883256528
7509,2.883640553,-1.0674285888671875,0,7509,2.883640553
7510,2.884024578,-1.0993194580078125,0,7510,2.884024578
7511,2.884408602,-1.1203956604003906,0,7511,2.884408602
7512,2.884792627,-1.1803817749023438,0,7512,2.884792627
7513,2.885176651,-1.2175559997558594,0,7513,2.885176651
7514,2.885560676,-1.2108993530273438,0,7514,2.885560676
7515,2.885944700,-1.1998558044433594,0,7515,2.885944700
7516,2.886328725,-1.1964607238769531,0,7516,2.886328725
7517,2.886712750,-1.191253662109375,0,7517,2.886712750
7518,2.887096774,-1.1978530883789062,0,7518,2.887096774
7519,2.887480799,-1.1894989013671875,0,7519,2.887480799
7520,2.887864823,-1.1885452270507812,0,7520,2.887864823
7521,2.888248848,-1.171112060546875,0,7521,2.888248848
7522,2.888632873,-1.1662101745605469,0,7522,2.888632873
7523,2.889016897,-1.1613273620605469,0,7523,2.889016897
7524,2.889400922,-1.1542701721191406,0,7524,2.889400922
7525,2.889784946,-1.1580657958984375,0,7525,2.889784946
7526,2.890168971,-1.16668701171875,0,7526,2.890168971
7527,2.890552995,-1.1556434631347656,0,7527,2.890552995
7528,2.890937020,-1.1324882507324219,0,7528,2.890937020
7529,2.891321045,-1.109771728515625,0,7529,2.891321045
7530,2.891705069,-1.0898208618164062,0,7530,2.891705069
7531,2.892089094,-1.0750961303710938,0,7531,2.892089094
7532,2.892473118,-1.06414794921875,0,7532,2.892473118
7533,2.892857143,-1.0613822937011719,0,7533,2.892857143
7534,2.893241167,-1.0669898986816406,0,7534,2.893241167
7535,2.893625192,-1.0660552978515625,0,7535,2.893625192
7536,2.894009217,-1.0673141479492188,0,7536,2.894009217
7537,2.894393241,-1.0618782043457031,0,7537,2.894393241
7538,2.894777266,-1.0586738586425781,0,7538,2.894777266
7539,2.895161290,-1.0557746887207031,0,7539,2.895161290
7540,2.895545315,-1.0504150390625,0,7540,2.895545315
7541,2.895929339,-1.0341644287109375,0,7541,2.895929339
7542,2.896313364,-1.0030364990234375,0,7542,2.896313364
7543,2.896697389,-0.9889602661132812,0,7543,2.896697389
7544,2.897081413,-0.9889030456542969,0,7544,2.897081413
7545,2.897465438,-0.9940338134765625,0,7545,2.897465438
7546,2.897849462,-1.0062599182128906,0,7546,2.897849462
7547,2.898233487,-1.0061836242675781,0,7547,2.898233487
7548,2.898617512,-1.0292243957519531,0,7548,2.898617512
7549,2.899001536,-1.0429191589355469,0,7549,2.899001536
7550,2.899385561,-1.0582542419433594,0,7550,2.899385561
7551,2.899769585,-1.0678482055664062,0,7551,2.899769585
7552,2.900153610,-1.0727500915527344,0,7552,2.900153610
7553,2.900537634,-1.0792160034179688,0,7553,2.900537634
7554,2.900921659,-1.0837173461914062,0,7554,2.900921659
7555,2.901305684,-1.08642578125,0,7555,2.901305684
7556,2.901689708,-1.0972785949707031,0,7556,2.901689708
7557,2.902073733,-1.101531982421875,0,7557,2.902073733
7558,2.902457757,-1.10992431640625,0,7558,2.902457757
7559,2.902841782,-1.1219406127929688,0,7559,2.902841782
7560,2.903225806,-1.1218833923339844,0,7560,2.903225806
7561,2.903609831,-1.1202239990234375,0,7561,2.903609831
7562,2.903993856,-1.1258888244628906,0,7562,2.903993856
7563,2.904377880,-1.1282730102539062,0,7563,2.904377880
7564,2.904761905,-1.14227294921875,0,7564,2.904761905
7565,2.905145929,-1.1460304260253906,0,7565,2.905145929
7566,2.905529954,-1.1541366577148438,0,7566,2.905529954
7567,2.905913978,-1.1778068542480469,0,7567,2.905913978
7568,2.906298003,-1.1962890625,0,7568,2.906298003
7569,2.906682028,-1.2064743041992188,0,7569,2.906682028
7570,2.907066052,-1.20208740234375,0,7570,2.907066052
7571,2.907450077,-1.1950492858886719,0,7571,2.907450077
7572,2.907834101,-1.1875534057617188,0,7572,2.907834101
7573,2.908218126,-1.1816024780273438,0,7573,2.908218126
7574,2.908602151,-1.1716651916503906,0,7574,2.908602151
7575,2.908986175,-1.1533355712890625,0,7575,2.908986175
7576,2.909370200,-1.1405181884765625,0,7576,2.909370200
7577,2.909754224,-1.1304664611816406,0,7577,2.909754224
7578,2.910138249,-1.1155319213867188,0,7578,2.910138249
7579,2.910522273,-1.1122894287109375,0,7579,2.910522273
7580,2.910906298,-1.0966682434082031,0,7580,2.910906298
7581,2.911290323,-1.0969924926757812,0,7581,2.911290323
7582,2.911674347,-1.0903358459472656,0,7582,2.911674347
7583,2.912058372,-1.0779380798339844,0,7583,2.912058372
7584,2.912442396,-1.0671043395996094,0,7584,2.912442396
7585,2.912826421,-1.06964111328125,0,7585,2.912826421
7586,2.913210445,-1.0748100280761719,0,7586,2.913210445
7587,2.913594470,-1.0724258422851562,0,7587,2.913594470
7588,2.913978495,-1.0733795166015625,0,7588,2.913978495
7589,2.914362519,-1.0648727416992188,0,7589,2.914362519
7590,2.914746544,-1.0489273071289062,0,7590,2.914746544
7591,2.915130568,-1.038665771484375,0,7591,2.915130568
7592,2.915514593,-1.0253334045410156,0,7592,2.915514593
7593,2.915898618,-1.011505126953125,0,7593,2.915898618
7594,2.916282642,-1.0051155090332031,0,7594,2.916282642
7595,2.916666667,-1.0059165954589844,0,7595,2.916666667
7596,2.917050691,-1.0024833679199219,0,7596,2.917050691
7597,2.917434716,-1.0039520263671875,0,7597,2.917434716
7598,2.917818740,-1.0078239440917969,0,7598,2.917818740
7599,2.918202765,-1.0247993469238281,0,7599,2.918202765
7600,2.918586790,-1.0419464111328125,0,7600,2.918586790
7601,2.918970814,-1.0421180725097656,0,7601,2.918970814
7602,2.919354839,-1.0561561584472656,0,7602,2.919354839
7603,2.919738863,-1.0631752014160156,0,7603,2.919738863
7604,2.920122888,-1.0620307922363281,0,7604,2.920122888
7605,2.920506912,-1.072845458984375,0,7605,2.920506912
7606,2.920890937,-1.0741043090820312,0,7606,2.920890937
7607,2.921274962,-1.0785675048828125,0,7607,2.921274962
7608,2.921658986,-1.0915756225585938,0,7608,2.921658986
7609,2.922043011,-1.0958480834960938,0,7609,2.922043011
7610,2.922427035,-1.1084938049316406,0,7610,2.922427035
7611,2.922811060,-1.1154747009277344,0,7611,2.922811060
7612,2.923195084,-1.1210060119628906,0,7612,2.923195084
7613,2.923579109,-1.1222648620605469,0,7613,2.923579109
7614,2.923963134,-1.1284828186035156,0,7614,2.923963134
7615,2.924347158,-1.1418533325195312,0,7615,2.924347158
7616,2.924731183,-1.1515235900878906,0,7616,2.924731183
7617,2.925115207,-1.1586952209472656,0,7617,2.925115207
7618,2.925499232,-1.1631393432617188,0,7618,2.925499232
7619,2.925883257,-1.1768150329589844,0,7619,2.925883257
7620,2.926267281,-1.1896514892578125,0,7620,2.926267281
7621,2.926651306,-1.1944389343261719,0,7621,2.926651306
7622,2.927035330,-1.1981964111328125,0,7622,2.927035330
7623,2.927419355,-1.1937713623046875,0,7623,2.927419355
7624,2.927803379,-1.1800765991210938,0,7624,2.927803379
7625,2.928187404,-1.172637939453125,0,7625,2.928187404
7626,2.928571429,-1.1644554138183594,0,7626,2.928571429
7627,2.928955453,-1.1582183837890625,0,7627,2.928955453
7628,2.929339478,-1.1487770080566406,0,7628,2.929339478
7629,2.929723502,-1.1365699768066406,0,7629,2.929723502
7630,2.930107527,-1.1220932006835938,0,7630,2.930107527
7631,2.930491551,-1.1120223999023438,0,7631,2.930491551
7632,2.930875576,-1.097564697265625,0,7632,2.930875576
7633,2.931259601,-1.09161376953125,0,7633,2.931259601
7634,2.931643625,-1.0809516906738281,0,7634,2.931643625
7635,2.932027650,-1.0737991333007812,0,7635,2.932027650
7636,2.932411674,-1.0720443725585938,0,7636,2.932411674
7637,2.932795699,-1.0699844360351562,0,7637,2.932795699
7638,2.933179724,-1.0665130615234375,0,7638,2.933179724
7639,2.933563748,-1.0660171508789062,0,7639,2.933563748
7640,2.933947773,-1.0546302795410156,0,7640,2.933947773
7641,2.934331797,-1.0336112976074219,0,7641,2.934331797
7642,2.934715822,-0.9929656982421875,0,7642,2.934715822
7643,2.935099846,-0.9771537780761719,0,7643,2.935099846
7644,2.935483871,-0.9796905517578125,0,7644,2.935483871
7645,2.935867896,-0.9875106811523438,0,7645,2.935867896
7646,2.936251920,-0.9973526000976562,0,7646,2.936251920
7647,2.936635945,-0.9972190856933594,0,7647,2.936635945
7648,2.937019969,-1.0052299499511719,0,7648,2.937019969
7649,2.937403994,-1.0059547424316406,0,7649,2.937403994
7650,2.937788018,-1.0152626037597656,0,7650,2.937788018
7651,2.938172043,-1.0213661193847656,0,7651,2.938172043
7652,2.938556068,-1.0259628295898438,0,7652,2.938556068
7653,2.938940092,-1.0401725769042969,0,7653,2.938940092
7654,2.939324117,-1.0570716857910156,0,7654,2.939324117
7655,2.939708141,-1.055450439453125,0,7655,2.939708141
7656,2.940092166,-1.0486221313476562,0,7656,2.940092166
7657,2.940476190,-1.023712158203125,0,7657,2.940476190
7658,2.940860215,-1.0166549682617188,0,7658,2.940860215
7659,2.941244240,-1.0287094116210938,0,7659,2.941244240
7660,2.941628264,-1.0555267333984375,0,7660,2.941628264
7661,2.942012289,-1.0880279541015625,0,7661,2.942012289
7662,2.942396313,-1.1409950256347656,0,7662,2.942396313
7663,2.942780338,-1.157989501953125,0,7663,2.942780338
7664,2.943164363,-1.1646652221679688,0,7664,2.943164363
7665,2.943548387,-1.1547088623046875,0,7665,2.943548387
7666,2.943932412,-1.1504173278808594,0,7666,2.943932412
7667,2.944316436,-1.1450767517089844,0,7667,2.944316436
7668,2.944700461,-1.1428260803222656,0,7668,2.944700461
7669,2.945084485,-1.1440467834472656,0,7669,2.945084485
7670,2.945468510,-1.1604881286621094,0,7670,2.945468510
7671,2.945852535,-1.17431640625,0,7671,2.945852535
7672,2.946236559,-1.1820030212402344,0,7672,2.946236559
7673,2.946620584,-1.1843109130859375,0,7673,2.946620584
7674,2.947004608,-1.1875724792480469,0,7674,2.947004608
7675,2.947388633,-1.1936569213867188,0,7675,2.947388633
7676,2.947772657,-1.2203407287597656,0,7676,2.947772657
7677,2.948156682,-1.2218666076660156,0,7677,2.948156682
7678,2.948540707,-1.2002182006835938,0,7678,2.948540707
7679,2.948924731,-1.1656761169433594,0,7679,2.948924731
7680,2.949308756,-1.1434745788574219,0,7680,2.949308756
7681,2.949692780,-1.12060546875,0,7681,2.949692780
7682,2.950076805,-1.1132431030273438,0,7682,2.950076805
7683,2.950460829,-1.096954345703125,0,7683,2.950460829
7684,2.950844854,-1.0913276672363281,0,7684,2.950844854
7685,2.951228879,-1.087188720703125,0,7685,2.951228879
7686,2.951612903,-1.08673095703125,0,7686,2.951612903
7687,2.951996928,-1.0835838317871094,0,7687,2.951996928
7688,2.952380952,-1.0678291320800781,0,7688,2.952380952
7689,2.952764977,-1.0620498657226562,0,7689,2.952764977
7690,2.953149002,-1.0625648498535156,0,7690,2.953149002
7691,2.953533026,-1.0519599914550781,0,7691,2.953533026
7692,2.953917051,-1.0454177856445312,0,7692,2.953917051
7693,2.954301075,-1.0309219360351562,0,7693,2.954301075
7694,2.954685100,-1.026153564453125,0,7694,2.954685100
7695,2.955069124,-1.0177421569824219,0,7695,2.955069124
7696,2.955453149,-1.00616455078125,0,7696,2.955453149
7697,2.955837174,-0.9995460510253906,0,7697,2.955837174
7698,2.956221198,-0.9998893737792969,0,7698,2.956221198
7699,2.956605223,-1.0053062438964844,0,7699,2.956605223
7700,2.956989247,-1.0072135925292969,0,7700,2.956989247
7701,2.957373272,-1.0174369812011719,0,7701,2.957373272
7702,2.957757296,-1.0283851623535156,0,7702,2.957757296
7703,2.958141321,-1.0336112976074219,0,7703,2.958141321
7704,2.958525346,-1.045379638671875,0,7704,2.958525346
7705,2.958909370,-1.0547637939453125,0,7705,2.958909370
7706,2.959293395,-1.0659217834472656,0,7706,2.959293395
7707,2.959677419,-1.0675239562988281,0,7707,2.959677419
7708,2.960061444,-1.0756683349609375,0,7708,2.960061444
7709,2.960445469,-1.0816192626953125,0,7709,2.960445469
7710,2.960829493,-1.0839653015136719,0,7710,2.960829493
7711,2.961213518,-1.0939407348632812,0,7711,2.961213518
7712,2.961597542,-1.0960006713867188,0,7712,2.961597542
7713,2.961981567,-1.1012649536132812,0,7713,2.961981567
7714,2.962365591,-1.1069679260253906,0,7714,2.962365591
7715,2.962749616,-1.1149787902832031,0,7715,2.962749616
7716,2.963133641,-1.1113357543945312,0,7716,2.963133641
7717,2.963517665,-1.1213493347167969,0,7717,2.963517665
7718,2.963901690,-1.1279487609863281,0,7718,2.963901690
7719,2.964285714,-1.1396598815917969,0,7719,2.964285714
7720,2.964669739,-1.1437797546386719,0,7720,2.964669739
7721,2.965053763,-1.1577606201171875,0,7721,2.965053763
7722,2.965437788,-1.1818313598632812,0,7722,2.965437788
7723,2.965821813,-1.1945533752441406,0,7723,2.965821813
7724,2.966205837,-1.1926841735839844,0,7724,2.966205837
7725,2.966589862,-1.1895370483398438,0,7725,2.966589862
7726,2.966973886,-1.1944198608398438,0,7726,2.966973886
7727,2.967357911,-1.19354248046875,0,7727,2.967357911
7728,2.967741935,-1.1830711364746094,0,7728,2.967741935
7729,2.968125960,-1.1708259582519531,0,7729,2.968125960
7730,2.968509985,-1.1676597595214844,0,7730,2.968509985
7731,2.968894009,-1.1611175537109375,0,7731,2.968894009
7732,2.969278034,-1.1422538757324219,0,7732,2.969278034
7733,2.969662058,-1.1256217956542969,0,7733,2.969662058
7734,2.970046083,-1.1153221130371094,0,7734,2.970046083
7735,2.970430108,-1.0949134826660156,0,7735,2.970430108
7736,2.970814132,-1.087493896484375,0,7736,2.970814132
7737,2.971198157,-1.0813331604003906,0,7737,2.971198157
7738,2.971582181,-1.0752487182617188,0,7738,2.971582181
7739,2.971966206,-1.0624313354492188,0,7739,2.971966206
7740,2.972350230,-1.0506439208984375,0,7740,2.972350230
7741,2.972734255,-1.0434341430664062,0,7741,2.972734255
7742,2.973118280,-1.04766845703125,0,7742,2.973118280
7743,2.973502304,-1.0562896728515625,0,7743,2.973502304
7744,2.973886329,-1.0666847229003906,0,7744,2.973886329
7745,2.974270353,-1.0522079467773438,0,7745,2.974270353
7746,2.974654378,-1.0369110107421875,0,7746,2.974654378
7747,2.975038402,-1.015472412109375,0,7747,2.975038402
7748,2.975422427,-1.0144233703613281,0,7748,2.975422427
7749,2.975806452,-1.0049629211425781,0,7749,2.975806452
7750,2.976190476,-1.0101318359375,0,7750,2.976190476
7751,2.976574501,-1.013031005859375,0,7751,2.976574501
7752,2.976958525,-1.0099220275878906,0,7752,2.976958525
7753,2.977342550,-1.0089111328125,0,7753,2.977342550
7754,2.977726575,-1.0171699523925781,0,7754,2.977726575
7755,2.978110599,-1.0312080383300781,0,7755,2.978110599
7756,2.978494624,-1.0476493835449219,0,7756,2.978494624
7757,2.978878648,-1.0548019409179688,0,7757,2.978878648
7758,2.979262673,-1.0587692260742188,0,7758,2.979262673
7759,2.979646697,-1.0692405700683594,0,7759,2.979646697
7760,2.980030722,-1.0772132873535156,0,7760,2.980030722
7761,2.980414747,-1.0817337036132812,0,7761,2.980414747
7762,2.980798771,-1.084442138671875,0,7762,2.980798771
7763,2.981182796,-1.1057090759277344,0,7763,2.981182796
7764,2.981566820,-1.11083984375,0,7764,2.981566820
7765,2.981950845,-1.10809326171875,0,7765,2.981950845
7766,2.982334869,-1.1082077026367188,0,7766,2.982334869
7767,2.982718894,-1.1059188842773438,0,7767,2.982718894
7768,2.983102919,-1.112213134765625,0,7768,2.983102919
7769,2.983486943,-1.1244583129882812,0,7769,2.983486943
7770,2.983870968,-1.1373138427734375,0,7770,2.983870968
7771,2.984254992,-1.1424064636230469,0,7771,2.984254992
7772,2.984639017,-1.1490821838378906,0,7772,2.984639017
7773,2.985023041,-1.1644935607910156,0,7773,2.985023041
7774,2.985407066,-1.1796188354492188,0,7774,2.985407066
7775,2.985791091,-1.1963462829589844,0,7775,2.985791091
7776,2.986175115,-1.2112045288085938,0,7776,2.986175115
7777,2.986559140,-1.21612548828125,0,7777,2.986559140
7778,2.986943164,-1.2066841125488281,0,7778,2.986943164
7779,2.987327189,-1.2006378173828125,0,7779,2.987327189
7780,2.987711214,-1.1993217468261719,0,7780,2.987711214
7781,2.988095238,-1.18408203125,0,7781,2.988095238
7782,2.988479263,-1.1651039123535156,0,7782,2.988479263
7783,2.988863287,-1.1435699462890625,0,7783,2.988863287
7784,2.989247312,-1.1254692077636719,0,7784,2.989247312
7785,2.989631336,-1.1164283752441406,0,7785,2.989631336
7786,2.990015361,-1.1053276062011719,0,7786,2.990015361
7787,2.990399386,-1.1036491394042969,0,7787,2.990399386
7788,2.990783410,-1.0891532897949219,0,7788,2.990783410
7789,2.991167435,-1.0804176330566406,0,7789,2.991167435
7790,2.991551459,-1.0731124877929688,0,7790,2.991551459
7791,2.991935484,-1.0474967956542969,0,7791,2.991935484
7792,2.992319508,-1.0155296325683594,0,7792,2.992319508
7793,2.992703533,-1.0152244567871094,0,7793,2.992703533
7794,2.993087558,-1.0270881652832031,0,7794,2.993087558
7795,2.993471582,-1.0333442687988281,0,7795,2.993471582
7796,2.993855607,-1.0436248779296875,0,7796,2.993855607
7797,2.994239631,-1.0458946228027344,0,7797,2.994239631
7798,2.994623656,-1.0318946838378906,0,7798,2.994623656
7799,2.995007680,-1.0156631469726562,0,7799,2.995007680
7800,2.995391705,-1.0066032409667969,0,7800,2.995391705
7801,2.995775730,-1.0150909423828125,0,7801,2.995775730
7802,2.996159754,-1.0202980041503906,0,7802,2.996159754
7803,2.996543779,-1.0207557678222656,0,7803,2.996543779
7804,2.996927803,-1.0172080993652344,0,7804,2.996927803
7805,2.997311828,-1.0201644897460938,0,7805,2.997311828
7806,2.997695853,-1.0190582275390625,0,7806,2.997695853
7807,2.998079877,-0.9816741943359375,0,7807,2.998079877
7808,2.998463902,-0.9804344177246094,0,7808,2.998463902
7809,2.998847926,-1.0047531127929688,0,7809,2.998847926
7810,2.999231951,-1.0434722900390625,0,7810,2.999231951
7811,2.999615975,-1.0537910461425781,0,7811,2.999615975
7812,3.000000000,-1.1105537414550781,0,7812,3.000000000
7813,3.000384025,-1.129608154296875,0,7813,3.000384025
7814,3.000768049,-1.1281585693359375,0,7814,3.000768049
7815,3.001152074,-1.1170196533203125,0,7815,3.001152074
7816,3.001536098,-1.1143302917480469,0,7816,3.001536098
7817,3.001920123,-1.1164283752441406,0,7817,3.001920123
7818,3.002304147,-1.1231231689453125,0,7818,3.002304147
7819,3.002688172,-1.1293411254882812,0,7819,3.002688172
