Record Length,2500,Points,0.0,-1.1200000,,Record Length,2500,Points,0.0,-1.1200000,,Record Length,2500,Points,0.0,-1.1200000,,Record Length,2500,Points,0.0,-1.1200000,
Sample Interval,200.00000298E-3,s,200.00000298E-3,-1.1200000,,Sample Interval,200.00000298E-3,s,200.00000298E-3,-1.1200000,,Sample Interval,200.00000298E-3,s,200.00000298E-3,-1.1200000,,Sample Interval,200.00000298E-3,s,200.00000298E-3,-1.1200000,
Trigger Point,0.0,Samples,400.00000596E-3,-1.1200000,,Trigger Point,0.0,Samples,400.00000596E-3,-1.1200000,,Trigger Point,0.0,Samples,400.00000596E-3,-1.1200000,,Trigger Point,0.0,Samples,400.00000596E-3,-1.1200000,
,,,600.000023842E-3,-1.1200000,,,,,600.000023842E-3,-1.1200000,,,,,600.000023842E-3,-1.1200000,,,,,600.000023842E-3,-1.1200000,
,,,800.000011921E-3,-1.1200000,,,,,800.000011921E-3,-1.1200000,,,,,800.000011921E-3,-1.1200000,,,,,800.000011921E-3,-1.1200000,
,,,1.000000,-1.1200000,,,,,1.000000,-1.1200000,,,,,1.000000,-1.1200000,,,,,1.000000,-1.1200000,
Source,CH1,,1.2000000,-1.1200000,,Source,CH2,,1.2000000,-1.1200000,,Source,CH3,,1.2000000,-1.1200000,,Source,CH4,,1.2000000,-1.1200000,
Vertical Units,Volts,,1.4000000,-1.1200000,,Vertical Units,Volts,,1.4000000,-1.1200000,,Vertical Units,Volts,,1.4000000,-1.1200000,,Vertical Units,Volts,,1.4000000,-1.1200000,
Vertical Scale,999.999977648E-3,,1.6000000,-1.1200000,,Vertical Scale,999.999977648E-3,,1.6000000,-1.1200000,,Vertical Scale,999.999977648E-3,,1.6000000,-1.1200000,,Vertical Scale,999.999977648E-3,,1.6000000,-1.1200000,
Vertical Offset,0,,1.8000001,-1.1200000,,Vertical Offset,0,,1.8000001,-1.1200000,,Vertical Offset,0,,1.8000001,-1.1200000,,Vertical Offset,0,,1.8000001,-1.1200000,
Horizontal Units,s,,2.0000000,-1.1200000,,Horizontal Units,s,,2.0000000,-1.1200000,,Horizontal Units,s,,2.0000000,-1.1200000,,Horizontal Units,s,,2.0000000,-1.1200000,
Horizontal Scale,50.00000075,,2.2000000,-1.1200000,,Horizontal Scale,50.00000075,,2.2000000,-1.1200000,,Horizontal Scale,50.00000075,,2.2000000,-1.1200000,,Horizontal Scale,50.00000075,,2.2000000,-1.1200000,
Pt Fmt,Y,,2.4000001,-1.1200000,,Pt Fmt,Y,,2.4000001,-1.1200000,,Pt Fmt,Y,,2.4000001,-1.1200000,,Pt Fmt,Y,,2.4000001,-1.1200000,
Yzero,-4.00000000,,2.6000001,-1.1200000,,Yzero,-4.00000000,,2.6000001,-1.1200000,,Yzero,-4.00000000,,2.6000001,-1.1200000,,Yzero,-4.00000000,,2.6000001,-1.1200000,
Probe Atten,1.000000,,2.79999995,-1.1200000,,Probe Atten,1.000000,,2.79999995,-1.1200000,,Probe Atten,1.000000,,2.79999995,-1.1200000,,Probe Atten,1.000000,,2.79999995,-1.1200000,
,,,3.00000000,-1.1200000,,,,,3.00000000,-1.1200000,,,,,3.00000000,-1.1200000,,,,,3.00000000,-1.1200000,
Note,TDS 2004B - 4:06:57 PM   9/15/2026,,3.20000005,-1.1200000,,Note,TDS 2004B - 4:06:57 PM   9/15/2026,,3.20000005,-1.1200000,,Note,TDS 2004B - 4:06:57 PM   9/15/2026,,3.20000005,-1.1200000,,Note,TDS 2004B - 4:06:57 PM   9/15/2026,,3.20000005,-1.1200000,
,,,3.40000010,-1.1200000,,,,,3.40000010,-1.1200000,,,,,3.40000010,-1.1200000,,,,,3.40000010,-1.1200000,
,,,3.60000014,-1.1200000,,,,,3.60000014,-1.1200000,,,,,3.60000014,-1.1200000,,,,,3.60000014,-1.1200000,
,,,3.79999995,-1.1200000,,,,,3.79999995,-1.1200000,,,,,3.79999995,-1.1200000,,,,,3.79999995,-1.1200000,
,,,4.00000000,-1.1200000,,,,,4.00000000,-1.1200000,,,,,4.00000000,-1.1200000,,,,,4.00000000,-1.1200000,
,,,4.20000029,-1.1200000,,,,,4.20000029,-1.1200000,,,,,4.20000029,-1.1200000,,,,,4.20000029,-1.1200000,
,,,4.40000010,-1.1200000,,,,,4.40000010,-1.1200000,,,,,4.40000010,-1.1200000,,,,,4.40000010,-1.1200000,
,,,4.59999990,-1.1200000,,,,,4.59999990,-1.1200000,,,,,4.59999990,-1.1200000,,,,,4.59999990,-1.1200000,
,,,4.80000019,-1.1200000,,,,,4.80000019,-1.1200000,,,,,4.80000019,-1.1200000,,,,,4.80000019,-1.1200000,
,,,5.00000000,-1.1200000,,,,,5.00000000,-1.1200000,,,,,5.00000000,-1.1200000,,,,,5.00000000,-1.1200000,
,,,5.20000029,-1.1200000,,,,,5.20000029,-1.1200000,,,,,5.20000029,-1.1200000,,,,,5.20000029,-1.1200000,
,,,5.40000010,-1.1200000,,,,,5.40000010,-1.1200000,,,,,5.40000010,-1.1200000,,,,,5.40000010,-1.1200000,
,,,5.59999990,-1.1200000,,,,,5.59999990,-1.1200000,,,,,5.59999990,-1.1200000,,,,,5.59999990,-1.1200000,
,,,5.80000019,-1.1200000,,,,,5.80000019,-1.1200000,,,,,5.80000019,-1.1200000,,,,,5.80000019,-1.1200000,
,,,6.00000000,-1.1200000,,,,,6.00000000,-1.1200000,,,,,6.00000000,-1.1200000,,,,,6.00000000,-1.1200000,
,,,6.20000029,-1.1200000,,,,,6.20000029,-1.1200000,,,,,6.20000029,-1.1200000,,,,,6.20000029,-1.1200000,
,,,6.40000010,-1.1200000,,,,,6.40000010,-1.1200000,,,,,6.40000010,-1.1200000,,,,,6.40000010,-1.1200000,
,,,6.59999990,-1.1200000,,,,,6.59999990,-1.1200000,,,,,6.59999990,-1.1200000,,,,,6.59999990,-1.1200000,
,,,6.80000019,-1.1200000,,,,,6.80000019,-1.1200000,,,,,6.80000019,-1.1200000,,,,,6.80000019,-1.1200000,
,,,7.00000000,-1.1200000,,,,,7.00000000,-1.1200000,,,,,7.00000000,-1.1200000,,,,,7.00000000,-1.1200000,
,,,7.20000029,-1.1200000,,,,,7.20000029,-1.1200000,,,,,7.20000029,-1.1200000,,,,,7.20000029,-1.1200000,
,,,7.400000095,-1.1200000,,,,,7.400000095,-1.1200000,,,,,7.400000095,-1.1200000,,,,,7.400000095,-1.1200000,
,,,7.599999905,-1.1200000,,,,,7.599999905,-1.1200000,,,,,7.599999905,-1.1200000,,,,,7.599999905,-1.1200000,
,,,7.800000191,-1.1200000,,,,,7.800000191,-1.1200000,,,,,7.800000191,-1.1200000,,,,,7.800000191,-1.1200000,
,,,8.000000000,-1.1200000,,,,,8.000000000,-1.1200000,,,,,8.000000000,-1.1200000,,,,,8.000000000,-1.1200000,
,,,8.199999809,-1.1200000,,,,,8.199999809,-1.1200000,,,,,8.199999809,-1.1200000,,,,,8.199999809,-1.1200000,
,,,8.400000572,-1.1200000,,,,,8.400000572,-1.1200000,,,,,8.400000572,-1.1200000,,,,,8.400000572,-1.1200000,
,,,8.600000381,-1.1200000,,,,,8.600000381,-1.1200000,,,,,8.600000381,-1.1200000,,,,,8.600000381,-1.1200000,
,,,8.800000191,-1.1200000,,,,,8.800000191,-1.1200000,,,,,8.800000191,-1.1200000,,,,,8.800000191,-1.1200000,
,,,9.000000000,-1.1200000,,,,,9.000000000,-1.1200000,,,,,9.000000000,-1.1200000,,,,,9.000000000,-1.1200000,
,,,9.199999809,-1.1200000,,,,,9.199999809,-1.1200000,,,,,9.199999809,-1.1200000,,,,,9.199999809,-1.1200000,
,,,9.400000572,-1.1200000,,,,,9.400000572,-1.1200000,,,,,9.400000572,-1.1200000,,,,,9.400000572,-1.1200000,
,,,9.600000381,-1.1200000,,,,,9.600000381,-1.1200000,,,,,9.600000381,-1.1200000,,,,,9.600000381,-1.1200000,
,,,9.800000191,-1.1200000,,,,,9.800000191,-1.1200000,,,,,9.800000191,-1.1200000,,,,,9.800000191,-1.1200000,
,,,10.0000000,-1.1200000,,,,,10.0000000,-1.1200000,,,,,10.0000000,-1.1200000,,,,,10.0000000,-1.1200000,
,,,10.1999998,-1.1200000,,,,,10.1999998,-1.1200000,,,,,10.1999998,-1.1200000,,,,,10.1999998,-1.1200000,
,,,10.4000006,-1.1200000,,,,,10.4000006,-1.1200000,,,,,10.4000006,-1.1200000,,,,,10.4000006,-1.1200000,
,,,10.6000004,-1.1200000,,,,,10.6000004,-1.1200000,,,,,10.6000004,-1.1200000,,,,,10.6000004,-1.1200000,
,,,10.8000002,-1.1200000,,,,,10.8000002,-1.1200000,,,,,10.8000002,-1.1200000,,,,,10.8000002,-1.1200000,
,,,11.0000000,-1.1200000,,,,,11.0000000,-1.1200000,,,,,11.0000000,-1.1200000,,,,,11.0000000,-1.1200000,
,,,11.1999998,-1.1200000,,,,,11.1999998,-1.1200000,,,,,11.1999998,-1.1200000,,,,,11.1999998,-1.1200000,
,,,11.4000006,-1.1200000,,,,,11.4000006,-1.1200000,,,,,11.4000006,-1.1200000,,,,,11.4000006,-1.1200000,
,,,11.6000004,-1.1200000,,,,,11.6000004,-1.1200000,,,,,11.6000004,-1.1200000,,,,,11.6000004,-1.1200000,
,,,11.8000002,-1.1200000,,,,,11.8000002,-1.1200000,,,,,11.8000002,-1.1200000,,,,,11.8000002,-1.1200000,
,,,12.0000000,-1.1200000,,,,,12.0000000,-1.1200000,,,,,12.0000000,-1.1200000,,,,,12.0000000,-1.1200000,
,,,12.1999998,-1.1200000,,,,,12.1999998,-1.1200000,,,,,12.1999998,-1.1200000,,,,,12.1999998,-1.1200000,
,,,12.4000006,-1.1200000,,,,,12.4000006,-1.1200000,,,,,12.4000006,-1.1200000,,,,,12.4000006,-1.1200000,
,,,12.6000004,-1.1200000,,,,,12.6000004,-1.1200000,,,,,12.6000004,-1.1200000,,,,,12.6000004,-1.1200000,
,,,12.8000002,-1.1200000,,,,,12.8000002,-1.1200000,,,,,12.8000002,-1.1200000,,,,,12.8000002,-1.1200000,
,,,13.0000000,-1.1200000,,,,,13.0000000,-1.1200000,,,,,13.0000000,-1.1200000,,,,,13.0000000,-1.1200000,
,,,13.1999998,-1.1200000,,,,,13.1999998,-1.1200000,,,,,13.1999998,-1.1200000,,,,,13.1999998,-1.1200000,
,,,13.4000006,-1.1200000,,,,,13.4000006,-1.1200000,,,,,13.4000006,-1.1200000,,,,,13.4000006,-1.1200000,
,,,13.6000004,-1.1200000,,,,,13.6000004,-1.1200000,,,,,13.6000004,-1.1200000,,,,,13.6000004,-1.1200000,
,,,13.8000002,-1.1200000,,,,,13.8000002,-1.1200000,,,,,13.8000002,-1.1200000,,,,,13.8000002,-1.1200000,
,,,14.0000000,-1.1200000,,,,,14.0000000,-1.1200000,,,,,14.0000000,-1.1200000,,,,,14.0000000,-1.1200000,
,,,14.1999998,-1.1200000,,,,,14.1999998,-1.1200000,,,,,14.1999998,-1.1200000,,,,,14.1999998,-1.1200000,
,,,14.4000006,-1.1200000,,,,,14.4000006,-1.1200000,,,,,14.4000006,-1.1200000,,,,,14.4000006,-1.1200000,
,,,14.6000004,-1.1200000,,,,,14.6000004,-1.1200000,,,,,14.6000004,-1.1200000,,,,,14.6000004,-1.1200000,
,,,14.8000002,-1.1200000,,,,,14.8000002,-1.1200000,,,,,14.8000002,-1.1200000,,,,,14.8000002,-1.1200000,
,,,15.0000000,-1.1200000,,,,,15.0000000,-1.1200000,,,,,15.0000000,-1.1200000,,,,,15.0000000,-1.1200000,
,,,15.1999998,-1.1200000,,,,,15.1999998,-1.1200000,,,,,15.1999998,-1.1200000,,,,,15.1999998,-1.1200000,
,,,15.4000006,-1.1200000,,,,,15.4000006,-1.1200000,,,,,15.4000006,-1.1200000,,,,,15.4000006,-1.1200000,
,,,15.6000004,-1.1200000,,,,,15.6000004,-1.1200000,,,,,15.6000004,-1.1200000,,,,,15.6000004,-1.1200000,
,,,15.8000002,-1.1200000,,,,,15.8000002,-1.1200000,,,,,15.8000002,-1.1200000,,,,,15.8000002,-1.1200000,
,,,16.0000000,-1.1200000,,,,,16.0000000,-1.1200000,,,,,16.0000000,-1.1200000,,,,,16.0000000,-1.1200000,
,,,16.2000008,-1.1200000,,,,,16.2000008,-1.1200000,,,,,16.2000008,-1.1200000,,,,,16.2000008,-1.1200000,
,,,16.3999996,-1.1200000,,,,,16.3999996,-1.1200000,,,,,16.3999996,-1.1200000,,,,,16.3999996,-1.1200000,
,,,16.6000004,-1.1200000,,,,,16.6000004,-1.1200000,,,,,16.6000004,-1.1200000,,,,,16.6000004,-1.1200000,
,,,16.8000011,-1.1200000,,,,,16.8000011,-1.1200000,,,,,16.8000011,-1.1200000,,,,,16.8000011,-1.1200000,
,,,17.0000000,-1.1200000,,,,,17.0000000,-1.1200000,,,,,17.0000000,-1.1200000,,,,,17.0000000,-1.1200000,
,,,17.2000008,-1.1200000,,,,,17.2000008,-1.1200000,,,,,17.2000008,-1.1200000,,,,,17.2000008,-1.1200000,
,,,17.3999996,-1.1200000,,,,,17.3999996,-1.1200000,,,,,17.3999996,-1.1200000,,,,,17.3999996,-1.1200000,
,,,17.6000004,-1.1200000,,,,,17.6000004,-1.1200000,,,,,17.6000004,-1.1200000,,,,,17.6000004,-1.1200000,
,,,17.8000011,-1.1200000,,,,,17.8000011,-1.1200000,,,,,17.8000011,-1.1200000,,,,,17.8000011,-1.1200000,
,,,18.0000000,-1.1200000,,,,,18.0000000,-1.1200000,,,,,18.0000000,-1.1200000,,,,,18.0000000,-1.1200000,
,,,18.2000008,-1.1200000,,,,,18.2000008,-1.1200000,,,,,18.2000008,-1.1200000,,,,,18.2000008,-1.1200000,
,,,18.3999996,-1.1200000,,,,,18.3999996,-1.1200000,,,,,18.3999996,-1.1200000,,,,,18.3999996,-1.1200000,
,,,18.6000004,-1.1200000,,,,,18.6000004,-1.1200000,,,,,18.6000004,-1.1200000,,,,,18.6000004,-1.1200000,
,,,18.8000011,-1.1200000,,,,,18.8000011,-1.1200000,,,,,18.8000011,-1.1200000,,,,,18.8000011,-1.1200000,
,,,19.0000000,-1.1200000,,,,,19.0000000,-1.1200000,,,,,19.0000000,-1.1200000,,,,,19.0000000,-1.1200000,
,,,19.2000008,-1.1200000,,,,,19.2000008,-1.1200000,,,,,19.2000008,-1.1200000,,,,,19.2000008,-1.1200000,
,,,19.3999996,-1.1200000,,,,,19.3999996,-1.1200000,,,,,19.3999996,-1.1200000,,,,,19.3999996,-1.1200000,
,,,19.6000004,-1.1200000,,,,,19.6000004,-1.1200000,,,,,19.6000004,-1.1200000,,,,,19.6000004,-1.1200000,
,,,19.8000011,-1.1200000,,,,,19.8000011,-1.1200000,,,,,19.8000011,-1.1200000,,,,,19.8000011,-1.1200000,
,,,20.0000000,-1.1200000,,,,,20.0000000,-1.1200000,,,,,20.0000000,-1.1200000,,,,,20.0000000,-1.1200000,
,,,20.20000076,-1.1200000,,,,,20.20000076,-1.1200000,,,,,20.20000076,-1.1200000,,,,,20.20000076,-1.1200000,
,,,20.39999962,-1.1200000,,,,,20.39999962,-1.1200000,,,,,20.39999962,-1.1200000,,,,,20.39999962,-1.1200000,
,,,20.60000038,-1.1200000,,,,,20.60000038,-1.1200000,,,,,20.60000038,-1.1200000,,,,,20.60000038,-1.1200000,
,,,20.80000114,-1.1200000,,,,,20.80000114,-1.1200000,,,,,20.80000114,-1.1200000,,,,,20.80000114,-1.1200000,
,,,21.00000000,-1.1200000,,,,,21.00000000,-1.1200000,,,,,21.00000000,-1.1200000,,,,,21.00000000,-1.1200000,
,,,21.20000076,-1.1200000,,,,,21.20000076,-1.1200000,,,,,21.20000076,-1.1200000,,,,,21.20000076,-1.1200000,
,,,21.39999962,-1.1200000,,,,,21.39999962,-1.1200000,,,,,21.39999962,-1.1200000,,,,,21.39999962,-1.1200000,
,,,21.60000038,-1.1200000,,,,,21.60000038,-1.1200000,,,,,21.60000038,-1.1200000,,,,,21.60000038,-1.1200000,
,,,21.80000114,-1.1200000,,,,,21.80000114,-1.1200000,,,,,21.80000114,-1.1200000,,,,,21.80000114,-1.1200000,
,,,22.00000000,-1.1200000,,,,,22.00000000,-1.1200000,,,,,22.00000000,-1.1200000,,,,,22.00000000,-1.1200000,
,,,22.20000076,-1.1200000,,,,,22.20000076,-1.1200000,,,,,22.20000076,-1.1200000,,,,,22.20000076,-1.1200000,
,,,22.39999962,-1.1200000,,,,,22.39999962,-1.1200000,,,,,22.39999962,-1.1200000,,,,,22.39999962,-1.1200000,
,,,22.60000038,-1.1200000,,,,,22.60000038,-1.1200000,,,,,22.60000038,-1.1200000,,,,,22.60000038,-1.1200000,
,,,22.80000114,-1.1200000,,,,,22.80000114,-1.1200000,,,,,22.80000114,-1.1200000,,,,,22.80000114,-1.1200000,
,,,23.00000000,-1.1200000,,,,,23.00000000,-1.1200000,,,,,23.00000000,-1.1200000,,,,,23.00000000,-1.1200000,
,,,23.20000076,-1.1200000,,,,,23.20000076,-1.1200000,,,,,23.20000076,-1.1200000,,,,,23.20000076,-1.1200000,
,,,23.39999962,-1.1200000,,,,,23.39999962,-1.1200000,,,,,23.39999962,-1.1200000,,,,,23.39999962,-1.1200000,
,,,23.60000038,-1.1200000,,,,,23.60000038,-1.1200000,,,,,23.60000038,-1.1200000,,,,,23.60000038,-1.1200000,
,,,23.80000114,-1.1200000,,,,,23.80000114,-1.1200000,,,,,23.80000114,-1.1200000,,,,,23.80000114,-1.1200000,
,,,24.00000000,-1.1200000,,,,,24.00000000,-1.1200000,,,,,24.00000000,-1.1200000,,,,,24.00000000,-1.1200000,
,,,24.20000076,2.3999999,,,,,24.20000076,2.96000004,,,,,24.20000076,0.0,,,,,24.20000076,4.88000011,
,,,24.39999962,2.3999999,,,,,24.39999962,2.91999984,,,,,24.39999962,0.0,,,,,24.39999962,4.88000011,
,,,24.60000038,2.3599999,,,,,24.60000038,2.96000004,,,,,24.60000038,39.99999911E-3,,,,,24.60000038,4.83999968,
,,,24.80000114,2.3999999,,,,,24.80000114,2.91999984,,,,,24.80000114,0.0,,,,,24.80000114,4.88000011,
,,,25.00000000,2.3599999,,,,,25.00000000,2.87999988,,,,,25.00000000,0.0,,,,,25.00000000,4.79999971,
,,,25.20000076,2.3999999,,,,,25.20000076,2.96000004,,,,,25.20000076,39.99999911E-3,,,,,25.20000076,4.88000011,
,,,25.39999962,2.3999999,,,,,25.39999962,2.91999984,,,,,25.39999962,0.0,,,,,25.39999962,4.92000008,
,,,25.60000038,2.3599999,,,,,25.60000038,2.96000004,,,,,25.60000038,0.0,,,,,25.60000038,4.92000008,
,,,25.80000114,2.3999999,,,,,25.80000114,2.91999984,,,,,25.80000114,39.99999911E-3,,,,,25.80000114,4.88000011,
,,,26.00000000,2.3599999,,,,,26.00000000,2.91999984,,,,,26.00000000,39.99999911E-3,,,,,26.00000000,4.88000011,
,,,26.20000076,2.3999999,,,,,26.20000076,2.91999984,,,,,26.20000076,0.0,,,,,26.20000076,4.83999968,
,,,26.39999962,2.3999999,,,,,26.39999962,2.96000004,,,,,26.39999962,0.0,,,,,26.39999962,4.88000011,
,,,26.60000038,2.3999999,,,,,26.60000038,2.91999984,,,,,26.60000038,0.0,,,,,26.60000038,4.88000011,
,,,26.80000114,2.3999999,,,,,26.80000114,2.91999984,,,,,26.80000114,0.0,,,,,26.80000114,4.88000011,
,,,27.00000000,2.3999999,,,,,27.00000000,2.83999991,,,,,27.00000000,0.0,,,,,27.00000000,4.88000011,
,,,27.20000076,2.3999999,,,,,27.20000076,2.91999984,,,,,27.20000076,0.0,,,,,27.20000076,4.88000011,
,,,27.39999962,2.3999999,,,,,27.39999962,2.91999984,,,,,27.39999962,0.0,,,,,27.39999962,4.88000011,
,,,27.60000038,2.3999999,,,,,27.60000038,2.91999984,,,,,27.60000038,39.99999911E-3,,,,,27.60000038,4.83999968,
,,,27.80000114,2.3599999,,,,,27.80000114,2.91999984,,,,,27.80000114,0.0,,,,,27.80000114,4.88000011,
,,,28.00000000,2.3999999,,,,,28.00000000,2.91999984,,,,,28.00000000,39.99999911E-3,,,,,28.00000000,4.88000011,
,,,28.20000076,2.3999999,,,,,28.20000076,2.91999984,,,,,28.20000076,0.0,,,,,28.20000076,4.83999968,
,,,28.39999962,2.3999999,,,,,28.39999962,2.91999984,,,,,28.39999962,39.99999911E-3,,,,,28.39999962,4.88000011,
,,,28.60000038,2.3599999,,,,,28.60000038,2.91999984,,,,,28.60000038,39.99999911E-3,,,,,28.60000038,4.88000011,
,,,28.80000114,2.3999999,,,,,28.80000114,2.91999984,,,,,28.80000114,0.0,,,,,28.80000114,4.92000008,
,,,29.00000000,2.3999999,,,,,29.00000000,2.91999984,,,,,29.00000000,0.0,,,,,29.00000000,4.83999968,
,,,29.20000076,2.3999999,,,,,29.20000076,2.91999984,,,,,29.20000076,0.0,,,,,29.20000076,4.83999968,
,,,29.39999962,2.3999999,,,,,29.39999962,2.91999984,,,,,29.39999962,0.0,,,,,29.39999962,4.88000011,
,,,29.60000038,2.3999999,,,,,29.60000038,2.91999984,,,,,29.60000038,0.0,,,,,29.60000038,4.88000011,
,,,29.80000114,2.3999999,,,,,29.80000114,2.91999984,,,,,29.80000114,39.99999911E-3,,,,,29.80000114,4.83999968,
,,,30.00000000,2.3999999,,,,,30.00000000,2.91999984,,,,,30.00000000,0.0,,,,,30.00000000,4.88000011,
,,,30.20000076,2.3599999,,,,,30.20000076,2.91999984,,,,,30.20000076,0.0,,,,,30.20000076,4.88000011,
,,,30.39999962,2.3999999,,,,,30.39999962,2.91999984,,,,,30.39999962,39.99999911E-3,,,,,30.39999962,4.88000011,
,,,30.60000038,2.3999999,,,,,30.60000038,2.91999984,,,,,30.60000038,0.0,,,,,30.60000038,4.88000011,
,,,30.80000114,2.3999999,,,,,30.80000114,2.87999988,,,,,30.80000114,39.99999911E-3,,,,,30.80000114,4.88000011,
,,,31.00000000,2.3999999,,,,,31.00000000,2.87999988,,,,,31.00000000,0.0,,,,,31.00000000,4.88000011,
,,,31.20000076,2.3999999,,,,,31.20000076,2.87999988,,,,,31.20000076,39.99999911E-3,,,,,31.20000076,4.83999968,
,,,31.39999962,2.3999999,,,,,31.39999962,2.87999988,,,,,31.39999962,0.0,,,,,31.39999962,4.88000011,
,,,31.60000038,2.3999999,,,,,31.60000038,2.91999984,,,,,31.60000038,0.0,,,,,31.60000038,4.88000011,
,,,31.80000114,2.3999999,,,,,31.80000114,2.87999988,,,,,31.80000114,0.0,,,,,31.80000114,4.83999968,
,,,32.00000000,2.3999999,,,,,32.00000000,2.87999988,,,,,32.00000000,0.0,,,,,32.00000000,4.88000011,
,,,32.20000076,2.3599999,,,,,32.20000076,2.87999988,,,,,32.20000076,0.0,,,,,32.20000076,4.88000011,
,,,32.40000153,2.3599999,,,,,32.40000153,2.87999988,,,,,32.40000153,39.99999911E-3,,,,,32.40000153,4.88000011,
,,,32.60000229,2.3599999,,,,,32.60000229,2.87999988,,,,,32.60000229,0.0,,,,,32.60000229,4.92000008,
,,,32.79999924,2.3999999,,,,,32.79999924,2.87999988,,,,,32.79999924,39.99999911E-3,,,,,32.79999924,4.92000008,
,,,33.00000000,2.3999999,,,,,33.00000000,2.87999988,,,,,33.00000000,39.99999911E-3,,,,,33.00000000,4.88000011,
,,,33.20000076,2.3999999,,,,,33.20000076,2.87999988,,,,,33.20000076,0.0,,,,,33.20000076,4.88000011,
,,,33.40000153,2.3999999,,,,,33.40000153,2.91999984,,,,,33.40000153,39.99999911E-3,,,,,33.40000153,4.88000011,
,,,33.60000229,2.3599999,,,,,33.60000229,2.91999984,,,,,33.60000229,39.99999911E-3,,,,,33.60000229,4.88000011,
,,,33.79999924,2.3999999,,,,,33.79999924,2.87999988,,,,,33.79999924,0.0,,,,,33.79999924,4.88000011,
,,,34.00000000,2.3999999,,,,,34.00000000,2.91999984,,,,,34.00000000,0.0,,,,,34.00000000,4.88000011,
,,,34.20000076,2.3599999,,,,,34.20000076,2.83999991,,,,,34.20000076,0.0,,,,,34.20000076,4.88000011,
,,,34.40000153,2.3999999,,,,,34.40000153,2.87999988,,,,,34.40000153,39.99999911E-3,,,,,34.40000153,4.92000008,
,,,34.60000229,2.3999999,,,,,34.60000229,2.83999991,,,,,34.60000229,0.0,,,,,34.60000229,4.92000008,
,,,34.79999924,2.3999999,,,,,34.79999924,2.91999984,,,,,34.79999924,39.99999911E-3,,,,,34.79999924,4.88000011,
,,,35.00000000,2.3599999,,,,,35.00000000,2.87999988,,,,,35.00000000,0.0,,,,,35.00000000,4.88000011,
,,,35.20000076,2.3999999,,,,,35.20000076,2.87999988,,,,,35.20000076,39.99999911E-3,,,,,35.20000076,4.92000008,
,,,35.40000153,2.3599999,,,,,35.40000153,2.83999991,,,,,35.40000153,0.0,,,,,35.40000153,4.88000011,
,,,35.60000229,2.3599999,,,,,35.60000229,2.87999988,,,,,35.60000229,39.99999911E-3,,,,,35.60000229,4.96000004,
,,,35.79999924,2.3599999,,,,,35.79999924,2.91999984,,,,,35.79999924,0.0,,,,,35.79999924,4.83999968,
,,,36.00000000,2.3599999,,,,,36.00000000,2.87999988,,,,,36.00000000,0.0,,,,,36.00000000,4.88000011,
,,,36.20000076,2.3999999,,,,,36.20000076,2.87999988,,,,,36.20000076,39.99999911E-3,,,,,36.20000076,4.88000011,
,,,36.40000153,2.3599999,,,,,36.40000153,2.83999991,,,,,36.40000153,39.99999911E-3,,,,,36.40000153,4.88000011,
,,,36.60000229,2.3199999,,,,,36.60000229,2.83999991,,,,,36.60000229,0.0,,,,,36.60000229,4.88000011,
,,,36.79999924,2.3999999,,,,,36.79999924,2.83999991,,,,,36.79999924,0.0,,,,,36.79999924,4.88000011,
,,,37.00000000,2.3999999,,,,,37.00000000,2.87999988,,,,,37.00000000,39.99999911E-3,,,,,37.00000000,4.88000011,
,,,37.20000076,2.3599999,,,,,37.20000076,2.87999988,,,,,37.20000076,0.0,,,,,37.20000076,4.88000011,
,,,37.40000153,2.3599999,,,,,37.40000153,2.87999988,,,,,37.40000153,39.99999911E-3,,,,,37.40000153,4.88000011,
,,,37.60000229,2.3999999,,,,,37.60000229,2.83999991,,,,,37.60000229,0.0,,,,,37.60000229,4.88000011,
,,,37.79999924,2.3999999,,,,,37.79999924,2.87999988,,,,,37.79999924,39.99999911E-3,,,,,37.79999924,4.88000011,
,,,38.00000000,2.3999999,,,,,38.00000000,2.87999988,,,,,38.00000000,0.0,,,,,38.00000000,4.88000011,
,,,38.20000076,2.3999999,,,,,38.20000076,2.83999991,,,,,38.20000076,39.99999911E-3,,,,,38.20000076,4.88000011,
,,,38.40000153,2.3999999,,,,,38.40000153,2.87999988,,,,,38.40000153,0.0,,,,,38.40000153,4.88000011,
,,,38.60000229,2.3999999,,,,,38.60000229,2.87999988,,,,,38.60000229,39.99999911E-3,,,,,38.60000229,4.88000011,
,,,38.79999924,2.3999999,,,,,38.79999924,2.79999995,,,,,38.79999924,39.99999911E-3,,,,,38.79999924,4.88000011,
,,,39.00000000,2.3999999,,,,,39.00000000,2.83999991,,,,,39.00000000,0.0,,,,,39.00000000,4.83999968,
,,,39.20000076,2.3599999,,,,,39.20000076,2.83999991,,,,,39.20000076,0.0,,,,,39.20000076,4.88000011,
,,,39.40000153,2.3999999,,,,,39.40000153,2.87999988,,,,,39.40000153,0.0,,,,,39.40000153,4.88000011,
,,,39.60000229,2.3999999,,,,,39.60000229,2.83999991,,,,,39.60000229,0.0,,,,,39.60000229,4.88000011,
,,,39.79999924,2.3599999,,,,,39.79999924,2.83999991,,,,,39.79999924,0.0,,,,,39.79999924,4.88000011,
,,,40.00000000,2.3599999,,,,,40.00000000,2.83999991,,,,,40.00000000,0.0,,,,,40.00000000,4.88000011,
,,,40.20000076,2.3599999,,,,,40.20000076,2.83999991,,,,,40.20000076,39.99999911E-3,,,,,40.20000076,4.92000008,
,,,40.40000153,2.3999999,,,,,40.40000153,2.83999991,,,,,40.40000153,0.0,,,,,40.40000153,4.88000011,
,,,40.60000229,2.3999999,,,,,40.60000229,2.83999991,,,,,40.60000229,39.99999911E-3,,,,,40.60000229,4.88000011,
,,,40.79999924,2.3999999,,,,,40.79999924,2.83999991,,,,,40.79999924,0.0,,,,,40.79999924,4.83999968,
,,,41.00000000,2.3999999,,,,,41.00000000,2.83999991,,,,,41.00000000,39.99999911E-3,,,,,41.00000000,4.92000008,
,,,41.20000076,2.3599999,,,,,41.20000076,2.83999991,,,,,41.20000076,0.0,,,,,41.20000076,4.88000011,
,,,41.40000153,2.3599999,,,,,41.40000153,2.87999988,,,,,41.40000153,0.0,,,,,41.40000153,4.83999968,
,,,41.60000229,2.3599999,,,,,41.60000229,2.83999991,,,,,41.60000229,0.0,,,,,41.60000229,4.88000011,
,,,41.79999924,2.3999999,,,,,41.79999924,2.87999988,,,,,41.79999924,0.0,,,,,41.79999924,4.88000011,
,,,42.00000000,2.3999999,,,,,42.00000000,2.83999991,,,,,42.00000000,0.0,,,,,42.00000000,4.88000011,
,,,42.20000076,2.3599999,,,,,42.20000076,2.79999995,,,,,42.20000076,0.0,,,,,42.20000076,4.88000011,
,,,42.40000153,2.3999999,,,,,42.40000153,2.79999995,,,,,42.40000153,0.0,,,,,42.40000153,4.88000011,
,,,42.60000229,2.3599999,,,,,42.60000229,2.83999991,,,,,42.60000229,0.0,,,,,42.60000229,4.88000011,
,,,42.79999924,2.3599999,,,,,42.79999924,2.83999991,,,,,42.79999924,39.99999911E-3,,,,,42.79999924,4.88000011,
,,,43.00000000,2.3599999,,,,,43.00000000,2.79999995,,,,,43.00000000,0.0,,,,,43.00000000,4.88000011,
,,,43.20000076,2.3999999,,,,,43.20000076,2.83999991,,,,,43.20000076,39.99999911E-3,,,,,43.20000076,4.92000008,
,,,43.40000153,2.3999999,,,,,43.40000153,2.79999995,,,,,43.40000153,39.99999911E-3,,,,,43.40000153,4.88000011,
,,,43.60000229,2.3999999,,,,,43.60000229,2.87999988,,,,,43.60000229,0.0,,,,,43.60000229,4.83999968,
,,,43.79999924,2.3599999,,,,,43.79999924,2.83999991,,,,,43.79999924,39.99999911E-3,,,,,43.79999924,4.88000011,
,,,44.00000000,2.3999999,,,,,44.00000000,2.83999991,,,,,44.00000000,0.0,,,,,44.00000000,4.88000011,
,,,44.20000076,2.3599999,,,,,44.20000076,2.79999995,,,,,44.20000076,0.0,,,,,44.20000076,4.83999968,
,,,44.40000153,2.3999999,,,,,44.40000153,2.79999995,,,,,44.40000153,0.0,,,,,44.40000153,4.88000011,
,,,44.60000229,2.3599999,,,,,44.60000229,2.79999995,,,,,44.60000229,39.99999911E-3,,,,,44.60000229,4.88000011,
,,,44.79999924,2.3599999,,,,,44.79999924,2.79999995,,,,,44.79999924,0.0,,,,,44.79999924,4.83999968,
,,,45.00000000,2.3999999,,,,,45.00000000,2.83999991,,,,,45.00000000,0.0,,,,,45.00000000,4.88000011,
,,,45.20000076,2.3999999,,,,,45.20000076,2.79999995,,,,,45.20000076,39.99999911E-3,,,,,45.20000076,4.88000011,
,,,45.40000153,2.3999999,,,,,45.40000153,2.79999995,,,,,45.40000153,0.0,,,,,45.40000153,4.88000011,
,,,45.60000229,2.3999999,,,,,45.60000229,2.83999991,,,,,45.60000229,0.0,,,,,45.60000229,4.88000011,
,,,45.79999924,2.3999999,,,,,45.79999924,2.79999995,,,,,45.79999924,0.0,,,,,45.79999924,4.88000011,
,,,46.00000000,2.3999999,,,,,46.00000000,2.83999991,,,,,46.00000000,0.0,,,,,46.00000000,4.88000011,
,,,46.20000076,2.3999999,,,,,46.20000076,2.79999995,,,,,46.20000076,39.99999911E-3,,,,,46.20000076,4.88000011,
,,,46.40000153,2.3999999,,,,,46.40000153,2.83999991,,,,,46.40000153,0.0,,,,,46.40000153,4.79999971,
,,,46.60000229,2.3999999,,,,,46.60000229,2.79999995,,,,,46.60000229,39.99999911E-3,,,,,46.60000229,4.88000011,
,,,46.79999924,2.3999999,,,,,46.79999924,2.79999995,,,,,46.79999924,0.0,,,,,46.79999924,4.88000011,
,,,47.00000000,2.3599999,,,,,47.00000000,2.79999995,,,,,47.00000000,0.0,,,,,47.00000000,4.88000011,
,,,47.20000076,2.3599999,,,,,47.20000076,2.79999995,,,,,47.20000076,0.0,,,,,47.20000076,4.88000011,
,,,47.40000153,2.3599999,,,,,47.40000153,2.83999991,,,,,47.40000153,0.0,,,,,47.40000153,4.88000011,
,,,47.60000229,2.3999999,,,,,47.60000229,2.83999991,,,,,47.60000229,0.0,,,,,47.60000229,4.88000011,
,,,47.79999924,2.3599999,,,,,47.79999924,2.79999995,,,,,47.79999924,0.0,,,,,47.79999924,4.88000011,
,,,48.00000000,2.3599999,,,,,48.00000000,2.79999995,,,,,48.00000000,0.0,,,,,48.00000000,4.88000011,
,,,48.20000076,2.3599999,,,,,48.20000076,2.75999999,,,,,48.20000076,0.0,,,,,48.20000076,4.88000011,
,,,48.40000153,2.3999999,,,,,48.40000153,2.79999995,,,,,48.40000153,0.0,,,,,48.40000153,4.88000011,
,,,48.60000229,2.3599999,,,,,48.60000229,2.79999995,,,,,48.60000229,-39.99999911E-3,,,,,48.60000229,4.83999968,
,,,48.79999924,2.3999999,,,,,48.79999924,2.79999995,,,,,48.79999924,0.0,,,,,48.79999924,4.88000011,
,,,49.00000000,2.3999999,,,,,49.00000000,2.79999995,,,,,49.00000000,0.0,,,,,49.00000000,4.88000011,
,,,49.20000076,2.3999999,,,,,49.20000076,2.75999999,,,,,49.20000076,0.0,,,,,49.20000076,4.92000008,
,,,49.40000153,2.3599999,,,,,49.40000153,2.75999999,,,,,49.40000153,0.0,,,,,49.40000153,4.83999968,
,,,49.60000229,2.3999999,,,,,49.60000229,2.79999995,,,,,49.60000229,39.99999911E-3,,,,,49.60000229,4.88000011,
,,,49.79999924,2.3999999,,,,,49.79999924,2.79999995,,,,,49.79999924,39.99999911E-3,,,,,49.79999924,4.88000011,
,,,50.00000000,2.3999999,,,,,50.00000000,2.79999995,,,,,50.00000000,39.99999911E-3,,,,,50.00000000,4.88000011,
,,,50.20000076,2.3599999,,,,,50.20000076,2.79999995,,,,,50.20000076,0.0,,,,,50.20000076,4.88000011,
,,,50.40000153,2.3599999,,,,,50.40000153,2.79999995,,,,,50.40000153,39.99999911E-3,,,,,50.40000153,4.92000008,
,,,50.60000229,2.3599999,,,,,50.60000229,2.79999995,,,,,50.60000229,0.0,,,,,50.60000229,4.88000011,
,,,50.79999924,2.3999999,,,,,50.79999924,2.79999995,,,,,50.79999924,0.0,,,,,50.79999924,4.88000011,
,,,51.00000000,2.3999999,,,,,51.00000000,2.83999991,,,,,51.00000000,0.0,,,,,51.00000000,4.88000011,
,,,51.20000076,2.3999999,,,,,51.20000076,2.79999995,,,,,51.20000076,0.0,,,,,51.20000076,4.88000011,
,,,51.40000153,2.3599999,,,,,51.40000153,2.79999995,,,,,51.40000153,39.99999911E-3,,,,,51.40000153,4.88000011,
,,,51.60000229,2.3999999,,,,,51.60000229,2.79999995,,,,,51.60000229,0.0,,,,,51.60000229,4.88000011,
,,,51.79999924,2.3999999,,,,,51.79999924,2.87999988,,,,,51.79999924,39.99999911E-3,,,,,51.79999924,4.88000011,
,,,52.00000000,2.3599999,,,,,52.00000000,2.79999995,,,,,52.00000000,39.99999911E-3,,,,,52.00000000,4.88000011,
,,,52.20000076,2.3599999,,,,,52.20000076,2.79999995,,,,,52.20000076,39.99999911E-3,,,,,52.20000076,4.92000008,
,,,52.40000153,2.3999999,,,,,52.40000153,2.79999995,,,,,52.40000153,39.99999911E-3,,,,,52.40000153,4.92000008,
,,,52.60000229,2.3999999,,,,,52.60000229,2.79999995,,,,,52.60000229,39.99999911E-3,,,,,52.60000229,4.88000011,
,,,52.79999924,2.3999999,,,,,52.79999924,2.79999995,,,,,52.79999924,39.99999911E-3,,,,,52.79999924,4.88000011,
,,,53.00000000,2.3999999,,,,,53.00000000,2.79999995,,,,,53.00000000,0.0,,,,,53.00000000,4.83999968,
,,,53.20000076,2.3999999,,,,,53.20000076,2.83999991,,,,,53.20000076,39.99999911E-3,,,,,53.20000076,4.88000011,
,,,53.40000153,2.3599999,,,,,53.40000153,2.79999995,,,,,53.40000153,39.99999911E-3,,,,,53.40000153,4.88000011,
,,,53.60000229,2.3599999,,,,,53.60000229,2.75999999,,,,,53.60000229,39.99999911E-3,,,,,53.60000229,4.88000011,
,,,53.79999924,2.3999999,,,,,53.79999924,2.79999995,,,,,53.79999924,39.99999911E-3,,,,,53.79999924,4.88000011,
,,,54.00000000,2.3999999,,,,,54.00000000,2.79999995,,,,,54.00000000,39.99999911E-3,,,,,54.00000000,4.83999968,
,,,54.20000076,2.3599999,,,,,54.20000076,2.79999995,,,,,54.20000076,39.99999911E-3,,,,,54.20000076,4.83999968,
,,,54.40000153,2.3999999,,,,,54.40000153,2.79999995,,,,,54.40000153,39.99999911E-3,,,,,54.40000153,4.88000011,
,,,54.600002289,2.3999999,,,,,54.600002289,2.79999995,,,,,54.600002289,79.999998212E-3,,,,,54.600002289,4.88000011,
,,,54.799999237,2.3999999,,,,,54.799999237,2.79999995,,,,,54.799999237,39.99999911E-3,,,,,54.799999237,4.88000011,
,,,55.000000000,2.3999999,,,,,55.000000000,2.79999995,,,,,55.000000000,79.999998212E-3,,,,,55.000000000,4.88000011,
,,,55.200000763,2.3599999,,,,,55.200000763,2.75999999,,,,,55.200000763,39.99999911E-3,,,,,55.200000763,4.88000011,
,,,55.400001526,2.3999999,,,,,55.400001526,2.75999999,,,,,55.400001526,39.99999911E-3,,,,,55.400001526,4.88000011,
,,,55.600002289,2.3999999,,,,,55.600002289,2.79999995,,,,,55.600002289,79.999998212E-3,,,,,55.600002289,4.88000011,
,,,55.799999237,2.3999999,,,,,55.799999237,2.75999999,,,,,55.799999237,39.99999911E-3,,,,,55.799999237,4.88000011,
,,,56.000000000,2.3599999,,,,,56.000000000,2.79999995,,,,,56.000000000,39.99999911E-3,,,,,56.000000000,4.88000011,
,,,56.200000763,2.3599999,,,,,56.200000763,2.79999995,,,,,56.200000763,39.99999911E-3,,,,,56.200000763,4.88000011,
,,,56.400001526,2.3599999,,,,,56.400001526,2.75999999,,,,,56.400001526,79.999998212E-3,,,,,56.400001526,4.88000011,
,,,56.600002289,2.3599999,,,,,56.600002289,2.79999995,,,,,56.600002289,79.999998212E-3,,,,,56.600002289,4.88000011,
,,,56.799999237,2.3999999,,,,,56.799999237,2.79999995,,,,,56.799999237,79.999998212E-3,,,,,56.799999237,4.88000011,
,,,57.000000000,2.3999999,,,,,57.000000000,2.79999995,,,,,57.000000000,79.999998212E-3,,,,,57.000000000,4.92000008,
,,,57.200000763,2.3999999,,,,,57.200000763,2.79999995,,,,,57.200000763,79.999998212E-3,,,,,57.200000763,4.88000011,
,,,57.400001526,2.3599999,,,,,57.400001526,2.75999999,,,,,57.400001526,79.999998212E-3,,,,,57.400001526,4.88000011,
,,,57.600002289,2.3999999,,,,,57.600002289,2.75999999,,,,,57.600002289,79.999998212E-3,,,,,57.600002289,4.88000011,
,,,57.799999237,2.3999999,,,,,57.799999237,2.79999995,,,,,57.799999237,119.9999973E-3,,,,,57.799999237,4.88000011,
,,,58.000000000,2.3999999,,,,,58.000000000,2.75999999,,,,,58.000000000,79.999998212E-3,,,,,58.000000000,4.83999968,
,,,58.200000763,2.3999999,,,,,58.200000763,2.75999999,,,,,58.200000763,79.999998212E-3,,,,,58.200000763,4.88000011,
,,,58.400001526,2.3599999,,,,,58.400001526,2.79999995,,,,,58.400001526,79.999998212E-3,,,,,58.400001526,4.88000011,
,,,58.600002289,2.3599999,,,,,58.600002289,2.75999999,,,,,58.600002289,79.999998212E-3,,,,,58.600002289,4.88000011,
,,,58.799999237,2.3999999,,,,,58.799999237,2.75999999,,,,,58.799999237,79.999998212E-3,,,,,58.799999237,4.88000011,
,,,59.000000000,2.3999999,,,,,59.000000000,2.79999995,,,,,59.000000000,119.9999973E-3,,,,,59.000000000,4.88000011,
,,,59.200000763,2.3999999,,,,,59.200000763,2.79999995,,,,,59.200000763,79.999998212E-3,,,,,59.200000763,4.88000011,
,,,59.400001526,2.3999999,,,,,59.400001526,2.79999995,,,,,59.400001526,119.9999973E-3,,,,,59.400001526,4.88000011,
,,,59.600002289,2.3999999,,,,,59.600002289,2.79999995,,,,,59.600002289,79.999998212E-3,,,,,59.600002289,4.83999968,
,,,59.799999237,2.3599999,,,,,59.799999237,2.75999999,,,,,59.799999237,119.9999973E-3,,,,,59.799999237,4.92000008,
,,,60.000000000,2.3999999,,,,,60.000000000,2.75999999,,,,,60.000000000,119.9999973E-3,,,,,60.000000000,4.83999968,
,,,60.200000763,2.3999999,,,,,60.200000763,2.72000003,,,,,60.200000763,79.999998212E-3,,,,,60.200000763,4.88000011,
,,,60.400001526,2.3999999,,,,,60.400001526,2.75999999,,,,,60.400001526,119.9999973E-3,,,,,60.400001526,4.88000011,
,,,60.600002289,2.3999999,,,,,60.600002289,2.75999999,,,,,60.600002289,119.9999973E-3,,,,,60.600002289,4.92000008,
,,,60.799999237,2.3999999,,,,,60.799999237,2.75999999,,,,,60.799999237,119.9999973E-3,,,,,60.799999237,4.92000008,
,,,61.000000000,2.3999999,,,,,61.000000000,2.75999999,,,,,61.000000000,119.9999973E-3,,,,,61.000000000,4.88000011,
,,,61.200000763,2.3999999,,,,,61.200000763,2.75999999,,,,,61.200000763,159.99999642E-3,,,,,61.200000763,4.88000011,
,,,61.400001526,2.3999999,,,,,61.400001526,2.75999999,,,,,61.400001526,119.9999973E-3,,,,,61.400001526,4.92000008,
,,,61.600002289,2.3999999,,,,,61.600002289,2.75999999,,,,,61.600002289,119.9999973E-3,,,,,61.600002289,4.88000011,
,,,61.799999237,2.3999999,,,,,61.799999237,2.83999991,,,,,61.799999237,119.9999973E-3,,,,,61.799999237,4.88000011,
,,,62.000000000,2.3599999,,,,,62.000000000,2.79999995,,,,,62.000000000,119.9999973E-3,,,,,62.000000000,4.88000011,
,,,62.200000763,2.3999999,,,,,62.200000763,2.79999995,,,,,62.200000763,119.9999973E-3,,,,,62.200000763,4.83999968,
,,,62.400001526,2.3999999,,,,,62.400001526,2.75999999,,,,,62.400001526,119.9999973E-3,,,,,62.400001526,4.88000011,
,,,62.600002289,2.3599999,,,,,62.600002289,2.75999999,,,,,62.600002289,119.9999973E-3,,,,,62.600002289,4.83999968,
,,,62.799999237,2.3599999,,,,,62.799999237,2.79999995,,,,,62.799999237,119.9999973E-3,,,,,62.799999237,4.88000011,
,,,63.000000000,2.3999999,,,,,63.000000000,2.75999999,,,,,63.000000000,159.99999642E-3,,,,,63.000000000,4.88000011,
,,,63.200000763,2.3999999,,,,,63.200000763,2.79999995,,,,,63.200000763,119.9999973E-3,,,,,63.200000763,4.88000011,
,,,63.400001526,2.3599999,,,,,63.400001526,2.75999999,,,,,63.400001526,119.9999973E-3,,,,,63.400001526,4.88000011,
,,,63.600002289,2.3999999,,,,,63.600002289,2.75999999,,,,,63.600002289,159.99999642E-3,,,,,63.600002289,4.88000011,
,,,63.799999237,2.3599999,,,,,63.799999237,2.75999999,,,,,63.799999237,119.9999973E-3,,,,,63.799999237,4.88000011,
,,,64.000000000,2.3599999,,,,,64.000000000,2.75999999,,,,,64.000000000,159.99999642E-3,,,,,64.000000000,4.88000011,
,,,64.200004578,2.3599999,,,,,64.200004578,2.79999995,,,,,64.200004578,119.9999973E-3,,,,,64.200004578,4.83999968,
,,,64.400001526,2.3599999,,,,,64.400001526,2.79999995,,,,,64.400001526,119.9999973E-3,,,,,64.400001526,4.83999968,
,,,64.599998474,2.3599999,,,,,64.599998474,2.75999999,,,,,64.599998474,119.9999973E-3,,,,,64.599998474,4.88000011,
,,,64.800003052,2.3599999,,,,,64.800003052,2.75999999,,,,,64.800003052,159.99999642E-3,,,,,64.800003052,4.88000011,
,,,65.000000000,2.3599999,,,,,65.000000000,2.72000003,,,,,65.000000000,159.99999642E-3,,,,,65.000000000,4.92000008,
,,,65.200004578,2.3599999,,,,,65.200004578,2.75999999,,,,,65.200004578,159.99999642E-3,,,,,65.200004578,4.88000011,
,,,65.400001526,2.3599999,,,,,65.400001526,2.75999999,,,,,65.400001526,159.99999642E-3,,,,,65.400001526,4.83999968,
,,,65.599998474,2.3999999,,,,,65.599998474,2.79999995,,,,,65.599998474,159.99999642E-3,,,,,65.599998474,4.83999968,
,,,65.800003052,2.3999999,,,,,65.800003052,2.75999999,,,,,65.800003052,159.99999642E-3,,,,,65.800003052,4.92000008,
,,,66.000000000,2.3999999,,,,,66.000000000,2.79999995,,,,,66.000000000,159.99999642E-3,,,,,66.000000000,4.88000011,
,,,66.200004578,2.3599999,,,,,66.200004578,2.75999999,,,,,66.200004578,159.99999642E-3,,,,,66.200004578,4.88000011,
,,,66.400001526,2.3999999,,,,,66.400001526,2.75999999,,,,,66.400001526,159.99999642E-3,,,,,66.400001526,4.88000011,
,,,66.599998474,2.3599999,,,,,66.599998474,2.72000003,,,,,66.599998474,159.99999642E-3,,,,,66.599998474,4.88000011,
,,,66.800003052,2.3999999,,,,,66.800003052,2.75999999,,,,,66.800003052,159.99999642E-3,,,,,66.800003052,4.92000008,
,,,67.000000000,2.3999999,,,,,67.000000000,2.75999999,,,,,67.000000000,159.99999642E-3,,,,,67.000000000,4.88000011,
,,,67.200004578,2.3999999,,,,,67.200004578,2.75999999,,,,,67.200004578,199.99998808E-3,,,,,67.200004578,4.88000011,
,,,67.400001526,2.3999999,,,,,67.400001526,2.75999999,,,,,67.400001526,159.99999642E-3,,,,,67.400001526,4.88000011,
,,,67.599998474,2.3999999,,,,,67.599998474,2.75999999,,,,,67.599998474,159.99999642E-3,,,,,67.599998474,4.83999968,
,,,67.800003052,2.3999999,,,,,67.800003052,2.75999999,,,,,67.800003052,159.99999642E-3,,,,,67.800003052,4.83999968,
,,,68.000000000,2.3999999,,,,,68.000000000,2.75999999,,,,,68.000000000,159.99999642E-3,,,,,68.000000000,4.83999968,
,,,68.200004578,2.3599999,,,,,68.200004578,2.79999995,,,,,68.200004578,199.99998808E-3,,,,,68.200004578,4.88000011,
,,,68.400001526,2.3999999,,,,,68.400001526,2.75999999,,,,,68.400001526,199.99998808E-3,,,,,68.400001526,4.88000011,
,,,68.599998474,2.3999999,,,,,68.599998474,2.75999999,,,,,68.599998474,159.99999642E-3,,,,,68.599998474,4.88000011,
,,,68.800003052,2.3999999,,,,,68.800003052,2.75999999,,,,,68.800003052,199.99998808E-3,,,,,68.800003052,4.88000011,
,,,69.000000000,2.3599999,,,,,69.000000000,2.79999995,,,,,69.000000000,159.99999642E-3,,,,,69.000000000,4.88000011,
,,,69.200004578,2.3999999,,,,,69.200004578,2.79999995,,,,,69.200004578,199.99998808E-3,,,,,69.200004578,4.88000011,
,,,69.400001526,2.3999999,,,,,69.400001526,2.75999999,,,,,69.400001526,199.99998808E-3,,,,,69.400001526,4.88000011,
,,,69.599998474,2.3999999,,,,,69.599998474,2.72000003,,,,,69.599998474,199.99998808E-3,,,,,69.599998474,4.88000011,
,,,69.800003052,2.3599999,,,,,69.800003052,2.75999999,,,,,69.800003052,199.99998808E-3,,,,,69.800003052,4.88000011,
,,,70.000000000,2.3999999,,,,,70.000000000,2.75999999,,,,,70.000000000,159.99999642E-3,,,,,70.000000000,4.88000011,
,,,70.200004578,2.3599999,,,,,70.200004578,2.75999999,,,,,70.200004578,199.99998808E-3,,,,,70.200004578,4.88000011,
,,,70.400001526,2.3999999,,,,,70.400001526,2.75999999,,,,,70.400001526,199.99998808E-3,,,,,70.400001526,4.88000011,
,,,70.599998474,2.3999999,,,,,70.599998474,2.75999999,,,,,70.599998474,199.99998808E-3,,,,,70.599998474,4.88000011,
,,,70.800003052,2.3999999,,,,,70.800003052,2.75999999,,,,,70.800003052,199.99998808E-3,,,,,70.800003052,4.88000011,
,,,71.000000000,2.3999999,,,,,71.000000000,2.75999999,,,,,71.000000000,199.99998808E-3,,,,,71.000000000,4.88000011,
,,,71.200004578,2.3999999,,,,,71.200004578,2.75999999,,,,,71.200004578,199.99998808E-3,,,,,71.200004578,4.88000011,
,,,71.400001526,2.3599999,,,,,71.400001526,2.75999999,,,,,71.400001526,199.99998808E-3,,,,,71.400001526,4.88000011,
,,,71.599998474,2.3999999,,,,,71.599998474,2.72000003,,,,,71.599998474,199.99998808E-3,,,,,71.599998474,4.88000011,
,,,71.800003052,2.3999999,,,,,71.800003052,2.75999999,,,,,71.800003052,199.99998808E-3,,,,,71.800003052,4.88000011,
,,,72.000000000,2.3999999,,,,,72.000000000,2.75999999,,,,,72.000000000,199.99998808E-3,,,,,72.000000000,4.88000011,
,,,72.200004578,2.3999999,,,,,72.200004578,2.75999999,,,,,72.200004578,199.99998808E-3,,,,,72.200004578,4.88000011,
,,,72.400001526,2.3999999,,,,,72.400001526,2.72000003,,,,,72.400001526,199.99998808E-3,,,,,72.400001526,4.88000011,
,,,72.599998474,2.3599999,,,,,72.599998474,2.75999999,,,,,72.599998474,199.99998808E-3,,,,,72.599998474,4.88000011,
,,,72.800003052,2.3999999,,,,,72.800003052,2.75999999,,,,,72.800003052,199.99998808E-3,,,,,72.800003052,4.92000008,
,,,73.000000000,2.3599999,,,,,73.000000000,2.75999999,,,,,73.000000000,199.99998808E-3,,,,,73.000000000,4.92000008,
,,,73.200004578,2.3599999,,,,,73.200004578,2.79999995,,,,,73.200004578,199.99998808E-3,,,,,73.200004578,4.88000011,
,,,73.400001526,2.3999999,,,,,73.400001526,2.75999999,,,,,73.400001526,199.99998808E-3,,,,,73.400001526,4.88000011,
,,,73.599998474,2.3999999,,,,,73.599998474,2.75999999,,,,,73.599998474,199.99998808E-3,,,,,73.599998474,4.88000011,
,,,73.800003052,2.3999999,,,,,73.800003052,2.75999999,,,,,73.800003052,199.99998808E-3,,,,,73.800003052,4.88000011,
,,,74.000000000,2.3599999,,,,,74.000000000,2.75999999,,,,,74.000000000,199.99998808E-3,,,,,74.000000000,4.92000008,
,,,74.200004578,2.3999999,,,,,74.200004578,2.6799998,,,,,74.200004578,199.99998808E-3,,,,,74.200004578,4.88000011,
,,,74.400001526,2.3599999,,,,,74.400001526,2.72000003,,,,,74.400001526,199.99998808E-3,,,,,74.400001526,4.88000011,
,,,74.599998474,2.3599999,,,,,74.599998474,2.75999999,,,,,74.599998474,199.99998808E-3,,,,,74.599998474,4.83999968,
,,,74.800003052,2.3999999,,,,,74.800003052,2.72000003,,,,,74.800003052,199.99998808E-3,,,,,74.800003052,4.88000011,
,,,75.000000000,2.3999999,,,,,75.000000000,2.72000003,,,,,75.000000000,239.99999464E-3,,,,,75.000000000,4.92000008,
,,,75.200004578,2.3599999,,,,,75.200004578,2.75999999,,,,,75.200004578,199.99998808E-3,,,,,75.200004578,4.88000011,
,,,75.400001526,2.3999999,,,,,75.400001526,2.75999999,,,,,75.400001526,199.99998808E-3,,,,,75.400001526,4.83999968,
,,,75.599998474,2.3999999,,,,,75.599998474,2.72000003,,,,,75.599998474,239.99999464E-3,,,,,75.599998474,4.92000008,
,,,75.800003052,2.3999999,,,,,75.800003052,2.75999999,,,,,75.800003052,199.99998808E-3,,,,,75.800003052,4.88000011,
,,,76.000000000,2.3999999,,,,,76.000000000,2.72000003,,,,,76.000000000,199.99998808E-3,,,,,76.000000000,4.83999968,
,,,76.200004578,2.3599999,,,,,76.200004578,2.75999999,,,,,76.200004578,199.99998808E-3,,,,,76.200004578,4.88000011,
,,,76.400001526,2.3999999,,,,,76.400001526,2.75999999,,,,,76.400001526,199.99998808E-3,,,,,76.400001526,4.88000011,
,,,76.599998474,2.3999999,,,,,76.599998474,2.72000003,,,,,76.599998474,239.99999464E-3,,,,,76.599998474,4.88000011,
,,,76.800003052,2.3999999,,,,,76.800003052,2.75999999,,,,,76.800003052,239.99999464E-3,,,,,76.800003052,4.92000008,
,,,77.000000000,2.3599999,,,,,77.000000000,2.72000003,,,,,77.000000000,199.99998808E-3,,,,,77.000000000,4.79999971,
,,,77.200004578,2.3999999,,,,,77.200004578,2.72000003,,,,,77.200004578,239.99999464E-3,,,,,77.200004578,4.88000011,
,,,77.400001526,2.3999999,,,,,77.400001526,2.72000003,,,,,77.400001526,199.99998808E-3,,,,,77.400001526,4.88000011,
,,,77.599998474,2.3599999,,,,,77.599998474,2.72000003,,,,,77.599998474,199.99998808E-3,,,,,77.599998474,4.88000011,
,,,77.800003052,2.3999999,,,,,77.800003052,2.75999999,,,,,77.800003052,239.99999464E-3,,,,,77.800003052,4.88000011,
,,,78.000000000,2.3999999,,,,,78.000000000,2.75999999,,,,,78.000000000,199.99998808E-3,,,,,78.000000000,4.88000011,
,,,78.200004578,2.3599999,,,,,78.200004578,2.75999999,,,,,78.200004578,239.99999464E-3,,,,,78.200004578,4.88000011,
,,,78.400001526,2.3999999,,,,,78.400001526,2.75999999,,,,,78.400001526,239.99999464E-3,,,,,78.400001526,4.88000011,
,,,78.599998474,2.3599999,,,,,78.599998474,2.72000003,,,,,78.599998474,239.99999464E-3,,,,,78.599998474,4.88000011,
,,,78.800003052,2.3999999,,,,,78.800003052,2.72000003,,,,,78.800003052,199.99998808E-3,,,,,78.800003052,4.83999968,
,,,79.000000000,2.3599999,,,,,79.000000000,2.75999999,,,,,79.000000000,239.99999464E-3,,,,,79.000000000,4.88000011,
,,,79.200004578,2.3599999,,,,,79.200004578,2.75999999,,,,,79.200004578,239.99999464E-3,,,,,79.200004578,4.88000011,
,,,79.400001526,2.3999999,,,,,79.400001526,2.72000003,,,,,79.400001526,239.99999464E-3,,,,,79.400001526,4.88000011,
,,,79.599998474,2.3599999,,,,,79.599998474,2.75999999,,,,,79.599998474,199.99998808E-3,,,,,79.599998474,4.88000011,
,,,79.800003052,2.3999999,,,,,79.800003052,2.72000003,,,,,79.800003052,239.99999464E-3,,,,,79.800003052,4.88000011,
,,,80.000000000,2.3599999,,,,,80.000000000,2.72000003,,,,,80.000000000,199.99998808E-3,,,,,80.000000000,4.79999971,
,,,80.200004578,2.3999999,,,,,80.200004578,2.75999999,,,,,80.200004578,239.99999464E-3,,,,,80.200004578,4.88000011,
,,,80.400001526,2.3999999,,,,,80.400001526,2.75999999,,,,,80.400001526,239.99999464E-3,,,,,80.400001526,4.88000011,
,,,80.599998474,2.3999999,,,,,80.599998474,2.72000003,,,,,80.599998474,239.99999464E-3,,,,,80.599998474,4.88000011,
,,,80.800003052,2.3999999,,,,,80.800003052,2.72000003,,,,,80.800003052,239.99999464E-3,,,,,80.800003052,4.88000011,
,,,81.000000000,2.3999999,,,,,81.000000000,2.72000003,,,,,81.000000000,239.99999464E-3,,,,,81.000000000,4.88000011,
,,,81.200004578,2.3999999,,,,,81.200004578,2.75999999,,,,,81.200004578,239.99999464E-3,,,,,81.200004578,4.83999968,
,,,81.400001526,2.3599999,,,,,81.400001526,2.72000003,,,,,81.400001526,239.99999464E-3,,,,,81.400001526,4.88000011,
,,,81.599998474,2.3999999,,,,,81.599998474,2.72000003,,,,,81.599998474,280.00000119E-3,,,,,81.599998474,4.88000011,
,,,81.800003052,2.3999999,,,,,81.800003052,2.72000003,,,,,81.800003052,239.99999464E-3,,,,,81.800003052,4.83999968,
,,,82.000000000,2.3999999,,,,,82.000000000,2.72000003,,,,,82.000000000,239.99999464E-3,,,,,82.000000000,4.88000011,
,,,82.200004578,2.3999999,,,,,82.200004578,2.75999999,,,,,82.200004578,280.00000119E-3,,,,,82.200004578,4.88000011,
,,,82.400001526,2.3999999,,,,,82.400001526,2.72000003,,,,,82.400001526,239.99999464E-3,,,,,82.400001526,4.88000011,
,,,82.599998474,2.3999999,,,,,82.599998474,2.72000003,,,,,82.599998474,280.00000119E-3,,,,,82.599998474,4.88000011,
,,,82.800003052,2.3599999,,,,,82.800003052,2.6799998,,,,,82.800003052,239.99999464E-3,,,,,82.800003052,4.88000011,
,,,83.000000000,2.3999999,,,,,83.000000000,2.6799998,,,,,83.000000000,239.99999464E-3,,,,,83.000000000,4.88000011,
,,,83.200004578,2.3599999,,,,,83.200004578,2.72000003,,,,,83.200004578,239.99999464E-3,,,,,83.200004578,4.88000011,
,,,83.400001526,2.3999999,,,,,83.400001526,2.75999999,,,,,83.400001526,280.00000119E-3,,,,,83.400001526,4.88000011,
,,,83.599998474,2.3599999,,,,,83.599998474,2.72000003,,,,,83.599998474,239.99999464E-3,,,,,83.599998474,4.88000011,
,,,83.800003052,2.3999999,,,,,83.800003052,2.72000003,,,,,83.800003052,239.99999464E-3,,,,,83.800003052,4.88000011,
,,,84.000000000,2.3599999,,,,,84.000000000,2.72000003,,,,,84.000000000,280.00000119E-3,,,,,84.000000000,4.92000008,
,,,84.200004578,2.3999999,,,,,84.200004578,2.75999999,,,,,84.200004578,280.00000119E-3,,,,,84.200004578,4.88000011,
,,,84.400001526,2.3999999,,,,,84.400001526,2.72000003,,,,,84.400001526,280.00000119E-3,,,,,84.400001526,4.88000011,
,,,84.599998474,2.3999999,,,,,84.599998474,2.72000003,,,,,84.599998474,280.00000119E-3,,,,,84.599998474,4.88000011,
,,,84.800003052,2.3599999,,,,,84.800003052,2.72000003,,,,,84.800003052,280.00000119E-3,,,,,84.800003052,4.88000011,
,,,85.000000000,2.3999999,,,,,85.000000000,2.6799998,,,,,85.000000000,239.99999464E-3,,,,,85.000000000,4.88000011,
,,,85.200004578,2.3999999,,,,,85.200004578,2.72000003,,,,,85.200004578,280.00000119E-3,,,,,85.200004578,4.92000008,
,,,85.400001526,2.3599999,,,,,85.400001526,2.72000003,,,,,85.400001526,280.00000119E-3,,,,,85.400001526,4.88000011,
,,,85.599998474,2.3999999,,,,,85.599998474,2.75999999,,,,,85.599998474,239.99999464E-3,,,,,85.599998474,4.88000011,
,,,85.800003052,2.3999999,,,,,85.800003052,2.72000003,,,,,85.800003052,239.99999464E-3,,,,,85.800003052,4.88000011,
,,,86.000000000,2.3999999,,,,,86.000000000,2.72000003,,,,,86.000000000,280.00000119E-3,,,,,86.000000000,4.92000008,
,,,86.200004578,2.3599999,,,,,86.200004578,2.6799998,,,,,86.200004578,280.00000119E-3,,,,,86.200004578,4.88000011,
,,,86.400001526,2.3999999,,,,,86.400001526,2.72000003,,,,,86.400001526,280.00000119E-3,,,,,86.400001526,4.88000011,
,,,86.599998474,2.3999999,,,,,86.599998474,2.79999995,,,,,86.599998474,280.00000119E-3,,,,,86.599998474,4.88000011,
,,,86.800003052,2.3599999,,,,,86.800003052,2.72000003,,,,,86.800003052,280.00000119E-3,,,,,86.800003052,4.88000011,
,,,87.000000000,2.3999999,,,,,87.000000000,2.72000003,,,,,87.000000000,280.00000119E-3,,,,,87.000000000,4.88000011,
,,,87.200004578,2.3999999,,,,,87.200004578,2.75999999,,,,,87.200004578,239.99999464E-3,,,,,87.200004578,4.88000011,
,,,87.400001526,2.3999999,,,,,87.400001526,2.72000003,,,,,87.400001526,239.99999464E-3,,,,,87.400001526,4.88000011,
,,,87.599998474,2.3599999,,,,,87.599998474,2.6799998,,,,,87.599998474,280.00000119E-3,,,,,87.599998474,4.88000011,
,,,87.800003052,2.3999999,,,,,87.800003052,2.72000003,,,,,87.800003052,280.00000119E-3,,,,,87.800003052,4.88000011,
,,,88.000000000,2.3999999,,,,,88.000000000,2.6799998,,,,,88.000000000,280.00000119E-3,,,,,88.000000000,4.88000011,
,,,88.200004578,2.3999999,,,,,88.200004578,2.72000003,,,,,88.200004578,319.99999285E-3,,,,,88.200004578,4.88000011,
,,,88.400001526,2.3599999,,,,,88.400001526,2.72000003,,,,,88.400001526,280.00000119E-3,,,,,88.400001526,4.92000008,
,,,88.599998474,2.3999999,,,,,88.599998474,2.75999999,,,,,88.599998474,280.00000119E-3,,,,,88.599998474,4.88000011,
,,,88.800003052,2.3999999,,,,,88.800003052,2.6799998,,,,,88.800003052,280.00000119E-3,,,,,88.800003052,4.88000011,
,,,89.000000000,2.3999999,,,,,89.000000000,2.75999999,,,,,89.000000000,280.00000119E-3,,,,,89.000000000,4.88000011,
,,,89.200004578,2.3999999,,,,,89.200004578,2.72000003,,,,,89.200004578,280.00000119E-3,,,,,89.200004578,4.88000011,
,,,89.400001526,2.3999999,,,,,89.400001526,2.75999999,,,,,89.400001526,280.00000119E-3,,,,,89.400001526,4.88000011,
,,,89.599998474,2.3999999,,,,,89.599998474,2.75999999,,,,,89.599998474,280.00000119E-3,,,,,89.599998474,4.88000011,
,,,89.800003052,2.3599999,,,,,89.800003052,2.72000003,,,,,89.800003052,280.00000119E-3,,,,,89.800003052,4.92000008,
,,,90.000000000,2.3999999,,,,,90.000000000,2.75999999,,,,,90.000000000,280.00000119E-3,,,,,90.000000000,4.88000011,
,,,90.200004578,2.3599999,,,,,90.200004578,2.72000003,,,,,90.200004578,280.00000119E-3,,,,,90.200004578,4.83999968,
,,,90.400001526,2.3999999,,,,,90.400001526,2.75999999,,,,,90.400001526,280.00000119E-3,,,,,90.400001526,4.88000011,
,,,90.599998474,2.3599999,,,,,90.599998474,2.75999999,,,,,90.599998474,280.00000119E-3,,,,,90.599998474,4.83999968,
,,,90.800003052,2.3999999,,,,,90.800003052,2.6799998,,,,,90.800003052,280.00000119E-3,,,,,90.800003052,4.88000011,
,,,91.000000000,2.3999999,,,,,91.000000000,2.75999999,,,,,91.000000000,280.00000119E-3,,,,,91.000000000,4.92000008,
,,,91.200004578,2.3599999,,,,,91.200004578,2.6799998,,,,,91.200004578,280.00000119E-3,,,,,91.200004578,4.83999968,
,,,91.400001526,2.3999999,,,,,91.400001526,2.72000003,,,,,91.400001526,280.00000119E-3,,,,,91.400001526,4.83999968,
,,,91.599998474,2.3599999,,,,,91.599998474,2.72000003,,,,,91.599998474,280.00000119E-3,,,,,91.599998474,4.92000008,
,,,91.800003052,2.3999999,,,,,91.800003052,2.72000003,,,,,91.800003052,280.00000119E-3,,,,,91.800003052,4.88000011,
,,,92.000000000,2.3999999,,,,,92.000000000,2.72000003,,,,,92.000000000,319.99999285E-3,,,,,92.000000000,4.88000011,
,,,92.200004578,2.3999999,,,,,92.200004578,2.75999999,,,,,92.200004578,280.00000119E-3,,,,,92.200004578,4.88000011,
,,,92.400001526,2.3599999,,,,,92.400001526,2.6799998,,,,,92.400001526,280.00000119E-3,,,,,92.400001526,4.83999968,
,,,92.599998474,2.3599999,,,,,92.599998474,2.79999995,,,,,92.599998474,280.00000119E-3,,,,,92.599998474,4.83999968,
,,,92.800003052,2.3599999,,,,,92.800003052,2.72000003,,,,,92.800003052,280.00000119E-3,,,,,92.800003052,4.88000011,
,,,93.000000000,2.3999999,,,,,93.000000000,2.72000003,,,,,93.000000000,280.00000119E-3,,,,,93.000000000,4.88000011,
,,,93.200004578,2.3599999,,,,,93.200004578,2.72000003,,,,,93.200004578,280.00000119E-3,,,,,93.200004578,4.88000011,
,,,93.400001526,2.3999999,,,,,93.400001526,2.6399999,,,,,93.400001526,319.99999285E-3,,,,,93.400001526,4.92000008,
,,,93.599998474,2.3999999,,,,,93.599998474,2.75999999,,,,,93.599998474,280.00000119E-3,,,,,93.599998474,4.88000011,
,,,93.800003052,2.3999999,,,,,93.800003052,2.75999999,,,,,93.800003052,280.00000119E-3,,,,,93.800003052,4.83999968,
,,,94.000000000,2.3599999,,,,,94.000000000,2.72000003,,,,,94.000000000,319.99999285E-3,,,,,94.000000000,4.88000011,
,,,94.200004578,2.3999999,,,,,94.200004578,2.6799998,,,,,94.200004578,280.00000119E-3,,,,,94.200004578,4.88000011,
,,,94.400001526,2.3599999,,,,,94.400001526,2.72000003,,,,,94.400001526,280.00000119E-3,,,,,94.400001526,4.88000011,
,,,94.599998474,2.3999999,,,,,94.599998474,2.72000003,,,,,94.599998474,319.99999285E-3,,,,,94.599998474,4.88000011,
,,,94.800003052,2.3599999,,,,,94.800003052,2.72000003,,,,,94.800003052,319.99999285E-3,,,,,94.800003052,4.92000008,
,,,95.000000000,2.3599999,,,,,95.000000000,2.72000003,,,,,95.000000000,280.00000119E-3,,,,,95.000000000,4.88000011,
,,,95.200004578,2.3999999,,,,,95.200004578,2.75999999,,,,,95.200004578,280.00000119E-3,,,,,95.200004578,4.88000011,
,,,95.400001526,2.3599999,,,,,95.400001526,2.75999999,,,,,95.400001526,319.99999285E-3,,,,,95.400001526,4.88000011,
,,,95.599998474,2.3999999,,,,,95.599998474,2.72000003,,,,,95.599998474,319.99999285E-3,,,,,95.599998474,4.88000011,
,,,95.800003052,2.3599999,,,,,95.800003052,2.72000003,,,,,95.800003052,280.00000119E-3,,,,,95.800003052,4.88000011,
,,,96.000000000,2.3999999,,,,,96.000000000,2.72000003,,,,,96.000000000,280.00000119E-3,,,,,96.000000000,4.88000011,
,,,96.200004578,2.3599999,,,,,96.200004578,2.72000003,,,,,96.200004578,319.99999285E-3,,,,,96.200004578,4.88000011,
,,,96.400001526,2.3599999,,,,,96.400001526,2.72000003,,,,,96.400001526,319.99999285E-3,,,,,96.400001526,4.88000011,
,,,96.599998474,2.3599999,,,,,96.599998474,2.72000003,,,,,96.599998474,319.99999285E-3,,,,,96.599998474,4.88000011,
,,,96.800003052,2.3599999,,,,,96.800003052,2.72000003,,,,,96.800003052,319.99999285E-3,,,,,96.800003052,4.92000008,
,,,97.000000000,2.3599999,,,,,97.000000000,2.72000003,,,,,97.000000000,280.00000119E-3,,,,,97.000000000,4.88000011,
,,,97.200004578,2.3599999,,,,,97.200004578,2.72000003,,,,,97.200004578,280.00000119E-3,,,,,97.200004578,4.88000011,
,,,97.400001526,2.3599999,,,,,97.400001526,2.72000003,,,,,97.400001526,280.00000119E-3,,,,,97.400001526,4.88000011,
,,,97.599998474,2.3599999,,,,,97.599998474,2.72000003,,,,,97.599998474,319.99999285E-3,,,,,97.599998474,4.88000011,
,,,97.800003052,2.3999999,,,,,97.800003052,2.72000003,,,,,97.800003052,319.99999285E-3,,,,,97.800003052,4.88000011,
,,,98.000000000,2.3999999,,,,,98.000000000,2.72000003,,,,,98.000000000,319.99999285E-3,,,,,98.000000000,4.88000011,
,,,98.200004578,2.3599999,,,,,98.200004578,2.72000003,,,,,98.200004578,280.00000119E-3,,,,,98.200004578,4.83999968,
,,,98.400001526,2.3999999,,,,,98.400001526,2.72000003,,,,,98.400001526,319.99999285E-3,,,,,98.400001526,4.88000011,
,,,98.599998474,2.3999999,,,,,98.599998474,2.72000003,,,,,98.599998474,319.99999285E-3,,,,,98.599998474,4.88000011,
,,,98.800003052,2.3999999,,,,,98.800003052,2.6799998,,,,,98.800003052,319.99999285E-3,,,,,98.800003052,4.88000011,
,,,99.000000000,2.3599999,,,,,99.000000000,2.72000003,,,,,99.000000000,319.99999285E-3,,,,,99.000000000,4.83999968,
,,,99.200004578,2.3599999,,,,,99.200004578,2.72000003,,,,,99.200004578,359.99998450E-3,,,,,99.200004578,4.88000011,
,,,99.400001526,2.3999999,,,,,99.400001526,2.72000003,,,,,99.400001526,280.00000119E-3,,,,,99.400001526,4.88000011,
,,,99.599998474,2.3999999,,,,,99.599998474,2.72000003,,,,,99.599998474,319.99999285E-3,,,,,99.599998474,4.88000011,
,,,99.800003052,2.3599999,,,,,99.800003052,2.72000003,,,,,99.800003052,319.99999285E-3,,,,,99.800003052,4.88000011,
,,,100.0000000,2.3999999,,,,,100.0000000,2.6399999,,,,,100.0000000,280.00000119E-3,,,,,100.0000000,4.88000011,
,,,100.2000046,2.3599999,,,,,100.2000046,2.6799998,,,,,100.2000046,359.99998450E-3,,,,,100.2000046,4.92000008,
,,,100.4000015,2.3599999,,,,,100.4000015,2.72000003,,,,,100.4000015,359.99998450E-3,,,,,100.4000015,4.92000008,
,,,100.5999985,2.3999999,,,,,100.5999985,2.72000003,,,,,100.5999985,319.99999285E-3,,,,,100.5999985,4.88000011,
,,,100.8000031,2.3599999,,,,,100.8000031,2.6799998,,,,,100.8000031,319.99999285E-3,,,,,100.8000031,4.88000011,
,,,101.0000000,2.3999999,,,,,101.0000000,2.72000003,,,,,101.0000000,319.99999285E-3,,,,,101.0000000,4.83999968,
,,,101.2000046,2.3599999,,,,,101.2000046,2.72000003,,,,,101.2000046,319.99999285E-3,,,,,101.2000046,4.88000011,
,,,101.4000015,2.3999999,,,,,101.4000015,2.72000003,,,,,101.4000015,280.00000119E-3,,,,,101.4000015,4.88000011,
,,,101.5999985,2.3999999,,,,,101.5999985,2.72000003,,,,,101.5999985,319.99999285E-3,,,,,101.5999985,4.88000011,
,,,101.8000031,2.3599999,,,,,101.8000031,2.72000003,,,,,101.8000031,319.99999285E-3,,,,,101.8000031,4.92000008,
,,,102.0000000,2.3999999,,,,,102.0000000,2.72000003,,,,,102.0000000,319.99999285E-3,,,,,102.0000000,4.83999968,
,,,102.2000046,2.3599999,,,,,102.2000046,2.72000003,,,,,102.2000046,319.99999285E-3,,,,,102.2000046,4.88000011,
,,,102.4000015,2.3999999,,,,,102.4000015,2.72000003,,,,,102.4000015,319.99999285E-3,,,,,102.4000015,4.92000008,
,,,102.5999985,2.3999999,,,,,102.5999985,2.6799998,,,,,102.5999985,359.99998450E-3,,,,,102.5999985,4.88000011,
,,,102.8000031,2.3999999,,,,,102.8000031,2.75999999,,,,,102.8000031,319.99999285E-3,,,,,102.8000031,4.88000011,
,,,103.0000000,2.3999999,,,,,103.0000000,2.6799998,,,,,103.0000000,319.99999285E-3,,,,,103.0000000,4.88000011,
,,,103.2000046,2.3599999,,,,,103.2000046,2.6799998,,,,,103.2000046,319.99999285E-3,,,,,103.2000046,4.88000011,
,,,103.4000015,2.3599999,,,,,103.4000015,2.72000003,,,,,103.4000015,319.99999285E-3,,,,,103.4000015,4.88000011,
,,,103.5999985,2.3599999,,,,,103.5999985,2.72000003,,,,,103.5999985,319.99999285E-3,,,,,103.5999985,4.88000011,
,,,103.8000031,2.3999999,,,,,103.8000031,2.72000003,,,,,103.8000031,319.99999285E-3,,,,,103.8000031,4.88000011,
,,,104.0000000,2.3599999,,,,,104.0000000,2.6799998,,,,,104.0000000,319.99999285E-3,,,,,104.0000000,4.79999971,
,,,104.2000046,2.3599999,,,,,104.2000046,2.6799998,,,,,104.2000046,319.99999285E-3,,,,,104.2000046,4.88000011,
,,,104.4000015,2.3999999,,,,,104.4000015,2.72000003,,,,,104.4000015,319.99999285E-3,,,,,104.4000015,4.88000011,
,,,104.5999985,2.3999999,,,,,104.5999985,2.6799998,,,,,104.5999985,319.99999285E-3,,,,,104.5999985,4.88000011,
,,,104.8000031,2.3999999,,,,,104.8000031,2.72000003,,,,,104.8000031,319.99999285E-3,,,,,104.8000031,4.88000011,
,,,105.0000000,2.3999999,,,,,105.0000000,2.72000003,,,,,105.0000000,319.99999285E-3,,,,,105.0000000,4.88000011,
,,,105.2000046,2.3599999,,,,,105.2000046,2.72000003,,,,,105.2000046,319.99999285E-3,,,,,105.2000046,4.83999968,
,,,105.4000015,2.3599999,,,,,105.4000015,2.72000003,,,,,105.4000015,319.99999285E-3,,,,,105.4000015,4.88000011,
,,,105.5999985,2.3999999,,,,,105.5999985,2.6799998,,,,,105.5999985,359.99998450E-3,,,,,105.5999985,4.88000011,
,,,105.8000031,2.3999999,,,,,105.8000031,2.6799998,,,,,105.8000031,319.99999285E-3,,,,,105.8000031,4.88000011,
,,,106.0000000,2.3599999,,,,,106.0000000,2.72000003,,,,,106.0000000,319.99999285E-3,,,,,106.0000000,4.88000011,
,,,106.2000046,2.3999999,,,,,106.2000046,2.72000003,,,,,106.2000046,359.99998450E-3,,,,,106.2000046,4.88000011,
,,,106.4000015,2.3599999,,,,,106.4000015,2.75999999,,,,,106.4000015,319.99999285E-3,,,,,106.4000015,4.88000011,
,,,106.5999985,2.3999999,,,,,106.5999985,2.72000003,,,,,106.5999985,319.99999285E-3,,,,,106.5999985,4.88000011,
,,,106.8000031,2.3599999,,,,,106.8000031,2.72000003,,,,,106.8000031,319.99999285E-3,,,,,106.8000031,4.88000011,
,,,107.0000000,2.3999999,,,,,107.0000000,2.75999999,,,,,107.0000000,319.99999285E-3,,,,,107.0000000,4.83999968,
,,,107.2000046,2.3999999,,,,,107.2000046,2.72000003,,,,,107.2000046,319.99999285E-3,,,,,107.2000046,4.88000011,
,,,107.4000015,2.3599999,,,,,107.4000015,2.72000003,,,,,107.4000015,359.99998450E-3,,,,,107.4000015,4.83999968,
,,,107.5999985,2.3599999,,,,,107.5999985,2.72000003,,,,,107.5999985,319.99999285E-3,,,,,107.5999985,4.79999971,
,,,107.8000031,2.3999999,,,,,107.8000031,2.72000003,,,,,107.8000031,359.99998450E-3,,,,,107.8000031,4.88000011,
,,,108.0000000,2.3999999,,,,,108.0000000,2.72000003,,,,,108.0000000,319.99999285E-3,,,,,108.0000000,4.88000011,
,,,108.2000046,2.3599999,,,,,108.2000046,2.6399999,,,,,108.2000046,319.99999285E-3,,,,,108.2000046,4.88000011,
,,,108.4000015,2.3599999,,,,,108.4000015,2.72000003,,,,,108.4000015,359.99998450E-3,,,,,108.4000015,4.88000011,
,,,108.5999985,2.3999999,,,,,108.5999985,2.72000003,,,,,108.5999985,319.99999285E-3,,,,,108.5999985,4.83999968,
,,,108.8000031,2.3999999,,,,,108.8000031,2.72000003,,,,,108.8000031,359.99998450E-3,,,,,108.8000031,4.88000011,
,,,109.0000000,2.3999999,,,,,109.0000000,2.72000003,,,,,109.0000000,319.99999285E-3,,,,,109.0000000,4.83999968,
,,,109.2000046,2.3599999,,,,,109.2000046,2.6799998,,,,,109.2000046,359.99998450E-3,,,,,109.2000046,4.88000011,
,,,109.4000015,2.3599999,,,,,109.4000015,2.72000003,,,,,109.4000015,319.99999285E-3,,,,,109.4000015,4.88000011,
,,,109.5999985,2.3599999,,,,,109.5999985,2.72000003,,,,,109.5999985,359.99998450E-3,,,,,109.5999985,4.88000011,
,,,109.8000031,2.3599999,,,,,109.8000031,2.75999999,,,,,109.8000031,319.99999285E-3,,,,,109.8000031,4.88000011,
,,,110.0000000,2.3599999,,,,,110.0000000,2.75999999,,,,,110.0000000,359.99998450E-3,,,,,110.0000000,4.88000011,
,,,110.2000046,2.3999999,,,,,110.2000046,2.72000003,,,,,110.2000046,319.99999285E-3,,,,,110.2000046,4.83999968,
,,,110.4000015,2.3999999,,,,,110.4000015,2.72000003,,,,,110.4000015,359.99998450E-3,,,,,110.4000015,4.88000011,
,,,110.5999985,2.3599999,,,,,110.5999985,2.72000003,,,,,110.5999985,319.99999285E-3,,,,,110.5999985,4.88000011,
,,,110.8000031,2.3999999,,,,,110.8000031,2.6799998,,,,,110.8000031,319.99999285E-3,,,,,110.8000031,4.88000011,
,,,111.0000000,2.3999999,,,,,111.0000000,2.72000003,,,,,111.0000000,319.99999285E-3,,,,,111.0000000,4.88000011,
,,,111.2000046,2.3999999,,,,,111.2000046,2.72000003,,,,,111.2000046,359.99998450E-3,,,,,111.2000046,4.88000011,
,,,111.4000015,2.3599999,,,,,111.4000015,2.72000003,,,,,111.4000015,319.99999285E-3,,,,,111.4000015,4.88000011,
,,,111.5999985,2.3599999,,,,,111.5999985,2.72000003,,,,,111.5999985,319.99999285E-3,,,,,111.5999985,4.88000011,
,,,111.8000031,2.3999999,,,,,111.8000031,2.72000003,,,,,111.8000031,319.99999285E-3,,,,,111.8000031,4.88000011,
,,,112.0000000,2.3999999,,,,,112.0000000,2.72000003,,,,,112.0000000,359.99998450E-3,,,,,112.0000000,4.92000008,
,,,112.2000046,2.3599999,,,,,112.2000046,2.72000003,,,,,112.2000046,319.99999285E-3,,,,,112.2000046,4.88000011,
,,,112.4000015,2.3599999,,,,,112.4000015,2.6799998,,,,,112.4000015,359.99998450E-3,,,,,112.4000015,4.88000011,
,,,112.5999985,2.3999999,,,,,112.5999985,2.6799998,,,,,112.5999985,359.99998450E-3,,,,,112.5999985,4.88000011,
,,,112.8000031,2.3599999,,,,,112.8000031,2.72000003,,,,,112.8000031,319.99999285E-3,,,,,112.8000031,4.88000011,
,,,113.0000000,2.3599999,,,,,113.0000000,2.6799998,,,,,113.0000000,319.99999285E-3,,,,,113.0000000,4.88000011,
,,,113.2000046,2.3999999,,,,,113.2000046,2.75999999,,,,,113.2000046,359.99998450E-3,,,,,113.2000046,4.88000011,
,,,113.4000015,2.3999999,,,,,113.4000015,2.75999999,,,,,113.4000015,319.99999285E-3,,,,,113.4000015,4.88000011,
,,,113.5999985,2.3999999,,,,,113.5999985,2.72000003,,,,,113.5999985,319.99999285E-3,,,,,113.5999985,4.88000011,
,,,113.8000031,2.3999999,,,,,113.8000031,2.72000003,,,,,113.8000031,359.99998450E-3,,,,,113.8000031,4.83999968,
,,,114.0000000,2.3999999,,,,,114.0000000,2.6799998,,,,,114.0000000,359.99998450E-3,,,,,114.0000000,4.92000008,
,,,114.2000046,2.3999999,,,,,114.2000046,2.75999999,,,,,114.2000046,319.99999285E-3,,,,,114.2000046,4.88000011,
,,,114.4000015,2.3599999,,,,,114.4000015,2.6799998,,,,,114.4000015,359.99998450E-3,,,,,114.4000015,4.88000011,
,,,114.5999985,2.3999999,,,,,114.5999985,2.72000003,,,,,114.5999985,319.99999285E-3,,,,,114.5999985,4.88000011,
,,,114.8000031,2.3999999,,,,,114.8000031,2.72000003,,,,,114.8000031,359.99998450E-3,,,,,114.8000031,4.88000011,
,,,115.0000000,2.3999999,,,,,115.0000000,2.72000003,,,,,115.0000000,319.99999285E-3,,,,,115.0000000,4.88000011,
,,,115.2000046,2.3999999,,,,,115.2000046,2.72000003,,,,,115.2000046,319.99999285E-3,,,,,115.2000046,4.88000011,
,,,115.4000015,2.3999999,,,,,115.4000015,2.72000003,,,,,115.4000015,359.99998450E-3,,,,,115.4000015,4.88000011,
,,,115.5999985,2.3999999,,,,,115.5999985,2.72000003,,,,,115.5999985,359.99998450E-3,,,,,115.5999985,4.88000011,
,,,115.8000031,2.3999999,,,,,115.8000031,2.72000003,,,,,115.8000031,319.99999285E-3,,,,,115.8000031,4.83999968,
,,,116.0000000,2.3999999,,,,,116.0000000,2.6799998,,,,,116.0000000,359.99998450E-3,,,,,116.0000000,4.88000011,
,,,116.2000046,2.3999999,,,,,116.2000046,2.72000003,,,,,116.2000046,359.99998450E-3,,,,,116.2000046,4.88000011,
,,,116.4000015,2.3999999,,,,,116.4000015,2.72000003,,,,,116.4000015,359.99998450E-3,,,,,116.4000015,4.83999968,
,,,116.5999985,2.3999999,,,,,116.5999985,2.72000003,,,,,116.5999985,359.99998450E-3,,,,,116.5999985,4.88000011,
,,,116.8000031,2.3999999,,,,,116.8000031,2.72000003,,,,,116.8000031,359.99998450E-3,,,,,116.8000031,4.88000011,
,,,117.0000000,2.3999999,,,,,117.0000000,2.72000003,,,,,117.0000000,359.99998450E-3,,,,,117.0000000,4.88000011,
,,,117.2000046,2.3599999,,,,,117.2000046,2.75999999,,,,,117.2000046,319.99999285E-3,,,,,117.2000046,4.88000011,
,,,117.4000015,2.3999999,,,,,117.4000015,2.72000003,,,,,117.4000015,319.99999285E-3,,,,,117.4000015,4.88000011,
,,,117.5999985,2.3999999,,,,,117.5999985,2.75999999,,,,,117.5999985,359.99998450E-3,,,,,117.5999985,4.88000011,
,,,117.8000031,2.3999999,,,,,117.8000031,2.72000003,,,,,117.8000031,359.99998450E-3,,,,,117.8000031,4.88000011,
,,,118.0000000,2.3999999,,,,,118.0000000,2.6799998,,,,,118.0000000,359.99998450E-3,,,,,118.0000000,4.88000011,
,,,118.2000046,2.3999999,,,,,118.2000046,2.72000003,,,,,118.2000046,359.99998450E-3,,,,,118.2000046,4.83999968,
,,,118.4000015,2.3999999,,,,,118.4000015,2.75999999,,,,,118.4000015,359.99998450E-3,,,,,118.4000015,4.88000011,
,,,118.5999985,2.3999999,,,,,118.5999985,2.72000003,,,,,118.5999985,359.99998450E-3,,,,,118.5999985,4.88000011,
,,,118.8000031,2.3999999,,,,,118.8000031,2.6799998,,,,,118.8000031,359.99998450E-3,,,,,118.8000031,4.88000011,
,,,119.0000000,2.3999999,,,,,119.0000000,2.72000003,,,,,119.0000000,359.99998450E-3,,,,,119.0000000,4.88000011,
,,,119.2000046,2.3999999,,,,,119.2000046,2.72000003,,,,,119.2000046,359.99998450E-3,,,,,119.2000046,4.88000011,
,,,119.4000015,2.3999999,,,,,119.4000015,2.72000003,,,,,119.4000015,319.99999285E-3,,,,,119.4000015,4.83999968,
,,,119.5999985,2.3999999,,,,,119.5999985,2.72000003,,,,,119.5999985,359.99998450E-3,,,,,119.5999985,4.88000011,
,,,119.8000031,2.3999999,,,,,119.8000031,2.72000003,,,,,119.8000031,359.99998450E-3,,,,,119.8000031,4.88000011,
,,,120.0000000,2.3999999,,,,,120.0000000,2.72000003,,,,,120.0000000,359.99998450E-3,,,,,120.0000000,4.83999968,
,,,120.2000046,2.3999999,,,,,120.2000046,2.72000003,,,,,120.2000046,359.99998450E-3,,,,,120.2000046,4.88000011,
,,,120.4000015,2.3999999,,,,,120.4000015,2.75999999,,,,,120.4000015,359.99998450E-3,,,,,120.4000015,4.88000011,
,,,120.5999985,2.3999999,,,,,120.5999985,2.72000003,,,,,120.5999985,359.99998450E-3,,,,,120.5999985,4.83999968,
,,,120.8000031,2.3999999,,,,,120.8000031,2.72000003,,,,,120.8000031,319.99999285E-3,,,,,120.8000031,4.88000011,
,,,121.0000000,2.3999999,,,,,121.0000000,2.75999999,,,,,121.0000000,359.99998450E-3,,,,,121.0000000,4.88000011,
,,,121.2000046,2.3599999,,,,,121.2000046,2.72000003,,,,,121.2000046,359.99998450E-3,,,,,121.2000046,4.88000011,
,,,121.4000015,2.3999999,,,,,121.4000015,2.6799998,,,,,121.4000015,359.99998450E-3,,,,,121.4000015,4.88000011,
,,,121.5999985,2.3599999,,,,,121.5999985,2.6799998,,,,,121.5999985,359.99998450E-3,,,,,121.5999985,4.88000011,
,,,121.8000031,2.3999999,,,,,121.8000031,2.75999999,,,,,121.8000031,359.99998450E-3,,,,,121.8000031,4.88000011,
,,,122.0000000,2.3999999,,,,,122.0000000,2.6799998,,,,,122.0000000,359.99998450E-3,,,,,122.0000000,4.88000011,
,,,122.2000046,2.3999999,,,,,122.2000046,2.72000003,,,,,122.2000046,319.99999285E-3,,,,,122.2000046,4.88000011,
,,,122.4000015,2.3999999,,,,,122.4000015,2.72000003,,,,,122.4000015,319.99999285E-3,,,,,122.4000015,4.88000011,
,,,122.5999985,2.3999999,,,,,122.5999985,2.6799998,,,,,122.5999985,359.99998450E-3,,,,,122.5999985,4.88000011,
,,,122.8000031,2.3999999,,,,,122.8000031,2.6799998,,,,,122.8000031,359.99998450E-3,,,,,122.8000031,4.88000011,
,,,123.0000000,2.3999999,,,,,123.0000000,2.72000003,,,,,123.0000000,359.99998450E-3,,,,,123.0000000,4.88000011,
,,,123.2000046,2.3999999,,,,,123.2000046,2.72000003,,,,,123.2000046,359.99998450E-3,,,,,123.2000046,4.88000011,
,,,123.4000015,2.3599999,,,,,123.4000015,2.72000003,,,,,123.4000015,359.99998450E-3,,,,,123.4000015,4.88000011,
,,,123.5999985,2.3999999,,,,,123.5999985,2.6799998,,,,,123.5999985,319.99999285E-3,,,,,123.5999985,4.88000011,
,,,123.8000031,2.3999999,,,,,123.8000031,2.72000003,,,,,123.8000031,359.99998450E-3,,,,,123.8000031,4.88000011,
,,,124.0000000,2.3999999,,,,,124.0000000,2.72000003,,,,,124.0000000,359.99998450E-3,,,,,124.0000000,4.83999968,
,,,124.2000046,2.3999999,,,,,124.2000046,2.72000003,,,,,124.2000046,319.99999285E-3,,,,,124.2000046,4.88000011,
,,,124.4000015,2.3999999,,,,,124.4000015,2.75999999,,,,,124.4000015,359.99998450E-3,,,,,124.4000015,4.88000011,
,,,124.5999985,2.3999999,,,,,124.5999985,2.75999999,,,,,124.5999985,319.99999285E-3,,,,,124.5999985,4.88000011,
,,,124.8000031,2.3999999,,,,,124.8000031,2.72000003,,,,,124.8000031,359.99998450E-3,,,,,124.8000031,4.88000011,
,,,125.0000000,2.3999999,,,,,125.0000000,2.6799998,,,,,125.0000000,359.99998450E-3,,,,,125.0000000,4.88000011,
,,,125.2000046,2.3999999,,,,,125.2000046,2.72000003,,,,,125.2000046,319.99999285E-3,,,,,125.2000046,4.88000011,
,,,125.4000015,2.3999999,,,,,125.4000015,2.72000003,,,,,125.4000015,359.99998450E-3,,,,,125.4000015,4.92000008,
,,,125.5999985,2.3599999,,,,,125.5999985,2.6799998,,,,,125.5999985,359.99998450E-3,,,,,125.5999985,4.92000008,
,,,125.8000031,2.3999999,,,,,125.8000031,2.72000003,,,,,125.8000031,359.99998450E-3,,,,,125.8000031,4.88000011,
,,,126.0000000,2.3999999,,,,,126.0000000,2.72000003,,,,,126.0000000,319.99999285E-3,,,,,126.0000000,4.83999968,
,,,126.2000046,2.3999999,,,,,126.2000046,2.75999999,,,,,126.2000046,319.99999285E-3,,,,,126.2000046,4.92000008,
,,,126.4000015,2.3599999,,,,,126.4000015,2.72000003,,,,,126.4000015,359.99998450E-3,,,,,126.4000015,4.88000011,
,,,126.5999985,2.3999999,,,,,126.5999985,2.75999999,,,,,126.5999985,319.99999285E-3,,,,,126.5999985,4.88000011,
,,,126.8000031,2.3599999,,,,,126.8000031,2.72000003,,,,,126.8000031,359.99998450E-3,,,,,126.8000031,4.88000011,
,,,127.0000000,2.3599999,,,,,127.0000000,2.72000003,,,,,127.0000000,359.99998450E-3,,,,,127.0000000,4.88000011,
,,,127.2000046,2.3999999,,,,,127.2000046,2.72000003,,,,,127.2000046,319.99999285E-3,,,,,127.2000046,4.88000011,
,,,127.4000015,2.3599999,,,,,127.4000015,2.72000003,,,,,127.4000015,359.99998450E-3,,,,,127.4000015,4.88000011,
,,,127.5999985,2.3999999,,,,,127.5999985,2.72000003,,,,,127.5999985,319.99999285E-3,,,,,127.5999985,4.83999968,
,,,127.8000031,2.3599999,,,,,127.8000031,2.72000003,,,,,127.8000031,359.99998450E-3,,,,,127.8000031,4.92000008,
,,,128.0000000,2.3999999,,,,,128.0000000,2.72000003,,,,,128.0000000,359.99998450E-3,,,,,128.0000000,4.88000011,
,,,128.1999969,2.3999999,,,,,128.1999969,2.72000003,,,,,128.1999969,359.99998450E-3,,,,,128.1999969,4.83999968,
,,,128.4000092,2.3999999,,,,,128.4000092,2.72000003,,,,,128.4000092,319.99999285E-3,,,,,128.4000092,4.88000011,
,,,128.6000061,2.3599999,,,,,128.6000061,2.6799998,,,,,128.6000061,319.99999285E-3,,,,,128.6000061,4.88000011,
,,,128.8000031,2.3599999,,,,,128.8000031,2.72000003,,,,,128.8000031,319.99999285E-3,,,,,128.8000031,4.88000011,
,,,129.0000000,2.3999999,,,,,129.0000000,2.72000003,,,,,129.0000000,359.99998450E-3,,,,,129.0000000,4.83999968,
,,,129.1999969,2.3999999,,,,,129.1999969,2.6799998,,,,,129.1999969,359.99998450E-3,,,,,129.1999969,4.88000011,
,,,129.4000092,2.3999999,,,,,129.4000092,2.6799998,,,,,129.4000092,359.99998450E-3,,,,,129.4000092,4.88000011,
,,,129.6000061,2.3599999,,,,,129.6000061,2.72000003,,,,,129.6000061,359.99998450E-3,,,,,129.6000061,4.88000011,
,,,129.8000031,2.3999999,,,,,129.8000031,2.6799998,,,,,129.8000031,359.99998450E-3,,,,,129.8000031,4.88000011,
,,,130.0000000,2.3599999,,,,,130.0000000,2.72000003,,,,,130.0000000,359.99998450E-3,,,,,130.0000000,4.88000011,
,,,130.1999969,2.3999999,,,,,130.1999969,2.6799998,,,,,130.1999969,359.99998450E-3,,,,,130.1999969,4.88000011,
,,,130.4000092,2.3999999,,,,,130.4000092,2.72000003,,,,,130.4000092,359.99998450E-3,,,,,130.4000092,4.83999968,
,,,130.6000061,2.3599999,,,,,130.6000061,2.72000003,,,,,130.6000061,359.99998450E-3,,,,,130.6000061,4.88000011,
,,,130.8000031,2.3999999,,,,,130.8000031,2.6799998,,,,,130.8000031,359.99998450E-3,,,,,130.8000031,4.88000011,
,,,131.0000000,2.3999999,,,,,131.0000000,2.72000003,,,,,131.0000000,319.99999285E-3,,,,,131.0000000,4.88000011,
,,,131.1999969,2.3999999,,,,,131.1999969,2.72000003,,,,,131.1999969,319.99999285E-3,,,,,131.1999969,4.88000011,
,,,131.4000092,2.3599999,,,,,131.4000092,2.6799998,,,,,131.4000092,359.99998450E-3,,,,,131.4000092,4.83999968,
,,,131.6000061,2.3599999,,,,,131.6000061,2.6799998,,,,,131.6000061,359.99998450E-3,,,,,131.6000061,4.88000011,
,,,131.8000031,2.3999999,,,,,131.8000031,2.72000003,,,,,131.8000031,359.99998450E-3,,,,,131.8000031,4.88000011,
,,,132.0000000,2.3599999,,,,,132.0000000,2.6799998,,,,,132.0000000,359.99998450E-3,,,,,132.0000000,4.88000011,
,,,132.1999969,2.3999999,,,,,132.1999969,2.72000003,,,,,132.1999969,359.99998450E-3,,,,,132.1999969,4.88000011,
,,,132.4000092,2.3599999,,,,,132.4000092,2.72000003,,,,,132.4000092,319.99999285E-3,,,,,132.4000092,4.88000011,
,,,132.6000061,2.3999999,,,,,132.6000061,2.72000003,,,,,132.6000061,359.99998450E-3,,,,,132.6000061,4.83999968,
,,,132.8000031,2.3999999,,,,,132.8000031,2.72000003,,,,,132.8000031,359.99998450E-3,,,,,132.8000031,4.88000011,
,,,133.0000000,2.3999999,,,,,133.0000000,2.72000003,,,,,133.0000000,359.99998450E-3,,,,,133.0000000,4.88000011,
,,,133.1999969,2.3999999,,,,,133.1999969,2.72000003,,,,,133.1999969,359.99998450E-3,,,,,133.1999969,4.88000011,
,,,133.4000092,2.3599999,,,,,133.4000092,2.75999999,,,,,133.4000092,359.99998450E-3,,,,,133.4000092,4.88000011,
,,,133.6000061,2.3599999,,,,,133.6000061,2.75999999,,,,,133.6000061,359.99998450E-3,,,,,133.6000061,4.88000011,
,,,133.8000031,2.3999999,,,,,133.8000031,2.72000003,,,,,133.8000031,359.99998450E-3,,,,,133.8000031,4.88000011,
,,,134.0000000,2.3599999,,,,,134.0000000,2.72000003,,,,,134.0000000,359.99998450E-3,,,,,134.0000000,4.88000011,
,,,134.1999969,2.3599999,,,,,134.1999969,2.72000003,,,,,134.1999969,359.99998450E-3,,,,,134.1999969,4.88000011,
,,,134.4000092,2.3999999,,,,,134.4000092,2.72000003,,,,,134.4000092,359.99998450E-3,,,,,134.4000092,4.88000011,
,,,134.6000061,2.3599999,,,,,134.6000061,2.72000003,,,,,134.6000061,359.99998450E-3,,,,,134.6000061,4.88000011,
,,,134.8000031,2.3999999,,,,,134.8000031,2.72000003,,,,,134.8000031,359.99998450E-3,,,,,134.8000031,4.88000011,
,,,135.0000000,2.3599999,,,,,135.0000000,2.72000003,,,,,135.0000000,359.99998450E-3,,,,,135.0000000,4.88000011,
,,,135.1999969,2.3999999,,,,,135.1999969,2.72000003,,,,,135.1999969,319.99999285E-3,,,,,135.1999969,4.88000011,
,,,135.4000092,2.3999999,,,,,135.4000092,2.6799998,,,,,135.4000092,359.99998450E-3,,,,,135.4000092,4.83999968,
,,,135.6000061,2.3599999,,,,,135.6000061,2.72000003,,,,,135.6000061,359.99998450E-3,,,,,135.6000061,4.88000011,
,,,135.8000031,2.3599999,,,,,135.8000031,2.72000003,,,,,135.8000031,359.99998450E-3,,,,,135.8000031,4.88000011,
,,,136.0000000,2.3999999,,,,,136.0000000,2.72000003,,,,,136.0000000,359.99998450E-3,,,,,136.0000000,4.88000011,
,,,136.1999969,2.3999999,,,,,136.1999969,2.6799998,,,,,136.1999969,359.99998450E-3,,,,,136.1999969,4.88000011,
,,,136.4000092,2.3599999,,,,,136.4000092,2.6799998,,,,,136.4000092,359.99998450E-3,,,,,136.4000092,4.88000011,
,,,136.6000061,2.3999999,,,,,136.6000061,2.75999999,,,,,136.6000061,359.99998450E-3,,,,,136.6000061,4.88000011,
,,,136.8000031,2.3999999,,,,,136.8000031,2.6799998,,,,,136.8000031,359.99998450E-3,,,,,136.8000031,4.88000011,
,,,137.0000000,2.3999999,,,,,137.0000000,2.72000003,,,,,137.0000000,359.99998450E-3,,,,,137.0000000,4.83999968,
,,,137.1999969,2.3999999,,,,,137.1999969,2.6799998,,,,,137.1999969,359.99998450E-3,,,,,137.1999969,4.83999968,
,,,137.4000092,2.3999999,,,,,137.4000092,2.72000003,,,,,137.4000092,359.99998450E-3,,,,,137.4000092,4.88000011,
,,,137.6000061,2.3599999,,,,,137.6000061,2.72000003,,,,,137.6000061,359.99998450E-3,,,,,137.6000061,4.88000011,
,,,137.8000031,2.3599999,,,,,137.8000031,2.6799998,,,,,137.8000031,359.99998450E-3,,,,,137.8000031,4.88000011,
,,,138.0000000,2.3999999,,,,,138.0000000,2.72000003,,,,,138.0000000,359.99998450E-3,,,,,138.0000000,4.88000011,
,,,138.1999969,2.3599999,,,,,138.1999969,2.72000003,,,,,138.1999969,359.99998450E-3,,,,,138.1999969,4.92000008,
,,,138.4000092,2.3999999,,,,,138.4000092,2.72000003,,,,,138.4000092,359.99998450E-3,,,,,138.4000092,4.92000008,
,,,138.6000061,2.3999999,,,,,138.6000061,2.72000003,,,,,138.6000061,319.99999285E-3,,,,,138.6000061,4.79999971,
,,,138.8000031,2.3599999,,,,,138.8000031,2.6799998,,,,,138.8000031,359.99998450E-3,,,,,138.8000031,4.88000011,
,,,139.0000000,2.3599999,,,,,139.0000000,2.75999999,,,,,139.0000000,359.99998450E-3,,,,,139.0000000,4.88000011,
,,,139.1999969,2.3599999,,,,,139.1999969,2.72000003,,,,,139.1999969,359.99998450E-3,,,,,139.1999969,4.88000011,
,,,139.4000092,2.3999999,,,,,139.4000092,2.6799998,,,,,139.4000092,359.99998450E-3,,,,,139.4000092,4.88000011,
,,,139.6000061,2.3599999,,,,,139.6000061,2.72000003,,,,,139.6000061,359.99998450E-3,,,,,139.6000061,4.83999968,
,,,139.8000031,2.3999999,,,,,139.8000031,2.72000003,,,,,139.8000031,359.99998450E-3,,,,,139.8000031,4.88000011,
,,,140.0000000,2.3999999,,,,,140.0000000,2.72000003,,,,,140.0000000,359.99998450E-3,,,,,140.0000000,4.88000011,
,,,140.1999969,2.3999999,,,,,140.1999969,2.6799998,,,,,140.1999969,359.99998450E-3,,,,,140.1999969,4.88000011,
,,,140.4000092,2.3999999,,,,,140.4000092,2.6799998,,,,,140.4000092,359.99998450E-3,,,,,140.4000092,4.88000011,
,,,140.6000061,2.3999999,,,,,140.6000061,2.72000003,,,,,140.6000061,359.99998450E-3,,,,,140.6000061,4.88000011,
,,,140.8000031,2.3999999,,,,,140.8000031,2.72000003,,,,,140.8000031,359.99998450E-3,,,,,140.8000031,4.88000011,
,,,141.0000000,2.3999999,,,,,141.0000000,2.72000003,,,,,141.0000000,359.99998450E-3,,,,,141.0000000,4.88000011,
,,,141.1999969,2.3999999,,,,,141.1999969,2.72000003,,,,,141.1999969,359.99998450E-3,,,,,141.1999969,4.88000011,
,,,141.4000092,2.3999999,,,,,141.4000092,2.72000003,,,,,141.4000092,359.99998450E-3,,,,,141.4000092,4.83999968,
,,,141.6000061,2.3999999,,,,,141.6000061,2.6799998,,,,,141.6000061,359.99998450E-3,,,,,141.6000061,4.88000011,
,,,141.8000031,2.3999999,,,,,141.8000031,2.72000003,,,,,141.8000031,359.99998450E-3,,,,,141.8000031,4.83999968,
,,,142.0000000,2.3999999,,,,,142.0000000,2.6799998,,,,,142.0000000,319.99999285E-3,,,,,142.0000000,4.88000011,
,,,142.1999969,2.3599999,,,,,142.1999969,2.6799998,,,,,142.1999969,359.99998450E-3,,,,,142.1999969,4.88000011,
,,,142.4000092,2.3999999,,,,,142.4000092,2.6799998,,,,,142.4000092,479.999989271E-3,,,,,142.4000092,4.88000011,
,,,142.6000061,2.3599999,,,,,142.6000061,2.6799998,,,,,142.6000061,519.999980927E-3,,,,,142.6000061,4.83999968,
,,,142.8000031,2.3999999,,,,,142.8000031,2.72000003,,,,,142.8000031,560.000002384E-3,,,,,142.8000031,4.88000011,
,,,143.0000000,2.3999999,,,,,143.0000000,2.72000003,,,,,143.0000000,599.999964237E-3,,,,,143.0000000,4.92000008,
,,,143.1999969,2.3999999,,,,,143.1999969,2.6799998,,,,,143.1999969,560.000002384E-3,,,,,143.1999969,4.88000011,
,,,143.4000092,2.3599999,,,,,143.4000092,2.72000003,,,,,143.4000092,599.999964237E-3,,,,,143.4000092,4.88000011,
,,,143.6000061,2.3999999,,,,,143.6000061,2.6799998,,,,,143.6000061,599.999964237E-3,,,,,143.6000061,4.88000011,
,,,143.8000031,2.3999999,,,,,143.8000031,2.6799998,,,,,143.8000031,599.999964237E-3,,,,,143.8000031,4.88000011,
,,,144.0000000,2.3999999,,,,,144.0000000,2.72000003,,,,,144.0000000,799.999952316E-3,,,,,144.0000000,4.83999968,
,,,144.1999969,2.3999999,,,,,144.1999969,2.6799998,,,,,144.1999969,839.999973774E-3,,,,,144.1999969,4.88000011,
,,,144.4000092,2.3999999,,,,,144.4000092,2.6799998,,,,,144.4000092,839.999973774E-3,,,,,144.4000092,4.88000011,
,,,144.6000061,2.3999999,,,,,144.6000061,2.72000003,,,,,144.6000061,839.999973774E-3,,,,,144.6000061,4.88000011,
,,,144.8000031,2.3599999,,,,,144.8000031,2.6799998,,,,,144.8000031,799.999952316E-3,,,,,144.8000031,4.88000011,
,,,145.0000000,2.3999999,,,,,145.0000000,2.6799998,,,,,145.0000000,879.999995232E-3,,,,,145.0000000,4.88000011,
,,,145.1999969,2.3599999,,,,,145.1999969,2.72000003,,,,,145.1999969,879.999995232E-3,,,,,145.1999969,4.92000008,
,,,145.4000092,2.3999999,,,,,145.4000092,2.75999999,,,,,145.4000092,1.000000,,,,,145.4000092,4.88000011,
,,,145.6000061,2.3999999,,,,,145.6000061,2.6799998,,,,,145.6000061,1.0799999,,,,,145.6000061,4.83999968,
,,,145.8000031,2.3999999,,,,,145.8000031,2.6799998,,,,,145.8000031,1.0799999,,,,,145.8000031,4.83999968,
,,,146.0000000,2.3999999,,,,,146.0000000,2.6799998,,,,,146.0000000,1.0799999,,,,,146.0000000,4.83999968,
,,,146.1999969,2.3999999,,,,,146.1999969,2.75999999,,,,,146.1999969,1.0799999,,,,,146.1999969,4.88000011,
,,,146.4000092,2.3999999,,,,,146.4000092,2.6799998,,,,,146.4000092,1.0799999,,,,,146.4000092,4.88000011,
,,,146.6000061,2.3599999,,,,,146.6000061,2.6799998,,,,,146.6000061,1.0799999,,,,,146.6000061,4.88000011,
,,,146.8000031,2.3599999,,,,,146.8000031,2.6799998,,,,,146.8000031,1.1200000,,,,,146.8000031,4.75999975,
,,,147.0000000,2.3599999,,,,,147.0000000,2.72000003,,,,,147.0000000,1.3199999,,,,,147.0000000,4.88000011,
,,,147.1999969,2.3999999,,,,,147.1999969,2.72000003,,,,,147.1999969,1.3199999,,,,,147.1999969,4.88000011,
,,,147.4000092,2.3999999,,,,,147.4000092,2.6799998,,,,,147.4000092,1.3199999,,,,,147.4000092,4.88000011,
,,,147.6000061,2.3999999,,,,,147.6000061,2.72000003,,,,,147.6000061,1.3600000,,,,,147.6000061,4.92000008,
,,,147.8000031,2.3999999,,,,,147.8000031,2.6799998,,,,,147.8000031,1.3199999,,,,,147.8000031,4.88000011,
,,,148.0000000,2.3599999,,,,,148.0000000,2.6799998,,,,,148.0000000,1.3199999,,,,,148.0000000,4.83999968,
,,,148.1999969,2.3999999,,,,,148.1999969,2.72000003,,,,,148.1999969,1.3199999,,,,,148.1999969,4.88000011,
,,,148.4000092,2.3999999,,,,,148.4000092,2.72000003,,,,,148.4000092,1.5200000,,,,,148.4000092,4.88000011,
,,,148.60000610,2.3999999,,,,,148.60000610,2.6799998,,,,,148.60000610,1.5599999,,,,,148.60000610,4.88000011,
,,,148.80000305,2.3999999,,,,,148.80000305,2.6399999,,,,,148.80000305,1.5999999,,,,,148.80000305,4.88000011,
,,,149.00000000,2.3999999,,,,,149.00000000,2.72000003,,,,,149.00000000,1.5999999,,,,,149.00000000,4.92000008,
,,,149.19999695,2.3999999,,,,,149.19999695,2.72000003,,,,,149.19999695,1.5999999,,,,,149.19999695,4.88000011,
,,,149.40000916,2.3999999,,,,,149.40000916,2.6799998,,,,,149.40000916,1.5999999,,,,,149.40000916,4.88000011,
,,,149.60000610,2.3999999,,,,,149.60000610,2.6799998,,,,,149.60000610,1.5999999,,,,,149.60000610,4.88000011,
,,,149.80000305,2.3599999,,,,,149.80000305,2.6799998,,,,,149.80000305,1.6799999,,,,,149.80000305,4.88000011,
,,,150.00000000,2.3999999,,,,,150.00000000,2.72000003,,,,,150.00000000,1.8000000,,,,,150.00000000,4.83999968,
,,,150.19999695,2.3999999,,,,,150.19999695,2.6799998,,,,,150.19999695,1.8000000,,,,,150.19999695,4.88000011,
,,,150.40000916,2.3999999,,,,,150.40000916,2.72000003,,,,,150.40000916,1.8399999,,,,,150.40000916,4.88000011,
,,,150.60000610,2.3599999,,,,,150.60000610,2.6799998,,,,,150.60000610,1.8399999,,,,,150.60000610,4.88000011,
,,,150.80000305,2.3999999,,,,,150.80000305,2.72000003,,,,,150.80000305,1.8399999,,,,,150.80000305,4.88000011,
,,,151.00000000,2.3999999,,,,,151.00000000,2.6799998,,,,,151.00000000,1.8399999,,,,,151.00000000,4.88000011,
,,,151.19999695,2.3999999,,,,,151.19999695,2.6399999,,,,,151.19999695,1.8399999,,,,,151.19999695,4.88000011,
,,,151.40000916,2.3999999,,,,,151.40000916,2.72000003,,,,,151.40000916,2.0000000,,,,,151.40000916,4.88000011,
,,,151.60000610,2.3999999,,,,,151.60000610,2.6799998,,,,,151.60000610,2.0799999,,,,,151.60000610,4.88000011,
,,,151.80000305,2.3999999,,,,,151.80000305,2.6799998,,,,,151.80000305,2.0799999,,,,,151.80000305,4.88000011,
,,,152.00000000,2.3999999,,,,,152.00000000,2.72000003,,,,,152.00000000,2.0799999,,,,,152.00000000,4.83999968,
,,,152.19999695,2.3599999,,,,,152.19999695,2.6799998,,,,,152.19999695,2.0799999,,,,,152.19999695,4.88000011,
,,,152.40000916,2.3999999,,,,,152.40000916,2.5999999,,,,,152.40000916,2.0400000,,,,,152.40000916,4.88000011,
,,,152.60000610,2.3999999,,,,,152.60000610,2.6799998,,,,,152.60000610,2.0799999,,,,,152.60000610,4.83999968,
,,,152.80000305,2.3599999,,,,,152.80000305,2.6799998,,,,,152.80000305,2.2000000,,,,,152.80000305,4.88000011,
,,,153.00000000,2.3999999,,,,,153.00000000,2.6799998,,,,,153.00000000,2.2800000,,,,,153.00000000,4.67999983,
,,,153.19999695,2.3999999,,,,,153.19999695,2.72000003,,,,,153.19999695,2.3199999,,,,,153.19999695,4.51999998,
,,,153.40000916,2.3999999,,,,,153.40000916,2.6799998,,,,,153.40000916,2.3199999,,,,,153.40000916,4.55999994,
,,,153.60000610,2.3599999,,,,,153.60000610,2.6799998,,,,,153.60000610,2.3199999,,,,,153.60000610,4.51999998,
,,,153.80000305,2.3999999,,,,,153.80000305,2.6799998,,,,,153.80000305,2.3199999,,,,,153.80000305,4.51999998,
,,,154.00000000,2.3999999,,,,,154.00000000,2.72000003,,,,,154.00000000,2.3199999,,,,,154.00000000,4.51999998,
,,,154.19999695,2.3999999,,,,,154.19999695,2.72000003,,,,,154.19999695,2.3199999,,,,,154.19999695,4.51999998,
,,,154.40000916,2.3999999,,,,,154.40000916,2.6799998,,,,,154.40000916,2.5200000,,,,,154.40000916,3.51999998,
,,,154.60000610,2.3999999,,,,,154.60000610,2.6799998,,,,,154.60000610,2.5599999,,,,,154.60000610,3.31999993,
,,,154.80000305,2.3999999,,,,,154.80000305,2.6799998,,,,,154.80000305,2.5999999,,,,,154.80000305,3.31999993,
,,,155.00000000,2.3999999,,,,,155.00000000,2.72000003,,,,,155.00000000,2.5599999,,,,,155.00000000,3.27999997,
,,,155.19999695,2.3999999,,,,,155.19999695,2.6799998,,,,,155.19999695,2.5599999,,,,,155.19999695,3.27999997,
,,,155.40000916,2.3999999,,,,,155.40000916,2.6799998,,,,,155.40000916,2.5999999,,,,,155.40000916,3.27999997,
,,,155.60000610,2.3999999,,,,,155.60000610,2.6799998,,,,,155.60000610,2.5599999,,,,,155.60000610,3.31999993,
,,,155.80000305,2.3999999,,,,,155.80000305,2.6799998,,,,,155.80000305,2.5599999,,,,,155.80000305,3.27999997,
,,,156.00000000,2.3599999,,,,,156.00000000,2.6799998,,,,,156.00000000,2.5599999,,,,,156.00000000,3.27999997,
,,,156.19999695,2.3999999,,,,,156.19999695,2.6799998,,,,,156.19999695,2.5599999,,,,,156.19999695,3.27999997,
,,,156.40000916,2.3999999,,,,,156.40000916,2.6799998,,,,,156.40000916,2.5599999,,,,,156.40000916,3.24000001,
,,,156.60000610,2.4400001,,,,,156.60000610,2.6799998,,,,,156.60000610,2.5599999,,,,,156.60000610,3.27999997,
,,,156.80000305,2.3999999,,,,,156.80000305,2.6799998,,,,,156.80000305,2.5599999,,,,,156.80000305,3.31999993,
,,,157.00000000,2.3999999,,,,,157.00000000,2.72000003,,,,,157.00000000,2.5599999,,,,,157.00000000,3.27999997,
,,,157.19999695,2.3999999,,,,,157.19999695,2.72000003,,,,,157.19999695,2.5599999,,,,,157.19999695,3.27999997,
,,,157.40000916,2.4400001,,,,,157.40000916,2.6799998,,,,,157.40000916,2.5599999,,,,,157.40000916,3.27999997,
,,,157.60000610,2.3999999,,,,,157.60000610,2.6799998,,,,,157.60000610,2.5599999,,,,,157.60000610,3.31999993,
,,,157.80000305,2.3999999,,,,,157.80000305,2.6799998,,,,,157.80000305,2.5599999,,,,,157.80000305,3.31999993,
,,,158.00000000,2.3999999,,,,,158.00000000,2.6799998,,,,,158.00000000,2.5599999,,,,,158.00000000,3.31999993,
,,,158.19999695,2.3999999,,,,,158.19999695,2.6799998,,,,,158.19999695,2.5999999,,,,,158.19999695,3.31999993,
,,,158.40000916,2.3999999,,,,,158.40000916,2.6799998,,,,,158.40000916,2.5999999,,,,,158.40000916,3.31999993,
,,,158.60000610,2.3999999,,,,,158.60000610,2.72000003,,,,,158.60000610,2.5599999,,,,,158.60000610,3.31999993,
,,,158.80000305,2.3999999,,,,,158.80000305,2.6799998,,,,,158.80000305,2.5599999,,,,,158.80000305,3.31999993,
,,,159.00000000,2.3999999,,,,,159.00000000,2.6799998,,,,,159.00000000,2.5599999,,,,,159.00000000,3.31999993,
,,,159.19999695,2.3999999,,,,,159.19999695,2.6799998,,,,,159.19999695,2.5599999,,,,,159.19999695,3.31999993,
,,,159.40000916,2.3999999,,,,,159.40000916,2.6799998,,,,,159.40000916,2.5599999,,,,,159.40000916,3.31999993,
,,,159.60000610,2.3999999,,,,,159.60000610,2.6799998,,,,,159.60000610,2.5599999,,,,,159.60000610,3.31999993,
,,,159.80000305,2.3999999,,,,,159.80000305,2.6799998,,,,,159.80000305,2.5999999,,,,,159.80000305,3.31999993,
,,,160.00000000,2.3999999,,,,,160.00000000,2.6399999,,,,,160.00000000,2.5599999,,,,,160.00000000,3.31999993,
,,,160.19999695,2.3999999,,,,,160.19999695,2.6799998,,,,,160.19999695,2.5599999,,,,,160.19999695,3.31999993,
,,,160.40000916,2.3999999,,,,,160.40000916,2.6799998,,,,,160.40000916,2.5599999,,,,,160.40000916,3.31999993,
,,,160.60000610,2.3999999,,,,,160.60000610,2.6799998,,,,,160.60000610,2.5599999,,,,,160.60000610,3.31999993,
,,,160.80000305,2.3999999,,,,,160.80000305,2.72000003,,,,,160.80000305,2.5599999,,,,,160.80000305,3.27999997,
,,,161.00000000,2.3999999,,,,,161.00000000,2.6799998,,,,,161.00000000,2.5599999,,,,,161.00000000,3.31999993,
,,,161.19999695,2.3999999,,,,,161.19999695,2.6799998,,,,,161.19999695,2.5599999,,,,,161.19999695,3.31999993,
,,,161.40000916,2.3999999,,,,,161.40000916,2.6799998,,,,,161.40000916,2.5999999,,,,,161.40000916,3.35999990,
,,,161.60000610,2.3999999,,,,,161.60000610,2.6799998,,,,,161.60000610,2.5599999,,,,,161.60000610,3.31999993,
,,,161.80000305,2.3999999,,,,,161.80000305,2.75999999,,,,,161.80000305,2.5999999,,,,,161.80000305,3.31999993,
,,,162.00000000,2.3999999,,,,,162.00000000,2.6799998,,,,,162.00000000,2.5200000,,,,,162.00000000,3.35999990,
,,,162.19999695,2.3999999,,,,,162.19999695,2.75999999,,,,,162.19999695,2.5999999,,,,,162.19999695,3.35999990,
,,,162.40000916,2.3999999,,,,,162.40000916,2.72000003,,,,,162.40000916,2.5599999,,,,,162.40000916,3.31999993,
,,,162.60000610,2.3999999,,,,,162.60000610,2.6799998,,,,,162.60000610,2.5599999,,,,,162.60000610,3.35999990,
,,,162.80000305,2.3999999,,,,,162.80000305,2.72000003,,,,,162.80000305,2.5599999,,,,,162.80000305,3.35999990,
,,,163.00000000,2.3999999,,,,,163.00000000,2.6799998,,,,,163.00000000,2.5599999,,,,,163.00000000,3.35999990,
,,,163.19999695,2.3999999,,,,,163.19999695,2.6799998,,,,,163.19999695,2.5599999,,,,,163.19999695,3.31999993,
,,,163.40000916,2.3999999,,,,,163.40000916,2.72000003,,,,,163.40000916,2.5599999,,,,,163.40000916,3.31999993,
,,,163.60000610,2.3999999,,,,,163.60000610,2.6799998,,,,,163.60000610,2.5599999,,,,,163.60000610,3.35999990,
,,,163.80000305,2.3999999,,,,,163.80000305,2.6799998,,,,,163.80000305,2.5599999,,,,,163.80000305,3.35999990,
,,,164.00000000,2.3999999,,,,,164.00000000,2.72000003,,,,,164.00000000,2.5599999,,,,,164.00000000,3.31999993,
,,,164.19999695,2.3999999,,,,,164.19999695,2.72000003,,,,,164.19999695,2.5599999,,,,,164.19999695,3.35999990,
,,,164.40000916,2.3999999,,,,,164.40000916,2.6799998,,,,,164.40000916,2.5999999,,,,,164.40000916,3.31999993,
,,,164.60000610,2.3999999,,,,,164.60000610,2.72000003,,,,,164.60000610,2.5200000,,,,,164.60000610,3.31999993,
,,,164.80000305,2.3999999,,,,,164.80000305,2.72000003,,,,,164.80000305,2.5599999,,,,,164.80000305,3.31999993,
,,,165.00000000,2.3999999,,,,,165.00000000,2.72000003,,,,,165.00000000,2.5599999,,,,,165.00000000,3.31999993,
,,,165.19999695,2.3999999,,,,,165.19999695,2.72000003,,,,,165.19999695,2.5999999,,,,,165.19999695,3.35999990,
,,,165.40000916,2.3999999,,,,,165.40000916,2.75999999,,,,,165.40000916,2.5999999,,,,,165.40000916,3.43999982,
,,,165.60000610,2.3999999,,,,,165.60000610,2.6799998,,,,,165.60000610,2.5599999,,,,,165.60000610,3.35999990,
,,,165.80000305,2.3999999,,,,,165.80000305,2.6799998,,,,,165.80000305,2.5599999,,,,,165.80000305,3.31999993,
,,,166.00000000,2.3999999,,,,,166.00000000,2.72000003,,,,,166.00000000,2.5599999,,,,,166.00000000,3.35999990,
,,,166.19999695,2.3999999,,,,,166.19999695,2.6799998,,,,,166.19999695,2.5599999,,,,,166.19999695,3.35999990,
,,,166.40000916,2.3999999,,,,,166.40000916,2.72000003,,,,,166.40000916,2.5599999,,,,,166.40000916,3.31999993,
,,,166.60000610,2.3999999,,,,,166.60000610,2.6799998,,,,,166.60000610,2.5599999,,,,,166.60000610,3.27999997,
,,,166.80000305,2.3999999,,,,,166.80000305,2.6799998,,,,,166.80000305,2.5599999,,,,,166.80000305,3.35999990,
,,,167.00000000,2.3999999,,,,,167.00000000,2.72000003,,,,,167.00000000,2.5999999,,,,,167.00000000,3.35999990,
,,,167.19999695,2.3999999,,,,,167.19999695,2.6799998,,,,,167.19999695,2.5599999,,,,,167.19999695,3.35999990,
,,,167.40000916,2.3999999,,,,,167.40000916,2.6799998,,,,,167.40000916,2.5200000,,,,,167.40000916,3.31999993,
,,,167.60000610,2.3999999,,,,,167.60000610,2.72000003,,,,,167.60000610,2.5599999,,,,,167.60000610,3.35999990,
,,,167.80000305,2.3999999,,,,,167.80000305,2.72000003,,,,,167.80000305,2.5599999,,,,,167.80000305,3.35999990,
,,,168.00000000,2.3999999,,,,,168.00000000,2.6799998,,,,,168.00000000,2.5599999,,,,,168.00000000,3.35999990,
,,,168.19999695,2.3999999,,,,,168.19999695,2.6799998,,,,,168.19999695,2.5599999,,,,,168.19999695,3.35999990,
,,,168.40000916,2.3999999,,,,,168.40000916,2.6799998,,,,,168.40000916,2.5599999,,,,,168.40000916,3.35999990,
,,,168.60000610,2.3999999,,,,,168.60000610,2.72000003,,,,,168.60000610,2.5999999,,,,,168.60000610,3.39999986,
,,,168.80000305,2.3999999,,,,,168.80000305,2.6799998,,,,,168.80000305,2.5599999,,,,,168.80000305,3.35999990,
,,,169.00000000,2.3999999,,,,,169.00000000,2.72000003,,,,,169.00000000,2.5599999,,,,,169.00000000,3.39999986,
,,,169.19999695,2.3999999,,,,,169.19999695,2.6799998,,,,,169.19999695,2.5599999,,,,,169.19999695,3.39999986,
,,,169.40000916,2.3999999,,,,,169.40000916,2.6799998,,,,,169.40000916,2.5999999,,,,,169.40000916,3.39999986,
,,,169.60000610,2.3999999,,,,,169.60000610,2.72000003,,,,,169.60000610,2.5599999,,,,,169.60000610,3.35999990,
,,,169.80000305,2.3999999,,,,,169.80000305,2.6799998,,,,,169.80000305,2.5200000,,,,,169.80000305,3.27999997,
,,,170.00000000,2.3999999,,,,,170.00000000,2.72000003,,,,,170.00000000,2.5599999,,,,,170.00000000,3.35999990,
,,,170.19999695,2.3999999,,,,,170.19999695,2.72000003,,,,,170.19999695,2.5599999,,,,,170.19999695,3.39999986,
,,,170.40000916,2.3999999,,,,,170.40000916,2.72000003,,,,,170.40000916,2.5599999,,,,,170.40000916,3.35999990,
,,,170.60000610,2.3999999,,,,,170.60000610,2.6799998,,,,,170.60000610,2.5599999,,,,,170.60000610,3.35999990,
,,,170.80000305,2.3999999,,,,,170.80000305,2.72000003,,,,,170.80000305,2.5599999,,,,,170.80000305,3.35999990,
,,,171.00000000,2.3999999,,,,,171.00000000,2.72000003,,,,,171.00000000,2.5599999,,,,,171.00000000,3.39999986,
,,,171.19999695,2.3999999,,,,,171.19999695,2.6799998,,,,,171.19999695,2.5599999,,,,,171.19999695,3.35999990,
,,,171.40000916,2.3999999,,,,,171.40000916,2.6799998,,,,,171.40000916,2.5599999,,,,,171.40000916,3.35999990,
,,,171.60000610,2.3999999,,,,,171.60000610,2.72000003,,,,,171.60000610,2.5599999,,,,,171.60000610,3.35999990,
,,,171.80000305,2.3999999,,,,,171.80000305,2.6799998,,,,,171.80000305,2.5599999,,,,,171.80000305,3.35999990,
,,,172.00000000,2.3999999,,,,,172.00000000,2.72000003,,,,,172.00000000,2.5200000,,,,,172.00000000,3.35999990,
,,,172.19999695,2.3999999,,,,,172.19999695,2.72000003,,,,,172.19999695,2.5599999,,,,,172.19999695,3.39999986,
,,,172.40000916,2.3999999,,,,,172.40000916,2.6799998,,,,,172.40000916,2.5599999,,,,,172.40000916,3.35999990,
,,,172.60000610,2.3999999,,,,,172.60000610,2.6799998,,,,,172.60000610,2.5599999,,,,,172.60000610,3.39999986,
,,,172.80000305,2.3999999,,,,,172.80000305,2.6799998,,,,,172.80000305,2.5599999,,,,,172.80000305,3.39999986,
,,,173.00000000,2.3999999,,,,,173.00000000,2.6799998,,,,,173.00000000,2.5599999,,,,,173.00000000,3.35999990,
,,,173.19999695,2.3999999,,,,,173.19999695,2.6799998,,,,,173.19999695,2.5599999,,,,,173.19999695,3.39999986,
,,,173.40000916,2.3999999,,,,,173.40000916,2.6799998,,,,,173.40000916,2.5599999,,,,,173.40000916,3.39999986,
,,,173.60000610,2.3999999,,,,,173.60000610,2.6799998,,,,,173.60000610,2.5599999,,,,,173.60000610,3.39999986,
,,,173.80000305,2.3999999,,,,,173.80000305,2.6799998,,,,,173.80000305,2.5599999,,,,,173.80000305,3.39999986,
,,,174.00000000,2.3999999,,,,,174.00000000,2.72000003,,,,,174.00000000,2.5599999,,,,,174.00000000,3.39999986,
,,,174.19999695,2.3999999,,,,,174.19999695,2.6799998,,,,,174.19999695,2.5599999,,,,,174.19999695,3.43999982,
,,,174.40000916,2.3999999,,,,,174.40000916,2.72000003,,,,,174.40000916,2.5599999,,,,,174.40000916,3.39999986,
,,,174.60000610,2.3999999,,,,,174.60000610,2.72000003,,,,,174.60000610,2.5200000,,,,,174.60000610,3.39999986,
,,,174.80000305,2.3999999,,,,,174.80000305,2.6799998,,,,,174.80000305,2.5599999,,,,,174.80000305,3.39999986,
,,,175.00000000,2.3999999,,,,,175.00000000,2.72000003,,,,,175.00000000,2.5599999,,,,,175.00000000,3.39999986,
,,,175.19999695,2.3599999,,,,,175.19999695,2.6799998,,,,,175.19999695,2.5599999,,,,,175.19999695,3.39999986,
,,,175.40000916,2.3999999,,,,,175.40000916,2.72000003,,,,,175.40000916,2.5599999,,,,,175.40000916,3.39999986,
,,,175.60000610,2.3999999,,,,,175.60000610,2.72000003,,,,,175.60000610,2.5599999,,,,,175.60000610,3.39999986,
,,,175.80000305,2.3999999,,,,,175.80000305,2.6799998,,,,,175.80000305,2.5599999,,,,,175.80000305,3.39999986,
,,,176.00000000,2.3999999,,,,,176.00000000,2.6799998,,,,,176.00000000,2.5599999,,,,,176.00000000,3.39999986,
,,,176.19999695,2.3999999,,,,,176.19999695,2.6799998,,,,,176.19999695,2.5200000,,,,,176.19999695,3.35999990,
,,,176.40000916,2.3999999,,,,,176.40000916,2.72000003,,,,,176.40000916,2.5599999,,,,,176.40000916,3.39999986,
,,,176.60000610,2.4400001,,,,,176.60000610,2.72000003,,,,,176.60000610,2.5599999,,,,,176.60000610,3.39999986,
,,,176.80000305,2.3999999,,,,,176.80000305,2.72000003,,,,,176.80000305,2.5599999,,,,,176.80000305,3.43999982,
,,,177.00000000,2.3999999,,,,,177.00000000,2.72000003,,,,,177.00000000,2.5599999,,,,,177.00000000,3.43999982,
,,,177.19999695,2.3999999,,,,,177.19999695,2.72000003,,,,,177.19999695,2.5200000,,,,,177.19999695,3.39999986,
,,,177.40000916,2.3999999,,,,,177.40000916,2.72000003,,,,,177.40000916,2.5599999,,,,,177.40000916,3.39999986,
,,,177.60000610,2.3999999,,,,,177.60000610,2.72000003,,,,,177.60000610,2.5599999,,,,,177.60000610,3.39999986,
,,,177.80000305,2.3999999,,,,,177.80000305,2.72000003,,,,,177.80000305,2.5599999,,,,,177.80000305,3.39999986,
,,,178.00000000,2.3999999,,,,,178.00000000,2.72000003,,,,,178.00000000,2.5599999,,,,,178.00000000,3.39999986,
,,,178.19999695,2.3999999,,,,,178.19999695,2.6799998,,,,,178.19999695,2.5599999,,,,,178.19999695,3.43999982,
,,,178.40000916,2.3999999,,,,,178.40000916,2.72000003,,,,,178.40000916,2.5599999,,,,,178.40000916,3.43999982,
,,,178.60000610,2.3999999,,,,,178.60000610,2.6399999,,,,,178.60000610,2.5599999,,,,,178.60000610,3.43999982,
,,,178.80000305,2.3999999,,,,,178.80000305,2.6799998,,,,,178.80000305,2.5599999,,,,,178.80000305,3.39999986,
,,,179.00000000,2.3999999,,,,,179.00000000,2.6799998,,,,,179.00000000,2.5599999,,,,,179.00000000,3.39999986,
,,,179.19999695,2.3999999,,,,,179.19999695,2.6799998,,,,,179.19999695,2.5200000,,,,,179.19999695,3.39999986,
,,,179.40000916,2.3999999,,,,,179.40000916,2.6399999,,,,,179.40000916,2.5599999,,,,,179.40000916,3.39999986,
,,,179.60000610,2.3999999,,,,,179.60000610,2.72000003,,,,,179.60000610,2.5200000,,,,,179.60000610,3.39999986,
,,,179.80000305,2.3999999,,,,,179.80000305,2.72000003,,,,,179.80000305,2.5599999,,,,,179.80000305,3.43999982,
,,,180.00000000,2.3599999,,,,,180.00000000,2.72000003,,,,,180.00000000,2.5200000,,,,,180.00000000,3.39999986,
,,,180.19999695,2.3999999,,,,,180.19999695,2.72000003,,,,,180.19999695,2.5599999,,,,,180.19999695,3.39999986,
,,,180.40000916,2.3599999,,,,,180.40000916,2.6799998,,,,,180.40000916,2.5200000,,,,,180.40000916,3.39999986,
,,,180.60000610,2.3999999,,,,,180.60000610,2.72000003,,,,,180.60000610,2.5599999,,,,,180.60000610,3.39999986,
,,,180.80000305,2.3999999,,,,,180.80000305,2.6799998,,,,,180.80000305,2.5599999,,,,,180.80000305,3.43999982,
,,,181.00000000,2.3999999,,,,,181.00000000,2.6799998,,,,,181.00000000,2.5200000,,,,,181.00000000,3.39999986,
,,,181.19999695,2.3999999,,,,,181.19999695,2.72000003,,,,,181.19999695,2.5200000,,,,,181.19999695,3.39999986,
,,,181.40000916,2.3999999,,,,,181.40000916,2.72000003,,,,,181.40000916,2.5599999,,,,,181.40000916,3.39999986,
,,,181.60000610,2.3999999,,,,,181.60000610,2.72000003,,,,,181.60000610,2.5200000,,,,,181.60000610,3.39999986,
,,,181.80000305,2.3999999,,,,,181.80000305,2.72000003,,,,,181.80000305,2.5599999,,,,,181.80000305,3.39999986,
,,,182.00000000,2.3999999,,,,,182.00000000,2.6799998,,,,,182.00000000,2.5200000,,,,,182.00000000,3.39999986,
,,,182.19999695,2.3999999,,,,,182.19999695,2.72000003,,,,,182.19999695,2.5599999,,,,,182.19999695,3.39999986,
,,,182.40000916,2.3999999,,,,,182.40000916,2.72000003,,,,,182.40000916,2.5200000,,,,,182.40000916,3.39999986,
,,,182.60000610,2.3999999,,,,,182.60000610,2.6799998,,,,,182.60000610,2.5599999,,,,,182.60000610,3.43999982,
,,,182.80000305,2.3999999,,,,,182.80000305,2.6799998,,,,,182.80000305,2.5599999,,,,,182.80000305,3.39999986,
,,,183.00000000,2.3599999,,,,,183.00000000,2.72000003,,,,,183.00000000,2.5200000,,,,,183.00000000,3.43999982,
,,,183.19999695,2.3999999,,,,,183.19999695,2.6799998,,,,,183.19999695,2.5599999,,,,,183.19999695,3.43999982,
,,,183.40000916,2.3999999,,,,,183.40000916,2.72000003,,,,,183.40000916,2.5599999,,,,,183.40000916,3.39999986,
,,,183.60000610,2.3999999,,,,,183.60000610,2.6799998,,,,,183.60000610,2.5200000,,,,,183.60000610,3.43999982,
,,,183.80000305,2.3999999,,,,,183.80000305,2.6399999,,,,,183.80000305,2.5200000,,,,,183.80000305,3.43999982,
,,,184.00000000,2.3999999,,,,,184.00000000,2.6799998,,,,,184.00000000,2.5599999,,,,,184.00000000,3.43999982,
,,,184.19999695,2.3999999,,,,,184.19999695,2.72000003,,,,,184.19999695,2.5599999,,,,,184.19999695,3.43999982,
,,,184.40000916,2.3999999,,,,,184.40000916,2.6399999,,,,,184.40000916,2.5200000,,,,,184.40000916,3.43999982,
,,,184.60000610,2.3999999,,,,,184.60000610,2.6799998,,,,,184.60000610,2.5599999,,,,,184.60000610,3.43999982,
,,,184.80000305,2.3999999,,,,,184.80000305,2.6799998,,,,,184.80000305,2.5200000,,,,,184.80000305,3.43999982,
,,,185.00000000,2.3999999,,,,,185.00000000,2.6799998,,,,,185.00000000,2.5599999,,,,,185.00000000,3.43999982,
,,,185.19999695,2.3999999,,,,,185.19999695,2.75999999,,,,,185.19999695,2.5599999,,,,,185.19999695,3.39999986,
,,,185.40000916,2.3999999,,,,,185.40000916,2.72000003,,,,,185.40000916,2.5599999,,,,,185.40000916,3.43999982,
,,,185.60000610,2.3999999,,,,,185.60000610,2.6799998,,,,,185.60000610,2.5599999,,,,,185.60000610,3.43999982,
,,,185.80000305,2.3999999,,,,,185.80000305,2.72000003,,,,,185.80000305,2.5599999,,,,,185.80000305,3.43999982,
,,,186.00000000,2.3999999,,,,,186.00000000,2.72000003,,,,,186.00000000,2.5599999,,,,,186.00000000,3.39999986,
,,,186.19999695,2.3999999,,,,,186.19999695,2.72000003,,,,,186.19999695,2.5200000,,,,,186.19999695,3.43999982,
,,,186.40000916,2.3999999,,,,,186.40000916,2.6799998,,,,,186.40000916,2.5599999,,,,,186.40000916,3.43999982,
,,,186.60000610,2.3999999,,,,,186.60000610,2.72000003,,,,,186.60000610,2.5599999,,,,,186.60000610,3.39999986,
,,,186.80000305,2.3599999,,,,,186.80000305,2.72000003,,,,,186.80000305,2.5599999,,,,,186.80000305,3.39999986,
,,,187.00000000,2.3999999,,,,,187.00000000,2.6799998,,,,,187.00000000,2.5200000,,,,,187.00000000,3.43999982,
,,,187.19999695,2.3999999,,,,,187.19999695,2.6799998,,,,,187.19999695,2.5599999,,,,,187.19999695,3.43999982,
,,,187.40000916,2.3999999,,,,,187.40000916,2.6799998,,,,,187.40000916,2.5599999,,,,,187.40000916,3.43999982,
,,,187.60000610,2.3999999,,,,,187.60000610,2.72000003,,,,,187.60000610,2.5599999,,,,,187.60000610,3.43999982,
,,,187.80000305,2.3999999,,,,,187.80000305,2.72000003,,,,,187.80000305,2.5200000,,,,,187.80000305,3.43999982,
,,,188.00000000,2.3599999,,,,,188.00000000,2.6399999,,,,,188.00000000,2.5599999,,,,,188.00000000,3.43999982,
,,,188.19999695,2.3999999,,,,,188.19999695,2.72000003,,,,,188.19999695,2.5200000,,,,,188.19999695,3.43999982,
,,,188.40000916,2.3999999,,,,,188.40000916,2.6799998,,,,,188.40000916,2.5200000,,,,,188.40000916,3.43999982,
,,,188.60000610,2.3999999,,,,,188.60000610,2.6799998,,,,,188.60000610,2.5599999,,,,,188.60000610,3.43999982,
,,,188.80000305,2.3999999,,,,,188.80000305,2.72000003,,,,,188.80000305,2.5599999,,,,,188.80000305,3.43999982,
,,,189.00000000,2.3999999,,,,,189.00000000,2.6799998,,,,,189.00000000,2.5599999,,,,,189.00000000,3.43999982,
,,,189.19999695,2.3999999,,,,,189.19999695,2.6399999,,,,,189.19999695,2.5599999,,,,,189.19999695,3.43999982,
,,,189.40000916,2.3999999,,,,,189.40000916,2.6799998,,,,,189.40000916,2.5599999,,,,,189.40000916,3.43999982,
,,,189.60000610,2.3999999,,,,,189.60000610,2.6799998,,,,,189.60000610,2.5200000,,,,,189.60000610,3.43999982,
,,,189.80000305,2.3999999,,,,,189.80000305,2.6799998,,,,,189.80000305,2.5599999,,,,,189.80000305,3.43999982,
,,,190.00000000,2.3999999,,,,,190.00000000,2.6799998,,,,,190.00000000,2.5599999,,,,,190.00000000,3.43999982,
,,,190.19999695,2.3999999,,,,,190.19999695,2.6799998,,,,,190.19999695,2.5599999,,,,,190.19999695,3.43999982,
,,,190.40000916,2.3999999,,,,,190.40000916,2.72000003,,,,,190.40000916,2.5200000,,,,,190.40000916,3.43999982,
,,,190.60000610,2.3999999,,,,,190.60000610,2.72000003,,,,,190.60000610,2.5599999,,,,,190.60000610,3.43999982,
,,,190.80000305,2.3999999,,,,,190.80000305,2.72000003,,,,,190.80000305,2.5599999,,,,,190.80000305,3.43999982,
,,,191.00000000,2.3999999,,,,,191.00000000,2.6799998,,,,,191.00000000,2.5599999,,,,,191.00000000,3.43999982,
,,,191.19999695,2.3999999,,,,,191.19999695,2.72000003,,,,,191.19999695,2.5599999,,,,,191.19999695,3.43999982,
,,,191.40000916,2.3999999,,,,,191.40000916,2.6799998,,,,,191.40000916,2.5599999,,,,,191.40000916,3.43999982,
,,,191.60000610,2.3999999,,,,,191.60000610,2.75999999,,,,,191.60000610,2.5599999,,,,,191.60000610,3.43999982,
,,,191.80000305,2.3999999,,,,,191.80000305,2.75999999,,,,,191.80000305,2.5599999,,,,,191.80000305,3.43999982,
,,,192.00000000,2.3999999,,,,,192.00000000,2.72000003,,,,,192.00000000,2.5200000,,,,,192.00000000,3.43999982,
,,,192.19999695,2.3599999,,,,,192.19999695,2.72000003,,,,,192.19999695,2.5599999,,,,,192.19999695,3.43999982,
,,,192.40000916,2.3999999,,,,,192.40000916,2.6799998,,,,,192.40000916,2.5200000,,,,,192.40000916,3.43999982,
,,,192.60000610,2.3999999,,,,,192.60000610,2.72000003,,,,,192.60000610,2.5599999,,,,,192.60000610,3.43999982,
,,,192.80000305,2.3999999,,,,,192.80000305,2.72000003,,,,,192.80000305,2.5200000,,,,,192.80000305,3.43999982,
,,,193.00000000,2.3999999,,,,,193.00000000,2.72000003,,,,,193.00000000,2.5200000,,,,,193.00000000,3.43999982,
,,,193.19999695,2.3999999,,,,,193.19999695,2.72000003,,,,,193.19999695,2.5599999,,,,,193.19999695,3.43999982,
,,,193.40000916,2.3999999,,,,,193.40000916,2.72000003,,,,,193.40000916,2.5200000,,,,,193.40000916,3.43999982,
,,,193.60000610,2.3999999,,,,,193.60000610,2.72000003,,,,,193.60000610,2.5200000,,,,,193.60000610,3.43999982,
,,,193.80000305,2.3999999,,,,,193.80000305,2.6799998,,,,,193.80000305,2.5200000,,,,,193.80000305,3.43999982,
,,,194.00000000,2.3999999,,,,,194.00000000,2.72000003,,,,,194.00000000,2.5599999,,,,,194.00000000,3.43999982,
,,,194.19999695,2.3999999,,,,,194.19999695,2.75999999,,,,,194.19999695,2.5599999,,,,,194.19999695,3.43999982,
,,,194.40000916,2.3999999,,,,,194.40000916,2.6799998,,,,,194.40000916,2.5599999,,,,,194.40000916,3.48000002,
,,,194.60000610,2.3999999,,,,,194.60000610,2.72000003,,,,,194.60000610,2.5200000,,,,,194.60000610,3.43999982,
,,,194.80000305,2.3999999,,,,,194.80000305,2.72000003,,,,,194.80000305,2.5599999,,,,,194.80000305,3.43999982,
,,,195.00000000,2.3999999,,,,,195.00000000,2.72000003,,,,,195.00000000,2.5599999,,,,,195.00000000,3.43999982,
,,,195.19999695,2.3999999,,,,,195.19999695,2.72000003,,,,,195.19999695,2.5200000,,,,,195.19999695,3.43999982,
,,,195.40000916,2.3999999,,,,,195.40000916,2.72000003,,,,,195.40000916,2.5200000,,,,,195.40000916,3.43999982,
,,,195.60000610,2.3999999,,,,,195.60000610,2.72000003,,,,,195.60000610,2.5200000,,,,,195.60000610,3.43999982,
,,,195.80000305,2.3999999,,,,,195.80000305,2.6799998,,,,,195.80000305,2.5599999,,,,,195.80000305,3.43999982,
,,,196.00000000,2.3999999,,,,,196.00000000,2.6799998,,,,,196.00000000,2.5200000,,,,,196.00000000,3.43999982,
,,,196.19999695,2.3999999,,,,,196.19999695,2.6799998,,,,,196.19999695,2.5599999,,,,,196.19999695,3.43999982,
,,,196.40000916,2.3999999,,,,,196.40000916,2.6799998,,,,,196.40000916,2.5200000,,,,,196.40000916,3.43999982,
,,,196.60000610,2.3999999,,,,,196.60000610,2.6799998,,,,,196.60000610,2.5200000,,,,,196.60000610,3.43999982,
,,,196.80000305,2.3999999,,,,,196.80000305,2.6799998,,,,,196.80000305,2.5200000,,,,,196.80000305,3.43999982,
,,,197.00000000,2.3999999,,,,,197.00000000,2.72000003,,,,,197.00000000,2.5599999,,,,,197.00000000,3.43999982,
,,,197.19999695,2.3999999,,,,,197.19999695,2.72000003,,,,,197.19999695,2.5599999,,,,,197.19999695,3.55999994,
,,,197.40000916,2.3999999,,,,,197.40000916,2.6799998,,,,,197.40000916,2.5599999,,,,,197.40000916,3.43999982,
,,,197.60000610,2.3999999,,,,,197.60000610,2.6799998,,,,,197.60000610,2.5599999,,,,,197.60000610,3.43999982,
,,,197.80000305,2.3999999,,,,,197.80000305,2.6799998,,,,,197.80000305,2.5599999,,,,,197.80000305,3.43999982,
,,,198.00000000,2.3999999,,,,,198.00000000,2.6799998,,,,,198.00000000,2.5599999,,,,,198.00000000,3.43999982,
,,,198.19999695,2.3999999,,,,,198.19999695,2.72000003,,,,,198.19999695,2.5599999,,,,,198.19999695,3.43999982,
,,,198.40000916,2.3999999,,,,,198.40000916,2.72000003,,,,,198.40000916,2.5200000,,,,,198.40000916,3.43999982,
,,,198.60000610,2.3999999,,,,,198.60000610,2.6799998,,,,,198.60000610,2.5599999,,,,,198.60000610,3.43999982,
,,,198.80000305,2.3999999,,,,,198.80000305,2.6799998,,,,,198.80000305,2.5599999,,,,,198.80000305,3.48000002,
,,,199.00000000,2.3999999,,,,,199.00000000,2.72000003,,,,,199.00000000,2.5200000,,,,,199.00000000,3.43999982,
,,,199.19999695,2.3999999,,,,,199.19999695,2.72000003,,,,,199.19999695,2.5200000,,,,,199.19999695,3.43999982,
,,,199.40000916,2.3999999,,,,,199.40000916,2.6799998,,,,,199.40000916,2.5200000,,,,,199.40000916,3.43999982,
,,,199.60000610,2.3999999,,,,,199.60000610,2.72000003,,,,,199.60000610,2.5599999,,,,,199.60000610,3.43999982,
,,,199.80000305,2.3999999,,,,,199.80000305,2.75999999,,,,,199.80000305,2.5200000,,,,,199.80000305,3.43999982,
,,,200.00000000,2.3999999,,,,,200.00000000,2.72000003,,,,,200.00000000,2.5599999,,,,,200.00000000,3.43999982,
,,,200.19999695,2.3999999,,,,,200.19999695,2.72000003,,,,,200.19999695,2.5200000,,,,,200.19999695,3.48000002,
,,,200.40000916,2.3999999,,,,,200.40000916,2.72000003,,,,,200.40000916,2.5599999,,,,,200.40000916,3.43999982,
,,,200.60000610,2.3999999,,,,,200.60000610,2.72000003,,,,,200.60000610,2.5200000,,,,,200.60000610,3.43999982,
,,,200.80000305,2.3999999,,,,,200.80000305,2.75999999,,,,,200.80000305,2.5599999,,,,,200.80000305,3.43999982,
,,,201.00000000,2.3999999,,,,,201.00000000,2.72000003,,,,,201.00000000,2.5200000,,,,,201.00000000,3.43999982,
,,,201.19999695,2.3999999,,,,,201.19999695,2.72000003,,,,,201.19999695,2.5599999,,,,,201.19999695,3.43999982,
,,,201.40000916,2.3999999,,,,,201.40000916,2.6799998,,,,,201.40000916,2.5599999,,,,,201.40000916,3.43999982,
,,,201.60000610,2.3999999,,,,,201.60000610,2.6799998,,,,,201.60000610,2.5599999,,,,,201.60000610,3.48000002,
,,,201.80000305,2.3999999,,,,,201.80000305,2.72000003,,,,,201.80000305,2.5200000,,,,,201.80000305,3.43999982,
,,,202.00000000,2.3999999,,,,,202.00000000,2.6799998,,,,,202.00000000,2.5200000,,,,,202.00000000,3.43999982,
,,,202.19999695,2.3999999,,,,,202.19999695,2.75999999,,,,,202.19999695,2.5200000,,,,,202.19999695,3.48000002,
,,,202.40000916,2.3999999,,,,,202.40000916,2.72000003,,,,,202.40000916,2.5599999,,,,,202.40000916,3.43999982,
,,,202.60000610,2.3999999,,,,,202.60000610,2.75999999,,,,,202.60000610,2.5599999,,,,,202.60000610,3.48000002,
,,,202.80000305,2.3999999,,,,,202.80000305,2.72000003,,,,,202.80000305,2.5200000,,,,,202.80000305,3.43999982,
,,,203.00000000,2.3999999,,,,,203.00000000,2.72000003,,,,,203.00000000,2.5599999,,,,,203.00000000,3.43999982,
,,,203.19999695,2.3999999,,,,,203.19999695,2.72000003,,,,,203.19999695,2.5599999,,,,,203.19999695,3.48000002,
,,,203.40000916,2.3999999,,,,,203.40000916,2.6799998,,,,,203.40000916,2.5200000,,,,,203.40000916,3.43999982,
,,,203.60000610,2.3999999,,,,,203.60000610,2.72000003,,,,,203.60000610,2.5200000,,,,,203.60000610,3.48000002,
,,,203.80000305,2.3999999,,,,,203.80000305,2.6799998,,,,,203.80000305,2.5200000,,,,,203.80000305,3.43999982,
,,,204.00000000,2.3999999,,,,,204.00000000,2.72000003,,,,,204.00000000,2.5599999,,,,,204.00000000,3.48000002,
,,,204.19999695,2.3999999,,,,,204.19999695,2.72000003,,,,,204.19999695,2.5599999,,,,,204.19999695,3.48000002,
,,,204.40000916,2.3999999,,,,,204.40000916,2.6799998,,,,,204.40000916,2.5599999,,,,,204.40000916,3.43999982,
,,,204.60000610,2.3999999,,,,,204.60000610,2.6799998,,,,,204.60000610,2.5599999,,,,,204.60000610,3.43999982,
,,,204.80000305,2.3999999,,,,,204.80000305,2.72000003,,,,,204.80000305,2.5599999,,,,,204.80000305,3.43999982,
,,,205.00000000,2.3999999,,,,,205.00000000,2.75999999,,,,,205.00000000,2.5200000,,,,,205.00000000,3.43999982,
,,,205.19999695,2.3999999,,,,,205.19999695,2.72000003,,,,,205.19999695,2.5599999,,,,,205.19999695,3.43999982,
,,,205.40000916,2.3999999,,,,,205.40000916,2.6799998,,,,,205.40000916,2.5200000,,,,,205.40000916,3.48000002,
,,,205.60000610,2.3999999,,,,,205.60000610,2.6799998,,,,,205.60000610,2.5599999,,,,,205.60000610,3.43999982,
,,,205.80000305,2.3999999,,,,,205.80000305,2.6799998,,,,,205.80000305,2.6399999,,,,,205.80000305,2.96000004,
,,,206.00000000,2.3999999,,,,,206.00000000,2.6799998,,,,,206.00000000,2.72000003,,,,,206.00000000,2.3599999,
,,,206.19999695,2.3999999,,,,,206.19999695,2.6799998,,,,,206.19999695,2.79999995,,,,,206.19999695,2.2800000,
,,,206.40000916,2.3999999,,,,,206.40000916,2.6799998,,,,,206.40000916,2.75999999,,,,,206.40000916,2.2400000,
,,,206.60000610,2.3999999,,,,,206.60000610,2.6799998,,,,,206.60000610,2.75999999,,,,,206.60000610,2.2800000,
,,,206.80000305,2.3999999,,,,,206.80000305,2.6799998,,,,,206.80000305,2.79999995,,,,,206.80000305,2.2800000,
,,,207.00000000,2.3999999,,,,,207.00000000,2.6799998,,,,,207.00000000,2.79999995,,,,,207.00000000,2.2800000,
,,,207.19999695,2.4400001,,,,,207.19999695,2.6799998,,,,,207.19999695,2.75999999,,,,,207.19999695,2.2800000,
,,,207.40000916,2.3999999,,,,,207.40000916,2.72000003,,,,,207.40000916,2.79999995,,,,,207.40000916,2.2800000,
,,,207.60000610,2.3999999,,,,,207.60000610,2.72000003,,,,,207.60000610,2.79999995,,,,,207.60000610,2.2400000,
,,,207.80000305,2.4400001,,,,,207.80000305,2.6799998,,,,,207.80000305,2.75999999,,,,,207.80000305,2.2400000,
,,,208.00000000,2.3999999,,,,,208.00000000,2.72000003,,,,,208.00000000,2.75999999,,,,,208.00000000,2.2400000,
,,,208.19999695,2.3999999,,,,,208.19999695,2.6799998,,,,,208.19999695,2.79999995,,,,,208.19999695,2.2800000,
,,,208.40000916,2.3999999,,,,,208.40000916,2.6799998,,,,,208.40000916,2.75999999,,,,,208.40000916,2.2400000,
,,,208.60000610,2.3999999,,,,,208.60000610,2.5999999,,,,,208.60000610,2.79999995,,,,,208.60000610,2.2800000,
,,,208.80000305,2.3999999,,,,,208.80000305,2.6799998,,,,,208.80000305,2.79999995,,,,,208.80000305,2.3599999,
,,,209.00000000,2.3999999,,,,,209.00000000,2.6799998,,,,,209.00000000,2.79999995,,,,,209.00000000,2.2800000,
,,,209.19999695,2.3999999,,,,,209.19999695,2.6799998,,,,,209.19999695,2.79999995,,,,,209.19999695,2.2800000,
,,,209.40000916,2.3999999,,,,,209.40000916,2.72000003,,,,,209.40000916,2.75999999,,,,,209.40000916,2.2800000,
,,,209.60000610,2.3999999,,,,,209.60000610,2.6799998,,,,,209.60000610,2.75999999,,,,,209.60000610,2.2800000,
,,,209.80000305,2.3999999,,,,,209.80000305,2.6799998,,,,,209.80000305,2.79999995,,,,,209.80000305,2.2800000,
,,,210.00000000,2.3999999,,,,,210.00000000,2.72000003,,,,,210.00000000,2.79999995,,,,,210.00000000,2.2800000,
,,,210.19999695,2.3999999,,,,,210.19999695,2.6799998,,,,,210.19999695,2.79999995,,,,,210.19999695,2.2800000,
,,,210.40000916,2.3999999,,,,,210.40000916,2.6799998,,,,,210.40000916,2.75999999,,,,,210.40000916,2.2400000,
,,,210.60000610,2.3999999,,,,,210.60000610,2.6799998,,,,,210.60000610,2.79999995,,,,,210.60000610,2.2800000,
,,,210.80000305,2.3999999,,,,,210.80000305,2.72000003,,,,,210.80000305,2.75999999,,,,,210.80000305,2.2800000,
,,,211.00000000,2.3999999,,,,,211.00000000,2.6799998,,,,,211.00000000,2.75999999,,,,,211.00000000,2.2800000,
,,,211.19999695,2.3999999,,,,,211.19999695,2.75999999,,,,,211.19999695,2.75999999,,,,,211.19999695,2.2800000,
,,,211.40000916,2.3599999,,,,,211.40000916,2.72000003,,,,,211.40000916,2.75999999,,,,,211.40000916,2.2400000,
,,,211.60000610,2.3999999,,,,,211.60000610,2.6399999,,,,,211.60000610,2.75999999,,,,,211.60000610,2.2800000,
,,,211.80000305,2.3999999,,,,,211.80000305,2.6799998,,,,,211.80000305,2.75999999,,,,,211.80000305,2.2800000,
,,,212.00000000,2.3999999,,,,,212.00000000,2.72000003,,,,,212.00000000,2.75999999,,,,,212.00000000,2.2800000,
,,,212.19999695,2.3999999,,,,,212.19999695,2.72000003,,,,,212.19999695,2.75999999,,,,,212.19999695,2.2800000,
,,,212.40000916,2.3999999,,,,,212.40000916,2.6799998,,,,,212.40000916,2.79999995,,,,,212.40000916,2.2800000,
,,,212.60000610,2.3999999,,,,,212.60000610,2.6799998,,,,,212.60000610,2.75999999,,,,,212.60000610,2.2400000,
,,,212.80000305,2.3999999,,,,,212.80000305,2.72000003,,,,,212.80000305,2.79999995,,,,,212.80000305,2.2800000,
,,,213.00000000,2.3999999,,,,,213.00000000,2.6799998,,,,,213.00000000,2.79999995,,,,,213.00000000,2.2800000,
,,,213.19999695,2.3999999,,,,,213.19999695,2.6799998,,,,,213.19999695,2.79999995,,,,,213.19999695,2.2800000,
,,,213.40000916,2.3999999,,,,,213.40000916,2.72000003,,,,,213.40000916,2.75999999,,,,,213.40000916,2.2800000,
,,,213.60000610,2.3599999,,,,,213.60000610,2.72000003,,,,,213.60000610,2.79999995,,,,,213.60000610,2.2800000,
,,,213.80000305,2.3999999,,,,,213.80000305,2.72000003,,,,,213.80000305,2.75999999,,,,,213.80000305,2.2800000,
,,,214.00000000,2.3999999,,,,,214.00000000,2.72000003,,,,,214.00000000,2.79999995,,,,,214.00000000,2.2800000,
,,,214.19999695,2.3999999,,,,,214.19999695,2.72000003,,,,,214.19999695,2.75999999,,,,,214.19999695,2.2800000,
,,,214.40000916,2.3999999,,,,,214.40000916,2.72000003,,,,,214.40000916,2.75999999,,,,,214.40000916,2.2800000,
,,,214.60000610,2.3999999,,,,,214.60000610,2.72000003,,,,,214.60000610,2.75999999,,,,,214.60000610,2.2400000,
,,,214.80000305,2.3999999,,,,,214.80000305,2.72000003,,,,,214.80000305,2.75999999,,,,,214.80000305,2.2400000,
,,,215.00000000,2.3999999,,,,,215.00000000,2.72000003,,,,,215.00000000,2.79999995,,,,,215.00000000,2.2800000,
,,,215.19999695,2.3599999,,,,,215.19999695,2.6799998,,,,,215.19999695,2.75999999,,,,,215.19999695,2.2800000,
,,,215.40000916,2.3999999,,,,,215.40000916,2.79999995,,,,,215.40000916,2.75999999,,,,,215.40000916,2.2800000,
,,,215.60000610,2.3999999,,,,,215.60000610,2.72000003,,,,,215.60000610,2.75999999,,,,,215.60000610,2.2800000,
,,,215.80000305,2.3999999,,,,,215.80000305,2.72000003,,,,,215.80000305,2.75999999,,,,,215.80000305,2.2400000,
,,,216.00000000,2.3999999,,,,,216.00000000,2.6799998,,,,,216.00000000,2.75999999,,,,,216.00000000,2.2800000,
,,,216.19999695,2.3999999,,,,,216.19999695,2.6799998,,,,,216.19999695,2.79999995,,,,,216.19999695,2.2800000,
,,,216.40000916,2.3999999,,,,,216.40000916,2.6799998,,,,,216.40000916,2.79999995,,,,,216.40000916,2.2800000,
,,,216.60000610,2.3999999,,,,,216.60000610,2.6799998,,,,,216.60000610,2.79999995,,,,,216.60000610,2.2800000,
,,,216.80000305,2.3999999,,,,,216.80000305,2.72000003,,,,,216.80000305,2.6799998,,,,,216.80000305,2.91999984,
,,,217.00000000,2.3999999,,,,,217.00000000,2.72000003,,,,,217.00000000,2.5599999,,,,,217.00000000,3.35999990,
,,,217.19999695,2.3999999,,,,,217.19999695,2.6799998,,,,,217.19999695,2.5599999,,,,,217.19999695,3.43999982,
,,,217.40000916,2.3999999,,,,,217.40000916,2.75999999,,,,,217.40000916,2.5200000,,,,,217.40000916,3.43999982,
,,,217.60000610,2.3999999,,,,,217.60000610,2.72000003,,,,,217.60000610,2.5599999,,,,,217.60000610,3.48000002,
,,,217.80000305,2.4400001,,,,,217.80000305,2.72000003,,,,,217.80000305,2.5599999,,,,,217.80000305,3.48000002,
,,,218.00000000,2.3999999,,,,,218.00000000,2.72000003,,,,,218.00000000,2.5200000,,,,,218.00000000,3.48000002,
,,,218.19999695,2.3599999,,,,,218.19999695,2.72000003,,,,,218.19999695,2.5200000,,,,,218.19999695,3.48000002,
,,,218.40000916,2.3999999,,,,,218.40000916,2.72000003,,,,,218.40000916,2.5599999,,,,,218.40000916,3.51999998,
,,,218.60000610,2.3999999,,,,,218.60000610,2.6799998,,,,,218.60000610,2.5200000,,,,,218.60000610,3.39999986,
,,,218.80000305,2.3999999,,,,,218.80000305,2.72000003,,,,,218.80000305,2.5200000,,,,,218.80000305,3.48000002,
,,,219.00000000,2.3999999,,,,,219.00000000,2.72000003,,,,,219.00000000,2.5200000,,,,,219.00000000,3.48000002,
,,,219.19999695,2.3999999,,,,,219.19999695,2.72000003,,,,,219.19999695,2.5200000,,,,,219.19999695,3.48000002,
,,,219.40000916,2.3999999,,,,,219.40000916,2.72000003,,,,,219.40000916,2.5200000,,,,,219.40000916,3.48000002,
,,,219.60000610,2.3999999,,,,,219.60000610,2.72000003,,,,,219.60000610,2.5200000,,,,,219.60000610,3.48000002,
,,,219.80000305,2.3999999,,,,,219.80000305,2.72000003,,,,,219.80000305,2.5200000,,,,,219.80000305,3.48000002,
,,,220.00000000,2.3999999,,,,,220.00000000,2.6799998,,,,,220.00000000,2.5200000,,,,,220.00000000,3.48000002,
,,,220.19999695,2.3999999,,,,,220.19999695,2.72000003,,,,,220.19999695,2.4800000,,,,,220.19999695,3.43999982,
,,,220.40000916,2.3999999,,,,,220.40000916,2.6799998,,,,,220.40000916,2.5200000,,,,,220.40000916,3.48000002,
,,,220.60000610,2.3999999,,,,,220.60000610,2.6799998,,,,,220.60000610,2.5200000,,,,,220.60000610,3.48000002,
,,,220.80000305,2.3999999,,,,,220.80000305,2.72000003,,,,,220.80000305,2.5200000,,,,,220.80000305,3.48000002,
,,,221.00000000,2.3999999,,,,,221.00000000,2.6799998,,,,,221.00000000,2.5200000,,,,,221.00000000,3.48000002,
,,,221.19999695,2.3599999,,,,,221.19999695,2.72000003,,,,,221.19999695,2.5599999,,,,,221.19999695,3.43999982,
,,,221.40000916,2.3999999,,,,,221.40000916,2.6799998,,,,,221.40000916,2.5200000,,,,,221.40000916,3.48000002,
,,,221.60000610,2.3999999,,,,,221.60000610,2.6799998,,,,,221.60000610,2.5599999,,,,,221.60000610,3.48000002,
,,,221.80000305,2.3999999,,,,,221.80000305,2.72000003,,,,,221.80000305,2.5200000,,,,,221.80000305,3.48000002,
,,,222.00000000,2.3999999,,,,,222.00000000,2.72000003,,,,,222.00000000,2.5200000,,,,,222.00000000,3.48000002,
,,,222.19999695,2.3999999,,,,,222.19999695,2.6799998,,,,,222.19999695,2.5200000,,,,,222.19999695,3.48000002,
,,,222.40000916,2.3999999,,,,,222.40000916,2.72000003,,,,,222.40000916,2.5200000,,,,,222.40000916,3.48000002,
,,,222.60000610,2.3999999,,,,,222.60000610,2.6799998,,,,,222.60000610,2.5200000,,,,,222.60000610,3.48000002,
,,,222.80000305,2.3999999,,,,,222.80000305,2.72000003,,,,,222.80000305,2.5599999,,,,,222.80000305,3.48000002,
,,,223.00000000,2.3999999,,,,,223.00000000,2.72000003,,,,,223.00000000,2.5599999,,,,,223.00000000,3.43999982,
,,,223.19999695,2.3999999,,,,,223.19999695,2.72000003,,,,,223.19999695,2.5200000,,,,,223.19999695,3.48000002,
,,,223.40000916,2.3999999,,,,,223.40000916,2.72000003,,,,,223.40000916,2.5200000,,,,,223.40000916,3.48000002,
,,,223.60000610,2.3999999,,,,,223.60000610,2.72000003,,,,,223.60000610,2.5200000,,,,,223.60000610,3.48000002,
,,,223.80000305,2.3999999,,,,,223.80000305,2.72000003,,,,,223.80000305,2.5200000,,,,,223.80000305,3.48000002,
,,,224.00000000,2.3999999,,,,,224.00000000,2.72000003,,,,,224.00000000,2.5200000,,,,,224.00000000,3.48000002,
,,,224.19999695,2.3999999,,,,,224.19999695,2.72000003,,,,,224.19999695,2.5599999,,,,,224.19999695,3.48000002,
,,,224.40000916,2.3999999,,,,,224.40000916,2.6799998,,,,,224.40000916,2.5599999,,,,,224.40000916,3.48000002,
,,,224.60000610,2.3999999,,,,,224.60000610,2.72000003,,,,,224.60000610,2.5200000,,,,,224.60000610,3.48000002,
,,,224.80000305,2.3999999,,,,,224.80000305,2.72000003,,,,,224.80000305,2.5599999,,,,,224.80000305,3.48000002,
,,,225.00000000,2.3999999,,,,,225.00000000,2.72000003,,,,,225.00000000,2.5200000,,,,,225.00000000,3.48000002,
,,,225.19999695,2.3999999,,,,,225.19999695,2.6799998,,,,,225.19999695,2.5599999,,,,,225.19999695,3.48000002,
,,,225.40000916,2.3999999,,,,,225.40000916,2.6399999,,,,,225.40000916,2.5200000,,,,,225.40000916,3.48000002,
,,,225.60000610,2.3999999,,,,,225.60000610,2.6799998,,,,,225.60000610,2.5599999,,,,,225.60000610,3.48000002,
,,,225.80000305,2.3999999,,,,,225.80000305,2.6799998,,,,,225.80000305,2.5599999,,,,,225.80000305,3.48000002,
,,,226.00000000,2.3999999,,,,,226.00000000,2.6799998,,,,,226.00000000,2.5200000,,,,,226.00000000,3.48000002,
,,,226.19999695,2.3999999,,,,,226.19999695,2.6799998,,,,,226.19999695,2.5200000,,,,,226.19999695,3.48000002,
,,,226.40000916,2.3999999,,,,,226.40000916,2.6799998,,,,,226.40000916,2.5599999,,,,,226.40000916,3.48000002,
,,,226.60000610,2.3999999,,,,,226.60000610,2.6799998,,,,,226.60000610,2.5200000,,,,,226.60000610,3.43999982,
,,,226.80000305,2.3999999,,,,,226.80000305,2.6799998,,,,,226.80000305,2.5200000,,,,,226.80000305,3.48000002,
,,,227.00000000,2.3999999,,,,,227.00000000,2.6799998,,,,,227.00000000,2.5599999,,,,,227.00000000,3.48000002,
,,,227.19999695,2.3999999,,,,,227.19999695,2.6799998,,,,,227.19999695,2.5200000,,,,,227.19999695,3.48000002,
,,,227.40000916,2.3999999,,,,,227.40000916,2.72000003,,,,,227.40000916,2.5200000,,,,,227.40000916,3.51999998,
,,,227.60000610,2.3999999,,,,,227.60000610,2.6799998,,,,,227.60000610,2.5200000,,,,,227.60000610,3.48000002,
,,,227.80000305,2.3999999,,,,,227.80000305,2.72000003,,,,,227.80000305,2.5200000,,,,,227.80000305,3.48000002,
,,,228.00000000,2.3999999,,,,,228.00000000,2.6799998,,,,,228.00000000,2.5599999,,,,,228.00000000,3.48000002,
,,,228.19999695,2.3999999,,,,,228.19999695,2.6799998,,,,,228.19999695,2.5200000,,,,,228.19999695,3.48000002,
,,,228.40000916,2.3999999,,,,,228.40000916,2.72000003,,,,,228.40000916,2.5200000,,,,,228.40000916,3.48000002,
,,,228.60000610,2.3999999,,,,,228.60000610,2.6799998,,,,,228.60000610,2.4800000,,,,,228.60000610,3.43999982,
,,,228.80000305,2.3999999,,,,,228.80000305,2.6799998,,,,,228.80000305,2.5599999,,,,,228.80000305,3.48000002,
,,,229.00000000,2.3999999,,,,,229.00000000,2.6799998,,,,,229.00000000,2.5599999,,,,,229.00000000,3.48000002,
,,,229.19999695,2.3999999,,,,,229.19999695,2.72000003,,,,,229.19999695,2.5200000,,,,,229.19999695,3.48000002,
,,,229.40000916,2.4400001,,,,,229.40000916,2.72000003,,,,,229.40000916,2.5200000,,,,,229.40000916,3.43999982,
,,,229.60000610,2.3999999,,,,,229.60000610,2.6799998,,,,,229.60000610,2.5200000,,,,,229.60000610,3.48000002,
,,,229.80000305,2.3999999,,,,,229.80000305,2.72000003,,,,,229.80000305,2.5200000,,,,,229.80000305,3.48000002,
,,,230.00000000,2.3999999,,,,,230.00000000,2.72000003,,,,,230.00000000,2.5200000,,,,,230.00000000,3.48000002,
,,,230.19999695,2.3999999,,,,,230.19999695,2.72000003,,,,,230.19999695,2.5200000,,,,,230.19999695,3.48000002,
,,,230.40000916,2.3999999,,,,,230.40000916,2.72000003,,,,,230.40000916,2.5200000,,,,,230.40000916,3.51999998,
,,,230.60000610,2.3999999,,,,,230.60000610,2.6799998,,,,,230.60000610,2.5599999,,,,,230.60000610,3.48000002,
,,,230.80000305,2.3999999,,,,,230.80000305,2.6799998,,,,,230.80000305,2.5200000,,,,,230.80000305,3.48000002,
,,,231.00000000,2.3999999,,,,,231.00000000,2.72000003,,,,,231.00000000,2.5200000,,,,,231.00000000,3.48000002,
,,,231.19999695,2.3999999,,,,,231.19999695,2.6799998,,,,,231.19999695,2.5200000,,,,,231.19999695,3.48000002,
,,,231.40000916,2.3999999,,,,,231.40000916,2.72000003,,,,,231.40000916,2.5599999,,,,,231.40000916,3.48000002,
,,,231.60000610,2.3999999,,,,,231.60000610,2.6799998,,,,,231.60000610,2.5200000,,,,,231.60000610,3.48000002,
,,,231.80000305,2.3999999,,,,,231.80000305,2.72000003,,,,,231.80000305,2.5200000,,,,,231.80000305,3.48000002,
,,,232.00000000,2.3999999,,,,,232.00000000,2.6799998,,,,,232.00000000,2.5200000,,,,,232.00000000,3.51999998,
,,,232.19999695,2.3999999,,,,,232.19999695,2.72000003,,,,,232.19999695,2.5599999,,,,,232.19999695,3.48000002,
,,,232.40000916,2.3999999,,,,,232.40000916,2.6799998,,,,,232.40000916,2.5599999,,,,,232.40000916,3.48000002,
,,,232.60000610,2.3999999,,,,,232.60000610,2.72000003,,,,,232.60000610,2.5200000,,,,,232.60000610,3.48000002,
,,,232.80000305,2.3999999,,,,,232.80000305,2.6799998,,,,,232.80000305,2.5200000,,,,,232.80000305,3.39999986,
,,,233.00000000,2.3999999,,,,,233.00000000,2.6799998,,,,,233.00000000,2.5200000,,,,,233.00000000,3.35999990,
,,,233.19999695,2.3999999,,,,,233.19999695,2.6799998,,,,,233.19999695,2.5200000,,,,,233.19999695,3.35999990,
,,,233.40000916,2.3999999,,,,,233.40000916,2.79999995,,,,,233.40000916,2.5200000,,,,,233.40000916,3.35999990,
,,,233.60000610,2.3999999,,,,,233.60000610,2.6799998,,,,,233.60000610,2.5599999,,,,,233.60000610,3.31999993,
,,,233.80000305,2.3999999,,,,,233.80000305,2.6799998,,,,,233.80000305,2.5200000,,,,,233.80000305,3.35999990,
,,,234.00000000,2.3999999,,,,,234.00000000,2.6799998,,,,,234.00000000,2.5200000,,,,,234.00000000,3.35999990,
,,,234.19999695,2.3999999,,,,,234.19999695,2.6799998,,,,,234.19999695,2.5200000,,,,,234.19999695,3.35999990,
,,,234.40000916,2.3999999,,,,,234.40000916,2.72000003,,,,,234.40000916,2.5200000,,,,,234.40000916,3.31999993,
,,,234.60000610,2.3599999,,,,,234.60000610,2.6799998,,,,,234.60000610,2.5599999,,,,,234.60000610,3.35999990,
,,,234.80000305,2.3999999,,,,,234.80000305,2.75999999,,,,,234.80000305,2.5200000,,,,,234.80000305,3.31999993,
,,,235.00000000,2.3999999,,,,,235.00000000,2.6799998,,,,,235.00000000,2.5200000,,,,,235.00000000,3.35999990,
,,,235.19999695,2.3999999,,,,,235.19999695,2.72000003,,,,,235.19999695,2.5599999,,,,,235.19999695,3.35999990,
,,,235.40000916,2.3999999,,,,,235.40000916,2.6799998,,,,,235.40000916,2.5599999,,,,,235.40000916,3.35999990,
,,,235.60000610,2.3999999,,,,,235.60000610,2.6799998,,,,,235.60000610,2.5599999,,,,,235.60000610,3.31999993,
,,,235.80000305,2.3999999,,,,,235.80000305,2.6799998,,,,,235.80000305,2.5200000,,,,,235.80000305,3.35999990,
,,,236.00000000,2.3999999,,,,,236.00000000,2.6799998,,,,,236.00000000,2.5200000,,,,,236.00000000,3.35999990,
,,,236.19999695,2.3999999,,,,,236.19999695,2.6799998,,,,,236.19999695,2.5200000,,,,,236.19999695,3.35999990,
,,,236.40000916,2.3999999,,,,,236.40000916,2.6799998,,,,,236.40000916,2.5599999,,,,,236.40000916,3.35999990,
,,,236.60000610,2.3999999,,,,,236.60000610,2.6799998,,,,,236.60000610,2.5200000,,,,,236.60000610,3.35999990,
,,,236.80000305,2.3999999,,,,,236.80000305,2.6399999,,,,,236.80000305,2.5200000,,,,,236.80000305,3.35999990,
,,,237.00000000,2.3999999,,,,,237.00000000,2.6799998,,,,,237.00000000,2.5599999,,,,,237.00000000,3.31999993,
,,,237.19999695,2.3999999,,,,,237.19999695,2.6799998,,,,,237.19999695,2.5200000,,,,,237.19999695,3.31999993,
,,,237.40000916,2.3999999,,,,,237.40000916,2.72000003,,,,,237.40000916,2.5200000,,,,,237.40000916,3.35999990,
,,,237.60000610,2.3599999,,,,,237.60000610,2.72000003,,,,,237.60000610,2.5200000,,,,,237.60000610,3.35999990,
,,,237.80000305,2.3999999,,,,,237.80000305,2.6799998,,,,,237.80000305,2.5200000,,,,,237.80000305,3.31999993,
,,,238.00000000,2.3999999,,,,,238.00000000,2.72000003,,,,,238.00000000,2.5200000,,,,,238.00000000,3.35999990,
,,,238.19999695,2.3999999,,,,,238.19999695,2.6799998,,,,,238.19999695,2.5200000,,,,,238.19999695,3.35999990,
,,,238.40000916,2.3999999,,,,,238.40000916,2.6799998,,,,,238.40000916,2.5200000,,,,,238.40000916,3.35999990,
,,,238.60000610,2.3999999,,,,,238.60000610,2.72000003,,,,,238.60000610,2.5200000,,,,,238.60000610,3.31999993,
,,,238.80000305,2.3999999,,,,,238.80000305,2.6799998,,,,,238.80000305,2.5200000,,,,,238.80000305,3.31999993,
,,,239.00000000,2.3999999,,,,,239.00000000,2.72000003,,,,,239.00000000,2.5200000,,,,,239.00000000,3.35999990,
,,,239.19999695,2.3999999,,,,,239.19999695,2.6799998,,,,,239.19999695,2.5599999,,,,,239.19999695,3.31999993,
,,,239.40000916,2.3999999,,,,,239.40000916,2.72000003,,,,,239.40000916,2.5599999,,,,,239.40000916,3.31999993,
,,,239.60000610,2.3999999,,,,,239.60000610,2.72000003,,,,,239.60000610,2.5200000,,,,,239.60000610,3.31999993,
,,,239.80000305,2.3999999,,,,,239.80000305,2.72000003,,,,,239.80000305,2.5599999,,,,,239.80000305,3.31999993,
,,,240.00000000,2.3999999,,,,,240.00000000,2.72000003,,,,,240.00000000,2.5200000,,,,,240.00000000,3.31999993,
,,,240.19999695,2.3999999,,,,,240.19999695,2.72000003,,,,,240.19999695,2.5200000,,,,,240.19999695,3.35999990,
,,,240.40000916,2.3999999,,,,,240.40000916,2.72000003,,,,,240.40000916,2.5200000,,,,,240.40000916,3.35999990,
,,,240.60000610,2.3999999,,,,,240.60000610,2.72000003,,,,,240.60000610,2.5200000,,,,,240.60000610,3.31999993,
,,,240.80000305,2.3999999,,,,,240.80000305,2.75999999,,,,,240.80000305,2.5200000,,,,,240.80000305,3.31999993,
,,,241.00000000,2.3999999,,,,,241.00000000,2.6799998,,,,,241.00000000,2.5200000,,,,,241.00000000,3.35999990,
,,,241.19999695,2.3999999,,,,,241.19999695,2.6799998,,,,,241.19999695,2.5599999,,,,,241.19999695,3.39999986,
,,,241.40000916,2.3999999,,,,,241.40000916,2.72000003,,,,,241.40000916,2.5200000,,,,,241.40000916,3.31999993,
,,,241.60000610,2.3999999,,,,,241.60000610,2.72000003,,,,,241.60000610,2.5200000,,,,,241.60000610,3.31999993,
,,,241.80000305,2.3999999,,,,,241.80000305,2.72000003,,,,,241.80000305,2.5200000,,,,,241.80000305,3.35999990,
,,,242.00000000,2.3999999,,,,,242.00000000,2.72000003,,,,,242.00000000,2.5200000,,,,,242.00000000,3.35999990,
,,,242.19999695,2.3999999,,,,,242.19999695,2.6799998,,,,,242.19999695,2.5200000,,,,,242.19999695,3.31999993,
,,,242.40000916,2.3999999,,,,,242.40000916,2.72000003,,,,,242.40000916,2.5200000,,,,,242.40000916,3.35999990,
,,,242.60000610,2.3999999,,,,,242.60000610,2.6799998,,,,,242.60000610,2.5200000,,,,,242.60000610,3.35999990,
,,,242.80000305,2.3999999,,,,,242.80000305,2.72000003,,,,,242.80000305,2.5200000,,,,,242.80000305,3.35999990,
,,,243.00000000,2.3999999,,,,,243.00000000,2.6799998,,,,,243.00000000,2.5200000,,,,,243.00000000,3.35999990,
,,,243.19999695,2.3999999,,,,,243.19999695,2.6799998,,,,,243.19999695,2.5200000,,,,,243.19999695,3.35999990,
,,,243.40000916,2.3999999,,,,,243.40000916,2.72000003,,,,,243.40000916,2.5200000,,,,,243.40000916,3.35999990,
,,,243.60000610,2.3999999,,,,,243.60000610,2.6799998,,,,,243.60000610,2.5200000,,,,,243.60000610,3.31999993,
,,,243.80000305,2.3599999,,,,,243.80000305,2.72000003,,,,,243.80000305,2.5200000,,,,,243.80000305,3.43999982,
,,,244.00000000,2.3999999,,,,,244.00000000,2.6799998,,,,,244.00000000,2.5599999,,,,,244.00000000,3.48000002,
,,,244.19999695,2.3999999,,,,,244.19999695,2.72000003,,,,,244.19999695,2.5200000,,,,,244.19999695,3.48000002,
,,,244.40000916,2.3999999,,,,,244.40000916,2.72000003,,,,,244.40000916,2.5599999,,,,,244.40000916,3.48000002,
,,,244.60000610,2.3999999,,,,,244.60000610,2.6799998,,,,,244.60000610,2.5200000,,,,,244.60000610,3.48000002,
,,,244.80000305,2.3999999,,,,,244.80000305,2.72000003,,,,,244.80000305,2.5200000,,,,,244.80000305,3.48000002,
,,,245.00000000,2.3999999,,,,,245.00000000,2.6799998,,,,,245.00000000,2.5200000,,,,,245.00000000,3.39999986,
,,,245.19999695,2.3999999,,,,,245.19999695,2.6799998,,,,,245.19999695,2.5599999,,,,,245.19999695,3.48000002,
,,,245.40000916,2.3999999,,,,,245.40000916,2.6799998,,,,,245.40000916,2.5200000,,,,,245.40000916,3.43999982,
,,,245.60000610,2.3999999,,,,,245.60000610,2.72000003,,,,,245.60000610,2.5200000,,,,,245.60000610,3.48000002,
,,,245.80000305,2.3999999,,,,,245.80000305,2.6799998,,,,,245.80000305,2.5599999,,,,,245.80000305,3.48000002,
,,,246.00000000,2.3999999,,,,,246.00000000,2.6799998,,,,,246.00000000,2.5200000,,,,,246.00000000,3.48000002,
,,,246.19999695,2.3999999,,,,,246.19999695,2.6799998,,,,,246.19999695,2.5599999,,,,,246.19999695,3.48000002,
,,,246.40000916,2.3999999,,,,,246.40000916,2.72000003,,,,,246.40000916,2.5599999,,,,,246.40000916,3.51999998,
,,,246.60000610,2.3999999,,,,,246.60000610,2.6799998,,,,,246.60000610,2.5200000,,,,,246.60000610,3.48000002,
,,,246.80000305,2.3999999,,,,,246.80000305,2.6799998,,,,,246.80000305,2.5599999,,,,,246.80000305,3.48000002,
,,,247.00000000,2.3999999,,,,,247.00000000,2.72000003,,,,,247.00000000,2.5200000,,,,,247.00000000,3.48000002,
,,,247.19999695,2.3999999,,,,,247.19999695,2.72000003,,,,,247.19999695,2.5200000,,,,,247.19999695,3.48000002,
,,,247.40000916,2.3599999,,,,,247.40000916,2.72000003,,,,,247.40000916,2.5599999,,,,,247.40000916,3.48000002,
,,,247.60000610,2.3999999,,,,,247.60000610,2.72000003,,,,,247.60000610,2.5599999,,,,,247.60000610,3.48000002,
,,,247.80000305,2.3599999,,,,,247.80000305,2.6799998,,,,,247.80000305,2.5599999,,,,,247.80000305,3.51999998,
,,,248.00000000,2.3999999,,,,,248.00000000,2.6799998,,,,,248.00000000,2.5599999,,,,,248.00000000,3.48000002,
,,,248.19999695,2.3999999,,,,,248.19999695,2.6799998,,,,,248.19999695,2.5599999,,,,,248.19999695,3.48000002,
,,,248.40000916,2.3999999,,,,,248.40000916,2.6399999,,,,,248.40000916,2.5200000,,,,,248.40000916,3.48000002,
,,,248.60000610,2.3999999,,,,,248.60000610,2.72000003,,,,,248.60000610,2.5599999,,,,,248.60000610,3.48000002,
,,,248.80000305,2.3999999,,,,,248.80000305,2.6799998,,,,,248.80000305,2.5599999,,,,,248.80000305,3.48000002,
,,,249.00000000,2.3999999,,,,,249.00000000,2.75999999,,,,,249.00000000,2.5200000,,,,,249.00000000,3.48000002,
,,,249.19999695,2.3999999,,,,,249.19999695,2.6799998,,,,,249.19999695,2.5599999,,,,,249.19999695,3.48000002,
,,,249.40000916,2.3999999,,,,,249.40000916,2.72000003,,,,,249.40000916,2.5200000,,,,,249.40000916,3.48000002,
,,,249.60000610,2.3999999,,,,,249.60000610,2.6799998,,,,,249.60000610,2.5599999,,,,,249.60000610,3.51999998,
,,,249.80000305,2.3999999,,,,,249.80000305,2.72000003,,,,,249.80000305,2.5200000,,,,,249.80000305,3.48000002,
,,,250.00000000,2.3999999,,,,,250.00000000,2.72000003,,,,,250.00000000,2.5200000,,,,,250.00000000,3.48000002,
,,,250.19999695,2.3999999,,,,,250.19999695,2.6799998,,,,,250.19999695,2.5599999,,,,,250.19999695,3.48000002,
,,,250.40000916,2.3999999,,,,,250.40000916,2.6799998,,,,,250.40000916,2.5599999,,,,,250.40000916,3.48000002,
,,,250.60000610,2.3999999,,,,,250.60000610,2.72000003,,,,,250.60000610,2.5200000,,,,,250.60000610,3.48000002,
,,,250.80000305,2.3999999,,,,,250.80000305,2.72000003,,,,,250.80000305,2.5200000,,,,,250.80000305,3.48000002,
,,,251.00000000,2.3999999,,,,,251.00000000,2.72000003,,,,,251.00000000,2.5200000,,,,,251.00000000,3.48000002,
,,,251.19999695,2.3999999,,,,,251.19999695,2.72000003,,,,,251.19999695,2.5200000,,,,,251.19999695,3.48000002,
,,,251.40000916,2.3999999,,,,,251.40000916,2.72000003,,,,,251.40000916,2.5599999,,,,,251.40000916,3.48000002,
,,,251.60000610,2.3999999,,,,,251.60000610,2.72000003,,,,,251.60000610,2.5200000,,,,,251.60000610,3.43999982,
,,,251.80000305,2.3599999,,,,,251.80000305,2.72000003,,,,,251.80000305,2.5200000,,,,,251.80000305,3.48000002,
,,,252.00000000,2.3999999,,,,,252.00000000,2.72000003,,,,,252.00000000,2.5200000,,,,,252.00000000,3.48000002,
,,,252.19999695,2.3999999,,,,,252.19999695,2.72000003,,,,,252.19999695,2.5200000,,,,,252.19999695,3.48000002,
,,,252.40000916,2.3999999,,,,,252.40000916,2.72000003,,,,,252.40000916,2.5200000,,,,,252.40000916,3.48000002,
,,,252.60000610,2.3999999,,,,,252.60000610,2.72000003,,,,,252.60000610,2.5599999,,,,,252.60000610,3.48000002,
,,,252.80000305,2.3999999,,,,,252.80000305,2.72000003,,,,,252.80000305,2.5200000,,,,,252.80000305,3.48000002,
,,,253.00000000,2.3999999,,,,,253.00000000,2.72000003,,,,,253.00000000,2.5599999,,,,,253.00000000,3.48000002,
,,,253.19999695,2.3999999,,,,,253.19999695,2.72000003,,,,,253.19999695,2.5200000,,,,,253.19999695,3.48000002,
,,,253.40000916,2.3999999,,,,,253.40000916,2.72000003,,,,,253.40000916,2.5599999,,,,,253.40000916,3.48000002,
,,,253.60000610,2.3999999,,,,,253.60000610,2.72000003,,,,,253.60000610,2.5200000,,,,,253.60000610,3.48000002,
,,,253.80000305,2.3999999,,,,,253.80000305,2.72000003,,,,,253.80000305,2.5599999,,,,,253.80000305,3.51999998,
,,,254.00000000,2.3999999,,,,,254.00000000,2.72000003,,,,,254.00000000,2.5200000,,,,,254.00000000,3.48000002,
,,,254.19999695,2.3999999,,,,,254.19999695,2.72000003,,,,,254.19999695,2.5599999,,,,,254.19999695,3.48000002,
,,,254.40000916,2.3999999,,,,,254.40000916,2.6799998,,,,,254.40000916,2.5200000,,,,,254.40000916,3.48000002,
,,,254.60000610,2.3999999,,,,,254.60000610,2.72000003,,,,,254.60000610,2.5200000,,,,,254.60000610,3.48000002,
,,,254.80000305,2.3999999,,,,,254.80000305,2.72000003,,,,,254.80000305,2.5599999,,,,,254.80000305,3.48000002,
,,,255.00000000,2.3999999,,,,,255.00000000,2.6799998,,,,,255.00000000,2.5200000,,,,,255.00000000,3.43999982,
,,,255.19999695,2.3999999,,,,,255.19999695,2.6799998,,,,,255.19999695,2.5200000,,,,,255.19999695,3.43999982,
,,,255.40000916,2.3599999,,,,,255.40000916,2.72000003,,,,,255.40000916,2.5599999,,,,,255.40000916,3.43999982,
,,,255.60000610,2.3999999,,,,,255.60000610,2.72000003,,,,,255.60000610,2.5599999,,,,,255.60000610,3.48000002,
,,,255.80000305,2.3999999,,,,,255.80000305,2.6799998,,,,,255.80000305,2.5200000,,,,,255.80000305,3.48000002,
,,,256.00000000,2.3999999,,,,,256.00000000,2.6799998,,,,,256.00000000,2.5200000,,,,,256.00000000,3.43999982,
,,,256.20001221,2.3599999,,,,,256.20001221,2.6799998,,,,,256.20001221,2.5200000,,,,,256.20001221,3.48000002,
,,,256.39999390,2.3999999,,,,,256.39999390,2.6799998,,,,,256.39999390,2.5599999,,,,,256.39999390,3.51999998,
,,,256.60000610,2.3999999,,,,,256.60000610,2.72000003,,,,,256.60000610,2.5200000,,,,,256.60000610,3.48000002,
,,,256.80001831,2.3999999,,,,,256.80001831,2.6799998,,,,,256.80001831,2.4800000,,,,,256.80001831,3.43999982,
,,,257.00000000,2.3999999,,,,,257.00000000,2.6799998,,,,,257.00000000,2.5200000,,,,,257.00000000,3.48000002,
,,,257.20001221,2.3999999,,,,,257.20001221,2.6799998,,,,,257.20001221,2.5200000,,,,,257.20001221,3.48000002,
,,,257.39999390,2.3999999,,,,,257.39999390,2.6799998,,,,,257.39999390,2.5200000,,,,,257.39999390,3.48000002,
,,,257.60000610,2.3999999,,,,,257.60000610,2.72000003,,,,,257.60000610,2.5200000,,,,,257.60000610,3.48000002,
,,,257.80001831,2.3999999,,,,,257.80001831,2.72000003,,,,,257.80001831,2.5200000,,,,,257.80001831,3.48000002,
,,,258.00000000,2.3999999,,,,,258.00000000,2.6399999,,,,,258.00000000,2.5200000,,,,,258.00000000,3.48000002,
,,,258.20001221,2.3999999,,,,,258.20001221,2.72000003,,,,,258.20001221,2.5200000,,,,,258.20001221,3.48000002,
,,,258.39999390,2.3999999,,,,,258.39999390,2.6799998,,,,,258.39999390,2.4800000,,,,,258.39999390,3.48000002,
,,,258.60000610,2.3999999,,,,,258.60000610,2.72000003,,,,,258.60000610,2.5200000,,,,,258.60000610,3.48000002,
,,,258.80001831,2.3999999,,,,,258.80001831,2.6799998,,,,,258.80001831,2.5200000,,,,,258.80001831,3.48000002,
,,,259.00000000,2.3999999,,,,,259.00000000,2.72000003,,,,,259.00000000,2.5200000,,,,,259.00000000,3.51999998,
,,,259.20001221,2.3999999,,,,,259.20001221,2.6799998,,,,,259.20001221,2.5200000,,,,,259.20001221,3.43999982,
,,,259.39999390,2.3999999,,,,,259.39999390,2.72000003,,,,,259.39999390,2.5200000,,,,,259.39999390,3.48000002,
,,,259.60000610,2.3599999,,,,,259.60000610,2.6799998,,,,,259.60000610,2.5200000,,,,,259.60000610,3.48000002,
,,,259.80001831,2.3999999,,,,,259.80001831,2.6799998,,,,,259.80001831,2.5200000,,,,,259.80001831,3.43999982,
,,,260.00000000,2.3999999,,,,,260.00000000,2.72000003,,,,,260.00000000,2.5599999,,,,,260.00000000,3.35999990,
,,,260.20001221,2.3999999,,,,,260.20001221,2.6799998,,,,,260.20001221,2.5999999,,,,,260.20001221,3.39999986,
,,,260.39999390,2.3999999,,,,,260.39999390,2.6799998,,,,,260.39999390,2.5599999,,,,,260.39999390,3.31999993,
,,,260.60000610,2.3999999,,,,,260.60000610,2.72000003,,,,,260.60000610,2.5599999,,,,,260.60000610,3.35999990,
,,,260.80001831,2.3999999,,,,,260.80001831,2.6799998,,,,,260.80001831,2.5599999,,,,,260.80001831,3.35999990,
,,,261.00000000,2.3999999,,,,,261.00000000,2.72000003,,,,,261.00000000,2.5599999,,,,,261.00000000,3.35999990,
,,,261.20001221,2.3999999,,,,,261.20001221,2.72000003,,,,,261.20001221,2.5599999,,,,,261.20001221,3.35999990,
,,,261.39999390,2.4400001,,,,,261.39999390,2.72000003,,,,,261.39999390,2.5599999,,,,,261.39999390,3.35999990,
,,,261.60000610,2.3999999,,,,,261.60000610,2.6799998,,,,,261.60000610,2.5599999,,,,,261.60000610,3.35999990,
,,,261.80001831,2.3999999,,,,,261.80001831,2.72000003,,,,,261.80001831,2.5999999,,,,,261.80001831,3.43999982,
,,,262.00000000,2.3999999,,,,,262.00000000,2.72000003,,,,,262.00000000,2.5599999,,,,,262.00000000,3.35999990,
,,,262.20001221,2.3999999,,,,,262.20001221,2.72000003,,,,,262.20001221,2.5599999,,,,,262.20001221,3.35999990,
,,,262.39999390,2.3999999,,,,,262.39999390,2.72000003,,,,,262.39999390,2.5599999,,,,,262.39999390,3.35999990,
,,,262.60000610,2.3999999,,,,,262.60000610,2.75999999,,,,,262.60000610,2.5599999,,,,,262.60000610,3.35999990,
,,,262.80001831,2.3599999,,,,,262.80001831,2.72000003,,,,,262.80001831,2.5599999,,,,,262.80001831,3.35999990,
,,,263.00000000,2.3999999,,,,,263.00000000,2.72000003,,,,,263.00000000,2.5599999,,,,,263.00000000,3.35999990,
,,,263.20001221,2.3999999,,,,,263.20001221,2.72000003,,,,,263.20001221,2.5599999,,,,,263.20001221,3.39999986,
,,,263.39999390,2.3999999,,,,,263.39999390,2.75999999,,,,,263.39999390,2.5599999,,,,,263.39999390,3.35999990,
,,,263.60000610,2.3999999,,,,,263.60000610,2.6799998,,,,,263.60000610,2.5599999,,,,,263.60000610,3.35999990,
,,,263.80001831,2.3999999,,,,,263.80001831,2.72000003,,,,,263.80001831,2.5999999,,,,,263.80001831,3.39999986,
,,,264.00000000,2.3999999,,,,,264.00000000,2.6799998,,,,,264.00000000,2.5599999,,,,,264.00000000,3.35999990,
,,,264.20001221,2.3999999,,,,,264.20001221,2.6799998,,,,,264.20001221,2.5999999,,,,,264.20001221,3.35999990,
,,,264.39999390,2.3999999,,,,,264.39999390,2.72000003,,,,,264.39999390,2.5599999,,,,,264.39999390,3.35999990,
,,,264.60000610,2.3999999,,,,,264.60000610,2.72000003,,,,,264.60000610,2.5599999,,,,,264.60000610,3.35999990,
,,,264.80001831,2.3999999,,,,,264.80001831,2.6799998,,,,,264.80001831,2.5599999,,,,,264.80001831,3.35999990,
,,,265.00000000,2.3999999,,,,,265.00000000,2.72000003,,,,,265.00000000,2.5599999,,,,,265.00000000,3.35999990,
,,,265.20001221,2.3999999,,,,,265.20001221,2.72000003,,,,,265.20001221,2.5599999,,,,,265.20001221,3.35999990,
,,,265.39999390,2.3999999,,,,,265.39999390,2.72000003,,,,,265.39999390,2.5599999,,,,,265.39999390,3.35999990,
,,,265.60000610,2.3999999,,,,,265.60000610,2.6799998,,,,,265.60000610,2.5599999,,,,,265.60000610,3.35999990,
,,,265.80001831,2.3999999,,,,,265.80001831,2.72000003,,,,,265.80001831,2.5599999,,,,,265.80001831,3.39999986,
,,,266.00000000,2.3999999,,,,,266.00000000,2.72000003,,,,,266.00000000,2.5200000,,,,,266.00000000,3.31999993,
,,,266.20001221,2.3999999,,,,,266.20001221,2.72000003,,,,,266.20001221,2.5599999,,,,,266.20001221,3.35999990,
,,,266.39999390,2.3999999,,,,,266.39999390,2.6799998,,,,,266.39999390,2.5200000,,,,,266.39999390,3.35999990,
,,,266.60000610,2.3999999,,,,,266.60000610,2.72000003,,,,,266.60000610,2.5599999,,,,,266.60000610,3.35999990,
,,,266.80001831,2.3999999,,,,,266.80001831,2.72000003,,,,,266.80001831,2.5599999,,,,,266.80001831,3.35999990,
,,,267.00000000,2.3999999,,,,,267.00000000,2.72000003,,,,,267.00000000,2.5599999,,,,,267.00000000,3.39999986,
,,,267.20001221,2.3999999,,,,,267.20001221,2.6799998,,,,,267.20001221,2.5599999,,,,,267.20001221,3.35999990,
,,,267.39999390,2.3999999,,,,,267.39999390,2.75999999,,,,,267.39999390,2.5599999,,,,,267.39999390,3.35999990,
,,,267.60000610,2.3999999,,,,,267.60000610,2.6799998,,,,,267.60000610,2.5599999,,,,,267.60000610,3.35999990,
,,,267.80001831,2.3999999,,,,,267.80001831,2.72000003,,,,,267.80001831,2.5599999,,,,,267.80001831,3.35999990,
,,,268.00000000,2.3999999,,,,,268.00000000,2.6799998,,,,,268.00000000,2.5599999,,,,,268.00000000,3.35999990,
,,,268.20001221,2.3999999,,,,,268.20001221,2.72000003,,,,,268.20001221,2.5599999,,,,,268.20001221,3.35999990,
,,,268.39999390,2.3999999,,,,,268.39999390,2.6799998,,,,,268.39999390,2.5599999,,,,,268.39999390,3.35999990,
,,,268.60000610,2.3999999,,,,,268.60000610,2.72000003,,,,,268.60000610,2.5599999,,,,,268.60000610,3.35999990,
,,,268.80001831,2.3999999,,,,,268.80001831,2.6799998,,,,,268.80001831,2.5599999,,,,,268.80001831,3.35999990,
,,,269.00000000,2.3999999,,,,,269.00000000,2.72000003,,,,,269.00000000,2.5599999,,,,,269.00000000,3.39999986,
,,,269.20001221,2.3999999,,,,,269.20001221,2.6799998,,,,,269.20001221,2.5599999,,,,,269.20001221,3.35999990,
,,,269.39999390,2.3999999,,,,,269.39999390,2.6799998,,,,,269.39999390,2.5599999,,,,,269.39999390,3.35999990,
,,,269.60000610,2.3999999,,,,,269.60000610,2.72000003,,,,,269.60000610,2.5200000,,,,,269.60000610,3.35999990,
,,,269.80001831,2.3599999,,,,,269.80001831,2.6799998,,,,,269.80001831,2.5599999,,,,,269.80001831,3.39999986,
,,,270.00000000,2.3999999,,,,,270.00000000,2.72000003,,,,,270.00000000,2.5599999,,,,,270.00000000,3.35999990,
,,,270.20001221,2.3999999,,,,,270.20001221,2.6799998,,,,,270.20001221,2.5599999,,,,,270.20001221,3.35999990,
,,,270.39999390,2.3999999,,,,,270.39999390,2.6799998,,,,,270.39999390,2.5999999,,,,,270.39999390,3.39999986,
,,,270.60000610,2.3999999,,,,,270.60000610,2.6799998,,,,,270.60000610,2.5599999,,,,,270.60000610,3.43999982,
,,,270.80001831,2.3999999,,,,,270.80001831,2.72000003,,,,,270.80001831,2.5200000,,,,,270.80001831,3.43999982,
,,,271.00000000,2.3999999,,,,,271.00000000,2.72000003,,,,,271.00000000,2.5200000,,,,,271.00000000,3.48000002,
,,,271.20001221,2.3999999,,,,,271.20001221,2.6399999,,,,,271.20001221,2.5200000,,,,,271.20001221,3.48000002,
,,,271.39999390,2.3999999,,,,,271.39999390,2.6799998,,,,,271.39999390,2.5599999,,,,,271.39999390,3.48000002,
,,,271.60000610,2.3999999,,,,,271.60000610,2.6799998,,,,,271.60000610,2.5200000,,,,,271.60000610,3.48000002,
,,,271.80001831,2.3999999,,,,,271.80001831,2.6799998,,,,,271.80001831,2.5599999,,,,,271.80001831,3.48000002,
,,,272.00000000,2.3599999,,,,,272.00000000,2.6799998,,,,,272.00000000,2.5200000,,,,,272.00000000,3.48000002,
,,,272.20001221,2.3999999,,,,,272.20001221,2.6799998,,,,,272.20001221,2.5200000,,,,,272.20001221,3.48000002,
,,,272.39999390,2.3999999,,,,,272.39999390,2.72000003,,,,,272.39999390,2.5200000,,,,,272.39999390,3.48000002,
,,,272.60000610,2.3999999,,,,,272.60000610,2.6799998,,,,,272.60000610,2.5200000,,,,,272.60000610,3.48000002,
,,,272.80001831,2.4400001,,,,,272.80001831,2.72000003,,,,,272.80001831,2.5200000,,,,,272.80001831,3.48000002,
,,,273.00000000,2.4400001,,,,,273.00000000,2.72000003,,,,,273.00000000,2.5599999,,,,,273.00000000,3.48000002,
,,,273.20001221,2.3999999,,,,,273.20001221,2.72000003,,,,,273.20001221,2.5599999,,,,,273.20001221,3.48000002,
,,,273.39999390,2.3999999,,,,,273.39999390,2.6799998,,,,,273.39999390,2.5200000,,,,,273.39999390,3.48000002,
,,,273.60000610,2.3999999,,,,,273.60000610,2.6799998,,,,,273.60000610,2.5200000,,,,,273.60000610,3.48000002,
,,,273.80001831,2.3999999,,,,,273.80001831,2.72000003,,,,,273.80001831,2.5599999,,,,,273.80001831,3.48000002,
,,,274.00000000,2.3999999,,,,,274.00000000,2.72000003,,,,,274.00000000,2.5200000,,,,,274.00000000,3.48000002,
,,,274.20001221,2.3999999,,,,,274.20001221,2.6799998,,,,,274.20001221,2.5200000,,,,,274.20001221,3.48000002,
,,,274.39999390,2.3999999,,,,,274.39999390,2.72000003,,,,,274.39999390,2.5599999,,,,,274.39999390,3.48000002,
,,,274.60000610,2.3999999,,,,,274.60000610,2.72000003,,,,,274.60000610,2.5200000,,,,,274.60000610,3.48000002,
,,,274.80001831,2.3999999,,,,,274.80001831,2.72000003,,,,,274.80001831,2.5200000,,,,,274.80001831,3.48000002,
,,,275.00000000,2.3999999,,,,,275.00000000,2.72000003,,,,,275.00000000,2.5200000,,,,,275.00000000,3.48000002,
,,,275.20001221,2.3999999,,,,,275.20001221,2.6799998,,,,,275.20001221,2.5200000,,,,,275.20001221,3.43999982,
,,,275.39999390,2.3999999,,,,,275.39999390,2.72000003,,,,,275.39999390,2.5200000,,,,,275.39999390,3.48000002,
,,,275.60000610,2.3999999,,,,,275.60000610,2.6799998,,,,,275.60000610,2.5599999,,,,,275.60000610,3.48000002,
,,,275.80001831,2.3999999,,,,,275.80001831,2.72000003,,,,,275.80001831,2.5200000,,,,,275.80001831,3.48000002,
,,,276.00000000,2.3999999,,,,,276.00000000,2.6799998,,,,,276.00000000,2.5200000,,,,,276.00000000,3.48000002,
,,,276.20001221,2.3999999,,,,,276.20001221,2.6799998,,,,,276.20001221,2.5599999,,,,,276.20001221,3.51999998,
,,,276.39999390,2.3999999,,,,,276.39999390,2.6799998,,,,,276.39999390,2.5599999,,,,,276.39999390,3.48000002,
,,,276.60000610,2.3999999,,,,,276.60000610,2.6799998,,,,,276.60000610,2.5200000,,,,,276.60000610,3.43999982,
,,,276.80001831,2.3999999,,,,,276.80001831,2.6799998,,,,,276.80001831,2.5200000,,,,,276.80001831,3.48000002,
,,,277.00000000,2.4400001,,,,,277.00000000,2.75999999,,,,,277.00000000,2.5200000,,,,,277.00000000,3.48000002,
,,,277.20001221,2.3999999,,,,,277.20001221,2.72000003,,,,,277.20001221,2.5200000,,,,,277.20001221,3.48000002,
,,,277.39999390,2.3999999,,,,,277.39999390,2.72000003,,,,,277.39999390,2.5200000,,,,,277.39999390,3.48000002,
,,,277.60000610,2.3999999,,,,,277.60000610,2.6799998,,,,,277.60000610,2.5200000,,,,,277.60000610,3.48000002,
,,,277.80001831,2.3999999,,,,,277.80001831,2.72000003,,,,,277.80001831,2.5200000,,,,,277.80001831,3.43999982,
,,,278.00000000,2.3999999,,,,,278.00000000,2.6799998,,,,,278.00000000,2.5200000,,,,,278.00000000,3.48000002,
,,,278.20001221,2.3999999,,,,,278.20001221,2.72000003,,,,,278.20001221,2.5200000,,,,,278.20001221,3.48000002,
,,,278.39999390,2.3999999,,,,,278.39999390,2.72000003,,,,,278.39999390,2.5599999,,,,,278.39999390,3.48000002,
,,,278.60000610,2.3999999,,,,,278.60000610,2.72000003,,,,,278.60000610,2.5200000,,,,,278.60000610,3.48000002,
,,,278.80001831,2.3999999,,,,,278.80001831,2.72000003,,,,,278.80001831,2.5200000,,,,,278.80001831,3.48000002,
,,,279.00000000,2.3999999,,,,,279.00000000,2.75999999,,,,,279.00000000,2.5200000,,,,,279.00000000,3.48000002,
,,,279.20001221,2.3999999,,,,,279.20001221,2.72000003,,,,,279.20001221,2.5599999,,,,,279.20001221,3.43999982,
,,,279.39999390,2.3999999,,,,,279.39999390,2.72000003,,,,,279.39999390,2.5200000,,,,,279.39999390,3.48000002,
,,,279.60000610,2.3999999,,,,,279.60000610,2.72000003,,,,,279.60000610,2.5200000,,,,,279.60000610,3.43999982,
,,,279.80001831,2.3999999,,,,,279.80001831,2.72000003,,,,,279.80001831,2.5599999,,,,,279.80001831,3.48000002,
,,,280.00000000,2.3599999,,,,,280.00000000,2.75999999,,,,,280.00000000,2.5599999,,,,,280.00000000,3.48000002,
,,,280.20001221,2.3999999,,,,,280.20001221,2.72000003,,,,,280.20001221,2.5200000,,,,,280.20001221,3.48000002,
,,,280.39999390,2.3999999,,,,,280.39999390,2.72000003,,,,,280.39999390,2.5599999,,,,,280.39999390,3.48000002,
,,,280.60000610,2.3999999,,,,,280.60000610,2.72000003,,,,,280.60000610,2.5200000,,,,,280.60000610,3.43999982,
,,,280.80001831,2.3999999,,,,,280.80001831,2.6799998,,,,,280.80001831,2.5200000,,,,,280.80001831,3.43999982,
,,,281.00000000,2.3999999,,,,,281.00000000,2.72000003,,,,,281.00000000,2.5599999,,,,,281.00000000,3.48000002,
,,,281.20001221,2.3999999,,,,,281.20001221,2.72000003,,,,,281.20001221,2.5599999,,,,,281.20001221,3.48000002,
,,,281.39999390,2.3999999,,,,,281.39999390,2.6799998,,,,,281.39999390,2.5200000,,,,,281.39999390,3.48000002,
,,,281.60000610,2.3999999,,,,,281.60000610,2.6799998,,,,,281.60000610,2.5200000,,,,,281.60000610,3.43999982,
,,,281.80001831,2.3599999,,,,,281.80001831,2.72000003,,,,,281.80001831,2.5200000,,,,,281.80001831,3.48000002,
,,,282.00000000,2.3999999,,,,,282.00000000,2.72000003,,,,,282.00000000,2.5200000,,,,,282.00000000,3.43999982,
,,,282.20001221,2.3999999,,,,,282.20001221,2.6799998,,,,,282.20001221,2.5200000,,,,,282.20001221,3.43999982,
,,,282.39999390,2.3999999,,,,,282.39999390,2.72000003,,,,,282.39999390,2.5200000,,,,,282.39999390,3.43999982,
,,,282.60000610,2.3999999,,,,,282.60000610,2.6799998,,,,,282.60000610,2.5200000,,,,,282.60000610,3.43999982,
,,,282.80001831,2.3999999,,,,,282.80001831,2.6799998,,,,,282.80001831,2.5200000,,,,,282.80001831,3.43999982,
,,,283.00000000,2.3999999,,,,,283.00000000,2.6799998,,,,,283.00000000,2.5200000,,,,,283.00000000,3.43999982,
,,,283.20001221,2.3999999,,,,,283.20001221,2.72000003,,,,,283.20001221,2.5599999,,,,,283.20001221,3.43999982,
,,,283.39999390,2.3999999,,,,,283.39999390,2.6799998,,,,,283.39999390,2.5200000,,,,,283.39999390,3.48000002,
,,,283.60000610,2.3999999,,,,,283.60000610,2.6799998,,,,,283.60000610,2.5599999,,,,,283.60000610,3.31999993,
,,,283.80001831,2.4400001,,,,,283.80001831,2.6799998,,,,,283.80001831,2.5599999,,,,,283.80001831,3.27999997,
,,,284.00000000,2.3999999,,,,,284.00000000,2.6799998,,,,,284.00000000,2.5599999,,,,,284.00000000,3.27999997,
,,,284.20001221,2.4400001,,,,,284.20001221,2.6799998,,,,,284.20001221,2.5599999,,,,,284.20001221,3.27999997,
,,,284.39999390,2.3999999,,,,,284.39999390,2.6799998,,,,,284.39999390,2.5599999,,,,,284.39999390,3.27999997,
,,,284.60000610,2.3999999,,,,,284.60000610,2.6799998,,,,,284.60000610,2.5599999,,,,,284.60000610,3.24000001,
,,,284.80001831,2.3999999,,,,,284.80001831,2.6799998,,,,,284.80001831,2.5999999,,,,,284.80001831,3.27999997,
,,,285.00000000,2.3999999,,,,,285.00000000,2.72000003,,,,,285.00000000,2.5599999,,,,,285.00000000,3.27999997,
,,,285.20001221,2.3999999,,,,,285.20001221,2.72000003,,,,,285.20001221,2.5599999,,,,,285.20001221,3.27999997,
,,,285.39999390,2.3999999,,,,,285.39999390,2.6799998,,,,,285.39999390,2.5999999,,,,,285.39999390,3.24000001,
,,,285.60000610,2.3999999,,,,,285.60000610,2.6399999,,,,,285.60000610,2.5599999,,,,,285.60000610,3.27999997,
,,,285.80001831,2.3999999,,,,,285.80001831,2.72000003,,,,,285.80001831,2.5599999,,,,,285.80001831,3.24000001,
,,,286.00000000,2.3999999,,,,,286.00000000,2.6799998,,,,,286.00000000,2.5999999,,,,,286.00000000,3.24000001,
,,,286.20001221,2.3999999,,,,,286.20001221,2.72000003,,,,,286.20001221,2.5599999,,,,,286.20001221,3.24000001,
,,,286.39999390,2.3999999,,,,,286.39999390,2.72000003,,,,,286.39999390,2.5999999,,,,,286.39999390,3.24000001,
,,,286.60000610,2.3999999,,,,,286.60000610,2.6799998,,,,,286.60000610,2.5999999,,,,,286.60000610,3.24000001,
,,,286.80001831,2.3999999,,,,,286.80001831,2.72000003,,,,,286.80001831,2.5599999,,,,,286.80001831,3.24000001,
,,,287.00000000,2.3999999,,,,,287.00000000,2.72000003,,,,,287.00000000,2.5999999,,,,,287.00000000,3.24000001,
,,,287.20001221,2.3999999,,,,,287.20001221,2.72000003,,,,,287.20001221,2.5599999,,,,,287.20001221,3.24000001,
,,,287.39999390,2.3999999,,,,,287.39999390,2.6799998,,,,,287.39999390,2.5599999,,,,,287.39999390,3.24000001,
,,,287.60000610,2.3599999,,,,,287.60000610,2.72000003,,,,,287.60000610,2.5599999,,,,,287.60000610,3.24000001,
,,,287.80001831,2.3999999,,,,,287.80001831,2.6799998,,,,,287.80001831,2.5599999,,,,,287.80001831,3.24000001,
,,,288.00000000,2.3999999,,,,,288.00000000,2.6799998,,,,,288.00000000,2.5999999,,,,,288.00000000,3.15999985,
,,,288.20001221,2.3999999,,,,,288.20001221,2.72000003,,,,,288.20001221,2.5999999,,,,,288.20001221,3.07999992,
,,,288.39999390,2.3999999,,,,,288.39999390,2.72000003,,,,,288.39999390,2.5999999,,,,,288.39999390,3.07999992,
,,,288.60000610,2.3999999,,,,,288.60000610,2.75999999,,,,,288.60000610,2.6399999,,,,,288.60000610,3.03999996,
,,,288.80001831,2.3999999,,,,,288.80001831,2.72000003,,,,,288.80001831,2.5599999,,,,,288.80001831,3.07999992,
,,,289.00000000,2.3999999,,,,,289.00000000,2.6799998,,,,,289.00000000,2.5999999,,,,,289.00000000,3.07999992,
,,,289.20001221,2.3999999,,,,,289.20001221,2.72000003,,,,,289.20001221,2.5999999,,,,,289.20001221,3.07999992,
,,,289.39999390,2.3999999,,,,,289.39999390,2.6799998,,,,,289.39999390,2.5999999,,,,,289.39999390,3.07999992,
,,,289.60000610,2.3999999,,,,,289.60000610,2.72000003,,,,,289.60000610,2.5999999,,,,,289.60000610,3.07999992,
,,,289.80001831,2.3999999,,,,,289.80001831,2.6799998,,,,,289.80001831,2.5999999,,,,,289.80001831,3.07999992,
,,,290.00000000,2.3999999,,,,,290.00000000,2.72000003,,,,,290.00000000,2.5999999,,,,,290.00000000,3.07999992,
,,,290.20001221,2.3999999,,,,,290.20001221,2.72000003,,,,,290.20001221,2.5999999,,,,,290.20001221,2.91999984,
,,,290.39999390,2.3999999,,,,,290.39999390,2.6799998,,,,,290.39999390,2.5999999,,,,,290.39999390,3.03999996,
,,,290.60000610,2.3999999,,,,,290.60000610,2.6799998,,,,,290.60000610,2.5999999,,,,,290.60000610,3.03999996,
,,,290.80001831,2.3999999,,,,,290.80001831,2.6799998,,,,,290.80001831,2.5999999,,,,,290.80001831,3.03999996,
,,,291.00000000,2.3999999,,,,,291.00000000,2.6799998,,,,,291.00000000,2.5999999,,,,,291.00000000,3.03999996,
,,,291.20001221,2.3999999,,,,,291.20001221,2.72000003,,,,,291.20001221,2.5999999,,,,,291.20001221,3.03999996,
,,,291.39999390,2.3999999,,,,,291.39999390,2.72000003,,,,,291.39999390,2.5999999,,,,,291.39999390,3.03999996,
,,,291.60000610,2.3999999,,,,,291.60000610,2.72000003,,,,,291.60000610,2.5999999,,,,,291.60000610,3.03999996,
,,,291.80001831,2.3999999,,,,,291.80001831,2.72000003,,,,,291.80001831,2.5999999,,,,,291.80001831,3.03999996,
,,,292.00000000,2.3999999,,,,,292.00000000,2.72000003,,,,,292.00000000,2.5999999,,,,,292.00000000,3.03999996,
,,,292.20001221,2.3999999,,,,,292.20001221,2.72000003,,,,,292.20001221,2.5999999,,,,,292.20001221,3.03999996,
,,,292.39999390,2.3999999,,,,,292.39999390,2.75999999,,,,,292.39999390,2.5999999,,,,,292.39999390,3.00000000,
,,,292.60000610,2.3999999,,,,,292.60000610,2.6799998,,,,,292.60000610,2.5999999,,,,,292.60000610,3.00000000,
,,,292.80001831,2.3999999,,,,,292.80001831,2.72000003,,,,,292.80001831,2.6399999,,,,,292.80001831,3.00000000,
,,,293.00000000,2.3999999,,,,,293.00000000,2.72000003,,,,,293.00000000,2.5999999,,,,,293.00000000,3.00000000,
,,,293.20001221,2.3999999,,,,,293.20001221,2.6799998,,,,,293.20001221,2.5999999,,,,,293.20001221,3.00000000,
,,,293.39999390,2.3999999,,,,,293.39999390,2.72000003,,,,,293.39999390,2.5999999,,,,,293.39999390,3.00000000,
,,,293.60000610,2.3999999,,,,,293.60000610,2.6799998,,,,,293.60000610,2.5999999,,,,,293.60000610,3.00000000,
,,,293.80001831,2.3999999,,,,,293.80001831,2.72000003,,,,,293.80001831,2.5999999,,,,,293.80001831,3.03999996,
,,,294.00000000,2.3999999,,,,,294.00000000,2.72000003,,,,,294.00000000,2.5999999,,,,,294.00000000,3.00000000,
,,,294.20001221,2.3999999,,,,,294.20001221,2.72000003,,,,,294.20001221,2.5999999,,,,,294.20001221,2.96000004,
,,,294.39999390,2.3999999,,,,,294.39999390,2.72000003,,,,,294.39999390,2.5999999,,,,,294.39999390,3.00000000,
,,,294.60000610,2.3999999,,,,,294.60000610,2.72000003,,,,,294.60000610,2.5999999,,,,,294.60000610,3.00000000,
,,,294.80001831,2.3999999,,,,,294.80001831,2.6799998,,,,,294.80001831,2.6399999,,,,,294.80001831,2.96000004,
,,,295.00000000,2.3999999,,,,,295.00000000,2.6799998,,,,,295.00000000,2.5999999,,,,,295.00000000,3.00000000,
,,,295.20001221,2.3999999,,,,,295.20001221,2.72000003,,,,,295.20001221,2.6399999,,,,,295.20001221,2.96000004,
,,,295.39999390,2.3999999,,,,,295.39999390,2.6799998,,,,,295.39999390,2.5999999,,,,,295.39999390,2.96000004,
,,,295.60000610,2.3999999,,,,,295.60000610,2.6799998,,,,,295.60000610,2.6399999,,,,,295.60000610,3.00000000,
,,,295.80001831,2.3999999,,,,,295.80001831,2.6399999,,,,,295.80001831,2.5999999,,,,,295.80001831,2.96000004,
,,,296.00000000,2.3999999,,,,,296.00000000,2.6799998,,,,,296.00000000,2.5999999,,,,,296.00000000,2.96000004,
,,,296.20001221,2.3999999,,,,,296.20001221,2.6799998,,,,,296.20001221,2.5999999,,,,,296.20001221,2.96000004,
,,,296.39999390,2.3999999,,,,,296.39999390,2.72000003,,,,,296.39999390,2.5999999,,,,,296.39999390,2.96000004,
,,,296.60000610,2.3999999,,,,,296.60000610,2.72000003,,,,,296.60000610,2.5999999,,,,,296.60000610,2.96000004,
,,,296.80001831,2.3999999,,,,,296.80001831,2.6799998,,,,,296.80001831,2.5999999,,,,,296.80001831,2.96000004,
,,,297.00000000,2.3999999,,,,,297.00000000,2.6799998,,,,,297.00000000,2.6399999,,,,,297.00000000,2.96000004,
,,,297.20001221,2.3999999,,,,,297.20001221,2.72000003,,,,,297.20001221,2.5999999,,,,,297.20001221,3.00000000,
,,,297.39999390,2.3999999,,,,,297.39999390,2.72000003,,,,,297.39999390,2.6399999,,,,,297.39999390,2.96000004,
,,,297.60000610,2.3999999,,,,,297.60000610,2.72000003,,,,,297.60000610,2.5999999,,,,,297.60000610,2.91999984,
,,,297.80001831,2.3999999,,,,,297.80001831,2.72000003,,,,,297.80001831,2.6399999,,,,,297.80001831,2.91999984,
,,,298.00000000,2.3999999,,,,,298.00000000,2.72000003,,,,,298.00000000,2.5999999,,,,,298.00000000,2.96000004,
,,,298.20001221,2.3999999,,,,,298.20001221,2.6799998,,,,,298.20001221,2.5999999,,,,,298.20001221,2.87999988,
,,,298.39999390,2.3999999,,,,,298.39999390,2.72000003,,,,,298.39999390,2.6399999,,,,,298.39999390,2.96000004,
,,,298.60000610,2.3999999,,,,,298.60000610,2.72000003,,,,,298.60000610,2.5999999,,,,,298.60000610,2.96000004,
,,,298.80001831,2.3999999,,,,,298.80001831,2.6799998,,,,,298.80001831,2.5999999,,,,,298.80001831,2.91999984,
,,,299.00000000,2.3999999,,,,,299.00000000,2.72000003,,,,,299.00000000,2.5999999,,,,,299.00000000,2.91999984,
,,,299.20001221,2.3999999,,,,,299.20001221,2.6799998,,,,,299.20001221,2.6399999,,,,,299.20001221,2.96000004,
,,,299.39999390,2.3999999,,,,,299.39999390,2.6799998,,,,,299.39999390,2.6399999,,,,,299.39999390,2.91999984,
,,,299.60000610,2.3999999,,,,,299.60000610,2.75999999,,,,,299.60000610,2.6399999,,,,,299.60000610,2.91999984,
,,,299.80001831,2.3999999,,,,,299.80001831,2.72000003,,,,,299.80001831,2.5999999,,,,,299.80001831,2.91999984,
,,,300.00000000,2.3999999,,,,,300.00000000,2.75999999,,,,,300.00000000,2.5999999,,,,,300.00000000,2.87999988,
,,,300.20001221,2.3999999,,,,,300.20001221,2.75999999,,,,,300.20001221,2.5999999,,,,,300.20001221,2.87999988,
,,,300.39999390,2.3999999,,,,,300.39999390,2.6799998,,,,,300.39999390,2.5999999,,,,,300.39999390,2.91999984,
,,,300.60000610,2.3599999,,,,,300.60000610,2.72000003,,,,,300.60000610,2.5999999,,,,,300.60000610,2.91999984,
,,,300.80001831,2.3999999,,,,,300.80001831,2.6799998,,,,,300.80001831,2.6399999,,,,,300.80001831,2.91999984,
,,,301.00000000,2.3999999,,,,,301.00000000,2.72000003,,,,,301.00000000,2.5999999,,,,,301.00000000,2.91999984,
,,,301.20001221,2.3999999,,,,,301.20001221,2.6799998,,,,,301.20001221,2.6399999,,,,,301.20001221,2.91999984,
,,,301.39999390,2.3999999,,,,,301.39999390,2.6799998,,,,,301.39999390,2.6399999,,,,,301.39999390,2.91999984,
,,,301.60000610,2.3999999,,,,,301.60000610,2.6799998,,,,,301.60000610,2.5999999,,,,,301.60000610,2.87999988,
,,,301.80001831,2.3999999,,,,,301.80001831,2.6799998,,,,,301.80001831,2.5999999,,,,,301.80001831,2.87999988,
,,,302.00000000,2.3999999,,,,,302.00000000,2.72000003,,,,,302.00000000,2.5999999,,,,,302.00000000,2.91999984,
,,,302.20001221,2.3999999,,,,,302.20001221,2.6799998,,,,,302.20001221,2.6399999,,,,,302.20001221,2.87999988,
,,,302.39999390,2.3999999,,,,,302.39999390,2.72000003,,,,,302.39999390,2.5999999,,,,,302.39999390,2.87999988,
,,,302.60000610,2.3999999,,,,,302.60000610,2.72000003,,,,,302.60000610,2.5999999,,,,,302.60000610,2.91999984,
,,,302.80001831,2.3999999,,,,,302.80001831,2.6799998,,,,,302.80001831,2.5999999,,,,,302.80001831,2.87999988,
,,,303.00000000,2.3999999,,,,,303.00000000,2.6799998,,,,,303.00000000,2.5999999,,,,,303.00000000,2.87999988,
,,,303.20001221,2.3999999,,,,,303.20001221,2.72000003,,,,,303.20001221,2.5999999,,,,,303.20001221,2.91999984,
,,,303.39999390,2.3999999,,,,,303.39999390,2.72000003,,,,,303.39999390,2.5999999,,,,,303.39999390,2.87999988,
,,,303.60000610,2.3999999,,,,,303.60000610,2.6799998,,,,,303.60000610,2.5999999,,,,,303.60000610,2.83999991,
,,,303.80001831,2.3999999,,,,,303.80001831,2.6799998,,,,,303.80001831,2.5999999,,,,,303.80001831,2.87999988,
,,,304.00000000,2.4400001,,,,,304.00000000,2.72000003,,,,,304.00000000,2.5999999,,,,,304.00000000,2.87999988,
,,,304.20001221,2.3999999,,,,,304.20001221,2.6799998,,,,,304.20001221,2.5999999,,,,,304.20001221,2.87999988,
,,,304.39999390,2.3999999,,,,,304.39999390,2.72000003,,,,,304.39999390,2.5999999,,,,,304.39999390,2.87999988,
,,,304.60000610,2.3999999,,,,,304.60000610,2.72000003,,,,,304.60000610,2.5999999,,,,,304.60000610,2.87999988,
,,,304.80001831,2.3999999,,,,,304.80001831,2.72000003,,,,,304.80001831,2.5999999,,,,,304.80001831,2.83999991,
,,,305.00000000,2.3999999,,,,,305.00000000,2.79999995,,,,,305.00000000,2.5999999,,,,,305.00000000,2.87999988,
,,,305.20001221,2.3999999,,,,,305.20001221,2.72000003,,,,,305.20001221,2.5999999,,,,,305.20001221,2.87999988,
,,,305.39999390,2.3999999,,,,,305.39999390,2.72000003,,,,,305.39999390,2.5999999,,,,,305.39999390,2.83999991,
,,,305.60000610,2.3999999,,,,,305.60000610,2.72000003,,,,,305.60000610,2.5999999,,,,,305.60000610,2.87999988,
,,,305.80001831,2.3999999,,,,,305.80001831,2.72000003,,,,,305.80001831,2.5999999,,,,,305.80001831,2.87999988,
,,,306.00000000,2.3599999,,,,,306.00000000,2.6799998,,,,,306.00000000,2.6399999,,,,,306.00000000,2.87999988,
,,,306.20001221,2.3999999,,,,,306.20001221,2.72000003,,,,,306.20001221,2.5999999,,,,,306.20001221,2.87999988,
,,,306.39999390,2.3999999,,,,,306.39999390,2.72000003,,,,,306.39999390,2.5999999,,,,,306.39999390,2.87999988,
,,,306.60000610,2.3999999,,,,,306.60000610,2.6799998,,,,,306.60000610,2.5999999,,,,,306.60000610,2.87999988,
,,,306.80001831,2.3999999,,,,,306.80001831,2.6799998,,,,,306.80001831,2.5999999,,,,,306.80001831,2.87999988,
,,,307.00000000,2.3999999,,,,,307.00000000,2.6799998,,,,,307.00000000,2.5999999,,,,,307.00000000,2.87999988,
,,,307.20001221,2.3999999,,,,,307.20001221,2.6799998,,,,,307.20001221,2.5999999,,,,,307.20001221,2.87999988,
,,,307.39999390,2.3999999,,,,,307.39999390,2.72000003,,,,,307.39999390,2.5999999,,,,,307.39999390,2.83999991,
,,,307.60000610,2.3999999,,,,,307.60000610,2.72000003,,,,,307.60000610,2.6399999,,,,,307.60000610,2.83999991,
,,,307.80001831,2.3999999,,,,,307.80001831,2.6799998,,,,,307.80001831,2.5999999,,,,,307.80001831,2.83999991,
,,,308.00000000,2.3599999,,,,,308.00000000,2.72000003,,,,,308.00000000,2.6399999,,,,,308.00000000,2.83999991,
,,,308.20001221,2.3999999,,,,,308.20001221,2.72000003,,,,,308.20001221,2.5999999,,,,,308.20001221,2.83999991,
,,,308.39999390,2.3999999,,,,,308.39999390,2.72000003,,,,,308.39999390,2.5999999,,,,,308.39999390,2.83999991,
,,,308.60000610,2.3999999,,,,,308.60000610,2.72000003,,,,,308.60000610,2.5999999,,,,,308.60000610,2.83999991,
,,,308.80001831,2.3999999,,,,,308.80001831,2.72000003,,,,,308.80001831,2.5999999,,,,,308.80001831,2.83999991,
,,,309.00000000,2.3999999,,,,,309.00000000,2.72000003,,,,,309.00000000,2.5999999,,,,,309.00000000,2.83999991,
,,,309.20001221,2.3999999,,,,,309.20001221,2.72000003,,,,,309.20001221,2.5999999,,,,,309.20001221,2.83999991,
,,,309.39999390,2.3999999,,,,,309.39999390,2.72000003,,,,,309.39999390,2.5999999,,,,,309.39999390,2.83999991,
,,,309.60000610,2.3999999,,,,,309.60000610,2.6799998,,,,,309.60000610,2.5999999,,,,,309.60000610,2.75999999,
,,,309.80001831,2.3999999,,,,,309.80001831,2.6799998,,,,,309.80001831,2.5999999,,,,,309.80001831,2.79999995,
,,,310.00000000,2.3999999,,,,,310.00000000,2.72000003,,,,,310.00000000,2.5999999,,,,,310.00000000,2.83999991,
,,,310.20001221,2.3999999,,,,,310.20001221,2.6799998,,,,,310.20001221,2.5999999,,,,,310.20001221,2.83999991,
,,,310.39999390,2.3999999,,,,,310.39999390,2.6799998,,,,,310.39999390,2.5999999,,,,,310.39999390,2.83999991,
,,,310.60000610,2.3999999,,,,,310.60000610,2.6799998,,,,,310.60000610,2.5999999,,,,,310.60000610,2.79999995,
,,,310.80001831,2.3999999,,,,,310.80001831,2.75999999,,,,,310.80001831,2.5999999,,,,,310.80001831,2.79999995,
,,,311.00000000,2.3999999,,,,,311.00000000,2.72000003,,,,,311.00000000,2.5999999,,,,,311.00000000,2.79999995,
,,,311.20001221,2.3999999,,,,,311.20001221,2.72000003,,,,,311.20001221,2.5999999,,,,,311.20001221,2.87999988,
,,,311.39999390,2.3999999,,,,,311.39999390,2.6799998,,,,,311.39999390,2.5999999,,,,,311.39999390,2.79999995,
,,,311.60000610,2.3999999,,,,,311.60000610,2.6799998,,,,,311.60000610,2.5999999,,,,,311.60000610,2.79999995,
,,,311.80001831,2.3999999,,,,,311.80001831,2.6799998,,,,,311.80001831,2.5999999,,,,,311.80001831,2.75999999,
,,,312.00000000,2.3999999,,,,,312.00000000,2.72000003,,,,,312.00000000,2.5999999,,,,,312.00000000,2.79999995,
,,,312.20001221,2.4400001,,,,,312.20001221,2.6799998,,,,,312.20001221,2.5999999,,,,,312.20001221,2.79999995,
,,,312.39999390,2.3999999,,,,,312.39999390,2.72000003,,,,,312.39999390,2.5999999,,,,,312.39999390,2.79999995,
,,,312.60000610,2.3999999,,,,,312.60000610,2.6799998,,,,,312.60000610,2.5999999,,,,,312.60000610,2.75999999,
,,,312.80001831,2.3999999,,,,,312.80001831,2.72000003,,,,,312.80001831,2.5999999,,,,,312.80001831,2.75999999,
,,,313.00000000,2.3999999,,,,,313.00000000,2.6799998,,,,,313.00000000,2.6399999,,,,,313.00000000,2.79999995,
,,,313.20001221,2.3999999,,,,,313.20001221,2.72000003,,,,,313.20001221,2.5999999,,,,,313.20001221,2.75999999,
,,,313.39999390,2.3999999,,,,,313.39999390,2.6799998,,,,,313.39999390,2.5999999,,,,,313.39999390,2.75999999,
,,,313.60000610,2.3999999,,,,,313.60000610,2.6799998,,,,,313.60000610,2.5999999,,,,,313.60000610,2.79999995,
,,,313.80001831,2.3999999,,,,,313.80001831,2.72000003,,,,,313.80001831,2.5999999,,,,,313.80001831,2.75999999,
,,,314.00000000,2.3599999,,,,,314.00000000,2.6799998,,,,,314.00000000,2.5999999,,,,,314.00000000,2.75999999,
,,,314.20001221,2.3999999,,,,,314.20001221,2.6799998,,,,,314.20001221,2.5999999,,,,,314.20001221,2.75999999,
,,,314.39999390,2.3599999,,,,,314.39999390,2.6799998,,,,,314.39999390,2.5999999,,,,,314.39999390,2.75999999,
,,,314.60000610,2.3999999,,,,,314.60000610,2.6399999,,,,,314.60000610,2.5999999,,,,,314.60000610,2.75999999,
,,,314.80001831,2.3999999,,,,,314.80001831,2.6799998,,,,,314.80001831,2.5999999,,,,,314.80001831,2.75999999,
,,,315.00000000,2.3999999,,,,,315.00000000,2.72000003,,,,,315.00000000,2.6399999,,,,,315.00000000,2.75999999,
,,,315.20001221,2.3999999,,,,,315.20001221,2.6799998,,,,,315.20001221,2.5999999,,,,,315.20001221,2.75999999,
,,,315.39999390,2.3999999,,,,,315.39999390,2.72000003,,,,,315.39999390,2.5999999,,,,,315.39999390,2.75999999,
,,,315.60000610,2.3999999,,,,,315.60000610,2.6799998,,,,,315.60000610,2.5999999,,,,,315.60000610,2.75999999,
,,,315.80001831,2.3999999,,,,,315.80001831,2.6399999,,,,,315.80001831,2.5999999,,,,,315.80001831,2.75999999,
,,,316.00000000,2.3999999,,,,,316.00000000,2.72000003,,,,,316.00000000,2.5999999,,,,,316.00000000,2.75999999,
,,,316.20001221,2.3999999,,,,,316.20001221,2.6799998,,,,,316.20001221,2.5999999,,,,,316.20001221,2.75999999,
,,,316.39999390,2.3999999,,,,,316.39999390,2.6799998,,,,,316.39999390,2.5999999,,,,,316.39999390,2.72000003,
,,,316.60000610,2.3999999,,,,,316.60000610,2.6799998,,,,,316.60000610,2.5999999,,,,,316.60000610,2.75999999,
,,,316.80001831,2.3999999,,,,,316.80001831,2.72000003,,,,,316.80001831,2.5999999,,,,,316.80001831,2.72000003,
,,,317.00000000,2.3999999,,,,,317.00000000,2.75999999,,,,,317.00000000,2.5999999,,,,,317.00000000,2.72000003,
,,,317.20001221,2.3999999,,,,,317.20001221,2.6799998,,,,,317.20001221,2.5999999,,,,,317.20001221,2.75999999,
,,,317.39999390,2.3999999,,,,,317.39999390,2.6799998,,,,,317.39999390,2.5999999,,,,,317.39999390,2.72000003,
,,,317.60000610,2.3999999,,,,,317.60000610,2.72000003,,,,,317.60000610,2.5999999,,,,,317.60000610,2.72000003,
,,,317.80001831,2.3999999,,,,,317.80001831,2.72000003,,,,,317.80001831,2.5999999,,,,,317.80001831,2.72000003,
,,,318.00000000,2.3999999,,,,,318.00000000,2.72000003,,,,,318.00000000,2.5999999,,,,,318.00000000,2.72000003,
,,,318.20001221,2.3999999,,,,,318.20001221,2.6799998,,,,,318.20001221,2.5999999,,,,,318.20001221,2.72000003,
,,,318.39999390,2.3999999,,,,,318.39999390,2.72000003,,,,,318.39999390,2.5999999,,,,,318.39999390,2.72000003,
,,,318.60000610,2.3999999,,,,,318.60000610,2.75999999,,,,,318.60000610,2.6399999,,,,,318.60000610,2.79999995,
,,,318.80001831,2.3999999,,,,,318.80001831,2.75999999,,,,,318.80001831,2.5999999,,,,,318.80001831,2.72000003,
,,,319.00000000,2.3999999,,,,,319.00000000,2.79999995,,,,,319.00000000,2.5999999,,,,,319.00000000,2.72000003,
,,,319.20001221,2.3999999,,,,,319.20001221,2.72000003,,,,,319.20001221,2.5999999,,,,,319.20001221,2.72000003,
,,,319.39999390,2.3999999,,,,,319.39999390,2.72000003,,,,,319.39999390,2.5999999,,,,,319.39999390,2.72000003,
,,,319.60000610,2.3999999,,,,,319.60000610,2.75999999,,,,,319.60000610,2.5999999,,,,,319.60000610,2.72000003,
,,,319.80001831,2.3999999,,,,,319.80001831,2.6799998,,,,,319.80001831,2.5999999,,,,,319.80001831,2.72000003,
,,,320.00000000,2.3999999,,,,,320.00000000,2.72000003,,,,,320.00000000,2.5999999,,,,,320.00000000,2.72000003,
,,,320.20001221,2.3999999,,,,,320.20001221,2.6799998,,,,,320.20001221,2.5999999,,,,,320.20001221,2.6799998,
,,,320.39999390,2.3999999,,,,,320.39999390,2.6799998,,,,,320.39999390,2.5999999,,,,,320.39999390,2.72000003,
,,,320.60000610,2.3999999,,,,,320.60000610,2.72000003,,,,,320.60000610,2.5999999,,,,,320.60000610,2.6799998,
,,,320.80001831,2.3999999,,,,,320.80001831,2.6399999,,,,,320.80001831,2.5999999,,,,,320.80001831,2.6799998,
,,,321.00000000,2.3999999,,,,,321.00000000,2.72000003,,,,,321.00000000,2.5999999,,,,,321.00000000,2.6799998,
,,,321.20001221,2.3999999,,,,,321.20001221,2.6799998,,,,,321.20001221,2.5999999,,,,,321.20001221,2.6799998,
,,,321.39999390,2.3999999,,,,,321.39999390,2.72000003,,,,,321.39999390,2.5999999,,,,,321.39999390,2.6399999,
,,,321.60000610,2.3999999,,,,,321.60000610,2.6799998,,,,,321.60000610,2.5999999,,,,,321.60000610,2.6799998,
,,,321.80001831,2.3999999,,,,,321.80001831,2.6799998,,,,,321.80001831,2.5999999,,,,,321.80001831,2.6799998,
,,,322.00000000,2.3999999,,,,,322.00000000,2.6799998,,,,,322.00000000,2.6399999,,,,,322.00000000,2.6799998,
,,,322.20001221,2.3999999,,,,,322.20001221,2.6799998,,,,,322.20001221,2.5999999,,,,,322.20001221,2.6799998,
,,,322.39999390,2.3999999,,,,,322.39999390,2.6799998,,,,,322.39999390,2.5999999,,,,,322.39999390,2.6799998,
,,,322.60000610,2.3999999,,,,,322.60000610,2.6799998,,,,,322.60000610,2.5999999,,,,,322.60000610,2.6799998,
,,,322.80001831,2.3999999,,,,,322.80001831,2.72000003,,,,,322.80001831,2.5999999,,,,,322.80001831,2.6799998,
,,,323.00000000,2.3999999,,,,,323.00000000,2.72000003,,,,,323.00000000,2.5599999,,,,,323.00000000,2.5999999,
,,,323.20001221,2.3999999,,,,,323.20001221,2.72000003,,,,,323.20001221,2.5999999,,,,,323.20001221,2.6399999,
,,,323.39999390,2.3999999,,,,,323.39999390,2.72000003,,,,,323.39999390,2.5999999,,,,,323.39999390,2.6799998,
,,,323.60000610,2.3999999,,,,,323.60000610,2.72000003,,,,,323.60000610,2.5999999,,,,,323.60000610,2.6799998,
,,,323.80001831,2.3599999,,,,,323.80001831,2.72000003,,,,,323.80001831,2.5999999,,,,,323.80001831,2.6799998,
,,,324.00000000,2.3999999,,,,,324.00000000,2.72000003,,,,,324.00000000,2.5999999,,,,,324.00000000,2.6799998,
,,,324.20001221,2.3999999,,,,,324.20001221,2.75999999,,,,,324.20001221,2.5999999,,,,,324.20001221,2.6799998,
,,,324.39999390,2.3999999,,,,,324.39999390,2.75999999,,,,,324.39999390,2.5999999,,,,,324.39999390,2.6799998,
,,,324.60000610,2.3999999,,,,,324.60000610,2.72000003,,,,,324.60000610,2.5999999,,,,,324.60000610,2.6399999,
,,,324.80001831,2.3999999,,,,,324.80001831,2.72000003,,,,,324.80001831,2.5999999,,,,,324.80001831,2.6399999,
,,,325.00000000,2.3999999,,,,,325.00000000,2.72000003,,,,,325.00000000,2.5999999,,,,,325.00000000,2.6399999,
,,,325.20001221,2.3999999,,,,,325.20001221,2.72000003,,,,,325.20001221,2.5999999,,,,,325.20001221,2.5999999,
,,,325.39999390,2.3999999,,,,,325.39999390,2.72000003,,,,,325.39999390,2.5999999,,,,,325.39999390,2.5999999,
,,,325.60000610,2.3999999,,,,,325.60000610,2.72000003,,,,,325.60000610,2.6399999,,,,,325.60000610,2.6399999,
,,,325.80001831,2.3999999,,,,,325.80001831,2.72000003,,,,,325.80001831,2.5999999,,,,,325.80001831,2.6399999,
,,,326.00000000,2.4400001,,,,,326.00000000,2.72000003,,,,,326.00000000,2.5999999,,,,,326.00000000,2.5999999,
,,,326.20001221,2.3599999,,,,,326.20001221,2.72000003,,,,,326.20001221,2.5999999,,,,,326.20001221,2.6399999,
,,,326.39999390,2.3999999,,,,,326.39999390,2.72000003,,,,,326.39999390,2.5999999,,,,,326.39999390,2.5999999,
,,,326.60000610,2.3999999,,,,,326.60000610,2.75999999,,,,,326.60000610,2.5999999,,,,,326.60000610,2.6399999,
,,,326.80001831,2.3599999,,,,,326.80001831,2.6799998,,,,,326.80001831,2.5999999,,,,,326.80001831,2.6399999,
,,,327.00000000,2.3999999,,,,,327.00000000,2.72000003,,,,,327.00000000,2.5999999,,,,,327.00000000,2.5999999,
,,,327.20001221,2.3999999,,,,,327.20001221,2.6799998,,,,,327.20001221,2.5999999,,,,,327.20001221,2.5999999,
,,,327.39999390,2.3999999,,,,,327.39999390,2.6799998,,,,,327.39999390,2.5999999,,,,,327.39999390,2.5999999,
,,,327.60000610,2.4400001,,,,,327.60000610,2.6799998,,,,,327.60000610,2.5999999,,,,,327.60000610,2.5999999,
,,,327.80001831,2.3999999,,,,,327.80001831,2.72000003,,,,,327.80001831,2.6399999,,,,,327.80001831,2.6399999,
,,,328.00000000,2.3999999,,,,,328.00000000,2.72000003,,,,,328.00000000,2.5999999,,,,,328.00000000,2.5999999,
,,,328.20001221,2.3999999,,,,,328.20001221,2.72000003,,,,,328.20001221,2.5999999,,,,,328.20001221,2.5999999,
,,,328.39999390,2.3999999,,,,,328.39999390,2.6799998,,,,,328.39999390,2.5999999,,,,,328.39999390,2.5999999,
,,,328.60000610,2.3999999,,,,,328.60000610,2.72000003,,,,,328.60000610,2.5999999,,,,,328.60000610,2.5999999,
,,,328.80001831,2.3999999,,,,,328.80001831,2.6799998,,,,,328.80001831,2.5999999,,,,,328.80001831,2.5999999,
,,,329.00000000,2.3599999,,,,,329.00000000,2.6799998,,,,,329.00000000,2.5999999,,,,,329.00000000,2.5999999,
,,,329.20001221,2.3599999,,,,,329.20001221,2.6799998,,,,,329.20001221,2.5999999,,,,,329.20001221,2.5999999,
,,,329.39999390,2.3999999,,,,,329.39999390,2.72000003,,,,,329.39999390,2.5999999,,,,,329.39999390,2.5999999,
,,,329.60000610,2.3999999,,,,,329.60000610,2.72000003,,,,,329.60000610,2.5999999,,,,,329.60000610,2.5599999,
,,,329.80001831,2.3999999,,,,,329.80001831,2.6799998,,,,,329.80001831,2.5999999,,,,,329.80001831,2.5599999,
,,,330.00000000,2.3999999,,,,,330.00000000,2.72000003,,,,,330.00000000,2.6399999,,,,,330.00000000,2.5599999,
,,,330.20001221,2.3999999,,,,,330.20001221,2.72000003,,,,,330.20001221,2.5999999,,,,,330.20001221,2.5599999,
,,,330.39999390,2.3999999,,,,,330.39999390,2.72000003,,,,,330.39999390,2.5999999,,,,,330.39999390,2.5599999,
,,,330.60000610,2.3999999,,,,,330.60000610,2.72000003,,,,,330.60000610,2.5999999,,,,,330.60000610,2.5599999,
,,,330.80001831,2.3999999,,,,,330.80001831,2.6799998,,,,,330.80001831,2.5999999,,,,,330.80001831,2.5599999,
,,,331.00000000,2.3999999,,,,,331.00000000,2.6799998,,,,,331.00000000,2.5999999,,,,,331.00000000,2.5599999,
,,,331.20001221,2.3999999,,,,,331.20001221,2.6799998,,,,,331.20001221,2.5999999,,,,,331.20001221,2.5999999,
,,,331.39999390,2.3999999,,,,,331.39999390,2.72000003,,,,,331.39999390,2.5999999,,,,,331.39999390,2.5599999,
,,,331.60000610,2.3999999,,,,,331.60000610,2.72000003,,,,,331.60000610,2.5999999,,,,,331.60000610,2.5599999,
,,,331.80001831,2.3999999,,,,,331.80001831,2.72000003,,,,,331.80001831,2.5999999,,,,,331.80001831,2.5599999,
,,,332.00000000,2.3999999,,,,,332.00000000,2.6799998,,,,,332.00000000,2.5999999,,,,,332.00000000,2.5599999,
,,,332.20001221,2.3999999,,,,,332.20001221,2.72000003,,,,,332.20001221,2.5999999,,,,,332.20001221,2.5999999,
,,,332.39999390,2.3999999,,,,,332.39999390,2.72000003,,,,,332.39999390,2.5999999,,,,,332.39999390,2.5599999,
,,,332.60000610,2.3999999,,,,,332.60000610,2.72000003,,,,,332.60000610,2.5999999,,,,,332.60000610,2.5599999,
,,,332.80001831,2.3999999,,,,,332.80001831,2.6799998,,,,,332.80001831,2.6399999,,,,,332.80001831,2.5599999,
,,,333.00000000,2.3999999,,,,,333.00000000,2.72000003,,,,,333.00000000,2.5999999,,,,,333.00000000,2.5599999,
,,,333.20001221,2.3999999,,,,,333.20001221,2.72000003,,,,,333.20001221,2.5999999,,,,,333.20001221,2.5999999,
,,,333.39999390,2.3999999,,,,,333.39999390,2.72000003,,,,,333.39999390,2.5999999,,,,,333.39999390,2.5999999,
,,,333.60000610,2.3999999,,,,,333.60000610,2.72000003,,,,,333.60000610,2.5999999,,,,,333.60000610,2.5599999,
,,,333.80001831,2.3999999,,,,,333.80001831,2.6799998,,,,,333.80001831,2.5999999,,,,,333.80001831,2.5599999,
,,,334.00000000,2.3999999,,,,,334.00000000,2.6799998,,,,,334.00000000,2.5999999,,,,,334.00000000,2.5999999,
,,,334.20001221,2.3999999,,,,,334.20001221,2.72000003,,,,,334.20001221,2.5999999,,,,,334.20001221,2.5599999,
,,,334.39999390,2.3999999,,,,,334.39999390,2.75999999,,,,,334.39999390,2.5999999,,,,,334.39999390,2.5599999,
,,,334.60000610,2.3999999,,,,,334.60000610,2.6799998,,,,,334.60000610,2.5999999,,,,,334.60000610,2.5599999,
,,,334.80001831,2.3999999,,,,,334.80001831,2.6799998,,,,,334.80001831,2.5999999,,,,,334.80001831,2.5999999,
,,,335.00000000,2.3999999,,,,,335.00000000,2.6799998,,,,,335.00000000,2.5999999,,,,,335.00000000,2.5599999,
,,,335.20001221,2.3599999,,,,,335.20001221,2.6799998,,,,,335.20001221,2.5999999,,,,,335.20001221,2.5599999,
,,,335.39999390,2.3999999,,,,,335.39999390,2.72000003,,,,,335.39999390,2.5999999,,,,,335.39999390,2.5200000,
,,,335.60000610,2.3999999,,,,,335.60000610,2.72000003,,,,,335.60000610,2.6399999,,,,,335.60000610,2.5599999,
,,,335.80001831,2.3999999,,,,,335.80001831,2.6799998,,,,,335.80001831,2.5999999,,,,,335.80001831,2.5599999,
,,,336.00000000,2.3999999,,,,,336.00000000,2.6799998,,,,,336.00000000,2.5999999,,,,,336.00000000,2.5599999,
,,,336.20001221,2.3999999,,,,,336.20001221,2.6799998,,,,,336.20001221,2.5999999,,,,,336.20001221,2.5200000,
,,,336.39999390,2.3999999,,,,,336.39999390,2.6799998,,,,,336.39999390,2.5999999,,,,,336.39999390,2.5200000,
,,,336.60000610,2.3999999,,,,,336.60000610,2.72000003,,,,,336.60000610,2.5999999,,,,,336.60000610,2.5200000,
,,,336.80001831,2.3999999,,,,,336.80001831,2.6799998,,,,,336.80001831,2.5999999,,,,,336.80001831,2.5200000,
,,,337.00000000,2.3999999,,,,,337.00000000,2.6799998,,,,,337.00000000,2.5999999,,,,,337.00000000,2.5599999,
,,,337.20001221,2.3999999,,,,,337.20001221,2.6799998,,,,,337.20001221,2.5999999,,,,,337.20001221,2.5599999,
,,,337.39999390,2.3999999,,,,,337.39999390,2.72000003,,,,,337.39999390,2.5999999,,,,,337.39999390,2.5200000,
,,,337.60000610,2.3999999,,,,,337.60000610,2.75999999,,,,,337.60000610,2.5999999,,,,,337.60000610,2.5200000,
,,,337.80001831,2.3999999,,,,,337.80001831,2.72000003,,,,,337.80001831,2.5999999,,,,,337.80001831,2.5200000,
,,,338.00000000,2.3999999,,,,,338.00000000,2.6799998,,,,,338.00000000,2.5999999,,,,,338.00000000,2.5200000,
,,,338.20001221,2.3999999,,,,,338.20001221,2.75999999,,,,,338.20001221,2.5999999,,,,,338.20001221,2.5200000,
,,,338.39999390,2.3999999,,,,,338.39999390,2.72000003,,,,,338.39999390,2.6399999,,,,,338.39999390,2.5200000,
,,,338.60000610,2.3999999,,,,,338.60000610,2.72000003,,,,,338.60000610,2.5999999,,,,,338.60000610,2.5200000,
,,,338.80001831,2.3999999,,,,,338.80001831,2.6799998,,,,,338.80001831,2.5999999,,,,,338.80001831,2.5200000,
,,,339.00000000,2.3999999,,,,,339.00000000,2.72000003,,,,,339.00000000,2.5999999,,,,,339.00000000,2.5200000,
,,,339.20001221,2.3599999,,,,,339.20001221,2.6799998,,,,,339.20001221,2.5999999,,,,,339.20001221,2.5200000,
,,,339.39999390,2.3999999,,,,,339.39999390,2.72000003,,,,,339.39999390,2.5999999,,,,,339.39999390,2.5200000,
,,,339.60000610,2.3999999,,,,,339.60000610,2.72000003,,,,,339.60000610,2.5999999,,,,,339.60000610,2.4800000,
,,,339.80001831,2.3999999,,,,,339.80001831,2.72000003,,,,,339.80001831,2.5999999,,,,,339.80001831,2.5200000,
,,,340.00000000,2.3999999,,,,,340.00000000,2.6799998,,,,,340.00000000,2.5999999,,,,,340.00000000,2.4800000,
,,,340.20001221,2.3999999,,,,,340.20001221,2.72000003,,,,,340.20001221,2.6399999,,,,,340.20001221,2.5200000,
,,,340.39999390,2.3999999,,,,,340.39999390,2.72000003,,,,,340.39999390,2.5999999,,,,,340.39999390,2.4800000,
,,,340.60000610,2.3999999,,,,,340.60000610,2.6799998,,,,,340.60000610,2.5999999,,,,,340.60000610,2.4800000,
,,,340.80001831,2.3999999,,,,,340.80001831,2.6799998,,,,,340.80001831,2.5999999,,,,,340.80001831,2.4800000,
,,,341.00000000,2.3999999,,,,,341.00000000,2.6799998,,,,,341.00000000,2.5999999,,,,,341.00000000,2.5200000,
,,,341.20001221,2.3999999,,,,,341.20001221,2.6799998,,,,,341.20001221,2.5999999,,,,,341.20001221,2.4800000,
,,,341.39999390,2.3999999,,,,,341.39999390,2.6799998,,,,,341.39999390,2.5999999,,,,,341.39999390,2.4400001,
,,,341.60000610,2.3999999,,,,,341.60000610,2.72000003,,,,,341.60000610,2.5999999,,,,,341.60000610,2.4800000,
,,,341.80001831,2.3999999,,,,,341.80001831,2.72000003,,,,,341.80001831,2.5999999,,,,,341.80001831,2.4800000,
,,,342.00000000,2.3999999,,,,,342.00000000,2.72000003,,,,,342.00000000,2.5999999,,,,,342.00000000,2.4800000,
,,,342.20001221,2.3999999,,,,,342.20001221,2.72000003,,,,,342.20001221,2.5999999,,,,,342.20001221,2.4800000,
,,,342.39999390,2.3999999,,,,,342.39999390,2.72000003,,,,,342.39999390,2.5999999,,,,,342.39999390,2.4400001,
,,,342.60000610,2.3999999,,,,,342.60000610,2.72000003,,,,,342.60000610,2.5999999,,,,,342.60000610,2.4800000,
,,,342.80001831,2.3999999,,,,,342.80001831,2.72000003,,,,,342.80001831,2.5999999,,,,,342.80001831,2.4400001,
,,,343.00000000,2.3999999,,,,,343.00000000,2.72000003,,,,,343.00000000,2.5999999,,,,,343.00000000,2.4400001,
,,,343.20001221,2.3999999,,,,,343.20001221,2.72000003,,,,,343.20001221,2.5999999,,,,,343.20001221,2.4400001,
,,,343.39999390,2.3999999,,,,,343.39999390,2.6799998,,,,,343.39999390,2.5599999,,,,,343.39999390,2.4400001,
,,,343.60000610,2.3999999,,,,,343.60000610,2.6799998,,,,,343.60000610,2.5999999,,,,,343.60000610,2.4800000,
,,,343.80001831,2.3999999,,,,,343.80001831,2.72000003,,,,,343.80001831,2.5999999,,,,,343.80001831,2.4800000,
,,,344.00000000,2.3999999,,,,,344.00000000,2.72000003,,,,,344.00000000,2.5999999,,,,,344.00000000,2.4400001,
,,,344.20001221,2.3999999,,,,,344.20001221,2.72000003,,,,,344.20001221,2.5999999,,,,,344.20001221,2.4800000,
,,,344.39999390,2.3999999,,,,,344.39999390,2.72000003,,,,,344.39999390,2.5999999,,,,,344.39999390,2.4400001,
,,,344.60000610,2.3999999,,,,,344.60000610,2.72000003,,,,,344.60000610,2.5999999,,,,,344.60000610,2.4400001,
,,,344.80001831,2.3599999,,,,,344.80001831,2.6799998,,,,,344.80001831,2.5999999,,,,,344.80001831,2.4400001,
,,,345.00000000,2.3999999,,,,,345.00000000,2.6799998,,,,,345.00000000,2.5999999,,,,,345.00000000,2.4400001,
,,,345.20001221,2.3999999,,,,,345.20001221,2.6799998,,,,,345.20001221,2.5999999,,,,,345.20001221,2.4400001,
,,,345.39999390,2.3999999,,,,,345.39999390,2.6799998,,,,,345.39999390,2.5999999,,,,,345.39999390,2.4400001,
,,,345.60000610,2.3999999,,,,,345.60000610,2.72000003,,,,,345.60000610,2.5999999,,,,,345.60000610,2.4400001,
,,,345.80001831,2.3999999,,,,,345.80001831,2.72000003,,,,,345.80001831,2.5999999,,,,,345.80001831,2.4400001,
,,,346.00000000,2.3999999,,,,,346.00000000,2.6799998,,,,,346.00000000,2.5999999,,,,,346.00000000,2.3999999,
,,,346.20001221,2.3999999,,,,,346.20001221,2.72000003,,,,,346.20001221,2.5999999,,,,,346.20001221,2.3999999,
,,,346.39999390,2.3999999,,,,,346.39999390,2.6799998,,,,,346.39999390,2.5999999,,,,,346.39999390,2.4400001,
,,,346.60000610,2.3999999,,,,,346.60000610,2.72000003,,,,,346.60000610,2.5999999,,,,,346.60000610,2.3999999,
,,,346.80001831,2.3999999,,,,,346.80001831,2.72000003,,,,,346.80001831,2.6399999,,,,,346.80001831,2.3999999,
,,,347.00000000,2.3999999,,,,,347.00000000,2.72000003,,,,,347.00000000,2.5999999,,,,,347.00000000,2.3999999,
,,,347.20001221,2.3999999,,,,,347.20001221,2.72000003,,,,,347.20001221,2.5999999,,,,,347.20001221,2.4400001,
,,,347.39999390,2.3999999,,,,,347.39999390,2.72000003,,,,,347.39999390,2.5999999,,,,,347.39999390,2.3999999,
,,,347.60000610,2.3999999,,,,,347.60000610,2.72000003,,,,,347.60000610,2.5999999,,,,,347.60000610,2.3999999,
,,,347.80001831,2.3999999,,,,,347.80001831,2.6799998,,,,,347.80001831,2.5999999,,,,,347.80001831,2.3999999,
,,,348.00000000,2.3999999,,,,,348.00000000,2.72000003,,,,,348.00000000,2.5999999,,,,,348.00000000,2.3999999,
,,,348.20001221,2.3999999,,,,,348.20001221,2.72000003,,,,,348.20001221,2.5999999,,,,,348.20001221,2.3999999,
,,,348.39999390,2.3999999,,,,,348.39999390,2.72000003,,,,,348.39999390,2.5599999,,,,,348.39999390,2.3999999,
,,,348.60000610,2.3999999,,,,,348.60000610,2.6799998,,,,,348.60000610,2.5999999,,,,,348.60000610,2.3599999,
,,,348.80001831,2.3999999,,,,,348.80001831,2.72000003,,,,,348.80001831,2.5999999,,,,,348.80001831,2.3599999,
,,,349.00000000,2.3999999,,,,,349.00000000,2.72000003,,,,,349.00000000,2.5999999,,,,,349.00000000,2.3599999,
,,,349.20001221,2.3999999,,,,,349.20001221,2.72000003,,,,,349.20001221,2.5999999,,,,,349.20001221,2.3999999,
,,,349.39999390,2.3999999,,,,,349.39999390,2.72000003,,,,,349.39999390,2.5999999,,,,,349.39999390,2.3599999,
,,,349.60000610,2.3999999,,,,,349.60000610,2.75999999,,,,,349.60000610,2.5999999,,,,,349.60000610,2.3599999,
,,,349.80001831,2.3999999,,,,,349.80001831,2.6799998,,,,,349.80001831,2.5999999,,,,,349.80001831,2.3599999,
,,,350.00000000,2.3999999,,,,,350.00000000,2.72000003,,,,,350.00000000,2.5999999,,,,,350.00000000,2.3599999,
,,,350.20001221,2.3999999,,,,,350.20001221,2.75999999,,,,,350.20001221,2.5999999,,,,,350.20001221,2.3599999,
,,,350.39999390,2.3999999,,,,,350.39999390,2.6799998,,,,,350.39999390,2.5999999,,,,,350.39999390,2.3599999,
,,,350.60000610,2.3999999,,,,,350.60000610,2.72000003,,,,,350.60000610,2.6399999,,,,,350.60000610,2.4400001,
,,,350.80001831,2.3999999,,,,,350.80001831,2.72000003,,,,,350.80001831,2.5999999,,,,,350.80001831,2.3599999,
,,,351.00000000,2.3999999,,,,,351.00000000,2.72000003,,,,,351.00000000,2.5999999,,,,,351.00000000,2.3599999,
,,,351.20001221,2.3999999,,,,,351.20001221,2.72000003,,,,,351.20001221,2.5999999,,,,,351.20001221,2.3599999,
,,,351.39999390,2.4400001,,,,,351.39999390,2.79999995,,,,,351.39999390,2.5999999,,,,,351.39999390,2.3599999,
,,,351.60000610,2.4400001,,,,,351.60000610,2.6799998,,,,,351.60000610,2.5999999,,,,,351.60000610,2.3599999,
,,,351.80001831,2.3999999,,,,,351.80001831,2.72000003,,,,,351.80001831,2.5999999,,,,,351.80001831,2.3199999,
,,,352.00000000,2.3999999,,,,,352.00000000,2.72000003,,,,,352.00000000,2.5999999,,,,,352.00000000,2.3599999,
,,,352.20001221,2.3999999,,,,,352.20001221,2.6799998,,,,,352.20001221,2.5999999,,,,,352.20001221,2.3599999,
,,,352.39999390,2.3999999,,,,,352.39999390,2.72000003,,,,,352.39999390,2.6399999,,,,,352.39999390,2.3599999,
,,,352.60000610,2.3999999,,,,,352.60000610,2.72000003,,,,,352.60000610,2.5999999,,,,,352.60000610,2.3999999,
,,,352.80001831,2.3999999,,,,,352.80001831,2.6799998,,,,,352.80001831,2.5999999,,,,,352.80001831,2.3599999,
,,,353.00000000,2.3999999,,,,,353.00000000,2.72000003,,,,,353.00000000,2.5999999,,,,,353.00000000,2.4800000,
,,,353.20001221,2.3999999,,,,,353.20001221,2.6799998,,,,,353.20001221,2.5999999,,,,,353.20001221,2.5599999,
,,,353.39999390,2.3999999,,,,,353.39999390,2.6799998,,,,,353.39999390,2.5599999,,,,,353.39999390,2.4800000,
,,,353.60000610,2.3999999,,,,,353.60000610,2.6799998,,,,,353.60000610,2.5999999,,,,,353.60000610,2.5200000,
,,,353.80001831,2.3999999,,,,,353.80001831,2.6799998,,,,,353.80001831,2.5599999,,,,,353.80001831,2.5200000,
,,,354.00000000,2.3999999,,,,,354.00000000,2.6799998,,,,,354.00000000,2.5999999,,,,,354.00000000,2.5200000,
,,,354.20001221,2.3999999,,,,,354.20001221,2.72000003,,,,,354.20001221,2.5599999,,,,,354.20001221,2.5200000,
,,,354.39999390,2.3999999,,,,,354.39999390,2.72000003,,,,,354.39999390,2.5999999,,,,,354.39999390,2.5599999,
,,,354.60000610,2.3999999,,,,,354.60000610,2.6799998,,,,,354.60000610,2.5599999,,,,,354.60000610,2.5200000,
,,,354.80001831,2.3999999,,,,,354.80001831,2.6799998,,,,,354.80001831,2.5599999,,,,,354.80001831,2.5200000,
,,,355.00000000,2.3999999,,,,,355.00000000,2.6799998,,,,,355.00000000,2.5599999,,,,,355.00000000,2.5200000,
,,,355.20001221,2.3999999,,,,,355.20001221,2.75999999,,,,,355.20001221,2.5599999,,,,,355.20001221,2.4800000,
,,,355.39999390,2.3999999,,,,,355.39999390,2.75999999,,,,,355.39999390,2.5599999,,,,,355.39999390,2.4800000,
,,,355.60000610,2.3999999,,,,,355.60000610,2.72000003,,,,,355.60000610,2.5599999,,,,,355.60000610,2.4800000,
,,,355.80001831,2.3999999,,,,,355.80001831,2.72000003,,,,,355.80001831,2.5999999,,,,,355.80001831,2.5200000,
,,,356.00000000,2.3999999,,,,,356.00000000,2.72000003,,,,,356.00000000,2.5599999,,,,,356.00000000,2.5200000,
,,,356.20001221,2.3999999,,,,,356.20001221,2.72000003,,,,,356.20001221,2.5599999,,,,,356.20001221,2.4800000,
,,,356.39999390,2.3999999,,,,,356.39999390,2.72000003,,,,,356.39999390,2.5599999,,,,,356.39999390,2.5200000,
,,,356.60000610,2.3999999,,,,,356.60000610,2.72000003,,,,,356.60000610,2.5999999,,,,,356.60000610,2.5200000,
,,,356.80001831,2.3999999,,,,,356.80001831,2.72000003,,,,,356.80001831,2.5599999,,,,,356.80001831,2.5200000,
,,,357.00000000,2.3999999,,,,,357.00000000,2.72000003,,,,,357.00000000,2.5599999,,,,,357.00000000,2.5200000,
,,,357.20001221,2.3999999,,,,,357.20001221,2.72000003,,,,,357.20001221,2.5999999,,,,,357.20001221,2.5200000,
,,,357.39999390,2.3999999,,,,,357.39999390,2.75999999,,,,,357.39999390,2.5599999,,,,,357.39999390,2.5200000,
,,,357.60000610,2.3999999,,,,,357.60000610,2.72000003,,,,,357.60000610,2.5599999,,,,,357.60000610,2.5200000,
,,,357.80001831,2.3999999,,,,,357.80001831,2.72000003,,,,,357.80001831,2.5599999,,,,,357.80001831,2.5200000,
,,,358.00000000,2.3999999,,,,,358.00000000,2.6799998,,,,,358.00000000,2.5599999,,,,,358.00000000,2.4800000,
,,,358.20001221,2.3999999,,,,,358.20001221,2.75999999,,,,,358.20001221,2.5599999,,,,,358.20001221,2.4800000,
,,,358.39999390,2.3999999,,,,,358.39999390,2.72000003,,,,,358.39999390,2.5999999,,,,,358.39999390,2.5200000,
,,,358.60000610,2.3999999,,,,,358.60000610,2.72000003,,,,,358.60000610,2.5999999,,,,,358.60000610,2.5200000,
,,,358.80001831,2.3999999,,,,,358.80001831,2.72000003,,,,,358.80001831,2.5599999,,,,,358.80001831,2.4800000,
,,,359.00000000,2.3999999,,,,,359.00000000,2.72000003,,,,,359.00000000,2.5599999,,,,,359.00000000,2.5200000,
,,,359.20001221,2.4400001,,,,,359.20001221,2.72000003,,,,,359.20001221,2.5599999,,,,,359.20001221,2.5200000,
,,,359.39999390,2.3999999,,,,,359.39999390,2.6799998,,,,,359.39999390,2.5599999,,,,,359.39999390,2.5200000,
,,,359.60000610,2.3999999,,,,,359.60000610,2.72000003,,,,,359.60000610,2.5599999,,,,,359.60000610,2.5200000,
,,,359.80001831,2.3999999,,,,,359.80001831,2.72000003,,,,,359.80001831,2.5599999,,,,,359.80001831,2.4800000,
,,,360.00000000,2.3999999,,,,,360.00000000,2.6799998,,,,,360.00000000,2.5599999,,,,,360.00000000,2.5200000,
,,,360.20001221,2.3999999,,,,,360.20001221,2.6799998,,,,,360.20001221,2.5999999,,,,,360.20001221,2.5200000,
,,,360.39999390,2.3999999,,,,,360.39999390,2.72000003,,,,,360.39999390,2.5599999,,,,,360.39999390,2.5200000,
,,,360.60000610,2.3999999,,,,,360.60000610,2.72000003,,,,,360.60000610,2.5999999,,,,,360.60000610,2.5599999,
,,,360.80001831,2.3999999,,,,,360.80001831,2.72000003,,,,,360.80001831,2.5599999,,,,,360.80001831,2.5200000,
,,,361.00000000,2.3999999,,,,,361.00000000,2.72000003,,,,,361.00000000,2.5599999,,,,,361.00000000,2.5200000,
,,,361.20001221,2.3999999,,,,,361.20001221,2.72000003,,,,,361.20001221,2.5999999,,,,,361.20001221,2.5200000,
,,,361.39999390,2.3999999,,,,,361.39999390,2.72000003,,,,,361.39999390,2.5599999,,,,,361.39999390,2.4800000,
,,,361.60000610,2.3999999,,,,,361.60000610,2.6799998,,,,,361.60000610,2.5599999,,,,,361.60000610,2.4800000,
,,,361.80001831,2.3999999,,,,,361.80001831,2.6399999,,,,,361.80001831,2.5599999,,,,,361.80001831,2.5200000,
,,,362.00000000,2.3999999,,,,,362.00000000,2.72000003,,,,,362.00000000,2.5999999,,,,,362.00000000,2.4800000,
,,,362.20001221,2.3999999,,,,,362.20001221,2.6799998,,,,,362.20001221,2.5200000,,,,,362.20001221,2.4800000,
,,,362.39999390,2.3999999,,,,,362.39999390,2.72000003,,,,,362.39999390,2.5599999,,,,,362.39999390,2.4400001,
,,,362.60000610,2.3999999,,,,,362.60000610,2.6799998,,,,,362.60000610,2.5599999,,,,,362.60000610,2.4400001,
,,,362.80001831,2.3999999,,,,,362.80001831,2.72000003,,,,,362.80001831,2.5999999,,,,,362.80001831,2.4400001,
,,,363.00000000,2.3999999,,,,,363.00000000,2.72000003,,,,,363.00000000,2.5599999,,,,,363.00000000,2.4400001,
,,,363.20001221,2.3999999,,,,,363.20001221,2.72000003,,,,,363.20001221,2.5999999,,,,,363.20001221,2.4400001,
,,,363.39999390,2.3999999,,,,,363.39999390,2.72000003,,,,,363.39999390,2.5999999,,,,,363.39999390,2.4800000,
,,,363.60000610,2.3999999,,,,,363.60000610,2.6799998,,,,,363.60000610,2.5599999,,,,,363.60000610,2.4400001,
,,,363.80001831,2.3999999,,,,,363.80001831,2.72000003,,,,,363.80001831,2.5599999,,,,,363.80001831,2.4400001,
,,,364.00000000,2.3999999,,,,,364.00000000,2.72000003,,,,,364.00000000,2.5599999,,,,,364.00000000,2.4400001,
,,,364.20001221,2.3999999,,,,,364.20001221,2.72000003,,,,,364.20001221,2.5999999,,,,,364.20001221,2.5200000,
,,,364.39999390,2.3999999,,,,,364.39999390,2.72000003,,,,,364.39999390,2.5599999,,,,,364.39999390,2.4400001,
,,,364.60000610,2.3999999,,,,,364.60000610,2.6799998,,,,,364.60000610,2.5999999,,,,,364.60000610,2.4800000,
,,,364.80001831,2.3999999,,,,,364.80001831,2.6799998,,,,,364.80001831,2.5599999,,,,,364.80001831,2.4400001,
,,,365.00000000,2.3999999,,,,,365.00000000,2.72000003,,,,,365.00000000,2.5599999,,,,,365.00000000,2.4400001,
,,,365.20001221,2.3999999,,,,,365.20001221,2.72000003,,,,,365.20001221,2.5999999,,,,,365.20001221,2.3999999,
,,,365.39999390,2.3999999,,,,,365.39999390,2.6799998,,,,,365.39999390,2.5599999,,,,,365.39999390,2.4400001,
,,,365.60000610,2.3999999,,,,,365.60000610,2.72000003,,,,,365.60000610,2.5599999,,,,,365.60000610,2.4400001,
,,,365.80001831,2.3999999,,,,,365.80001831,2.72000003,,,,,365.80001831,2.5999999,,,,,365.80001831,2.4400001,
,,,366.00000000,2.3999999,,,,,366.00000000,2.6799998,,,,,366.00000000,2.5599999,,,,,366.00000000,2.3999999,
,,,366.20001221,2.3999999,,,,,366.20001221,2.72000003,,,,,366.20001221,2.5599999,,,,,366.20001221,2.3999999,
,,,366.39999390,2.3999999,,,,,366.39999390,2.6799998,,,,,366.39999390,2.5999999,,,,,366.39999390,2.4400001,
,,,366.60000610,2.3999999,,,,,366.60000610,2.6799998,,,,,366.60000610,2.5599999,,,,,366.60000610,2.3999999,
,,,366.80001831,2.3999999,,,,,366.80001831,2.72000003,,,,,366.80001831,2.5599999,,,,,366.80001831,2.3999999,
,,,367.00000000,2.3999999,,,,,367.00000000,2.72000003,,,,,367.00000000,2.5599999,,,,,367.00000000,2.3999999,
,,,367.20001221,2.3999999,,,,,367.20001221,2.6799998,,,,,367.20001221,2.5599999,,,,,367.20001221,2.3999999,
,,,367.39999390,2.3999999,,,,,367.39999390,2.6799998,,,,,367.39999390,2.5599999,,,,,367.39999390,2.3599999,
,,,367.60000610,2.3999999,,,,,367.60000610,2.6799998,,,,,367.60000610,2.5599999,,,,,367.60000610,2.3999999,
,,,367.80001831,2.3999999,,,,,367.80001831,2.72000003,,,,,367.80001831,2.5999999,,,,,367.80001831,2.3999999,
,,,368.00000000,2.3999999,,,,,368.00000000,2.6799998,,,,,368.00000000,2.5599999,,,,,368.00000000,2.3999999,
,,,368.20001221,2.3999999,,,,,368.20001221,2.72000003,,,,,368.20001221,2.5599999,,,,,368.20001221,2.3999999,
,,,368.39999390,2.3999999,,,,,368.39999390,2.72000003,,,,,368.39999390,2.5599999,,,,,368.39999390,2.3999999,
,,,368.60000610,2.3999999,,,,,368.60000610,2.72000003,,,,,368.60000610,2.5599999,,,,,368.60000610,2.3999999,
,,,368.80001831,2.3999999,,,,,368.80001831,2.72000003,,,,,368.80001831,2.5599999,,,,,368.80001831,2.3999999,
,,,369.00000000,2.3999999,,,,,369.00000000,2.6799998,,,,,369.00000000,2.5599999,,,,,369.00000000,2.3999999,
,,,369.20001221,2.3999999,,,,,369.20001221,2.72000003,,,,,369.20001221,2.5599999,,,,,369.20001221,2.3599999,
,,,369.39999390,2.3999999,,,,,369.39999390,2.6799998,,,,,369.39999390,2.5599999,,,,,369.39999390,2.3599999,
,,,369.60000610,2.3999999,,,,,369.60000610,2.72000003,,,,,369.60000610,2.5599999,,,,,369.60000610,2.3999999,
,,,369.80001831,2.3999999,,,,,369.80001831,2.75999999,,,,,369.80001831,2.5599999,,,,,369.80001831,2.3999999,
,,,370.00000000,2.3999999,,,,,370.00000000,2.75999999,,,,,370.00000000,2.5599999,,,,,370.00000000,2.3599999,
,,,370.20001221,2.3999999,,,,,370.20001221,2.72000003,,,,,370.20001221,2.5599999,,,,,370.20001221,2.3599999,
,,,370.39999390,2.3999999,,,,,370.39999390,2.72000003,,,,,370.39999390,2.5599999,,,,,370.39999390,2.3599999,
,,,370.60000610,2.3999999,,,,,370.60000610,2.72000003,,,,,370.60000610,2.5599999,,,,,370.60000610,2.3599999,
,,,370.80001831,2.3599999,,,,,370.80001831,2.6799998,,,,,370.80001831,2.5599999,,,,,370.80001831,2.3599999,
,,,371.00000000,2.3999999,,,,,371.00000000,2.75999999,,,,,371.00000000,2.5599999,,,,,371.00000000,2.3599999,
,,,371.20001221,2.3999999,,,,,371.20001221,2.72000003,,,,,371.20001221,2.5200000,,,,,371.20001221,2.3599999,
,,,371.39999390,2.3999999,,,,,371.39999390,2.6799998,,,,,371.39999390,2.5599999,,,,,371.39999390,2.3599999,
,,,371.60000610,2.3999999,,,,,371.60000610,2.72000003,,,,,371.60000610,2.5599999,,,,,371.60000610,2.3599999,
,,,371.80001831,2.3999999,,,,,371.80001831,2.72000003,,,,,371.80001831,2.5599999,,,,,371.80001831,2.3599999,
,,,372.00000000,2.3999999,,,,,372.00000000,2.72000003,,,,,372.00000000,2.5599999,,,,,372.00000000,2.3599999,
,,,372.20001221,2.3999999,,,,,372.20001221,2.72000003,,,,,372.20001221,2.5599999,,,,,372.20001221,2.3199999,
,,,372.39999390,2.3999999,,,,,372.39999390,2.72000003,,,,,372.39999390,2.5599999,,,,,372.39999390,2.3599999,
,,,372.60000610,2.3999999,,,,,372.60000610,2.72000003,,,,,372.60000610,2.5999999,,,,,372.60000610,2.3599999,
,,,372.80001831,2.3999999,,,,,372.80001831,2.72000003,,,,,372.80001831,2.5599999,,,,,372.80001831,2.3199999,
,,,373.00000000,2.3999999,,,,,373.00000000,2.72000003,,,,,373.00000000,2.5599999,,,,,373.00000000,2.3199999,
,,,373.20001221,2.3999999,,,,,373.20001221,2.72000003,,,,,373.20001221,2.5599999,,,,,373.20001221,2.3599999,
,,,373.39999390,2.3999999,,,,,373.39999390,2.6799998,,,,,373.39999390,2.5599999,,,,,373.39999390,2.3599999,
,,,373.60000610,2.3999999,,,,,373.60000610,2.72000003,,,,,373.60000610,2.5599999,,,,,373.60000610,2.3599999,
,,,373.80001831,2.3999999,,,,,373.80001831,2.72000003,,,,,373.80001831,2.5599999,,,,,373.80001831,2.5200000,
,,,374.00000000,2.3999999,,,,,374.00000000,2.75999999,,,,,374.00000000,2.5599999,,,,,374.00000000,2.5200000,
,,,374.20001221,2.3599999,,,,,374.20001221,2.72000003,,,,,374.20001221,2.5200000,,,,,374.20001221,2.5200000,
,,,374.39999390,2.3999999,,,,,374.39999390,2.72000003,,,,,374.39999390,2.5200000,,,,,374.39999390,2.5200000,
,,,374.60000610,2.3999999,,,,,374.60000610,2.72000003,,,,,374.60000610,2.5200000,,,,,374.60000610,2.5200000,
,,,374.80001831,2.3999999,,,,,374.80001831,2.6799998,,,,,374.80001831,2.5200000,,,,,374.80001831,2.5200000,
,,,375.00000000,2.3999999,,,,,375.00000000,2.6799998,,,,,375.00000000,2.5200000,,,,,375.00000000,2.5200000,
,,,375.20001221,2.3999999,,,,,375.20001221,2.6799998,,,,,375.20001221,2.5599999,,,,,375.20001221,2.5200000,
,,,375.39999390,2.3999999,,,,,375.39999390,2.75999999,,,,,375.39999390,2.5200000,,,,,375.39999390,2.5200000,
,,,375.60000610,2.3999999,,,,,375.60000610,2.6799998,,,,,375.60000610,2.5200000,,,,,375.60000610,2.5200000,
,,,375.80001831,2.3999999,,,,,375.80001831,2.72000003,,,,,375.80001831,2.5200000,,,,,375.80001831,2.5200000,
,,,376.00000000,2.3999999,,,,,376.00000000,2.72000003,,,,,376.00000000,2.5200000,,,,,376.00000000,2.4800000,
,,,376.20001221,2.3999999,,,,,376.20001221,2.6799998,,,,,376.20001221,2.5200000,,,,,376.20001221,2.5200000,
,,,376.39999390,2.3999999,,,,,376.39999390,2.6799998,,,,,376.39999390,2.5200000,,,,,376.39999390,2.4800000,
,,,376.60000610,2.3999999,,,,,376.60000610,2.6799998,,,,,376.60000610,2.5200000,,,,,376.60000610,2.4800000,
,,,376.80001831,2.3999999,,,,,376.80001831,2.72000003,,,,,376.80001831,2.5200000,,,,,376.80001831,2.4800000,
,,,377.00000000,2.3999999,,,,,377.00000000,2.6799998,,,,,377.00000000,2.5200000,,,,,377.00000000,2.4800000,
,,,377.20001221,2.3999999,,,,,377.20001221,2.72000003,,,,,377.20001221,2.5200000,,,,,377.20001221,2.4800000,
,,,377.39999390,2.3999999,,,,,377.39999390,2.6799998,,,,,377.39999390,2.5599999,,,,,377.39999390,2.5200000,
,,,377.60000610,2.3999999,,,,,377.60000610,2.75999999,,,,,377.60000610,2.5200000,,,,,377.60000610,2.4800000,
,,,377.80001831,2.3999999,,,,,377.80001831,2.79999995,,,,,377.80001831,2.5200000,,,,,377.80001831,2.5200000,
,,,378.00000000,2.3999999,,,,,378.00000000,2.75999999,,,,,378.00000000,2.5599999,,,,,378.00000000,2.4800000,
,,,378.20001221,2.3999999,,,,,378.20001221,2.72000003,,,,,378.20001221,2.5200000,,,,,378.20001221,2.4400001,
,,,378.39999390,2.3999999,,,,,378.39999390,2.72000003,,,,,378.39999390,2.5200000,,,,,378.39999390,2.4400001,
,,,378.60000610,2.3999999,,,,,378.60000610,2.72000003,,,,,378.60000610,2.5200000,,,,,378.60000610,2.4800000,
,,,378.80001831,2.3999999,,,,,378.80001831,2.6799998,,,,,378.80001831,2.5200000,,,,,378.80001831,2.4400001,
,,,379.00000000,2.3999999,,,,,379.00000000,2.75999999,,,,,379.00000000,2.5200000,,,,,379.00000000,2.4800000,
,,,379.20001221,2.3999999,,,,,379.20001221,2.72000003,,,,,379.20001221,2.5200000,,,,,379.20001221,2.4400001,
,,,379.39999390,2.3999999,,,,,379.39999390,2.72000003,,,,,379.39999390,2.5200000,,,,,379.39999390,2.4400001,
,,,379.60000610,2.3999999,,,,,379.60000610,2.72000003,,,,,379.60000610,2.5200000,,,,,379.60000610,2.4400001,
,,,379.80001831,2.3999999,,,,,379.80001831,2.72000003,,,,,379.80001831,2.5200000,,,,,379.80001831,2.4800000,
,,,380.00000000,2.3999999,,,,,380.00000000,2.75999999,,,,,380.00000000,2.5200000,,,,,380.00000000,2.4800000,
,,,380.20001221,2.3999999,,,,,380.20001221,2.72000003,,,,,380.20001221,2.5200000,,,,,380.20001221,2.4800000,
,,,380.39999390,2.3999999,,,,,380.39999390,2.72000003,,,,,380.39999390,2.5200000,,,,,380.39999390,2.4400001,
,,,380.60000610,2.3999999,,,,,380.60000610,2.72000003,,,,,380.60000610,2.5599999,,,,,380.60000610,2.4400001,
,,,380.80001831,2.3999999,,,,,380.80001831,2.6799998,,,,,380.80001831,2.5200000,,,,,380.80001831,2.4400001,
,,,381.00000000,2.3999999,,,,,381.00000000,2.72000003,,,,,381.00000000,2.5599999,,,,,381.00000000,2.4400001,
,,,381.20001221,2.3999999,,,,,381.20001221,2.6799998,,,,,381.20001221,2.5200000,,,,,381.20001221,2.4400001,
,,,381.39999390,2.3999999,,,,,381.39999390,2.75999999,,,,,381.39999390,2.5599999,,,,,381.39999390,2.4400001,
,,,381.60000610,2.3999999,,,,,381.60000610,2.72000003,,,,,381.60000610,2.5200000,,,,,381.60000610,2.4400001,
,,,381.80001831,2.3999999,,,,,381.80001831,2.72000003,,,,,381.80001831,2.5200000,,,,,381.80001831,2.4400001,
,,,382.00000000,2.3999999,,,,,382.00000000,2.72000003,,,,,382.00000000,2.5200000,,,,,382.00000000,2.4400001,
,,,382.20001221,2.3999999,,,,,382.20001221,2.6799998,,,,,382.20001221,2.5200000,,,,,382.20001221,2.3999999,
,,,382.39999390,2.3999999,,,,,382.39999390,2.72000003,,,,,382.39999390,2.5200000,,,,,382.39999390,2.3999999,
,,,382.60000610,2.3999999,,,,,382.60000610,2.75999999,,,,,382.60000610,2.5599999,,,,,382.60000610,2.3999999,
,,,382.80001831,2.3999999,,,,,382.80001831,2.6799998,,,,,382.80001831,2.5200000,,,,,382.80001831,2.3999999,
,,,383.00000000,2.3999999,,,,,383.00000000,2.72000003,,,,,383.00000000,2.5200000,,,,,383.00000000,2.3999999,
,,,383.20001221,2.3999999,,,,,383.20001221,2.6799998,,,,,383.20001221,2.5200000,,,,,383.20001221,2.3999999,
,,,383.39999390,2.3999999,,,,,383.39999390,2.75999999,,,,,383.39999390,2.5200000,,,,,383.39999390,2.3999999,
,,,383.60000610,2.3999999,,,,,383.60000610,2.6799998,,,,,383.60000610,2.5200000,,,,,383.60000610,2.3999999,
,,,383.80001831,2.3999999,,,,,383.80001831,2.72000003,,,,,383.80001831,2.5200000,,,,,383.80001831,2.3999999,
,,,384.00000000,2.3999999,,,,,384.00000000,2.6799998,,,,,384.00000000,2.5200000,,,,,384.00000000,2.3999999,
,,,384.20001221,2.3999999,,,,,384.20001221,2.72000003,,,,,384.20001221,2.5599999,,,,,384.20001221,2.3999999,
,,,384.39999390,2.3999999,,,,,384.39999390,2.72000003,,,,,384.39999390,2.5200000,,,,,384.39999390,2.3999999,
,,,384.60000610,2.3999999,,,,,384.60000610,2.6399999,,,,,384.60000610,2.5599999,,,,,384.60000610,2.3999999,
,,,384.80001831,2.3999999,,,,,384.80001831,2.72000003,,,,,384.80001831,2.5200000,,,,,384.80001831,2.3999999,
,,,385.00000000,2.3999999,,,,,385.00000000,2.72000003,,,,,385.00000000,2.5599999,,,,,385.00000000,2.3999999,
,,,385.20001221,2.3999999,,,,,385.20001221,2.6799998,,,,,385.20001221,2.5599999,,,,,385.20001221,2.3599999,
,,,385.39999390,2.4400001,,,,,385.39999390,2.72000003,,,,,385.39999390,2.5200000,,,,,385.39999390,2.3599999,
,,,385.60000610,2.3999999,,,,,385.60000610,2.6799998,,,,,385.60000610,2.5599999,,,,,385.60000610,2.3599999,
,,,385.80001831,2.3999999,,,,,385.80001831,2.6799998,,,,,385.80001831,2.5599999,,,,,385.80001831,2.3999999,
,,,386.00000000,2.3999999,,,,,386.00000000,2.72000003,,,,,386.00000000,2.5599999,,,,,386.00000000,2.3999999,
,,,386.20001221,2.3999999,,,,,386.20001221,2.72000003,,,,,386.20001221,2.5200000,,,,,386.20001221,2.3599999,
,,,386.39999390,2.3599999,,,,,386.39999390,2.6799998,,,,,386.39999390,2.5599999,,,,,386.39999390,2.3599999,
,,,386.60000610,2.3999999,,,,,386.60000610,2.75999999,,,,,386.60000610,2.5200000,,,,,386.60000610,2.3199999,
,,,386.80001831,2.3999999,,,,,386.80001831,2.72000003,,,,,386.80001831,2.5200000,,,,,386.80001831,2.3999999,
,,,387.00000000,2.3999999,,,,,387.00000000,2.75999999,,,,,387.00000000,2.5599999,,,,,387.00000000,2.3599999,
,,,387.20001221,2.3999999,,,,,387.20001221,2.6799998,,,,,387.20001221,2.5200000,,,,,387.20001221,2.3599999,
,,,387.39999390,2.3999999,,,,,387.39999390,2.6799998,,,,,387.39999390,2.5599999,,,,,387.39999390,2.3599999,
,,,387.60000610,2.3999999,,,,,387.60000610,2.75999999,,,,,387.60000610,2.5200000,,,,,387.60000610,2.3599999,
,,,387.80001831,2.4400001,,,,,387.80001831,2.6799998,,,,,387.80001831,2.5200000,,,,,387.80001831,2.3599999,
,,,388.00000000,2.3999999,,,,,388.00000000,2.72000003,,,,,388.00000000,2.5200000,,,,,388.00000000,2.3599999,
,,,388.20001221,2.3999999,,,,,388.20001221,2.72000003,,,,,388.20001221,2.5599999,,,,,388.20001221,2.3599999,
,,,388.39999390,2.3999999,,,,,388.39999390,2.6799998,,,,,388.39999390,2.5200000,,,,,388.39999390,2.3599999,
,,,388.60000610,2.3999999,,,,,388.60000610,2.72000003,,,,,388.60000610,2.5599999,,,,,388.60000610,2.3599999,
,,,388.80001831,2.3999999,,,,,388.80001831,2.72000003,,,,,388.80001831,2.5200000,,,,,388.80001831,2.3599999,
,,,389.00000000,2.3999999,,,,,389.00000000,2.6399999,,,,,389.00000000,2.5200000,,,,,389.00000000,2.3599999,
,,,389.20001221,2.3999999,,,,,389.20001221,2.72000003,,,,,389.20001221,2.4800000,,,,,389.20001221,2.4800000,
,,,389.39999390,2.3999999,,,,,389.39999390,2.72000003,,,,,389.39999390,2.4800000,,,,,389.39999390,2.5200000,
,,,389.60000610,2.3999999,,,,,389.60000610,2.72000003,,,,,389.60000610,2.5200000,,,,,389.60000610,2.5200000,
,,,389.80001831,2.3999999,,,,,389.80001831,2.72000003,,,,,389.80001831,2.4800000,,,,,389.80001831,2.5599999,
,,,390.00000000,2.3999999,,,,,390.00000000,2.75999999,,,,,390.00000000,2.4800000,,,,,390.00000000,2.5200000,
,,,390.20001221,2.3999999,,,,,390.20001221,2.6799998,,,,,390.20001221,2.4800000,,,,,390.20001221,2.5200000,
,,,390.39999390,2.3999999,,,,,390.39999390,2.72000003,,,,,390.39999390,2.5200000,,,,,390.39999390,2.5200000,
,,,390.60000610,2.3999999,,,,,390.60000610,2.75999999,,,,,390.60000610,2.4800000,,,,,390.60000610,2.5200000,
,,,390.80001831,2.3999999,,,,,390.80001831,2.6799998,,,,,390.80001831,2.4800000,,,,,390.80001831,2.5200000,
,,,391.00000000,2.3999999,,,,,391.00000000,2.6799998,,,,,391.00000000,2.5200000,,,,,391.00000000,2.5200000,
,,,391.20001221,2.3999999,,,,,391.20001221,2.72000003,,,,,391.20001221,2.5200000,,,,,391.20001221,2.5999999,
,,,391.39999390,2.3999999,,,,,391.39999390,2.72000003,,,,,391.39999390,2.5200000,,,,,391.39999390,2.4800000,
,,,391.60000610,2.3999999,,,,,391.60000610,2.75999999,,,,,391.60000610,2.4800000,,,,,391.60000610,2.4800000,
,,,391.80001831,2.3999999,,,,,391.80001831,2.72000003,,,,,391.80001831,2.4800000,,,,,391.80001831,2.4800000,
,,,392.00000000,2.3999999,,,,,392.00000000,2.75999999,,,,,392.00000000,2.5200000,,,,,392.00000000,2.5200000,
,,,392.20001221,2.3999999,,,,,392.20001221,2.6799998,,,,,392.20001221,2.5200000,,,,,392.20001221,2.5200000,
,,,392.39999390,2.3999999,,,,,392.39999390,2.72000003,,,,,392.39999390,2.5200000,,,,,392.39999390,2.5200000,
,,,392.60000610,2.3999999,,,,,392.60000610,2.72000003,,,,,392.60000610,2.4800000,,,,,392.60000610,2.4800000,
,,,392.80001831,2.3999999,,,,,392.80001831,2.72000003,,,,,392.80001831,2.4800000,,,,,392.80001831,2.5200000,
,,,393.00000000,2.4400001,,,,,393.00000000,2.72000003,,,,,393.00000000,2.5200000,,,,,393.00000000,2.5200000,
,,,393.20001221,2.3999999,,,,,393.20001221,2.6799998,,,,,393.20001221,2.4800000,,,,,393.20001221,2.5200000,
,,,393.39999390,2.3999999,,,,,393.39999390,2.5999999,,,,,393.39999390,2.4800000,,,,,393.39999390,2.5200000,
,,,393.60000610,2.3999999,,,,,393.60000610,2.6799998,,,,,393.60000610,2.5200000,,,,,393.60000610,2.5200000,
,,,393.80001831,2.3999999,,,,,393.80001831,2.6799998,,,,,393.80001831,2.4800000,,,,,393.80001831,2.4400001,
,,,394.00000000,2.3999999,,,,,394.00000000,2.72000003,,,,,394.00000000,2.4800000,,,,,394.00000000,2.4400001,
,,,394.20001221,2.3999999,,,,,394.20001221,2.72000003,,,,,394.20001221,2.4800000,,,,,394.20001221,2.4800000,
,,,394.39999390,2.3999999,,,,,394.39999390,2.72000003,,,,,394.39999390,2.4800000,,,,,394.39999390,2.4800000,
,,,394.60000610,2.3599999,,,,,394.60000610,2.6799998,,,,,394.60000610,2.4800000,,,,,394.60000610,2.4400001,
,,,394.80001831,2.3999999,,,,,394.80001831,2.6799998,,,,,394.80001831,2.4800000,,,,,394.80001831,2.4800000,
,,,395.00000000,2.3999999,,,,,395.00000000,2.72000003,,,,,395.00000000,2.4800000,,,,,395.00000000,2.4800000,
,,,395.20001221,2.3999999,,,,,395.20001221,2.6799998,,,,,395.20001221,2.4800000,,,,,395.20001221,2.4800000,
,,,395.39999390,2.3999999,,,,,395.39999390,2.6399999,,,,,395.39999390,2.5200000,,,,,395.39999390,2.4800000,
,,,395.60000610,2.3999999,,,,,395.60000610,2.6799998,,,,,395.60000610,2.4800000,,,,,395.60000610,2.4800000,
,,,395.80001831,2.3999999,,,,,395.80001831,2.6799998,,,,,395.80001831,2.4800000,,,,,395.80001831,2.4800000,
,,,396.00000000,2.3999999,,,,,396.00000000,2.6799998,,,,,396.00000000,2.4400001,,,,,396.00000000,2.4400001,
,,,396.20001221,2.3599999,,,,,396.20001221,2.72000003,,,,,396.20001221,2.4800000,,,,,396.20001221,2.4400001,
,,,396.39999390,2.3999999,,,,,396.39999390,2.6799998,,,,,396.39999390,2.5200000,,,,,396.39999390,2.4800000,
,,,396.60000610,2.3999999,,,,,396.60000610,2.72000003,,,,,396.60000610,2.4800000,,,,,396.60000610,2.4400001,
,,,396.80001831,2.3999999,,,,,396.80001831,2.72000003,,,,,396.80001831,2.4800000,,,,,396.80001831,2.4400001,
,,,397.00000000,2.3999999,,,,,397.00000000,2.72000003,,,,,397.00000000,2.4800000,,,,,397.00000000,2.3999999,
,,,397.20001221,2.3999999,,,,,397.20001221,2.6799998,,,,,397.20001221,2.4800000,,,,,397.20001221,2.4400001,
,,,397.39999390,2.3999999,,,,,397.39999390,2.72000003,,,,,397.39999390,2.4800000,,,,,397.39999390,2.3999999,
,,,397.60000610,2.3999999,,,,,397.60000610,2.6799998,,,,,397.60000610,2.4800000,,,,,397.60000610,2.4400001,
,,,397.80001831,2.3999999,,,,,397.80001831,2.6799998,,,,,397.80001831,2.4800000,,,,,397.80001831,2.4400001,
,,,398.00000000,2.3999999,,,,,398.00000000,2.6799998,,,,,398.00000000,2.4800000,,,,,398.00000000,2.3999999,
,,,398.20001221,2.3999999,,,,,398.20001221,2.6799998,,,,,398.20001221,2.4800000,,,,,398.20001221,2.3999999,
,,,398.39999390,2.3999999,,,,,398.39999390,2.72000003,,,,,398.39999390,2.4800000,,,,,398.39999390,2.3999999,
,,,398.60000610,2.3999999,,,,,398.60000610,2.72000003,,,,,398.60000610,2.4800000,,,,,398.60000610,2.3999999,
,,,398.80001831,2.3999999,,,,,398.80001831,2.6799998,,,,,398.80001831,2.4800000,,,,,398.80001831,2.4400001,
,,,399.00000000,2.3999999,,,,,399.00000000,2.6799998,,,,,399.00000000,2.5200000,,,,,399.00000000,2.4400001,
,,,399.20001221,2.4400001,,,,,399.20001221,2.6799998,,,,,399.20001221,2.4800000,,,,,399.20001221,2.3999999,
,,,399.39999390,2.3999999,,,,,399.39999390,2.72000003,,,,,399.39999390,2.4800000,,,,,399.39999390,2.3999999,
,,,399.60000610,2.3999999,,,,,399.60000610,2.6799998,,,,,399.60000610,2.4800000,,,,,399.60000610,2.3999999,
,,,399.80001831,2.3999999,,,,,399.80001831,2.6799998,,,,,399.80001831,2.4800000,,,,,399.80001831,2.4400001,
,,,400.00000000,2.3999999,,,,,400.00000000,2.72000003,,,,,400.00000000,2.4800000,,,,,400.00000000,2.3999999,
,,,400.20001221,2.3999999,,,,,400.20001221,2.72000003,,,,,400.20001221,2.5200000,,,,,400.20001221,2.3999999,
,,,400.39999390,2.3599999,,,,,400.39999390,2.6399999,,,,,400.39999390,2.4800000,,,,,400.39999390,2.3599999,
,,,400.60000610,2.3999999,,,,,400.60000610,2.6799998,,,,,400.60000610,2.4800000,,,,,400.60000610,2.3999999,
,,,400.80001831,2.3999999,,,,,400.80001831,2.72000003,,,,,400.80001831,2.4800000,,,,,400.80001831,2.3999999,
,,,401.00000000,2.3999999,,,,,401.00000000,2.6799998,,,,,401.00000000,2.4800000,,,,,401.00000000,2.3599999,
,,,401.20001221,2.3999999,,,,,401.20001221,2.6799998,,,,,401.20001221,2.5200000,,,,,401.20001221,2.3599999,
,,,401.39999390,2.3999999,,,,,401.39999390,2.6799998,,,,,401.39999390,2.5200000,,,,,401.39999390,2.3599999,
,,,401.60000610,2.3999999,,,,,401.60000610,2.6799998,,,,,401.60000610,2.4800000,,,,,401.60000610,2.3599999,
,,,401.80001831,2.3999999,,,,,401.80001831,2.72000003,,,,,401.80001831,2.5200000,,,,,401.80001831,2.3999999,
,,,402.00000000,2.3999999,,,,,402.00000000,2.6799998,,,,,402.00000000,2.4400001,,,,,402.00000000,2.3599999,
,,,402.20001221,2.3999999,,,,,402.20001221,2.72000003,,,,,402.20001221,2.4800000,,,,,402.20001221,2.3599999,
,,,402.39999390,2.4400001,,,,,402.39999390,2.72000003,,,,,402.39999390,2.4800000,,,,,402.39999390,2.3599999,
,,,402.60000610,2.3999999,,,,,402.60000610,2.6799998,,,,,402.60000610,2.4800000,,,,,402.60000610,2.3599999,
,,,402.80001831,2.3999999,,,,,402.80001831,2.72000003,,,,,402.80001831,2.4800000,,,,,402.80001831,2.3599999,
,,,403.00000000,2.3999999,,,,,403.00000000,2.72000003,,,,,403.00000000,2.5200000,,,,,403.00000000,2.3999999,
,,,403.20001221,2.3999999,,,,,403.20001221,2.72000003,,,,,403.20001221,2.5200000,,,,,403.20001221,2.3599999,
,,,403.39999390,2.3999999,,,,,403.39999390,2.72000003,,,,,403.39999390,2.4800000,,,,,403.39999390,2.3599999,
,,,403.600006104,2.3999999,,,,,403.600006104,2.6799998,,,,,403.600006104,2.4800000,,,,,403.600006104,2.3599999,
,,,403.800018311,2.3999999,,,,,403.800018311,2.6799998,,,,,403.800018311,2.4800000,,,,,403.800018311,2.3599999,
,,,404.000000000,2.3999999,,,,,404.000000000,2.72000003,,,,,404.000000000,2.4800000,,,,,404.000000000,2.3599999,
,,,404.200012207,2.3999999,,,,,404.200012207,2.72000003,,,,,404.200012207,2.5200000,,,,,404.200012207,2.3599999,
,,,404.399993896,2.3999999,,,,,404.399993896,2.6799998,,,,,404.399993896,2.5200000,,,,,404.399993896,2.3599999,
,,,404.600006104,2.3999999,,,,,404.600006104,2.72000003,,,,,404.600006104,2.4400001,,,,,404.600006104,2.4400001,
,,,404.800018311,2.3999999,,,,,404.800018311,2.6799998,,,,,404.800018311,2.4800000,,,,,404.800018311,2.5200000,
,,,405.000000000,2.3999999,,,,,405.000000000,2.72000003,,,,,405.000000000,2.4400001,,,,,405.000000000,2.5599999,
,,,405.200012207,2.3999999,,,,,405.200012207,2.6799998,,,,,405.200012207,2.4400001,,,,,405.200012207,2.5200000,
,,,405.399993896,2.3999999,,,,,405.399993896,2.72000003,,,,,405.399993896,2.4400001,,,,,405.399993896,2.5200000,
,,,405.600006104,2.3999999,,,,,405.600006104,2.72000003,,,,,405.600006104,2.4800000,,,,,405.600006104,2.5599999,
,,,405.800018311,2.3999999,,,,,405.800018311,2.72000003,,,,,405.800018311,2.4400001,,,,,405.800018311,2.5200000,
,,,406.000000000,2.3599999,,,,,406.000000000,2.72000003,,,,,406.000000000,2.4400001,,,,,406.000000000,2.5200000,
,,,406.200012207,2.3599999,,,,,406.200012207,2.72000003,,,,,406.200012207,2.4800000,,,,,406.200012207,2.5200000,
,,,406.399993896,2.3999999,,,,,406.399993896,2.6799998,,,,,406.399993896,2.4400001,,,,,406.399993896,2.5200000,
,,,406.600006104,2.3999999,,,,,406.600006104,2.6799998,,,,,406.600006104,2.4400001,,,,,406.600006104,2.5599999,
,,,406.800018311,2.3999999,,,,,406.800018311,2.6399999,,,,,406.800018311,2.4400001,,,,,406.800018311,2.5200000,
,,,407.000000000,2.3999999,,,,,407.000000000,2.72000003,,,,,407.000000000,2.4400001,,,,,407.000000000,2.5200000,
,,,407.200012207,2.3999999,,,,,407.200012207,2.6799998,,,,,407.200012207,2.4400001,,,,,407.200012207,2.5200000,
,,,407.399993896,2.3999999,,,,,407.399993896,2.6799998,,,,,407.399993896,2.4800000,,,,,407.399993896,2.5200000,
,,,407.600006104,2.3999999,,,,,407.600006104,2.6799998,,,,,407.600006104,2.4400001,,,,,407.600006104,2.5200000,
,,,407.800018311,2.3999999,,,,,407.800018311,2.6799998,,,,,407.800018311,2.4400001,,,,,407.800018311,2.4400001,
,,,408.000000000,2.3999999,,,,,408.000000000,2.72000003,,,,,408.000000000,2.4400001,,,,,408.000000000,2.5200000,
,,,408.200012207,2.3999999,,,,,408.200012207,2.6799998,,,,,408.200012207,2.4400001,,,,,408.200012207,2.5200000,
,,,408.399993896,2.3999999,,,,,408.399993896,2.75999999,,,,,408.399993896,2.4800000,,,,,408.399993896,2.5200000,
,,,408.600006104,2.3999999,,,,,408.600006104,2.72000003,,,,,408.600006104,2.4800000,,,,,408.600006104,2.5200000,
,,,408.800018311,2.3999999,,,,,408.800018311,2.72000003,,,,,408.800018311,2.4400001,,,,,408.800018311,2.4400001,
,,,409.000000000,2.3999999,,,,,409.000000000,2.72000003,,,,,409.000000000,2.4400001,,,,,409.000000000,2.5200000,
,,,409.200012207,2.3999999,,,,,409.200012207,2.72000003,,,,,409.200012207,2.4400001,,,,,409.200012207,2.5200000,
,,,409.399993896,2.3999999,,,,,409.399993896,2.72000003,,,,,409.399993896,2.4400001,,,,,409.399993896,2.5200000,
,,,409.600006104,2.3999999,,,,,409.600006104,2.72000003,,,,,409.600006104,2.4400001,,,,,409.600006104,2.5200000,
,,,409.800018311,2.3999999,,,,,409.800018311,2.72000003,,,,,409.800018311,2.4400001,,,,,409.800018311,2.5200000,
,,,410.000000000,2.3999999,,,,,410.000000000,2.72000003,,,,,410.000000000,2.4400001,,,,,410.000000000,2.5200000,
,,,410.200012207,2.3999999,,,,,410.200012207,2.6799998,,,,,410.200012207,2.4400001,,,,,410.200012207,2.5200000,
,,,410.399993896,2.3999999,,,,,410.399993896,2.72000003,,,,,410.399993896,2.4800000,,,,,410.399993896,2.5200000,
,,,410.600006104,2.3999999,,,,,410.600006104,2.72000003,,,,,410.600006104,2.4400001,,,,,410.600006104,2.5200000,
,,,410.800018311,2.3999999,,,,,410.800018311,2.72000003,,,,,410.800018311,2.4400001,,,,,410.800018311,2.5200000,
,,,411.000000000,2.3999999,,,,,411.000000000,2.6799998,,,,,411.000000000,2.4400001,,,,,411.000000000,2.5200000,
,,,411.200012207,2.3999999,,,,,411.200012207,2.6399999,,,,,411.200012207,2.4400001,,,,,411.200012207,2.5200000,
,,,411.399993896,2.3999999,,,,,411.399993896,2.6799998,,,,,411.399993896,2.4400001,,,,,411.399993896,2.4800000,
,,,411.600006104,2.3999999,,,,,411.600006104,2.72000003,,,,,411.600006104,2.4400001,,,,,411.600006104,2.5200000,
,,,411.800018311,2.3999999,,,,,411.800018311,2.72000003,,,,,411.800018311,2.4800000,,,,,411.800018311,2.5599999,
,,,412.000000000,2.3999999,,,,,412.000000000,2.6799998,,,,,412.000000000,2.4800000,,,,,412.000000000,2.5200000,
,,,412.200012207,2.3999999,,,,,412.200012207,2.72000003,,,,,412.200012207,2.4400001,,,,,412.200012207,2.5200000,
,,,412.399993896,2.3999999,,,,,412.399993896,2.72000003,,,,,412.399993896,2.4400001,,,,,412.399993896,2.5200000,
,,,412.600006104,2.3999999,,,,,412.600006104,2.75999999,,,,,412.600006104,2.4400001,,,,,412.600006104,2.5200000,
,,,412.800018311,2.3999999,,,,,412.800018311,2.72000003,,,,,412.800018311,2.4400001,,,,,412.800018311,2.4400001,
,,,413.000000000,2.3999999,,,,,413.000000000,2.6799998,,,,,413.000000000,2.4400001,,,,,413.000000000,2.4800000,
,,,413.200012207,2.3999999,,,,,413.200012207,2.72000003,,,,,413.200012207,2.4400001,,,,,413.200012207,2.4800000,
,,,413.399993896,2.3999999,,,,,413.399993896,2.72000003,,,,,413.399993896,2.4800000,,,,,413.399993896,2.4800000,
,,,413.600006104,2.3999999,,,,,413.600006104,2.6799998,,,,,413.600006104,2.4400001,,,,,413.600006104,2.4800000,
,,,413.800018311,2.3999999,,,,,413.800018311,2.72000003,,,,,413.800018311,2.4400001,,,,,413.800018311,2.4800000,
,,,414.000000000,2.3999999,,,,,414.000000000,2.72000003,,,,,414.000000000,2.4400001,,,,,414.000000000,2.4800000,
,,,414.200012207,2.3999999,,,,,414.200012207,2.72000003,,,,,414.200012207,2.4400001,,,,,414.200012207,2.4800000,
,,,414.399993896,2.3999999,,,,,414.399993896,2.72000003,,,,,414.399993896,2.4400001,,,,,414.399993896,2.4800000,
,,,414.600006104,2.3999999,,,,,414.600006104,2.6799998,,,,,414.600006104,2.4400001,,,,,414.600006104,2.4800000,
,,,414.800018311,2.3999999,,,,,414.800018311,2.6799998,,,,,414.800018311,2.4800000,,,,,414.800018311,2.5200000,
,,,415.000000000,2.3999999,,,,,415.000000000,2.72000003,,,,,415.000000000,2.4400001,,,,,415.000000000,2.4800000,
,,,415.200012207,2.3999999,,,,,415.200012207,2.72000003,,,,,415.200012207,2.4800000,,,,,415.200012207,2.4800000,
,,,415.399993896,2.3999999,,,,,415.399993896,2.72000003,,,,,415.399993896,2.4400001,,,,,415.399993896,2.4400001,
,,,415.600006104,2.3999999,,,,,415.600006104,2.72000003,,,,,415.600006104,2.4400001,,,,,415.600006104,2.4800000,
,,,415.800018311,2.3999999,,,,,415.800018311,2.72000003,,,,,415.800018311,2.4400001,,,,,415.800018311,2.4400001,
,,,416.000000000,2.3999999,,,,,416.000000000,2.75999999,,,,,416.000000000,2.4400001,,,,,416.000000000,2.3999999,
,,,416.200012207,2.3999999,,,,,416.200012207,2.72000003,,,,,416.200012207,2.4400001,,,,,416.200012207,2.4800000,
,,,416.399993896,2.3999999,,,,,416.399993896,2.6799998,,,,,416.399993896,2.4400001,,,,,416.399993896,2.4400001,
,,,416.600006104,2.3999999,,,,,416.600006104,2.6799998,,,,,416.600006104,2.4400001,,,,,416.600006104,2.4400001,
,,,416.800018311,2.3599999,,,,,416.800018311,2.6799998,,,,,416.800018311,2.4800000,,,,,416.800018311,2.4400001,
,,,417.000000000,2.3999999,,,,,417.000000000,2.72000003,,,,,417.000000000,2.4400001,,,,,417.000000000,2.4400001,
,,,417.200012207,2.3999999,,,,,417.200012207,2.6799998,,,,,417.200012207,2.4400001,,,,,417.200012207,2.3999999,
,,,417.399993896,2.3999999,,,,,417.399993896,2.72000003,,,,,417.399993896,2.4400001,,,,,417.399993896,2.3999999,
,,,417.600006104,2.3999999,,,,,417.600006104,2.75999999,,,,,417.600006104,2.4400001,,,,,417.600006104,2.4400001,
,,,417.800018311,2.3999999,,,,,417.800018311,2.72000003,,,,,417.800018311,2.4800000,,,,,417.800018311,2.4400001,
,,,418.000000000,2.3999999,,,,,418.000000000,2.72000003,,,,,418.000000000,2.4800000,,,,,418.000000000,2.3999999,
,,,418.200012207,2.3999999,,,,,418.200012207,2.6799998,,,,,418.200012207,2.4400001,,,,,418.200012207,2.3999999,
,,,418.399993896,2.3999999,,,,,418.399993896,2.72000003,,,,,418.399993896,2.4400001,,,,,418.399993896,2.3999999,
,,,418.600006104,2.3999999,,,,,418.600006104,2.75999999,,,,,418.600006104,2.4400001,,,,,418.600006104,2.3999999,
,,,418.800018311,2.3999999,,,,,418.800018311,2.72000003,,,,,418.800018311,2.4800000,,,,,418.800018311,2.3999999,
,,,419.000000000,2.3999999,,,,,419.000000000,2.72000003,,,,,419.000000000,2.4400001,,,,,419.000000000,2.3999999,
,,,419.200012207,2.3999999,,,,,419.200012207,2.6799998,,,,,419.200012207,2.4400001,,,,,419.200012207,2.4400001,
,,,419.399993896,2.3999999,,,,,419.399993896,2.6799998,,,,,419.399993896,2.4800000,,,,,419.399993896,2.3599999,
,,,419.600006104,2.3999999,,,,,419.600006104,2.75999999,,,,,419.600006104,2.4400001,,,,,419.600006104,2.3999999,
,,,419.800018311,2.3999999,,,,,419.800018311,2.72000003,,,,,419.800018311,2.4400001,,,,,419.800018311,2.3599999,
,,,420.000000000,2.3999999,,,,,420.000000000,2.6799998,,,,,420.000000000,2.4400001,,,,,420.000000000,2.3599999,
,,,420.200012207,2.3999999,,,,,420.200012207,2.6799998,,,,,420.200012207,2.4400001,,,,,420.200012207,2.3999999,
,,,420.399993896,2.3999999,,,,,420.399993896,2.72000003,,,,,420.399993896,2.4400001,,,,,420.399993896,2.3599999,
,,,420.600006104,2.3999999,,,,,420.600006104,2.72000003,,,,,420.600006104,2.4400001,,,,,420.600006104,2.3999999,
,,,420.800018311,2.3599999,,,,,420.800018311,2.6799998,,,,,420.800018311,2.4800000,,,,,420.800018311,2.3999999,
,,,421.000000000,2.4400001,,,,,421.000000000,2.6799998,,,,,421.000000000,2.4400001,,,,,421.000000000,2.3999999,
,,,421.200012207,2.3999999,,,,,421.200012207,2.6799998,,,,,421.200012207,2.4400001,,,,,421.200012207,2.3999999,
,,,421.399993896,2.3999999,,,,,421.399993896,2.72000003,,,,,421.399993896,2.4400001,,,,,421.399993896,2.3999999,
,,,421.600006104,2.3999999,,,,,421.600006104,2.72000003,,,,,421.600006104,2.4400001,,,,,421.600006104,2.3199999,
,,,421.800018311,2.3999999,,,,,421.800018311,2.6799998,,,,,421.800018311,2.4400001,,,,,421.800018311,2.3599999,
,,,422.000000000,2.3999999,,,,,422.000000000,2.72000003,,,,,422.000000000,2.4800000,,,,,422.000000000,2.3999999,
,,,422.200012207,2.3999999,,,,,422.200012207,2.72000003,,,,,422.200012207,2.4800000,,,,,422.200012207,2.3599999,
,,,422.399993896,2.3999999,,,,,422.399993896,2.72000003,,,,,422.399993896,2.4400001,,,,,422.399993896,2.3599999,
,,,422.600006104,2.3999999,,,,,422.600006104,2.72000003,,,,,422.600006104,2.4800000,,,,,422.600006104,2.3599999,
,,,422.800018311,2.3999999,,,,,422.800018311,2.72000003,,,,,422.800018311,2.4400001,,,,,422.800018311,2.3599999,
,,,423.000000000,2.3999999,,,,,423.000000000,2.6799998,,,,,423.000000000,2.4400001,,,,,423.000000000,2.3599999,
,,,423.200012207,2.3999999,,,,,423.200012207,2.72000003,,,,,423.200012207,2.4400001,,,,,423.200012207,2.3599999,
,,,423.399993896,2.3999999,,,,,423.399993896,2.72000003,,,,,423.399993896,2.4800000,,,,,423.399993896,2.3599999,
,,,423.600006104,2.3999999,,,,,423.600006104,2.6799998,,,,,423.600006104,2.4400001,,,,,423.600006104,2.3599999,
,,,423.800018311,2.3999999,,,,,423.800018311,2.6799998,,,,,423.800018311,2.4800000,,,,,423.800018311,2.3599999,
,,,424.000000000,2.3999999,,,,,424.000000000,2.72000003,,,,,424.000000000,2.4400001,,,,,424.000000000,2.3599999,
,,,424.200012207,2.3999999,,,,,424.200012207,2.72000003,,,,,424.200012207,2.4400001,,,,,424.200012207,2.3599999,
,,,424.399993896,2.3999999,,,,,424.399993896,2.6799998,,,,,424.399993896,2.4400001,,,,,424.399993896,2.3599999,
,,,424.600006104,2.3999999,,,,,424.600006104,2.72000003,,,,,424.600006104,2.4400001,,,,,424.600006104,2.3199999,
,,,424.800018311,2.3999999,,,,,424.800018311,2.6799998,,,,,424.800018311,2.4800000,,,,,424.800018311,2.3599999,
,,,425.000000000,2.3999999,,,,,425.000000000,2.72000003,,,,,425.000000000,2.4800000,,,,,425.000000000,2.3599999,
,,,425.200012207,2.3999999,,,,,425.200012207,2.72000003,,,,,425.200012207,2.4400001,,,,,425.200012207,2.3599999,
,,,425.399993896,2.3999999,,,,,425.399993896,2.72000003,,,,,425.399993896,2.4800000,,,,,425.399993896,2.3599999,
,,,425.600006104,2.3999999,,,,,425.600006104,2.6799998,,,,,425.600006104,2.4800000,,,,,425.600006104,2.3599999,
,,,425.800018311,2.3999999,,,,,425.800018311,2.6799998,,,,,425.800018311,2.4800000,,,,,425.800018311,2.3199999,
,,,426.000000000,2.3999999,,,,,426.000000000,2.6799998,,,,,426.000000000,2.4400001,,,,,426.000000000,2.4800000,
,,,426.200012207,2.3999999,,,,,426.200012207,2.75999999,,,,,426.200012207,2.4400001,,,,,426.200012207,2.5200000,
,,,426.399993896,2.3999999,,,,,426.399993896,2.72000003,,,,,426.399993896,2.4400001,,,,,426.399993896,2.5200000,
,,,426.600006104,2.3999999,,,,,426.600006104,2.72000003,,,,,426.600006104,2.3999999,,,,,426.600006104,2.4800000,
,,,426.800018311,2.3999999,,,,,426.800018311,2.75999999,,,,,426.800018311,2.4400001,,,,,426.800018311,2.5200000,
,,,427.000000000,2.3999999,,,,,427.000000000,2.72000003,,,,,427.000000000,2.4400001,,,,,427.000000000,2.5599999,
,,,427.200012207,2.3999999,,,,,427.200012207,2.75999999,,,,,427.200012207,2.3999999,,,,,427.200012207,2.5200000,
,,,427.399993896,2.3999999,,,,,427.399993896,2.72000003,,,,,427.399993896,2.3999999,,,,,427.399993896,2.5200000,
,,,427.600006104,2.3999999,,,,,427.600006104,2.6799998,,,,,427.600006104,2.4400001,,,,,427.600006104,2.5200000,
,,,427.800018311,2.3999999,,,,,427.800018311,2.72000003,,,,,427.800018311,2.3999999,,,,,427.800018311,2.5200000,
,,,428.000000000,2.3999999,,,,,428.000000000,2.72000003,,,,,428.000000000,2.4400001,,,,,428.000000000,2.5200000,
,,,428.200012207,2.3999999,,,,,428.200012207,2.6799998,,,,,428.200012207,2.4400001,,,,,428.200012207,2.4800000,
,,,428.399993896,2.3999999,,,,,428.399993896,2.72000003,,,,,428.399993896,2.3999999,,,,,428.399993896,2.4800000,
,,,428.600006104,2.3999999,,,,,428.600006104,2.6799998,,,,,428.600006104,2.3999999,,,,,428.600006104,2.5200000,
,,,428.800018311,2.3999999,,,,,428.800018311,2.72000003,,,,,428.800018311,2.3999999,,,,,428.800018311,2.4800000,
,,,429.000000000,2.4400001,,,,,429.000000000,2.72000003,,,,,429.000000000,2.4400001,,,,,429.000000000,2.4800000,
,,,429.200012207,2.3999999,,,,,429.200012207,2.6799998,,,,,429.200012207,2.3999999,,,,,429.200012207,2.5200000,
,,,429.399993896,2.3999999,,,,,429.399993896,2.72000003,,,,,429.399993896,2.3999999,,,,,429.399993896,2.4800000,
,,,429.600006104,2.3999999,,,,,429.600006104,2.72000003,,,,,429.600006104,2.3999999,,,,,429.600006104,2.4400001,
,,,429.800018311,2.3999999,,,,,429.800018311,2.6799998,,,,,429.800018311,2.3999999,,,,,429.800018311,2.4800000,
,,,430.000000000,2.3999999,,,,,430.000000000,2.72000003,,,,,430.000000000,2.4400001,,,,,430.000000000,2.4800000,
,,,430.200012207,2.3999999,,,,,430.200012207,2.6799998,,,,,430.200012207,2.4400001,,,,,430.200012207,2.5200000,
,,,430.399993896,2.3999999,,,,,430.399993896,2.72000003,,,,,430.399993896,2.3999999,,,,,430.399993896,2.4800000,
,,,430.600006104,2.3999999,,,,,430.600006104,2.72000003,,,,,430.600006104,2.3999999,,,,,430.600006104,2.4400001,
,,,430.800018311,2.3999999,,,,,430.800018311,2.6799998,,,,,430.800018311,2.3999999,,,,,430.800018311,2.4800000,
,,,431.000000000,2.4400001,,,,,431.000000000,2.72000003,,,,,431.000000000,2.3999999,,,,,431.000000000,2.4800000,
,,,431.200012207,2.3999999,,,,,431.200012207,2.72000003,,,,,431.200012207,2.3999999,,,,,431.200012207,2.4800000,
,,,431.399993896,2.3999999,,,,,431.399993896,2.72000003,,,,,431.399993896,2.4400001,,,,,431.399993896,2.4800000,
,,,431.600006104,2.3599999,,,,,431.600006104,2.72000003,,,,,431.600006104,2.3999999,,,,,431.600006104,2.4400001,
,,,431.800018311,2.3999999,,,,,431.800018311,2.72000003,,,,,431.800018311,2.4400001,,,,,431.800018311,2.4800000,
,,,432.000000000,2.3999999,,,,,432.000000000,2.72000003,,,,,432.000000000,2.3999999,,,,,432.000000000,2.4400001,
,,,432.200012207,2.3999999,,,,,432.200012207,2.6799998,,,,,432.200012207,2.3999999,,,,,432.200012207,2.4800000,
,,,432.399993896,2.3999999,,,,,432.399993896,2.6799998,,,,,432.399993896,2.3999999,,,,,432.399993896,2.4400001,
,,,432.600006104,2.3999999,,,,,432.600006104,2.6799998,,,,,432.600006104,2.3999999,,,,,432.600006104,2.4400001,
,,,432.800018311,2.3999999,,,,,432.800018311,2.72000003,,,,,432.800018311,2.3999999,,,,,432.800018311,2.3999999,
,,,433.000000000,2.3999999,,,,,433.000000000,2.6799998,,,,,433.000000000,2.4400001,,,,,433.000000000,2.3999999,
,,,433.200012207,2.3999999,,,,,433.200012207,2.6799998,,,,,433.200012207,2.4400001,,,,,433.200012207,2.4400001,
,,,433.399993896,2.3999999,,,,,433.399993896,2.72000003,,,,,433.399993896,2.4400001,,,,,433.399993896,2.3999999,
,,,433.600006104,2.3999999,,,,,433.600006104,2.6799998,,,,,433.600006104,2.3999999,,,,,433.600006104,2.4400001,
,,,433.800018311,2.3999999,,,,,433.800018311,2.6799998,,,,,433.800018311,2.4400001,,,,,433.800018311,2.4800000,
,,,434.000000000,2.3999999,,,,,434.000000000,2.6799998,,,,,434.000000000,2.3999999,,,,,434.000000000,2.4400001,
,,,434.200012207,2.3999999,,,,,434.200012207,2.6799998,,,,,434.200012207,2.3999999,,,,,434.200012207,2.4400001,
,,,434.399993896,2.3999999,,,,,434.399993896,2.72000003,,,,,434.399993896,2.4400001,,,,,434.399993896,2.4400001,
,,,434.600006104,2.3999999,,,,,434.600006104,2.72000003,,,,,434.600006104,2.4400001,,,,,434.600006104,2.4400001,
,,,434.800018311,2.3999999,,,,,434.800018311,2.6799998,,,,,434.800018311,2.4400001,,,,,434.800018311,2.4400001,
,,,435.000000000,2.3999999,,,,,435.000000000,2.6799998,,,,,435.000000000,2.3999999,,,,,435.000000000,2.3999999,
,,,435.200012207,2.3999999,,,,,435.200012207,2.6799998,,,,,435.200012207,2.4400001,,,,,435.200012207,2.3999999,
,,,435.399993896,2.3999999,,,,,435.399993896,2.6799998,,,,,435.399993896,2.4400001,,,,,435.399993896,2.3999999,
,,,435.600006104,2.3999999,,,,,435.600006104,2.72000003,,,,,435.600006104,2.3999999,,,,,435.600006104,2.3999999,
,,,435.800018311,2.3999999,,,,,435.800018311,2.6799998,,,,,435.800018311,2.3999999,,,,,435.800018311,2.3999999,
,,,436.000000000,2.3999999,,,,,436.000000000,2.72000003,,,,,436.000000000,2.3999999,,,,,436.000000000,2.3999999,
,,,436.200012207,2.3999999,,,,,436.200012207,2.6799998,,,,,436.200012207,2.3999999,,,,,436.200012207,2.3999999,
,,,436.399993896,2.3999999,,,,,436.399993896,2.6799998,,,,,436.399993896,2.3999999,,,,,436.399993896,2.3999999,
,,,436.600006104,2.3999999,,,,,436.600006104,2.72000003,,,,,436.600006104,2.3999999,,,,,436.600006104,2.3599999,
,,,436.800018311,2.3999999,,,,,436.800018311,2.72000003,,,,,436.800018311,2.3999999,,,,,436.800018311,2.3999999,
,,,437.000000000,2.3999999,,,,,437.000000000,2.72000003,,,,,437.000000000,2.4400001,,,,,437.000000000,2.3999999,
,,,437.200012207,2.3999999,,,,,437.200012207,2.72000003,,,,,437.200012207,2.4400001,,,,,437.200012207,2.3599999,
,,,437.399993896,2.3999999,,,,,437.399993896,2.6799998,,,,,437.399993896,2.3999999,,,,,437.399993896,2.3599999,
,,,437.600006104,2.3999999,,,,,437.600006104,2.72000003,,,,,437.600006104,2.4400001,,,,,437.600006104,2.3599999,
,,,437.800018311,2.3999999,,,,,437.800018311,2.72000003,,,,,437.800018311,2.4400001,,,,,437.800018311,2.3599999,
,,,438.000000000,2.3999999,,,,,438.000000000,2.72000003,,,,,438.000000000,2.4400001,,,,,438.000000000,2.3599999,
,,,438.200012207,2.3999999,,,,,438.200012207,2.72000003,,,,,438.200012207,2.3999999,,,,,438.200012207,2.3599999,
,,,438.399993896,2.3999999,,,,,438.399993896,2.72000003,,,,,438.399993896,2.4400001,,,,,438.399993896,2.3599999,
,,,438.600006104,2.3999999,,,,,438.600006104,2.72000003,,,,,438.600006104,2.4400001,,,,,438.600006104,2.3999999,
,,,438.800018311,2.3999999,,,,,438.800018311,2.6799998,,,,,438.800018311,2.3999999,,,,,438.800018311,2.3999999,
,,,439.000000000,2.3999999,,,,,439.000000000,2.6799998,,,,,439.000000000,2.4400001,,,,,439.000000000,2.3599999,
,,,439.200012207,2.3999999,,,,,439.200012207,2.6799998,,,,,439.200012207,2.4400001,,,,,439.200012207,2.3599999,
,,,439.399993896,2.3999999,,,,,439.399993896,2.72000003,,,,,439.399993896,2.4400001,,,,,439.399993896,2.3199999,
,,,439.600006104,2.3999999,,,,,439.600006104,2.72000003,,,,,439.600006104,2.4400001,,,,,439.600006104,2.3599999,
,,,439.800018311,2.3999999,,,,,439.800018311,2.6799998,,,,,439.800018311,2.3999999,,,,,439.800018311,2.3599999,
,,,440.000000000,2.3999999,,,,,440.000000000,2.6799998,,,,,440.000000000,2.3999999,,,,,440.000000000,2.3599999,
,,,440.200012207,2.3999999,,,,,440.200012207,2.75999999,,,,,440.200012207,2.4400001,,,,,440.200012207,2.3599999,
,,,440.399993896,2.3999999,,,,,440.399993896,2.72000003,,,,,440.399993896,2.3999999,,,,,440.399993896,2.3599999,
,,,440.600006104,2.3999999,,,,,440.600006104,2.6799998,,,,,440.600006104,2.4400001,,,,,440.600006104,2.3599999,
,,,440.800018311,2.3999999,,,,,440.800018311,2.72000003,,,,,440.800018311,2.4400001,,,,,440.800018311,2.3599999,
,,,441.000000000,2.3999999,,,,,441.000000000,2.72000003,,,,,441.000000000,2.3999999,,,,,441.000000000,2.3599999,
,,,441.200012207,2.3999999,,,,,441.200012207,2.72000003,,,,,441.200012207,2.4400001,,,,,441.200012207,2.3599999,
,,,441.399993896,2.3999999,,,,,441.399993896,2.72000003,,,,,441.399993896,2.3999999,,,,,441.399993896,2.4400001,
,,,441.600006104,2.3999999,,,,,441.600006104,2.72000003,,,,,441.600006104,2.3999999,,,,,441.600006104,2.5200000,
,,,441.800018311,2.3999999,,,,,441.800018311,2.6799998,,,,,441.800018311,2.3599999,,,,,441.800018311,2.5200000,
,,,442.000000000,2.3999999,,,,,442.000000000,2.72000003,,,,,442.000000000,2.3599999,,,,,442.000000000,2.5200000,
,,,442.200012207,2.3999999,,,,,442.200012207,2.72000003,,,,,442.200012207,2.3599999,,,,,442.200012207,2.5200000,
,,,442.399993896,2.3999999,,,,,442.399993896,2.6799998,,,,,442.399993896,2.3999999,,,,,442.399993896,2.5200000,
,,,442.600006104,2.3999999,,,,,442.600006104,2.72000003,,,,,442.600006104,2.3599999,,,,,442.600006104,2.5200000,
,,,442.800018311,2.3999999,,,,,442.800018311,2.6799998,,,,,442.800018311,2.3999999,,,,,442.800018311,2.5200000,
,,,443.000000000,2.3999999,,,,,443.000000000,2.72000003,,,,,443.000000000,2.3999999,,,,,443.000000000,2.5200000,
,,,443.200012207,2.3999999,,,,,443.200012207,2.6799998,,,,,443.200012207,2.3599999,,,,,443.200012207,2.5200000,
,,,443.399993896,2.3999999,,,,,443.399993896,2.72000003,,,,,443.399993896,2.3599999,,,,,443.399993896,2.5200000,
,,,443.600006104,2.3999999,,,,,443.600006104,2.72000003,,,,,443.600006104,2.3999999,,,,,443.600006104,2.5200000,
,,,443.800018311,2.3999999,,,,,443.800018311,2.72000003,,,,,443.800018311,2.3999999,,,,,443.800018311,2.4800000,
,,,444.000000000,2.3999999,,,,,444.000000000,2.6799998,,,,,444.000000000,2.3999999,,,,,444.000000000,2.5200000,
,,,444.200012207,2.3999999,,,,,444.200012207,2.72000003,,,,,444.200012207,2.3599999,,,,,444.200012207,2.4800000,
,,,444.399993896,2.3999999,,,,,444.399993896,2.6799998,,,,,444.399993896,2.3599999,,,,,444.399993896,2.4800000,
,,,444.600006104,2.3999999,,,,,444.600006104,2.6799998,,,,,444.600006104,2.3599999,,,,,444.600006104,2.5200000,
,,,444.800018311,2.3999999,,,,,444.800018311,2.72000003,,,,,444.800018311,2.3599999,,,,,444.800018311,2.4800000,
,,,445.000000000,2.3999999,,,,,445.000000000,2.72000003,,,,,445.000000000,2.3999999,,,,,445.000000000,2.4800000,
,,,445.200012207,2.3999999,,,,,445.200012207,2.72000003,,,,,445.200012207,2.3599999,,,,,445.200012207,2.4800000,
,,,445.399993896,2.3999999,,,,,445.399993896,2.5999999,,,,,445.399993896,2.3599999,,,,,445.399993896,2.5200000,
,,,445.600006104,2.3999999,,,,,445.600006104,2.6799998,,,,,445.600006104,2.3999999,,,,,445.600006104,2.5200000,
,,,445.800018311,2.3999999,,,,,445.800018311,2.72000003,,,,,445.800018311,2.3599999,,,,,445.800018311,2.4800000,
,,,446.000000000,2.3999999,,,,,446.000000000,2.72000003,,,,,446.000000000,2.3999999,,,,,446.000000000,2.4400001,
,,,446.200012207,2.3999999,,,,,446.200012207,2.72000003,,,,,446.200012207,2.3999999,,,,,446.200012207,2.4400001,
,,,446.399993896,2.3999999,,,,,446.399993896,2.6799998,,,,,446.399993896,2.3599999,,,,,446.399993896,2.4400001,
,,,446.600006104,2.3999999,,,,,446.600006104,2.6799998,,,,,446.600006104,2.3599999,,,,,446.600006104,2.5200000,
,,,446.800018311,2.3999999,,,,,446.800018311,2.72000003,,,,,446.800018311,2.3599999,,,,,446.800018311,2.4800000,
,,,447.000000000,2.3999999,,,,,447.000000000,2.6799998,,,,,447.000000000,2.3599999,,,,,447.000000000,2.4400001,
,,,447.200012207,2.3999999,,,,,447.200012207,2.72000003,,,,,447.200012207,2.3599999,,,,,447.200012207,2.4800000,
,,,447.399993896,2.3999999,,,,,447.399993896,2.72000003,,,,,447.399993896,2.3999999,,,,,447.399993896,2.4800000,
,,,447.600006104,2.3999999,,,,,447.600006104,2.6799998,,,,,447.600006104,2.3999999,,,,,447.600006104,2.4800000,
,,,447.800018311,2.3999999,,,,,447.800018311,2.72000003,,,,,447.800018311,2.3999999,,,,,447.800018311,2.4800000,
,,,448.000000000,2.3999999,,,,,448.000000000,2.72000003,,,,,448.000000000,2.3599999,,,,,448.000000000,2.4800000,
,,,448.200012207,2.3999999,,,,,448.200012207,2.72000003,,,,,448.200012207,2.3599999,,,,,448.200012207,2.4800000,
,,,448.399993896,2.3599999,,,,,448.399993896,2.72000003,,,,,448.399993896,2.3999999,,,,,448.399993896,2.4800000,
,,,448.600006104,2.3999999,,,,,448.600006104,2.6799998,,,,,448.600006104,2.3999999,,,,,448.600006104,2.4800000,
,,,448.800018311,2.3999999,,,,,448.800018311,2.72000003,,,,,448.800018311,2.3999999,,,,,448.800018311,2.5200000,
,,,449.000000000,2.3999999,,,,,449.000000000,2.72000003,,,,,449.000000000,2.3599999,,,,,449.000000000,2.4400001,
,,,449.200012207,2.3999999,,,,,449.200012207,2.72000003,,,,,449.200012207,2.3999999,,,,,449.200012207,2.4800000,
,,,449.399993896,2.3999999,,,,,449.399993896,2.72000003,,,,,449.399993896,2.3599999,,,,,449.399993896,2.4800000,
,,,449.600006104,2.3999999,,,,,449.600006104,2.6799998,,,,,449.600006104,2.3999999,,,,,449.600006104,2.4800000,
,,,449.800018311,2.3999999,,,,,449.800018311,2.75999999,,,,,449.800018311,2.3599999,,,,,449.800018311,2.4800000,
,,,450.000000000,2.3999999,,,,,450.000000000,2.72000003,,,,,450.000000000,2.3599999,,,,,450.000000000,2.4800000,
,,,450.200012207,2.3999999,,,,,450.200012207,2.72000003,,,,,450.200012207,2.3999999,,,,,450.200012207,2.4400001,
,,,450.399993896,2.3999999,,,,,450.399993896,2.72000003,,,,,450.399993896,2.3599999,,,,,450.399993896,2.4400001,
,,,450.600006104,2.3999999,,,,,450.600006104,2.6799998,,,,,450.600006104,2.3599999,,,,,450.600006104,2.4400001,
,,,450.800018311,2.3999999,,,,,450.800018311,2.6799998,,,,,450.800018311,2.3599999,,,,,450.800018311,2.4400001,
,,,451.000000000,2.3999999,,,,,451.000000000,2.72000003,,,,,451.000000000,2.3599999,,,,,451.000000000,2.4400001,
,,,451.200012207,2.3999999,,,,,451.200012207,2.6799998,,,,,451.200012207,2.3999999,,,,,451.200012207,2.4400001,
,,,451.399993896,2.3999999,,,,,451.399993896,2.72000003,,,,,451.399993896,2.3999999,,,,,451.399993896,2.4800000,
,,,451.600006104,2.3999999,,,,,451.600006104,2.75999999,,,,,451.600006104,2.3999999,,,,,451.600006104,2.3999999,
,,,451.800018311,2.3999999,,,,,451.800018311,2.75999999,,,,,451.800018311,2.3599999,,,,,451.800018311,2.4400001,
,,,452.000000000,2.3999999,,,,,452.000000000,2.72000003,,,,,452.000000000,2.3999999,,,,,452.000000000,2.4400001,
,,,452.200012207,2.3599999,,,,,452.200012207,2.6799998,,,,,452.200012207,2.3599999,,,,,452.200012207,2.4400001,
,,,452.399993896,2.3999999,,,,,452.399993896,2.72000003,,,,,452.399993896,2.3599999,,,,,452.399993896,2.4400001,
,,,452.600006104,2.3999999,,,,,452.600006104,2.72000003,,,,,452.600006104,2.3999999,,,,,452.600006104,2.4400001,
,,,452.800018311,2.3999999,,,,,452.800018311,2.72000003,,,,,452.800018311,2.3599999,,,,,452.800018311,2.4400001,
,,,453.000000000,2.3999999,,,,,453.000000000,2.6799998,,,,,453.000000000,2.3599999,,,,,453.000000000,2.4400001,
,,,453.200012207,2.3999999,,,,,453.200012207,2.72000003,,,,,453.200012207,2.3599999,,,,,453.200012207,2.4400001,
,,,453.399993896,2.3999999,,,,,453.399993896,2.72000003,,,,,453.399993896,2.3599999,,,,,453.399993896,2.4400001,
,,,453.600006104,2.3999999,,,,,453.600006104,2.6799998,,,,,453.600006104,2.3999999,,,,,453.600006104,2.4400001,
,,,453.800018311,2.3999999,,,,,453.800018311,2.6799998,,,,,453.800018311,2.3999999,,,,,453.800018311,2.4800000,
,,,454.000000000,2.3999999,,,,,454.000000000,2.6799998,,,,,454.000000000,2.3999999,,,,,454.000000000,2.4400001,
,,,454.200012207,2.3999999,,,,,454.200012207,2.6799998,,,,,454.200012207,2.3999999,,,,,454.200012207,2.4400001,
,,,454.399993896,2.3599999,,,,,454.399993896,2.6799998,,,,,454.399993896,2.3599999,,,,,454.399993896,2.4400001,
,,,454.600006104,2.3999999,,,,,454.600006104,2.72000003,,,,,454.600006104,2.3599999,,,,,454.600006104,2.3999999,
,,,454.800018311,2.3999999,,,,,454.800018311,2.72000003,,,,,454.800018311,2.3599999,,,,,454.800018311,2.4400001,
,,,455.000000000,2.3999999,,,,,455.000000000,2.6799998,,,,,455.000000000,2.3999999,,,,,455.000000000,2.4400001,
,,,455.200012207,2.3999999,,,,,455.200012207,2.6799998,,,,,455.200012207,2.3999999,,,,,455.200012207,2.4400001,
,,,455.399993896,2.3999999,,,,,455.399993896,2.72000003,,,,,455.399993896,2.3599999,,,,,455.399993896,2.4400001,
,,,455.600006104,2.3999999,,,,,455.600006104,2.72000003,,,,,455.600006104,2.3599999,,,,,455.600006104,2.4800000,
,,,455.800018311,2.3999999,,,,,455.800018311,2.72000003,,,,,455.800018311,2.3599999,,,,,455.800018311,2.4800000,
,,,456.000000000,2.3999999,,,,,456.000000000,2.72000003,,,,,456.000000000,2.3999999,,,,,456.000000000,2.4400001,
,,,456.200012207,2.3999999,,,,,456.200012207,2.72000003,,,,,456.200012207,2.3999999,,,,,456.200012207,2.4400001,
,,,456.399993896,2.3999999,,,,,456.399993896,2.72000003,,,,,456.399993896,2.3999999,,,,,456.399993896,2.4400001,
,,,456.600006104,2.3999999,,,,,456.600006104,2.72000003,,,,,456.600006104,2.3599999,,,,,456.600006104,2.4400001,
,,,456.800018311,2.3999999,,,,,456.800018311,2.72000003,,,,,456.800018311,2.3599999,,,,,456.800018311,2.4400001,
,,,457.000000000,2.3999999,,,,,457.000000000,2.72000003,,,,,457.000000000,2.3999999,,,,,457.000000000,2.4800000,
,,,457.200012207,2.3999999,,,,,457.200012207,2.72000003,,,,,457.200012207,2.3999999,,,,,457.200012207,2.3999999,
,,,457.399993896,2.3999999,,,,,457.399993896,2.72000003,,,,,457.399993896,2.3599999,,,,,457.399993896,2.4400001,
,,,457.600006104,2.3999999,,,,,457.600006104,2.75999999,,,,,457.600006104,2.3999999,,,,,457.600006104,2.3999999,
,,,457.800018311,2.3999999,,,,,457.800018311,2.75999999,,,,,457.800018311,2.3999999,,,,,457.800018311,2.4400001,
,,,458.000000000,2.3999999,,,,,458.000000000,2.72000003,,,,,458.000000000,2.3599999,,,,,458.000000000,2.4400001,
,,,458.200012207,2.3999999,,,,,458.200012207,2.72000003,,,,,458.200012207,2.3599999,,,,,458.200012207,2.4400001,
,,,458.399993896,2.3999999,,,,,458.399993896,2.6799998,,,,,458.399993896,2.3599999,,,,,458.399993896,2.4400001,
,,,458.600006104,2.3999999,,,,,458.600006104,2.72000003,,,,,458.600006104,2.3599999,,,,,458.600006104,2.4400001,
,,,458.800018311,2.3999999,,,,,458.800018311,2.72000003,,,,,458.800018311,2.3599999,,,,,458.800018311,2.3999999,
,,,459.000000000,2.3999999,,,,,459.000000000,2.6799998,,,,,459.000000000,2.3599999,,,,,459.000000000,2.3999999,
,,,459.200012207,2.3999999,,,,,459.200012207,2.6799998,,,,,459.200012207,2.3599999,,,,,459.200012207,2.4400001,
,,,459.399993896,2.3999999,,,,,459.399993896,2.6799998,,,,,459.399993896,2.3999999,,,,,459.399993896,2.4400001,
,,,459.600006104,2.3999999,,,,,459.600006104,2.6799998,,,,,459.600006104,2.3999999,,,,,459.600006104,2.4400001,
,,,459.800018311,2.3999999,,,,,459.800018311,2.6799998,,,,,459.800018311,2.3599999,,,,,459.800018311,2.4400001,
,,,460.000000000,2.3999999,,,,,460.000000000,2.6799998,,,,,460.000000000,2.3599999,,,,,460.000000000,2.4400001,
,,,460.200012207,2.3999999,,,,,460.200012207,2.6799998,,,,,460.200012207,2.3999999,,,,,460.200012207,2.4400001,
,,,460.399993896,2.3999999,,,,,460.399993896,2.75999999,,,,,460.399993896,2.3599999,,,,,460.399993896,2.4400001,
,,,460.600006104,2.4400001,,,,,460.600006104,2.72000003,,,,,460.600006104,2.3599999,,,,,460.600006104,2.4400001,
,,,460.800018311,2.3999999,,,,,460.800018311,2.6799998,,,,,460.800018311,2.3999999,,,,,460.800018311,2.4400001,
,,,461.000000000,2.3999999,,,,,461.000000000,2.6799998,,,,,461.000000000,2.3999999,,,,,461.000000000,2.4400001,
,,,461.200012207,2.3999999,,,,,461.200012207,2.6799998,,,,,461.200012207,2.3599999,,,,,461.200012207,2.4400001,
,,,461.399993896,2.3999999,,,,,461.399993896,2.6399999,,,,,461.399993896,2.3999999,,,,,461.399993896,2.4400001,
,,,461.600006104,2.3599999,,,,,461.600006104,2.72000003,,,,,461.600006104,2.3999999,,,,,461.600006104,2.4400001,
,,,461.800018311,2.3999999,,,,,461.800018311,2.6399999,,,,,461.800018311,2.3599999,,,,,461.800018311,2.4400001,
,,,462.000000000,2.3999999,,,,,462.000000000,2.75999999,,,,,462.000000000,2.3999999,,,,,462.000000000,2.3999999,
,,,462.200012207,2.3999999,,,,,462.200012207,2.79999995,,,,,462.200012207,2.3999999,,,,,462.200012207,2.4400001,
,,,462.399993896,2.3999999,,,,,462.399993896,2.6799998,,,,,462.399993896,2.3599999,,,,,462.399993896,2.4400001,
,,,462.600006104,2.3999999,,,,,462.600006104,2.6799998,,,,,462.600006104,2.3999999,,,,,462.600006104,2.4400001,
,,,462.800018311,2.3999999,,,,,462.800018311,2.72000003,,,,,462.800018311,2.3999999,,,,,462.800018311,2.4800000,
,,,463.000000000,2.3999999,,,,,463.000000000,2.6799998,,,,,463.000000000,2.3599999,,,,,463.000000000,2.4400001,
,,,463.200012207,2.3999999,,,,,463.200012207,2.72000003,,,,,463.200012207,2.3599999,,,,,463.200012207,2.4400001,
,,,463.399993896,2.3999999,,,,,463.399993896,2.6799998,,,,,463.399993896,2.3599999,,,,,463.399993896,2.4400001,
,,,463.600006104,2.3999999,,,,,463.600006104,2.72000003,,,,,463.600006104,2.3999999,,,,,463.600006104,2.4400001,
,,,463.800018311,2.3999999,,,,,463.800018311,2.6799998,,,,,463.800018311,2.3599999,,,,,463.800018311,2.4800000,
,,,464.000000000,2.3999999,,,,,464.000000000,2.72000003,,,,,464.000000000,2.3599999,,,,,464.000000000,2.4400001,
,,,464.200012207,2.3999999,,,,,464.200012207,2.72000003,,,,,464.200012207,2.3999999,,,,,464.200012207,2.4400001,
,,,464.399993896,2.3999999,,,,,464.399993896,2.6799998,,,,,464.399993896,2.3599999,,,,,464.399993896,2.4400001,
,,,464.600006104,2.3999999,,,,,464.600006104,2.72000003,,,,,464.600006104,2.3999999,,,,,464.600006104,2.4400001,
,,,464.800018311,2.3999999,,,,,464.800018311,2.6799998,,,,,464.800018311,2.3599999,,,,,464.800018311,2.5200000,
,,,465.000000000,2.3999999,,,,,465.000000000,2.72000003,,,,,465.000000000,2.3599999,,,,,465.000000000,2.3999999,
,,,465.200012207,2.3999999,,,,,465.200012207,2.6799998,,,,,465.200012207,2.3599999,,,,,465.200012207,2.4400001,
,,,465.399993896,2.3999999,,,,,465.399993896,2.72000003,,,,,465.399993896,2.3999999,,,,,465.399993896,2.4400001,
,,,465.600006104,2.3999999,,,,,465.600006104,2.6799998,,,,,465.600006104,2.3599999,,,,,465.600006104,2.4400001,
,,,465.800018311,2.3999999,,,,,465.800018311,2.72000003,,,,,465.800018311,2.3999999,,,,,465.800018311,2.4400001,
,,,466.000000000,2.3999999,,,,,466.000000000,2.72000003,,,,,466.000000000,2.3599999,,,,,466.000000000,2.4400001,
,,,466.200012207,2.3999999,,,,,466.200012207,2.6799998,,,,,466.200012207,2.3599999,,,,,466.200012207,2.3999999,
,,,466.399993896,2.3999999,,,,,466.399993896,2.72000003,,,,,466.399993896,2.3999999,,,,,466.399993896,2.4400001,
,,,466.600006104,2.3999999,,,,,466.600006104,2.6799998,,,,,466.600006104,2.3599999,,,,,466.600006104,2.4400001,
,,,466.800018311,2.3999999,,,,,466.800018311,2.72000003,,,,,466.800018311,2.3599999,,,,,466.800018311,2.4400001,
,,,467.000000000,2.3999999,,,,,467.000000000,2.75999999,,,,,467.000000000,2.3599999,,,,,467.000000000,2.4400001,
,,,467.200012207,2.3999999,,,,,467.200012207,2.72000003,,,,,467.200012207,2.3999999,,,,,467.200012207,2.4800000,
,,,467.399993896,2.4400001,,,,,467.399993896,2.6799998,,,,,467.399993896,2.3999999,,,,,467.399993896,2.3999999,
,,,467.600006104,2.3999999,,,,,467.600006104,2.6399999,,,,,467.600006104,2.3599999,,,,,467.600006104,2.4400001,
,,,467.800018311,2.3999999,,,,,467.800018311,2.5999999,,,,,467.800018311,2.3599999,,,,,467.800018311,2.4400001,
,,,468.000000000,2.3999999,,,,,468.000000000,2.72000003,,,,,468.000000000,2.3999999,,,,,468.000000000,2.3999999,
,,,468.200012207,2.3999999,,,,,468.200012207,2.6799998,,,,,468.200012207,2.3999999,,,,,468.200012207,2.3999999,
,,,468.399993896,2.3999999,,,,,468.399993896,2.75999999,,,,,468.399993896,2.3999999,,,,,468.399993896,2.4400001,
,,,468.600006104,2.3999999,,,,,468.600006104,2.6799998,,,,,468.600006104,2.3599999,,,,,468.600006104,2.4400001,
,,,468.800018311,2.3999999,,,,,468.800018311,2.6799998,,,,,468.800018311,2.3599999,,,,,468.800018311,2.4400001,
,,,469.000000000,2.3999999,,,,,469.000000000,2.72000003,,,,,469.000000000,2.3599999,,,,,469.000000000,2.4400001,
,,,469.200012207,2.3999999,,,,,469.200012207,2.6799998,,,,,469.200012207,2.3599999,,,,,469.200012207,2.4400001,
,,,469.399993896,2.3999999,,,,,469.399993896,2.72000003,,,,,469.399993896,2.3999999,,,,,469.399993896,2.4400001,
,,,469.600006104,2.3999999,,,,,469.600006104,2.72000003,,,,,469.600006104,2.3599999,,,,,469.600006104,2.4400001,
,,,469.800018311,2.3999999,,,,,469.800018311,2.6799998,,,,,469.800018311,2.3999999,,,,,469.800018311,2.4400001,
,,,470.000000000,2.3999999,,,,,470.000000000,2.72000003,,,,,470.000000000,2.3599999,,,,,470.000000000,2.4400001,
,,,470.200012207,2.3999999,,,,,470.200012207,2.6799998,,,,,470.200012207,2.3599999,,,,,470.200012207,2.4400001,
,,,470.399993896,2.3999999,,,,,470.399993896,2.72000003,,,,,470.399993896,2.3599999,,,,,470.399993896,2.4400001,
,,,470.600006104,2.3999999,,,,,470.600006104,2.72000003,,,,,470.600006104,2.3999999,,,,,470.600006104,2.4400001,
,,,470.800018311,2.3999999,,,,,470.800018311,2.72000003,,,,,470.800018311,2.3999999,,,,,470.800018311,2.4400001,
,,,471.000000000,2.3999999,,,,,471.000000000,2.72000003,,,,,471.000000000,2.3599999,,,,,471.000000000,2.4400001,
,,,471.200012207,2.3999999,,,,,471.200012207,2.6799998,,,,,471.200012207,2.3599999,,,,,471.200012207,2.3999999,
,,,471.399993896,2.3999999,,,,,471.399993896,2.6799998,,,,,471.399993896,2.3999999,,,,,471.399993896,2.4400001,
,,,471.600006104,2.3999999,,,,,471.600006104,2.6799998,,,,,471.600006104,2.3999999,,,,,471.600006104,2.4800000,
,,,471.800018311,2.3999999,,,,,471.800018311,2.6799998,,,,,471.800018311,2.3599999,,,,,471.800018311,2.4400001,
,,,472.000000000,2.3999999,,,,,472.000000000,2.6799998,,,,,472.000000000,2.3599999,,,,,472.000000000,2.4400001,
,,,472.200012207,2.3999999,,,,,472.200012207,2.72000003,,,,,472.200012207,2.3999999,,,,,472.200012207,2.4400001,
,,,472.399993896,2.3999999,,,,,472.399993896,2.72000003,,,,,472.399993896,2.3999999,,,,,472.399993896,2.4400001,
,,,472.600006104,2.3999999,,,,,472.600006104,2.72000003,,,,,472.600006104,2.3599999,,,,,472.600006104,2.3999999,
,,,472.800018311,2.3999999,,,,,472.800018311,2.6799998,,,,,472.800018311,2.3999999,,,,,472.800018311,2.4400001,
,,,473.000000000,2.3999999,,,,,473.000000000,2.72000003,,,,,473.000000000,2.3599999,,,,,473.000000000,2.3999999,
,,,473.200012207,2.3999999,,,,,473.200012207,2.6799998,,,,,473.200012207,2.3599999,,,,,473.200012207,2.4400001,
,,,473.399993896,2.3999999,,,,,473.399993896,2.72000003,,,,,473.399993896,2.3599999,,,,,473.399993896,2.4400001,
,,,473.600006104,2.3999999,,,,,473.600006104,2.72000003,,,,,473.600006104,2.3599999,,,,,473.600006104,2.4400001,
,,,473.800018311,2.3999999,,,,,473.800018311,2.6799998,,,,,473.800018311,2.3999999,,,,,473.800018311,2.4400001,
,,,474.000000000,2.3999999,,,,,474.000000000,2.72000003,,,,,474.000000000,2.3999999,,,,,474.000000000,2.4400001,
,,,474.200012207,-1.1200000,,,,,474.200012207,-1.1200000,,,,,474.200012207,-1.1200000,,,,,474.200012207,-1.1200000,
,,,474.399993896,-1.1200000,,,,,474.399993896,-1.1200000,,,,,474.399993896,-1.1200000,,,,,474.399993896,-1.1200000,
,,,474.600006104,-1.1200000,,,,,474.600006104,-1.1200000,,,,,474.600006104,-1.1200000,,,,,474.600006104,-1.1200000,
,,,474.800018311,-1.1200000,,,,,474.800018311,-1.1200000,,,,,474.800018311,-1.1200000,,,,,474.800018311,-1.1200000,
,,,475.000000000,-1.1200000,,,,,475.000000000,-1.1200000,,,,,475.000000000,-1.1200000,,,,,475.000000000,-1.1200000,
,,,475.200012207,-1.1200000,,,,,475.200012207,-1.1200000,,,,,475.200012207,-1.1200000,,,,,475.200012207,-1.1200000,
,,,475.399993896,-1.1200000,,,,,475.399993896,-1.1200000,,,,,475.399993896,-1.1200000,,,,,475.399993896,-1.1200000,
,,,475.600006104,-1.1200000,,,,,475.600006104,-1.1200000,,,,,475.600006104,-1.1200000,,,,,475.600006104,-1.1200000,
,,,475.800018311,-1.1200000,,,,,475.800018311,-1.1200000,,,,,475.800018311,-1.1200000,,,,,475.800018311,-1.1200000,
,,,476.000000000,-1.1200000,,,,,476.000000000,-1.1200000,,,,,476.000000000,-1.1200000,,,,,476.000000000,-1.1200000,
,,,476.200012207,-1.1200000,,,,,476.200012207,-1.1200000,,,,,476.200012207,-1.1200000,,,,,476.200012207,-1.1200000,
,,,476.399993896,-1.1200000,,,,,476.399993896,-1.1200000,,,,,476.399993896,-1.1200000,,,,,476.399993896,-1.1200000,
,,,476.600006104,-1.1200000,,,,,476.600006104,-1.1200000,,,,,476.600006104,-1.1200000,,,,,476.600006104,-1.1200000,
,,,476.800018311,-1.1200000,,,,,476.800018311,-1.1200000,,,,,476.800018311,-1.1200000,,,,,476.800018311,-1.1200000,
,,,477.000000000,-1.1200000,,,,,477.000000000,-1.1200000,,,,,477.000000000,-1.1200000,,,,,477.000000000,-1.1200000,
,,,477.200012207,-1.1200000,,,,,477.200012207,-1.1200000,,,,,477.200012207,-1.1200000,,,,,477.200012207,-1.1200000,
,,,477.399993896,-1.1200000,,,,,477.399993896,-1.1200000,,,,,477.399993896,-1.1200000,,,,,477.399993896,-1.1200000,
,,,477.600006104,-1.1200000,,,,,477.600006104,-1.1200000,,,,,477.600006104,-1.1200000,,,,,477.600006104,-1.1200000,
,,,477.800018311,-1.1200000,,,,,477.800018311,-1.1200000,,,,,477.800018311,-1.1200000,,,,,477.800018311,-1.1200000,
,,,478.000000000,-1.1200000,,,,,478.000000000,-1.1200000,,,,,478.000000000,-1.1200000,,,,,478.000000000,-1.1200000,
,,,478.200012207,-1.1200000,,,,,478.200012207,-1.1200000,,,,,478.200012207,-1.1200000,,,,,478.200012207,-1.1200000,
,,,478.399993896,-1.1200000,,,,,478.399993896,-1.1200000,,,,,478.399993896,-1.1200000,,,,,478.399993896,-1.1200000,
,,,478.600006104,-1.1200000,,,,,478.600006104,-1.1200000,,,,,478.600006104,-1.1200000,,,,,478.600006104,-1.1200000,
,,,478.800018311,-1.1200000,,,,,478.800018311,-1.1200000,,,,,478.800018311,-1.1200000,,,,,478.800018311,-1.1200000,
,,,479.000000000,-1.1200000,,,,,479.000000000,-1.1200000,,,,,479.000000000,-1.1200000,,,,,479.000000000,-1.1200000,
,,,479.200012207,-1.1200000,,,,,479.200012207,-1.1200000,,,,,479.200012207,-1.1200000,,,,,479.200012207,-1.1200000,
,,,479.399993896,-1.1200000,,,,,479.399993896,-1.1200000,,,,,479.399993896,-1.1200000,,,,,479.399993896,-1.1200000,
,,,479.600006104,-1.1200000,,,,,479.600006104,-1.1200000,,,,,479.600006104,-1.1200000,,,,,479.600006104,-1.1200000,
,,,479.800018311,-1.1200000,,,,,479.800018311,-1.1200000,,,,,479.800018311,-1.1200000,,,,,479.800018311,-1.1200000,
,,,480.000000000,-1.1200000,,,,,480.000000000,-1.1200000,,,,,480.000000000,-1.1200000,,,,,480.000000000,-1.1200000,
,,,480.200012207,-1.1200000,,,,,480.200012207,-1.1200000,,,,,480.200012207,-1.1200000,,,,,480.200012207,-1.1200000,
,,,480.399993896,-1.1200000,,,,,480.399993896,-1.1200000,,,,,480.399993896,-1.1200000,,,,,480.399993896,-1.1200000,
,,,480.600006104,-1.1200000,,,,,480.600006104,-1.1200000,,,,,480.600006104,-1.1200000,,,,,480.600006104,-1.1200000,
,,,480.800018311,-1.1200000,,,,,480.800018311,-1.1200000,,,,,480.800018311,-1.1200000,,,,,480.800018311,-1.1200000,
,,,481.000000000,-1.1200000,,,,,481.000000000,-1.1200000,,,,,481.000000000,-1.1200000,,,,,481.000000000,-1.1200000,
,,,481.200012207,-1.1200000,,,,,481.200012207,-1.1200000,,,,,481.200012207,-1.1200000,,,,,481.200012207,-1.1200000,
,,,481.399993896,-1.1200000,,,,,481.399993896,-1.1200000,,,,,481.399993896,-1.1200000,,,,,481.399993896,-1.1200000,
,,,481.600006104,-1.1200000,,,,,481.600006104,-1.1200000,,,,,481.600006104,-1.1200000,,,,,481.600006104,-1.1200000,
,,,481.800018311,-1.1200000,,,,,481.800018311,-1.1200000,,,,,481.800018311,-1.1200000,,,,,481.800018311,-1.1200000,
,,,482.000000000,-1.1200000,,,,,482.000000000,-1.1200000,,,,,482.000000000,-1.1200000,,,,,482.000000000,-1.1200000,
,,,482.200012207,-1.1200000,,,,,482.200012207,-1.1200000,,,,,482.200012207,-1.1200000,,,,,482.200012207,-1.1200000,
,,,482.399993896,-1.1200000,,,,,482.399993896,-1.1200000,,,,,482.399993896,-1.1200000,,,,,482.399993896,-1.1200000,
,,,482.600006104,-1.1200000,,,,,482.600006104,-1.1200000,,,,,482.600006104,-1.1200000,,,,,482.600006104,-1.1200000,
,,,482.800018311,-1.1200000,,,,,482.800018311,-1.1200000,,,,,482.800018311,-1.1200000,,,,,482.800018311,-1.1200000,
,,,483.000000000,-1.1200000,,,,,483.000000000,-1.1200000,,,,,483.000000000,-1.1200000,,,,,483.000000000,-1.1200000,
,,,483.200012207,-1.1200000,,,,,483.200012207,-1.1200000,,,,,483.200012207,-1.1200000,,,,,483.200012207,-1.1200000,
,,,483.399993896,-1.1200000,,,,,483.399993896,-1.1200000,,,,,483.399993896,-1.1200000,,,,,483.399993896,-1.1200000,
,,,483.600006104,-1.1200000,,,,,483.600006104,-1.1200000,,,,,483.600006104,-1.1200000,,,,,483.600006104,-1.1200000,
,,,483.800018311,-1.1200000,,,,,483.800018311,-1.1200000,,,,,483.800018311,-1.1200000,,,,,483.800018311,-1.1200000,
,,,484.000000000,-1.1200000,,,,,484.000000000,-1.1200000,,,,,484.000000000,-1.1200000,,,,,484.000000000,-1.1200000,
,,,484.200012207,-1.1200000,,,,,484.200012207,-1.1200000,,,,,484.200012207,-1.1200000,,,,,484.200012207,-1.1200000,
,,,484.399993896,-1.1200000,,,,,484.399993896,-1.1200000,,,,,484.399993896,-1.1200000,,,,,484.399993896,-1.1200000,
,,,484.600006104,-1.1200000,,,,,484.600006104,-1.1200000,,,,,484.600006104,-1.1200000,,,,,484.600006104,-1.1200000,
,,,484.800018311,-1.1200000,,,,,484.800018311,-1.1200000,,,,,484.800018311,-1.1200000,,,,,484.800018311,-1.1200000,
,,,485.000000000,-1.1200000,,,,,485.000000000,-1.1200000,,,,,485.000000000,-1.1200000,,,,,485.000000000,-1.1200000,
,,,485.200012207,-1.1200000,,,,,485.200012207,-1.1200000,,,,,485.200012207,-1.1200000,,,,,485.200012207,-1.1200000,
,,,485.399993896,-1.1200000,,,,,485.399993896,-1.1200000,,,,,485.399993896,-1.1200000,,,,,485.399993896,-1.1200000,
,,,485.600006104,-1.1200000,,,,,485.600006104,-1.1200000,,,,,485.600006104,-1.1200000,,,,,485.600006104,-1.1200000,
,,,485.800018311,-1.1200000,,,,,485.800018311,-1.1200000,,,,,485.800018311,-1.1200000,,,,,485.800018311,-1.1200000,
,,,486.000000000,-1.1200000,,,,,486.000000000,-1.1200000,,,,,486.000000000,-1.1200000,,,,,486.000000000,-1.1200000,
,,,486.200012207,-1.1200000,,,,,486.200012207,-1.1200000,,,,,486.200012207,-1.1200000,,,,,486.200012207,-1.1200000,
,,,486.399993896,-1.1200000,,,,,486.399993896,-1.1200000,,,,,486.399993896,-1.1200000,,,,,486.399993896,-1.1200000,
,,,486.600006104,-1.1200000,,,,,486.600006104,-1.1200000,,,,,486.600006104,-1.1200000,,,,,486.600006104,-1.1200000,
,,,486.800018311,-1.1200000,,,,,486.800018311,-1.1200000,,,,,486.800018311,-1.1200000,,,,,486.800018311,-1.1200000,
,,,487.000000000,-1.1200000,,,,,487.000000000,-1.1200000,,,,,487.000000000,-1.1200000,,,,,487.000000000,-1.1200000,
,,,487.200012207,-1.1200000,,,,,487.200012207,-1.1200000,,,,,487.200012207,-1.1200000,,,,,487.200012207,-1.1200000,
,,,487.399993896,-1.1200000,,,,,487.399993896,-1.1200000,,,,,487.399993896,-1.1200000,,,,,487.399993896,-1.1200000,
,,,487.600006104,-1.1200000,,,,,487.600006104,-1.1200000,,,,,487.600006104,-1.1200000,,,,,487.600006104,-1.1200000,
,,,487.800018311,-1.1200000,,,,,487.800018311,-1.1200000,,,,,487.800018311,-1.1200000,,,,,487.800018311,-1.1200000,
,,,488.000000000,-1.1200000,,,,,488.000000000,-1.1200000,,,,,488.000000000,-1.1200000,,,,,488.000000000,-1.1200000,
,,,488.200012207,-1.1200000,,,,,488.200012207,-1.1200000,,,,,488.200012207,-1.1200000,,,,,488.200012207,-1.1200000,
,,,488.399993896,-1.1200000,,,,,488.399993896,-1.1200000,,,,,488.399993896,-1.1200000,,,,,488.399993896,-1.1200000,
,,,488.600006104,-1.1200000,,,,,488.600006104,-1.1200000,,,,,488.600006104,-1.1200000,,,,,488.600006104,-1.1200000,
,,,488.800018311,-1.1200000,,,,,488.800018311,-1.1200000,,,,,488.800018311,-1.1200000,,,,,488.800018311,-1.1200000,
,,,489.000000000,-1.1200000,,,,,489.000000000,-1.1200000,,,,,489.000000000,-1.1200000,,,,,489.000000000,-1.1200000,
,,,489.200012207,-1.1200000,,,,,489.200012207,-1.1200000,,,,,489.200012207,-1.1200000,,,,,489.200012207,-1.1200000,
,,,489.399993896,-1.1200000,,,,,489.399993896,-1.1200000,,,,,489.399993896,-1.1200000,,,,,489.399993896,-1.1200000,
,,,489.600006104,-1.1200000,,,,,489.600006104,-1.1200000,,,,,489.600006104,-1.1200000,,,,,489.600006104,-1.1200000,
,,,489.800018311,-1.1200000,,,,,489.800018311,-1.1200000,,,,,489.800018311,-1.1200000,,,,,489.800018311,-1.1200000,
,,,490.000000000,-1.1200000,,,,,490.000000000,-1.1200000,,,,,490.000000000,-1.1200000,,,,,490.000000000,-1.1200000,
,,,490.200012207,-1.1200000,,,,,490.200012207,-1.1200000,,,,,490.200012207,-1.1200000,,,,,490.200012207,-1.1200000,
,,,490.399993896,-1.1200000,,,,,490.399993896,-1.1200000,,,,,490.399993896,-1.1200000,,,,,490.399993896,-1.1200000,
,,,490.600006104,-1.1200000,,,,,490.600006104,-1.1200000,,,,,490.600006104,-1.1200000,,,,,490.600006104,-1.1200000,
,,,490.800018311,-1.1200000,,,,,490.800018311,-1.1200000,,,,,490.800018311,-1.1200000,,,,,490.800018311,-1.1200000,
,,,491.000000000,-1.1200000,,,,,491.000000000,-1.1200000,,,,,491.000000000,-1.1200000,,,,,491.000000000,-1.1200000,
,,,491.200012207,-1.1200000,,,,,491.200012207,-1.1200000,,,,,491.200012207,-1.1200000,,,,,491.200012207,-1.1200000,
,,,491.399993896,-1.1200000,,,,,491.399993896,-1.1200000,,,,,491.399993896,-1.1200000,,,,,491.399993896,-1.1200000,
,,,491.600006104,-1.1200000,,,,,491.600006104,-1.1200000,,,,,491.600006104,-1.1200000,,,,,491.600006104,-1.1200000,
,,,491.800018311,-1.1200000,,,,,491.800018311,-1.1200000,,,,,491.800018311,-1.1200000,,,,,491.800018311,-1.1200000,
,,,492.000000000,-1.1200000,,,,,492.000000000,-1.1200000,,,,,492.000000000,-1.1200000,,,,,492.000000000,-1.1200000,
,,,492.200012207,-1.1200000,,,,,492.200012207,-1.1200000,,,,,492.200012207,-1.1200000,,,,,492.200012207,-1.1200000,
,,,492.399993896,-1.1200000,,,,,492.399993896,-1.1200000,,,,,492.399993896,-1.1200000,,,,,492.399993896,-1.1200000,
,,,492.600006104,-1.1200000,,,,,492.600006104,-1.1200000,,,,,492.600006104,-1.1200000,,,,,492.600006104,-1.1200000,
,,,492.800018311,-1.1200000,,,,,492.800018311,-1.1200000,,,,,492.800018311,-1.1200000,,,,,492.800018311,-1.1200000,
,,,493.000000000,-1.1200000,,,,,493.000000000,-1.1200000,,,,,493.000000000,-1.1200000,,,,,493.000000000,-1.1200000,
,,,493.200012207,-1.1200000,,,,,493.200012207,-1.1200000,,,,,493.200012207,-1.1200000,,,,,493.200012207,-1.1200000,
,,,493.399993896,-1.1200000,,,,,493.399993896,-1.1200000,,,,,493.399993896,-1.1200000,,,,,493.399993896,-1.1200000,
,,,493.600006104,-1.1200000,,,,,493.600006104,-1.1200000,,,,,493.600006104,-1.1200000,,,,,493.600006104,-1.1200000,
,,,493.800018311,-1.1200000,,,,,493.800018311,-1.1200000,,,,,493.800018311,-1.1200000,,,,,493.800018311,-1.1200000,
,,,494.000000000,-1.1200000,,,,,494.000000000,-1.1200000,,,,,494.000000000,-1.1200000,,,,,494.000000000,-1.1200000,
,,,494.200012207,-1.1200000,,,,,494.200012207,-1.1200000,,,,,494.200012207,-1.1200000,,,,,494.200012207,-1.1200000,
,,,494.399993896,-1.1200000,,,,,494.399993896,-1.1200000,,,,,494.399993896,-1.1200000,,,,,494.399993896,-1.1200000,
,,,494.600006104,-1.1200000,,,,,494.600006104,-1.1200000,,,,,494.600006104,-1.1200000,,,,,494.600006104,-1.1200000,
,,,494.800018311,-1.1200000,,,,,494.800018311,-1.1200000,,,,,494.800018311,-1.1200000,,,,,494.800018311,-1.1200000,
,,,495.000000000,-1.1200000,,,,,495.000000000,-1.1200000,,,,,495.000000000,-1.1200000,,,,,495.000000000,-1.1200000,
,,,495.200012207,-1.1200000,,,,,495.200012207,-1.1200000,,,,,495.200012207,-1.1200000,,,,,495.200012207,-1.1200000,
,,,495.399993896,-1.1200000,,,,,495.399993896,-1.1200000,,,,,495.399993896,-1.1200000,,,,,495.399993896,-1.1200000,
,,,495.600006104,-1.1200000,,,,,495.600006104,-1.1200000,,,,,495.600006104,-1.1200000,,,,,495.600006104,-1.1200000,
,,,495.800018311,-1.1200000,,,,,495.800018311,-1.1200000,,,,,495.800018311,-1.1200000,,,,,495.800018311,-1.1200000,
,,,496.000000000,-1.1200000,,,,,496.000000000,-1.1200000,,,,,496.000000000,-1.1200000,,,,,496.000000000,-1.1200000,
,,,496.200012207,-1.1200000,,,,,496.200012207,-1.1200000,,,,,496.200012207,-1.1200000,,,,,496.200012207,-1.1200000,
,,,496.399993896,-1.1200000,,,,,496.399993896,-1.1200000,,,,,496.399993896,-1.1200000,,,,,496.399993896,-1.1200000,
,,,496.600006104,-1.1200000,,,,,496.600006104,-1.1200000,,,,,496.600006104,-1.1200000,,,,,496.600006104,-1.1200000,
,,,496.800018311,-1.1200000,,,,,496.800018311,-1.1200000,,,,,496.800018311,-1.1200000,,,,,496.800018311,-1.1200000,
,,,497.000000000,-1.1200000,,,,,497.000000000,-1.1200000,,,,,497.000000000,-1.1200000,,,,,497.000000000,-1.1200000,
,,,497.200012207,-1.1200000,,,,,497.200012207,-1.1200000,,,,,497.200012207,-1.1200000,,,,,497.200012207,-1.1200000,
,,,497.399993896,-1.1200000,,,,,497.399993896,-1.1200000,,,,,497.399993896,-1.1200000,,,,,497.399993896,-1.1200000,
,,,497.600006104,-1.1200000,,,,,497.600006104,-1.1200000,,,,,497.600006104,-1.1200000,,,,,497.600006104,-1.1200000,
,,,497.800018311,-1.1200000,,,,,497.800018311,-1.1200000,,,,,497.800018311,-1.1200000,,,,,497.800018311,-1.1200000,
,,,498.000000000,-1.1200000,,,,,498.000000000,-1.1200000,,,,,498.000000000,-1.1200000,,,,,498.000000000,-1.1200000,
,,,498.200012207,-1.1200000,,,,,498.200012207,-1.1200000,,,,,498.200012207,-1.1200000,,,,,498.200012207,-1.1200000,
,,,498.399993896,-1.1200000,,,,,498.399993896,-1.1200000,,,,,498.399993896,-1.1200000,,,,,498.399993896,-1.1200000,
,,,498.600006104,-1.1200000,,,,,498.600006104,-1.1200000,,,,,498.600006104,-1.1200000,,,,,498.600006104,-1.1200000,
,,,498.800018311,-1.1200000,,,,,498.800018311,-1.1200000,,,,,498.800018311,-1.1200000,,,,,498.800018311,-1.1200000,
,,,499.000000000,-1.1200000,,,,,499.000000000,-1.1200000,,,,,499.000000000,-1.1200000,,,,,499.000000000,-1.1200000,
,,,499.200012207,-1.1200000,,,,,499.200012207,-1.1200000,,,,,499.200012207,-1.1200000,,,,,499.200012207,-1.1200000,
,,,499.399993896,-1.1200000,,,,,499.399993896,-1.1200000,,,,,499.399993896,-1.1200000,,,,,499.399993896,-1.1200000,
,,,499.600006104,-1.1200000,,,,,499.600006104,-1.1200000,,,,,499.600006104,-1.1200000,,,,,499.600006104,-1.1200000,
,,,499.800018311,-1.1200000,,,,,499.800018311,-1.1200000,,,,,499.800018311,-1.1200000,,,,,499.800018311,-1.1200000,
