Record Length,2500,Points,0.0,-5.11999989,,Record Length,2500,Points,0.0,-5.11999989,,Record Length,2500,Points,0.0,-5.11999989,,Record Length,2500,Points,0.0,-5.27999973,
Sample Interval,200.00000298E-3,s,200.00000298E-3,-5.11999989,,Sample Interval,200.00000298E-3,s,200.00000298E-3,-5.11999989,,Sample Interval,200.00000298E-3,s,200.00000298E-3,-5.11999989,,Sample Interval,200.00000298E-3,s,200.00000298E-3,-5.27999973,
Trigger Point,0.0,Samples,400.00000596E-3,-5.11999989,,Trigger Point,0.0,Samples,400.00000596E-3,-5.11999989,,Trigger Point,0.0,Samples,400.00000596E-3,-5.11999989,,Trigger Point,0.0,Samples,400.00000596E-3,-5.27999973,
,,,600.000023842E-3,-5.11999989,,,,,600.000023842E-3,-5.11999989,,,,,600.000023842E-3,-5.11999989,,,,,600.000023842E-3,-5.27999973,
,,,800.000011921E-3,-5.11999989,,,,,800.000011921E-3,-5.11999989,,,,,800.000011921E-3,-5.11999989,,,,,800.000011921E-3,-5.27999973,
,,,1.000000,-5.11999989,,,,,1.000000,-5.11999989,,,,,1.000000,-5.11999989,,,,,1.000000,-5.27999973,
Source,CH1,,1.2000000,-5.11999989,,Source,CH2,,1.2000000,-5.11999989,,Source,CH3,,1.2000000,-5.11999989,,Source,CH4,,1.2000000,-5.27999973,
Vertical Units,Volts,,1.4000000,-5.11999989,,Vertical Units,Volts,,1.4000000,-5.11999989,,Vertical Units,Volts,,1.4000000,-5.11999989,,Vertical Units,Volts,,1.4000000,-5.27999973,
Vertical Scale,999.999977648E-3,,1.6000000,-5.11999989,,Vertical Scale,999.999977648E-3,,1.6000000,-5.11999989,,Vertical Scale,999.999977648E-3,,1.6000000,-5.11999989,,Vertical Scale,999.999977648E-3,,1.6000000,-5.27999973,
Vertical Offset,0,,1.8000001,-5.11999989,,Vertical Offset,0,,1.8000001,-5.11999989,,Vertical Offset,0,,1.8000001,-5.11999989,,Vertical Offset,0,,1.8000001,-5.27999973,
Horizontal Units,s,,2.0000000,-5.11999989,,Horizontal Units,s,,2.0000000,-5.11999989,,Horizontal Units,s,,2.0000000,-5.11999989,,Horizontal Units,s,,2.0000000,-5.27999973,
Horizontal Scale,50.00000075,,2.2000000,-5.11999989,,Horizontal Scale,50.00000075,,2.2000000,-5.11999989,,Horizontal Scale,50.00000075,,2.2000000,-5.11999989,,Horizontal Scale,50.00000075,,2.2000000,-5.27999973,
Pt Fmt,Y,,2.4000001,-5.11999989,,Pt Fmt,Y,,2.4000001,-5.11999989,,Pt Fmt,Y,,2.4000001,-5.11999989,,Pt Fmt,Y,,2.4000001,-5.27999973,
Yzero,0.0,,2.6000001,-5.11999989,,Yzero,0.0,,2.6000001,-5.11999989,,Yzero,0.0,,2.6000001,-5.11999989,,Yzero,160.00000000E-3,,2.6000001,-5.27999973,
Probe Atten,1.000000,,2.79999995,-5.11999989,,Probe Atten,1.000000,,2.79999995,-5.11999989,,Probe Atten,1.000000,,2.79999995,-5.11999989,,Probe Atten,1.000000,,2.79999995,-5.27999973,
,,,3.00000000,-5.11999989,,,,,3.00000000,-5.11999989,,,,,3.00000000,-5.11999989,,,,,3.00000000,-5.27999973,
Note,TDS 2004B - 3:12:24 PM   9/15/2026,,3.20000005,-5.11999989,,Note,TDS 2004B - 3:12:24 PM   9/15/2026,,3.20000005,-5.11999989,,Note,TDS 2004B - 3:12:24 PM   9/15/2026,,3.20000005,-5.11999989,,Note,TDS 2004B - 3:12:24 PM   9/15/2026,,3.20000005,-5.27999973,
,,,3.40000010,-5.11999989,,,,,3.40000010,-5.11999989,,,,,3.40000010,-5.11999989,,,,,3.40000010,-5.27999973,
,,,3.60000014,-5.11999989,,,,,3.60000014,-5.11999989,,,,,3.60000014,-5.11999989,,,,,3.60000014,-5.27999973,
,,,3.79999995,-5.11999989,,,,,3.79999995,-5.11999989,,,,,3.79999995,-5.11999989,,,,,3.79999995,-5.27999973,
,,,4.00000000,-5.11999989,,,,,4.00000000,-5.11999989,,,,,4.00000000,-5.11999989,,,,,4.00000000,-5.27999973,
,,,4.20000029,-5.11999989,,,,,4.20000029,-5.11999989,,,,,4.20000029,-5.11999989,,,,,4.20000029,-5.27999973,
,,,4.40000010,-5.11999989,,,,,4.40000010,-5.11999989,,,,,4.40000010,-5.11999989,,,,,4.40000010,-5.27999973,
,,,4.59999990,-5.11999989,,,,,4.59999990,-5.11999989,,,,,4.59999990,-5.11999989,,,,,4.59999990,-5.27999973,
,,,4.80000019,-5.11999989,,,,,4.80000019,-5.11999989,,,,,4.80000019,-5.11999989,,,,,4.80000019,-5.27999973,
,,,5.00000000,-5.11999989,,,,,5.00000000,-5.11999989,,,,,5.00000000,-5.11999989,,,,,5.00000000,-5.27999973,
,,,5.20000029,-5.11999989,,,,,5.20000029,-5.11999989,,,,,5.20000029,-5.11999989,,,,,5.20000029,-5.27999973,
,,,5.40000010,-5.11999989,,,,,5.40000010,-5.11999989,,,,,5.40000010,-5.11999989,,,,,5.40000010,-5.27999973,
,,,5.59999990,-5.11999989,,,,,5.59999990,-5.11999989,,,,,5.59999990,-5.11999989,,,,,5.59999990,-5.27999973,
,,,5.80000019,-5.11999989,,,,,5.80000019,-5.11999989,,,,,5.80000019,-5.11999989,,,,,5.80000019,-5.27999973,
,,,6.00000000,-5.11999989,,,,,6.00000000,-5.11999989,,,,,6.00000000,-5.11999989,,,,,6.00000000,-5.27999973,
,,,6.20000029,-5.11999989,,,,,6.20000029,-5.11999989,,,,,6.20000029,-5.11999989,,,,,6.20000029,-5.27999973,
,,,6.40000010,-5.11999989,,,,,6.40000010,-5.11999989,,,,,6.40000010,-5.11999989,,,,,6.40000010,-5.27999973,
,,,6.59999990,-5.11999989,,,,,6.59999990,-5.11999989,,,,,6.59999990,-5.11999989,,,,,6.59999990,-5.27999973,
,,,6.80000019,-5.11999989,,,,,6.80000019,-5.11999989,,,,,6.80000019,-5.11999989,,,,,6.80000019,-5.27999973,
,,,7.00000000,-5.11999989,,,,,7.00000000,-5.11999989,,,,,7.00000000,-5.11999989,,,,,7.00000000,-5.27999973,
,,,7.20000029,-5.11999989,,,,,7.20000029,-5.11999989,,,,,7.20000029,-5.11999989,,,,,7.20000029,-5.27999973,
,,,7.400000095,-5.11999989,,,,,7.400000095,-5.11999989,,,,,7.400000095,-5.11999989,,,,,7.400000095,-5.27999973,
,,,7.599999905,-5.11999989,,,,,7.599999905,-5.11999989,,,,,7.599999905,-5.11999989,,,,,7.599999905,-5.27999973,
,,,7.800000191,-5.11999989,,,,,7.800000191,-5.11999989,,,,,7.800000191,-5.11999989,,,,,7.800000191,-5.27999973,
,,,8.000000000,-5.11999989,,,,,8.000000000,-5.11999989,,,,,8.000000000,-5.11999989,,,,,8.000000000,-5.27999973,
,,,8.199999809,-5.11999989,,,,,8.199999809,-5.11999989,,,,,8.199999809,-5.11999989,,,,,8.199999809,-5.27999973,
,,,8.400000572,-5.11999989,,,,,8.400000572,-5.11999989,,,,,8.400000572,-5.11999989,,,,,8.400000572,-5.27999973,
,,,8.600000381,-5.11999989,,,,,8.600000381,-5.11999989,,,,,8.600000381,-5.11999989,,,,,8.600000381,-5.27999973,
,,,8.800000191,-5.11999989,,,,,8.800000191,-5.11999989,,,,,8.800000191,-5.11999989,,,,,8.800000191,-5.27999973,
,,,9.000000000,-5.11999989,,,,,9.000000000,-5.11999989,,,,,9.000000000,-5.11999989,,,,,9.000000000,-5.27999973,
,,,9.199999809,-5.11999989,,,,,9.199999809,-5.11999989,,,,,9.199999809,-5.11999989,,,,,9.199999809,-5.27999973,
,,,9.400000572,-5.11999989,,,,,9.400000572,-5.11999989,,,,,9.400000572,-5.11999989,,,,,9.400000572,-5.27999973,
,,,9.600000381,-5.11999989,,,,,9.600000381,-5.11999989,,,,,9.600000381,-5.11999989,,,,,9.600000381,-5.27999973,
,,,9.800000191,-5.11999989,,,,,9.800000191,-5.11999989,,,,,9.800000191,-5.11999989,,,,,9.800000191,-5.27999973,
,,,10.0000000,-5.11999989,,,,,10.0000000,-5.11999989,,,,,10.0000000,-5.11999989,,,,,10.0000000,-5.27999973,
,,,10.1999998,-5.11999989,,,,,10.1999998,-5.11999989,,,,,10.1999998,-5.11999989,,,,,10.1999998,-5.27999973,
,,,10.4000006,-5.11999989,,,,,10.4000006,-5.11999989,,,,,10.4000006,-5.11999989,,,,,10.4000006,-5.27999973,
,,,10.6000004,-5.11999989,,,,,10.6000004,-5.11999989,,,,,10.6000004,-5.11999989,,,,,10.6000004,-5.27999973,
,,,10.8000002,-5.11999989,,,,,10.8000002,-5.11999989,,,,,10.8000002,-5.11999989,,,,,10.8000002,-5.27999973,
,,,11.0000000,-5.11999989,,,,,11.0000000,-5.11999989,,,,,11.0000000,-5.11999989,,,,,11.0000000,-5.27999973,
,,,11.1999998,-5.11999989,,,,,11.1999998,-5.11999989,,,,,11.1999998,-5.11999989,,,,,11.1999998,-5.27999973,
,,,11.4000006,-5.11999989,,,,,11.4000006,-5.11999989,,,,,11.4000006,-5.11999989,,,,,11.4000006,-5.27999973,
,,,11.6000004,-5.11999989,,,,,11.6000004,-5.11999989,,,,,11.6000004,-5.11999989,,,,,11.6000004,-5.27999973,
,,,11.8000002,-5.11999989,,,,,11.8000002,-5.11999989,,,,,11.8000002,-5.11999989,,,,,11.8000002,-5.27999973,
,,,12.0000000,-5.11999989,,,,,12.0000000,-5.11999989,,,,,12.0000000,-5.11999989,,,,,12.0000000,-5.27999973,
,,,12.1999998,-5.11999989,,,,,12.1999998,-5.11999989,,,,,12.1999998,-5.11999989,,,,,12.1999998,-5.27999973,
,,,12.4000006,-5.11999989,,,,,12.4000006,-5.11999989,,,,,12.4000006,-5.11999989,,,,,12.4000006,-5.27999973,
,,,12.6000004,-5.11999989,,,,,12.6000004,-5.11999989,,,,,12.6000004,-5.11999989,,,,,12.6000004,-5.27999973,
,,,12.8000002,-5.11999989,,,,,12.8000002,-5.11999989,,,,,12.8000002,-5.11999989,,,,,12.8000002,-5.27999973,
,,,13.0000000,-5.11999989,,,,,13.0000000,-5.11999989,,,,,13.0000000,-5.11999989,,,,,13.0000000,-5.27999973,
,,,13.1999998,-5.11999989,,,,,13.1999998,-5.11999989,,,,,13.1999998,-5.11999989,,,,,13.1999998,-5.27999973,
,,,13.4000006,-5.11999989,,,,,13.4000006,-5.11999989,,,,,13.4000006,-5.11999989,,,,,13.4000006,-5.27999973,
,,,13.6000004,-5.11999989,,,,,13.6000004,-5.11999989,,,,,13.6000004,-5.11999989,,,,,13.6000004,-5.27999973,
,,,13.8000002,-5.11999989,,,,,13.8000002,-5.11999989,,,,,13.8000002,-5.11999989,,,,,13.8000002,-5.27999973,
,,,14.0000000,-5.11999989,,,,,14.0000000,-5.11999989,,,,,14.0000000,-5.11999989,,,,,14.0000000,-5.27999973,
,,,14.1999998,-5.11999989,,,,,14.1999998,-5.11999989,,,,,14.1999998,-5.11999989,,,,,14.1999998,-5.27999973,
,,,14.4000006,-5.11999989,,,,,14.4000006,-5.11999989,,,,,14.4000006,-5.11999989,,,,,14.4000006,-5.27999973,
,,,14.6000004,-5.11999989,,,,,14.6000004,-5.11999989,,,,,14.6000004,-5.11999989,,,,,14.6000004,-5.27999973,
,,,14.8000002,-5.11999989,,,,,14.8000002,-5.11999989,,,,,14.8000002,-5.11999989,,,,,14.8000002,-5.27999973,
,,,15.0000000,-5.11999989,,,,,15.0000000,-5.11999989,,,,,15.0000000,-5.11999989,,,,,15.0000000,-5.27999973,
,,,15.1999998,-5.11999989,,,,,15.1999998,-5.11999989,,,,,15.1999998,-5.11999989,,,,,15.1999998,-5.27999973,
,,,15.4000006,-5.11999989,,,,,15.4000006,-5.11999989,,,,,15.4000006,-5.11999989,,,,,15.4000006,-5.27999973,
,,,15.6000004,-5.11999989,,,,,15.6000004,-5.11999989,,,,,15.6000004,-5.11999989,,,,,15.6000004,-5.27999973,
,,,15.8000002,-5.11999989,,,,,15.8000002,-5.11999989,,,,,15.8000002,-5.11999989,,,,,15.8000002,-5.27999973,
,,,16.0000000,-5.11999989,,,,,16.0000000,-5.11999989,,,,,16.0000000,-5.11999989,,,,,16.0000000,-5.27999973,
,,,16.2000008,-5.11999989,,,,,16.2000008,-5.11999989,,,,,16.2000008,-5.11999989,,,,,16.2000008,-5.27999973,
,,,16.3999996,-5.11999989,,,,,16.3999996,-5.11999989,,,,,16.3999996,-5.11999989,,,,,16.3999996,-5.27999973,
,,,16.6000004,0.0,,,,,16.6000004,399.99997616E-3,,,,,16.6000004,-2.2000000,,,,,16.6000004,2.4400001,
,,,16.8000011,-39.99999911E-3,,,,,16.8000011,319.99999285E-3,,,,,16.8000011,-2.2000000,,,,,16.8000011,2.4400001,
,,,17.0000000,0.0,,,,,17.0000000,399.99997616E-3,,,,,17.0000000,-2.2000000,,,,,17.0000000,2.4400001,
,,,17.2000008,0.0,,,,,17.2000008,399.99997616E-3,,,,,17.2000008,-2.2000000,,,,,17.2000008,2.4400001,
,,,17.3999996,-39.99999911E-3,,,,,17.3999996,399.99997616E-3,,,,,17.3999996,-2.2000000,,,,,17.3999996,2.4400001,
,,,17.6000004,0.0,,,,,17.6000004,399.99997616E-3,,,,,17.6000004,-2.1599998,,,,,17.6000004,2.4400001,
,,,17.8000011,0.0,,,,,17.8000011,359.99998450E-3,,,,,17.8000011,-2.2000000,,,,,17.8000011,2.4400001,
,,,18.0000000,-39.99999911E-3,,,,,18.0000000,399.99997616E-3,,,,,18.0000000,-2.1599998,,,,,18.0000000,2.4400001,
,,,18.2000008,0.0,,,,,18.2000008,280.00000119E-3,,,,,18.2000008,-2.2000000,,,,,18.2000008,2.4400001,
,,,18.3999996,0.0,,,,,18.3999996,399.99997616E-3,,,,,18.3999996,-2.1599998,,,,,18.3999996,2.4400001,
,,,18.6000004,0.0,,,,,18.6000004,399.99997616E-3,,,,,18.6000004,-2.2000000,,,,,18.6000004,2.4400001,
,,,18.8000011,-39.99999911E-3,,,,,18.8000011,359.99998450E-3,,,,,18.8000011,-2.2000000,,,,,18.8000011,2.4400001,
,,,19.0000000,0.0,,,,,19.0000000,439.999997616E-3,,,,,19.0000000,-2.2000000,,,,,19.0000000,2.4400001,
,,,19.2000008,-39.99999911E-3,,,,,19.2000008,399.99997616E-3,,,,,19.2000008,-2.1599998,,,,,19.2000008,2.4800000,
,,,19.3999996,0.0,,,,,19.3999996,359.99998450E-3,,,,,19.3999996,-2.1599998,,,,,19.3999996,2.4400001,
,,,19.6000004,0.0,,,,,19.6000004,439.999997616E-3,,,,,19.6000004,-2.2000000,,,,,19.6000004,2.4400001,
,,,19.8000011,0.0,,,,,19.8000011,439.999997616E-3,,,,,19.8000011,-2.1599998,,,,,19.8000011,2.4400001,
,,,20.0000000,0.0,,,,,20.0000000,399.99997616E-3,,,,,20.0000000,-2.1599998,,,,,20.0000000,2.4400001,
,,,20.20000076,0.0,,,,,20.20000076,399.99997616E-3,,,,,20.20000076,-2.1599998,,,,,20.20000076,2.4400001,
,,,20.39999962,-39.99999911E-3,,,,,20.39999962,399.99997616E-3,,,,,20.39999962,-2.1599998,,,,,20.39999962,2.4400001,
,,,20.60000038,-39.99999911E-3,,,,,20.60000038,399.99997616E-3,,,,,20.60000038,-2.1599998,,,,,20.60000038,2.3999999,
,,,20.80000114,0.0,,,,,20.80000114,399.99997616E-3,,,,,20.80000114,-2.1599998,,,,,20.80000114,2.4400001,
,,,21.00000000,-39.99999911E-3,,,,,21.00000000,280.00000119E-3,,,,,21.00000000,-2.1599998,,,,,21.00000000,2.4400001,
,,,21.20000076,-39.99999911E-3,,,,,21.20000076,280.00000119E-3,,,,,21.20000076,-2.1599998,,,,,21.20000076,2.4400001,
,,,21.39999962,0.0,,,,,21.39999962,359.99998450E-3,,,,,21.39999962,-2.1599998,,,,,21.39999962,2.4400001,
,,,21.60000038,0.0,,,,,21.60000038,399.99997616E-3,,,,,21.60000038,-2.1599998,,,,,21.60000038,2.4400001,
,,,21.80000114,0.0,,,,,21.80000114,399.99997616E-3,,,,,21.80000114,-2.1599998,,,,,21.80000114,2.4400001,
,,,22.00000000,0.0,,,,,22.00000000,319.99999285E-3,,,,,22.00000000,-2.1599998,,,,,22.00000000,2.4400001,
,,,22.20000076,0.0,,,,,22.20000076,399.99997616E-3,,,,,22.20000076,-2.0799999,,,,,22.20000076,2.5200000,
,,,22.39999962,0.0,,,,,22.39999962,399.99997616E-3,,,,,22.39999962,-2.1599998,,,,,22.39999962,2.5200000,
,,,22.60000038,0.0,,,,,22.60000038,399.99997616E-3,,,,,22.60000038,-2.2000000,,,,,22.60000038,2.3999999,
,,,22.80000114,-39.99999911E-3,,,,,22.80000114,399.99997616E-3,,,,,22.80000114,-2.1599998,,,,,22.80000114,2.4400001,
,,,23.00000000,-39.99999911E-3,,,,,23.00000000,399.99997616E-3,,,,,23.00000000,-2.1599998,,,,,23.00000000,2.3999999,
,,,23.20000076,0.0,,,,,23.20000076,319.99999285E-3,,,,,23.20000076,-2.1599998,,,,,23.20000076,2.5200000,
,,,23.39999962,0.0,,,,,23.39999962,359.99998450E-3,,,,,23.39999962,-2.2000000,,,,,23.39999962,2.3999999,
,,,23.60000038,0.0,,,,,23.60000038,359.99998450E-3,,,,,23.60000038,-2.1599998,,,,,23.60000038,2.4400001,
,,,23.80000114,0.0,,,,,23.80000114,399.99997616E-3,,,,,23.80000114,-2.1599998,,,,,23.80000114,2.3999999,
,,,24.00000000,0.0,,,,,24.00000000,399.99997616E-3,,,,,24.00000000,-2.1599998,,,,,24.00000000,2.4800000,
,,,24.20000076,0.0,,,,,24.20000076,359.99998450E-3,,,,,24.20000076,-2.1599998,,,,,24.20000076,2.4400001,
,,,24.39999962,0.0,,,,,24.39999962,359.99998450E-3,,,,,24.39999962,-2.1599998,,,,,24.39999962,2.4400001,
,,,24.60000038,0.0,,,,,24.60000038,359.99998450E-3,,,,,24.60000038,-2.1599998,,,,,24.60000038,2.5200000,
,,,24.80000114,0.0,,,,,24.80000114,359.99998450E-3,,,,,24.80000114,-2.1599998,,,,,24.80000114,2.4800000,
,,,25.00000000,0.0,,,,,25.00000000,399.99997616E-3,,,,,25.00000000,-2.1599998,,,,,25.00000000,2.4400001,
,,,25.20000076,0.0,,,,,25.20000076,359.99998450E-3,,,,,25.20000076,-2.1599998,,,,,25.20000076,2.4400001,
,,,25.39999962,0.0,,,,,25.39999962,359.99998450E-3,,,,,25.39999962,-2.1599998,,,,,25.39999962,2.3999999,
,,,25.60000038,0.0,,,,,25.60000038,359.99998450E-3,,,,,25.60000038,-2.1599998,,,,,25.60000038,2.4800000,
,,,25.80000114,-39.99999911E-3,,,,,25.80000114,359.99998450E-3,,,,,25.80000114,-2.1599998,,,,,25.80000114,2.4400001,
,,,26.00000000,0.0,,,,,26.00000000,399.99997616E-3,,,,,26.00000000,-2.1599998,,,,,26.00000000,2.3999999,
,,,26.20000076,0.0,,,,,26.20000076,399.99997616E-3,,,,,26.20000076,-2.1599998,,,,,26.20000076,2.4400001,
,,,26.39999962,-39.99999911E-3,,,,,26.39999962,359.99998450E-3,,,,,26.39999962,-2.1599998,,,,,26.39999962,2.4800000,
,,,26.60000038,0.0,,,,,26.60000038,399.99997616E-3,,,,,26.60000038,-2.1599998,,,,,26.60000038,2.4400001,
,,,26.80000114,0.0,,,,,26.80000114,359.99998450E-3,,,,,26.80000114,-2.1199999,,,,,26.80000114,2.4400001,
,,,27.00000000,0.0,,,,,27.00000000,399.99997616E-3,,,,,27.00000000,-2.1599998,,,,,27.00000000,2.4400001,
,,,27.20000076,0.0,,,,,27.20000076,399.99997616E-3,,,,,27.20000076,-2.1199999,,,,,27.20000076,2.4400001,
,,,27.39999962,0.0,,,,,27.39999962,439.999997616E-3,,,,,27.39999962,-2.1599998,,,,,27.39999962,2.4400001,
,,,27.60000038,0.0,,,,,27.60000038,399.99997616E-3,,,,,27.60000038,-2.1599998,,,,,27.60000038,2.4400001,
,,,27.80000114,0.0,,,,,27.80000114,359.99998450E-3,,,,,27.80000114,-2.1199999,,,,,27.80000114,2.4400001,
,,,28.00000000,-39.99999911E-3,,,,,28.00000000,399.99997616E-3,,,,,28.00000000,-2.1599998,,,,,28.00000000,2.4400001,
,,,28.20000076,0.0,,,,,28.20000076,280.00000119E-3,,,,,28.20000076,-2.1599998,,,,,28.20000076,2.4400001,
,,,28.39999962,0.0,,,,,28.39999962,359.99998450E-3,,,,,28.39999962,-2.1199999,,,,,28.39999962,2.4800000,
,,,28.60000038,0.0,,,,,28.60000038,359.99998450E-3,,,,,28.60000038,-2.1599998,,,,,28.60000038,2.4400001,
,,,28.80000114,-39.99999911E-3,,,,,28.80000114,359.99998450E-3,,,,,28.80000114,-2.1199999,,,,,28.80000114,2.4400001,
,,,29.00000000,0.0,,,,,29.00000000,319.99999285E-3,,,,,29.00000000,-2.1599998,,,,,29.00000000,2.4400001,
,,,29.20000076,0.0,,,,,29.20000076,359.99998450E-3,,,,,29.20000076,-2.1199999,,,,,29.20000076,2.4400001,
,,,29.39999962,0.0,,,,,29.39999962,399.99997616E-3,,,,,29.39999962,-2.1199999,,,,,29.39999962,2.4400001,
,,,29.60000038,0.0,,,,,29.60000038,359.99998450E-3,,,,,29.60000038,-2.1599998,,,,,29.60000038,2.4400001,
,,,29.80000114,-39.99999911E-3,,,,,29.80000114,399.99997616E-3,,,,,29.80000114,-2.1599998,,,,,29.80000114,2.4400001,
,,,30.00000000,-39.99999911E-3,,,,,30.00000000,359.99998450E-3,,,,,30.00000000,-2.1199999,,,,,30.00000000,2.4400001,
,,,30.20000076,-39.99999911E-3,,,,,30.20000076,359.99998450E-3,,,,,30.20000076,-2.1199999,,,,,30.20000076,2.4400001,
,,,30.39999962,-39.99999911E-3,,,,,30.39999962,359.99998450E-3,,,,,30.39999962,-2.1199999,,,,,30.39999962,2.4400001,
,,,30.60000038,0.0,,,,,30.60000038,399.99997616E-3,,,,,30.60000038,-2.1199999,,,,,30.60000038,2.4400001,
,,,30.80000114,0.0,,,,,30.80000114,399.99997616E-3,,,,,30.80000114,-2.1199999,,,,,30.80000114,2.4800000,
,,,31.00000000,-39.99999911E-3,,,,,31.00000000,399.99997616E-3,,,,,31.00000000,-2.1199999,,,,,31.00000000,2.4400001,
,,,31.20000076,0.0,,,,,31.20000076,359.99998450E-3,,,,,31.20000076,-2.0799999,,,,,31.20000076,2.5599999,
,,,31.39999962,0.0,,,,,31.39999962,359.99998450E-3,,,,,31.39999962,-2.1599998,,,,,31.39999962,2.4400001,
,,,31.60000038,-39.99999911E-3,,,,,31.60000038,399.99997616E-3,,,,,31.60000038,-2.1199999,,,,,31.60000038,2.4400001,
,,,31.80000114,-39.99999911E-3,,,,,31.80000114,280.00000119E-3,,,,,31.80000114,-2.1199999,,,,,31.80000114,2.4400001,
,,,32.00000000,0.0,,,,,32.00000000,359.99998450E-3,,,,,32.00000000,-2.1199999,,,,,32.00000000,2.4400001,
,,,32.20000076,0.0,,,,,32.20000076,359.99998450E-3,,,,,32.20000076,-2.1599998,,,,,32.20000076,2.3599999,
,,,32.40000153,0.0,,,,,32.40000153,399.99997616E-3,,,,,32.40000153,-2.1199999,,,,,32.40000153,2.4800000,
,,,32.60000229,0.0,,,,,32.60000229,359.99998450E-3,,,,,32.60000229,-2.1199999,,,,,32.60000229,2.4400001,
,,,32.79999924,-39.99999911E-3,,,,,32.79999924,359.99998450E-3,,,,,32.79999924,-2.1599998,,,,,32.79999924,2.3999999,
,,,33.00000000,-39.99999911E-3,,,,,33.00000000,359.99998450E-3,,,,,33.00000000,-2.1199999,,,,,33.00000000,2.4400001,
,,,33.20000076,-39.99999911E-3,,,,,33.20000076,399.99997616E-3,,,,,33.20000076,-2.1199999,,,,,33.20000076,2.4400001,
,,,33.40000153,0.0,,,,,33.40000153,359.99998450E-3,,,,,33.40000153,-2.1199999,,,,,33.40000153,2.4400001,
,,,33.60000229,0.0,,,,,33.60000229,399.99997616E-3,,,,,33.60000229,-2.1199999,,,,,33.60000229,2.4400001,
,,,33.79999924,-39.99999911E-3,,,,,33.79999924,359.99998450E-3,,,,,33.79999924,-2.1599998,,,,,33.79999924,2.3999999,
,,,34.00000000,0.0,,,,,34.00000000,439.999997616E-3,,,,,34.00000000,-2.1199999,,,,,34.00000000,2.4800000,
,,,34.20000076,0.0,,,,,34.20000076,359.99998450E-3,,,,,34.20000076,-2.1199999,,,,,34.20000076,2.4400001,
,,,34.40000153,-39.99999911E-3,,,,,34.40000153,359.99998450E-3,,,,,34.40000153,-2.1199999,,,,,34.40000153,2.4400001,
,,,34.60000229,0.0,,,,,34.60000229,319.99999285E-3,,,,,34.60000229,-2.1199999,,,,,34.60000229,2.4800000,
,,,34.79999924,-39.99999911E-3,,,,,34.79999924,359.99998450E-3,,,,,34.79999924,-2.1199999,,,,,34.79999924,2.4400001,
,,,35.00000000,-39.99999911E-3,,,,,35.00000000,399.99997616E-3,,,,,35.00000000,-2.1199999,,,,,35.00000000,2.4400001,
,,,35.20000076,0.0,,,,,35.20000076,359.99998450E-3,,,,,35.20000076,-2.1199999,,,,,35.20000076,2.4400001,
,,,35.40000153,-39.99999911E-3,,,,,35.40000153,359.99998450E-3,,,,,35.40000153,-2.0799999,,,,,35.40000153,2.4400001,
,,,35.60000229,0.0,,,,,35.60000229,399.99997616E-3,,,,,35.60000229,-2.1199999,,,,,35.60000229,2.4400001,
,,,35.79999924,-39.99999911E-3,,,,,35.79999924,399.99997616E-3,,,,,35.79999924,-2.1199999,,,,,35.79999924,2.4400001,
,,,36.00000000,0.0,,,,,36.00000000,359.99998450E-3,,,,,36.00000000,-2.0799999,,,,,36.00000000,2.4800000,
,,,36.20000076,-39.99999911E-3,,,,,36.20000076,319.99999285E-3,,,,,36.20000076,-2.1199999,,,,,36.20000076,2.3999999,
,,,36.40000153,0.0,,,,,36.40000153,359.99998450E-3,,,,,36.40000153,-2.0799999,,,,,36.40000153,2.4400001,
,,,36.60000229,0.0,,,,,36.60000229,399.99997616E-3,,,,,36.60000229,-2.0799999,,,,,36.60000229,2.4400001,
,,,36.79999924,0.0,,,,,36.79999924,399.99997616E-3,,,,,36.79999924,-2.0799999,,,,,36.79999924,2.4400001,
,,,37.00000000,0.0,,,,,37.00000000,359.99998450E-3,,,,,37.00000000,-2.0799999,,,,,37.00000000,2.4400001,
,,,37.20000076,-39.99999911E-3,,,,,37.20000076,399.99997616E-3,,,,,37.20000076,-2.0799999,,,,,37.20000076,2.4400001,
,,,37.40000153,-39.99999911E-3,,,,,37.40000153,359.99998450E-3,,,,,37.40000153,-2.1199999,,,,,37.40000153,2.4400001,
,,,37.60000229,-39.99999911E-3,,,,,37.60000229,359.99998450E-3,,,,,37.60000229,-2.1199999,,,,,37.60000229,2.4400001,
,,,37.79999924,-39.99999911E-3,,,,,37.79999924,439.999997616E-3,,,,,37.79999924,-2.1199999,,,,,37.79999924,2.3599999,
,,,38.00000000,-39.99999911E-3,,,,,38.00000000,359.99998450E-3,,,,,38.00000000,-2.0799999,,,,,38.00000000,2.4400001,
,,,38.20000076,0.0,,,,,38.20000076,359.99998450E-3,,,,,38.20000076,-2.1199999,,,,,38.20000076,2.4400001,
,,,38.40000153,0.0,,,,,38.40000153,280.00000119E-3,,,,,38.40000153,-2.0799999,,,,,38.40000153,2.4400001,
,,,38.60000229,0.0,,,,,38.60000229,359.99998450E-3,,,,,38.60000229,-2.0799999,,,,,38.60000229,2.4800000,
,,,38.79999924,-39.99999911E-3,,,,,38.79999924,399.99997616E-3,,,,,38.79999924,-2.0799999,,,,,38.79999924,2.4400001,
,,,39.00000000,0.0,,,,,39.00000000,319.99999285E-3,,,,,39.00000000,-2.0799999,,,,,39.00000000,2.4400001,
,,,39.20000076,0.0,,,,,39.20000076,359.99998450E-3,,,,,39.20000076,-2.0799999,,,,,39.20000076,2.4400001,
,,,39.40000153,0.0,,,,,39.40000153,359.99998450E-3,,,,,39.40000153,-2.0799999,,,,,39.40000153,2.4400001,
,,,39.60000229,-39.99999911E-3,,,,,39.60000229,359.99998450E-3,,,,,39.60000229,-2.0799999,,,,,39.60000229,2.4400001,
,,,39.79999924,0.0,,,,,39.79999924,399.99997616E-3,,,,,39.79999924,-2.1199999,,,,,39.79999924,2.3999999,
,,,40.00000000,-39.99999911E-3,,,,,40.00000000,359.99998450E-3,,,,,40.00000000,-2.0799999,,,,,40.00000000,2.4400001,
,,,40.20000076,-39.99999911E-3,,,,,40.20000076,359.99998450E-3,,,,,40.20000076,-2.0400000,,,,,40.20000076,2.4400001,
,,,40.40000153,-39.99999911E-3,,,,,40.40000153,319.99999285E-3,,,,,40.40000153,-2.0799999,,,,,40.40000153,2.4800000,
,,,40.60000229,0.0,,,,,40.60000229,359.99998450E-3,,,,,40.60000229,-2.0799999,,,,,40.60000229,2.4400001,
,,,40.79999924,-39.99999911E-3,,,,,40.79999924,399.99997616E-3,,,,,40.79999924,-2.0400000,,,,,40.79999924,2.4400001,
,,,41.00000000,0.0,,,,,41.00000000,399.99997616E-3,,,,,41.00000000,-2.0799999,,,,,41.00000000,2.3999999,
,,,41.20000076,0.0,,,,,41.20000076,319.99999285E-3,,,,,41.20000076,-2.0799999,,,,,41.20000076,2.4400001,
,,,41.40000153,-39.99999911E-3,,,,,41.40000153,399.99997616E-3,,,,,41.40000153,-2.0799999,,,,,41.40000153,2.4400001,
,,,41.60000229,-39.99999911E-3,,,,,41.60000229,359.99998450E-3,,,,,41.60000229,-2.0799999,,,,,41.60000229,2.4400001,
,,,41.79999924,0.0,,,,,41.79999924,280.00000119E-3,,,,,41.79999924,-2.0799999,,,,,41.79999924,2.4400001,
,,,42.00000000,-39.99999911E-3,,,,,42.00000000,399.99997616E-3,,,,,42.00000000,-2.0400000,,,,,42.00000000,2.4400001,
,,,42.20000076,-39.99999911E-3,,,,,42.20000076,359.99998450E-3,,,,,42.20000076,-2.0400000,,,,,42.20000076,2.4400001,
,,,42.40000153,0.0,,,,,42.40000153,399.99997616E-3,,,,,42.40000153,-2.0799999,,,,,42.40000153,2.4400001,
,,,42.60000229,-39.99999911E-3,,,,,42.60000229,359.99998450E-3,,,,,42.60000229,-2.0799999,,,,,42.60000229,2.4400001,
,,,42.79999924,-39.99999911E-3,,,,,42.79999924,359.99998450E-3,,,,,42.79999924,-2.0799999,,,,,42.79999924,2.4400001,
,,,43.00000000,-39.99999911E-3,,,,,43.00000000,399.99997616E-3,,,,,43.00000000,-2.0799999,,,,,43.00000000,2.4400001,
,,,43.20000076,-39.99999911E-3,,,,,43.20000076,359.99998450E-3,,,,,43.20000076,-2.0799999,,,,,43.20000076,2.4400001,
,,,43.40000153,0.0,,,,,43.40000153,319.99999285E-3,,,,,43.40000153,-2.0799999,,,,,43.40000153,2.4400001,
,,,43.60000229,0.0,,,,,43.60000229,359.99998450E-3,,,,,43.60000229,-2.0799999,,,,,43.60000229,2.4400001,
,,,43.79999924,-39.99999911E-3,,,,,43.79999924,399.99997616E-3,,,,,43.79999924,-2.0799999,,,,,43.79999924,2.4400001,
,,,44.00000000,-39.99999911E-3,,,,,44.00000000,399.99997616E-3,,,,,44.00000000,-2.0799999,,,,,44.00000000,2.4800000,
,,,44.20000076,-39.99999911E-3,,,,,44.20000076,359.99998450E-3,,,,,44.20000076,-2.0799999,,,,,44.20000076,2.3999999,
,,,44.40000153,-39.99999911E-3,,,,,44.40000153,319.99999285E-3,,,,,44.40000153,-2.0400000,,,,,44.40000153,2.4400001,
,,,44.60000229,0.0,,,,,44.60000229,359.99998450E-3,,,,,44.60000229,-2.0799999,,,,,44.60000229,2.4400001,
,,,44.79999924,0.0,,,,,44.79999924,399.99997616E-3,,,,,44.79999924,-2.0799999,,,,,44.79999924,2.4800000,
,,,45.00000000,-39.99999911E-3,,,,,45.00000000,399.99997616E-3,,,,,45.00000000,-2.0799999,,,,,45.00000000,2.4400001,
,,,45.20000076,0.0,,,,,45.20000076,359.99998450E-3,,,,,45.20000076,-2.0799999,,,,,45.20000076,2.4400001,
,,,45.40000153,-39.99999911E-3,,,,,45.40000153,359.99998450E-3,,,,,45.40000153,-2.0400000,,,,,45.40000153,2.5200000,
,,,45.60000229,0.0,,,,,45.60000229,319.99999285E-3,,,,,45.60000229,-2.0799999,,,,,45.60000229,2.4400001,
,,,45.79999924,0.0,,,,,45.79999924,359.99998450E-3,,,,,45.79999924,-2.0799999,,,,,45.79999924,2.4400001,
,,,46.00000000,0.0,,,,,46.00000000,359.99998450E-3,,,,,46.00000000,-2.0799999,,,,,46.00000000,2.4400001,
,,,46.20000076,0.0,,,,,46.20000076,399.99997616E-3,,,,,46.20000076,-2.0400000,,,,,46.20000076,2.4400001,
,,,46.40000153,0.0,,,,,46.40000153,399.99997616E-3,,,,,46.40000153,-2.0799999,,,,,46.40000153,2.4400001,
,,,46.60000229,0.0,,,,,46.60000229,359.99998450E-3,,,,,46.60000229,-2.0799999,,,,,46.60000229,2.4400001,
,,,46.79999924,0.0,,,,,46.79999924,359.99998450E-3,,,,,46.79999924,-2.0799999,,,,,46.79999924,2.4400001,
,,,47.00000000,-39.99999911E-3,,,,,47.00000000,239.99999464E-3,,,,,47.00000000,-2.0400000,,,,,47.00000000,2.4400001,
,,,47.20000076,0.0,,,,,47.20000076,359.99998450E-3,,,,,47.20000076,-2.0799999,,,,,47.20000076,2.3999999,
,,,47.40000153,-39.99999911E-3,,,,,47.40000153,319.99999285E-3,,,,,47.40000153,-2.0799999,,,,,47.40000153,2.4800000,
,,,47.60000229,0.0,,,,,47.60000229,319.99999285E-3,,,,,47.60000229,-2.0799999,,,,,47.60000229,2.3999999,
,,,47.79999924,0.0,,,,,47.79999924,319.99999285E-3,,,,,47.79999924,-2.0400000,,,,,47.79999924,2.4400001,
,,,48.00000000,0.0,,,,,48.00000000,359.99998450E-3,,,,,48.00000000,-2.0400000,,,,,48.00000000,2.4400001,
,,,48.20000076,0.0,,,,,48.20000076,359.99998450E-3,,,,,48.20000076,-2.0400000,,,,,48.20000076,2.4400001,
,,,48.40000153,-39.99999911E-3,,,,,48.40000153,359.99998450E-3,,,,,48.40000153,-2.0799999,,,,,48.40000153,2.4400001,
,,,48.60000229,0.0,,,,,48.60000229,359.99998450E-3,,,,,48.60000229,-2.0799999,,,,,48.60000229,2.4400001,
,,,48.79999924,0.0,,,,,48.79999924,399.99997616E-3,,,,,48.79999924,-2.0400000,,,,,48.79999924,2.4400001,
,,,49.00000000,-39.99999911E-3,,,,,49.00000000,399.99997616E-3,,,,,49.00000000,-2.0400000,,,,,49.00000000,2.4400001,
,,,49.20000076,0.0,,,,,49.20000076,319.99999285E-3,,,,,49.20000076,-2.0400000,,,,,49.20000076,2.4400001,
,,,49.40000153,0.0,,,,,49.40000153,399.99997616E-3,,,,,49.40000153,-2.0400000,,,,,49.40000153,2.4400001,
,,,49.60000229,-39.99999911E-3,,,,,49.60000229,319.99999285E-3,,,,,49.60000229,-2.0400000,,,,,49.60000229,2.4400001,
,,,49.79999924,0.0,,,,,49.79999924,280.00000119E-3,,,,,49.79999924,-2.0400000,,,,,49.79999924,2.4800000,
,,,50.00000000,-39.99999911E-3,,,,,50.00000000,319.99999285E-3,,,,,50.00000000,-2.0799999,,,,,50.00000000,2.4400001,
,,,50.20000076,0.0,,,,,50.20000076,359.99998450E-3,,,,,50.20000076,-2.0400000,,,,,50.20000076,2.4800000,
,,,50.40000153,0.0,,,,,50.40000153,359.99998450E-3,,,,,50.40000153,-2.0400000,,,,,50.40000153,2.3999999,
,,,50.60000229,0.0,,,,,50.60000229,319.99999285E-3,,,,,50.60000229,-2.0400000,,,,,50.60000229,2.3999999,
,,,50.79999924,0.0,,,,,50.79999924,359.99998450E-3,,,,,50.79999924,-2.0400000,,,,,50.79999924,2.4400001,
,,,51.00000000,0.0,,,,,51.00000000,359.99998450E-3,,,,,51.00000000,-2.0400000,,,,,51.00000000,2.4400001,
,,,51.20000076,0.0,,,,,51.20000076,359.99998450E-3,,,,,51.20000076,-2.0400000,,,,,51.20000076,2.4400001,
,,,51.40000153,0.0,,,,,51.40000153,359.99998450E-3,,,,,51.40000153,-2.0400000,,,,,51.40000153,2.4400001,
,,,51.60000229,0.0,,,,,51.60000229,280.00000119E-3,,,,,51.60000229,-2.0400000,,,,,51.60000229,2.4400001,
,,,51.79999924,-39.99999911E-3,,,,,51.79999924,399.99997616E-3,,,,,51.79999924,-2.0799999,,,,,51.79999924,2.4400001,
,,,52.00000000,0.0,,,,,52.00000000,399.99997616E-3,,,,,52.00000000,-2.0400000,,,,,52.00000000,2.4400001,
,,,52.20000076,-39.99999911E-3,,,,,52.20000076,319.99999285E-3,,,,,52.20000076,-2.0799999,,,,,52.20000076,2.3599999,
,,,52.40000153,0.0,,,,,52.40000153,319.99999285E-3,,,,,52.40000153,-2.0400000,,,,,52.40000153,2.4400001,
,,,52.60000229,0.0,,,,,52.60000229,399.99997616E-3,,,,,52.60000229,-2.0799999,,,,,52.60000229,2.4400001,
,,,52.79999924,0.0,,,,,52.79999924,359.99998450E-3,,,,,52.79999924,-2.0400000,,,,,52.79999924,2.4400001,
,,,53.00000000,0.0,,,,,53.00000000,280.00000119E-3,,,,,53.00000000,-2.0799999,,,,,53.00000000,2.4400001,
,,,53.20000076,-39.99999911E-3,,,,,53.20000076,319.99999285E-3,,,,,53.20000076,-2.0799999,,,,,53.20000076,2.4800000,
,,,53.40000153,0.0,,,,,53.40000153,319.99999285E-3,,,,,53.40000153,-2.0400000,,,,,53.40000153,2.4400001,
,,,53.60000229,0.0,,,,,53.60000229,319.99999285E-3,,,,,53.60000229,-2.0400000,,,,,53.60000229,2.3999999,
,,,53.79999924,-39.99999911E-3,,,,,53.79999924,359.99998450E-3,,,,,53.79999924,-2.0400000,,,,,53.79999924,2.4400001,
,,,54.00000000,-39.99999911E-3,,,,,54.00000000,319.99999285E-3,,,,,54.00000000,-2.0799999,,,,,54.00000000,2.4400001,
,,,54.20000076,0.0,,,,,54.20000076,319.99999285E-3,,,,,54.20000076,-2.0400000,,,,,54.20000076,2.4400001,
,,,54.40000153,0.0,,,,,54.40000153,319.99999285E-3,,,,,54.40000153,-2.0400000,,,,,54.40000153,2.4800000,
,,,54.600002289,-39.99999911E-3,,,,,54.600002289,319.99999285E-3,,,,,54.600002289,-2.0400000,,,,,54.600002289,2.4800000,
,,,54.799999237,0.0,,,,,54.799999237,319.99999285E-3,,,,,54.799999237,-2.0400000,,,,,54.799999237,2.4400001,
,,,55.000000000,-39.99999911E-3,,,,,55.000000000,359.99998450E-3,,,,,55.000000000,-2.0799999,,,,,55.000000000,2.4400001,
,,,55.200000763,0.0,,,,,55.200000763,319.99999285E-3,,,,,55.200000763,-2.0400000,,,,,55.200000763,2.4400001,
,,,55.400001526,0.0,,,,,55.400001526,359.99998450E-3,,,,,55.400001526,-2.0400000,,,,,55.400001526,2.4800000,
,,,55.600002289,0.0,,,,,55.600002289,319.99999285E-3,,,,,55.600002289,-2.0400000,,,,,55.600002289,2.3999999,
,,,55.799999237,0.0,,,,,55.799999237,359.99998450E-3,,,,,55.799999237,-2.0400000,,,,,55.799999237,2.4400001,
,,,56.000000000,-39.99999911E-3,,,,,56.000000000,359.99998450E-3,,,,,56.000000000,-2.0799999,,,,,56.000000000,2.3599999,
,,,56.200000763,-39.99999911E-3,,,,,56.200000763,359.99998450E-3,,,,,56.200000763,-2.0400000,,,,,56.200000763,2.4800000,
,,,56.400001526,0.0,,,,,56.400001526,359.99998450E-3,,,,,56.400001526,-2.0400000,,,,,56.400001526,2.4400001,
,,,56.600002289,0.0,,,,,56.600002289,359.99998450E-3,,,,,56.600002289,-2.0400000,,,,,56.600002289,2.4400001,
,,,56.799999237,-39.99999911E-3,,,,,56.799999237,359.99998450E-3,,,,,56.799999237,-2.0400000,,,,,56.799999237,2.4800000,
,,,57.000000000,-39.99999911E-3,,,,,57.000000000,359.99998450E-3,,,,,57.000000000,-2.0400000,,,,,57.000000000,2.4400001,
,,,57.200000763,-39.99999911E-3,,,,,57.200000763,359.99998450E-3,,,,,57.200000763,-2.0400000,,,,,57.200000763,2.4400001,
,,,57.400001526,0.0,,,,,57.400001526,399.99997616E-3,,,,,57.400001526,-2.0400000,,,,,57.400001526,2.4400001,
,,,57.600002289,0.0,,,,,57.600002289,359.99998450E-3,,,,,57.600002289,-2.0400000,,,,,57.600002289,2.4400001,
,,,57.799999237,0.0,,,,,57.799999237,439.999997616E-3,,,,,57.799999237,-2.0400000,,,,,57.799999237,2.4400001,
,,,58.000000000,0.0,,,,,58.000000000,199.99998808E-3,,,,,58.000000000,-2.0400000,,,,,58.000000000,2.4400001,
,,,58.200000763,-39.99999911E-3,,,,,58.200000763,359.99998450E-3,,,,,58.200000763,-2.0400000,,,,,58.200000763,2.4400001,
,,,58.400001526,-39.99999911E-3,,,,,58.400001526,319.99999285E-3,,,,,58.400001526,-2.0400000,,,,,58.400001526,2.4400001,
,,,58.600002289,0.0,,,,,58.600002289,359.99998450E-3,,,,,58.600002289,-2.0400000,,,,,58.600002289,2.4400001,
,,,58.799999237,-39.99999911E-3,,,,,58.799999237,359.99998450E-3,,,,,58.799999237,-2.0400000,,,,,58.799999237,2.4400001,
,,,59.000000000,0.0,,,,,59.000000000,359.99998450E-3,,,,,59.000000000,-2.0400000,,,,,59.000000000,2.4400001,
,,,59.200000763,-39.99999911E-3,,,,,59.200000763,359.99998450E-3,,,,,59.200000763,-2.0400000,,,,,59.200000763,2.4400001,
,,,59.400001526,-39.99999911E-3,,,,,59.400001526,359.99998450E-3,,,,,59.400001526,-2.0400000,,,,,59.400001526,2.4800000,
,,,59.600002289,0.0,,,,,59.600002289,359.99998450E-3,,,,,59.600002289,-2.0400000,,,,,59.600002289,2.4400001,
,,,59.799999237,-39.99999911E-3,,,,,59.799999237,359.99998450E-3,,,,,59.799999237,-2.0400000,,,,,59.799999237,2.3999999,
,,,60.000000000,0.0,,,,,60.000000000,399.99997616E-3,,,,,60.000000000,-2.0400000,,,,,60.000000000,2.4400001,
,,,60.200000763,-39.99999911E-3,,,,,60.200000763,359.99998450E-3,,,,,60.200000763,-2.0400000,,,,,60.200000763,2.4400001,
,,,60.400001526,0.0,,,,,60.400001526,319.99999285E-3,,,,,60.400001526,-2.0400000,,,,,60.400001526,2.4400001,
,,,60.600002289,-39.99999911E-3,,,,,60.600002289,319.99999285E-3,,,,,60.600002289,-2.0400000,,,,,60.600002289,2.4400001,
,,,60.799999237,0.0,,,,,60.799999237,319.99999285E-3,,,,,60.799999237,-2.0400000,,,,,60.799999237,2.4800000,
,,,61.000000000,0.0,,,,,61.000000000,319.99999285E-3,,,,,61.000000000,-2.0400000,,,,,61.000000000,2.4400001,
,,,61.200000763,0.0,,,,,61.200000763,319.99999285E-3,,,,,61.200000763,-2.0400000,,,,,61.200000763,2.4400001,
,,,61.400001526,0.0,,,,,61.400001526,359.99998450E-3,,,,,61.400001526,-2.0400000,,,,,61.400001526,2.4400001,
,,,61.600002289,0.0,,,,,61.600002289,359.99998450E-3,,,,,61.600002289,-2.0400000,,,,,61.600002289,2.4800000,
,,,61.799999237,0.0,,,,,61.799999237,319.99999285E-3,,,,,61.799999237,-2.0400000,,,,,61.799999237,2.4400001,
,,,62.000000000,0.0,,,,,62.000000000,319.99999285E-3,,,,,62.000000000,-2.0400000,,,,,62.000000000,2.4400001,
,,,62.200000763,0.0,,,,,62.200000763,319.99999285E-3,,,,,62.200000763,-2.0400000,,,,,62.200000763,2.4400001,
,,,62.400001526,0.0,,,,,62.400001526,359.99998450E-3,,,,,62.400001526,-2.0400000,,,,,62.400001526,2.4400001,
,,,62.600002289,-39.99999911E-3,,,,,62.600002289,319.99999285E-3,,,,,62.600002289,-2.0400000,,,,,62.600002289,2.4400001,
,,,62.799999237,0.0,,,,,62.799999237,319.99999285E-3,,,,,62.799999237,-2.0400000,,,,,62.799999237,2.4400001,
,,,63.000000000,0.0,,,,,63.000000000,319.99999285E-3,,,,,63.000000000,-2.0400000,,,,,63.000000000,2.4400001,
,,,63.200000763,0.0,,,,,63.200000763,319.99999285E-3,,,,,63.200000763,-2.0400000,,,,,63.200000763,2.4400001,
,,,63.400001526,0.0,,,,,63.400001526,319.99999285E-3,,,,,63.400001526,-2.0400000,,,,,63.400001526,2.4400001,
,,,63.600002289,0.0,,,,,63.600002289,359.99998450E-3,,,,,63.600002289,-2.0400000,,,,,63.600002289,2.4400001,
,,,63.799999237,-39.99999911E-3,,,,,63.799999237,319.99999285E-3,,,,,63.799999237,-2.0400000,,,,,63.799999237,2.4400001,
,,,64.000000000,-39.99999911E-3,,,,,64.000000000,319.99999285E-3,,,,,64.000000000,-2.0400000,,,,,64.000000000,2.4400001,
,,,64.200004578,0.0,,,,,64.200004578,359.99998450E-3,,,,,64.200004578,-2.0400000,,,,,64.200004578,2.4400001,
,,,64.400001526,0.0,,,,,64.400001526,359.99998450E-3,,,,,64.400001526,-2.0400000,,,,,64.400001526,2.4400001,
,,,64.599998474,-39.99999911E-3,,,,,64.599998474,319.99999285E-3,,,,,64.599998474,-2.0400000,,,,,64.599998474,2.4400001,
,,,64.800003052,0.0,,,,,64.800003052,359.99998450E-3,,,,,64.800003052,-2.0400000,,,,,64.800003052,2.4800000,
,,,65.000000000,0.0,,,,,65.000000000,359.99998450E-3,,,,,65.000000000,-2.0400000,,,,,65.000000000,2.4400001,
,,,65.200004578,0.0,,,,,65.200004578,280.00000119E-3,,,,,65.200004578,-2.0000000,,,,,65.200004578,2.4800000,
,,,65.400001526,0.0,,,,,65.400001526,359.99998450E-3,,,,,65.400001526,-2.0400000,,,,,65.400001526,2.4800000,
,,,65.599998474,0.0,,,,,65.599998474,359.99998450E-3,,,,,65.599998474,-2.0400000,,,,,65.599998474,2.4800000,
,,,65.800003052,0.0,,,,,65.800003052,319.99999285E-3,,,,,65.800003052,-2.0400000,,,,,65.800003052,2.3999999,
,,,66.000000000,0.0,,,,,66.000000000,319.99999285E-3,,,,,66.000000000,-2.0400000,,,,,66.000000000,2.4400001,
,,,66.200004578,0.0,,,,,66.200004578,319.99999285E-3,,,,,66.200004578,-2.0400000,,,,,66.200004578,2.4400001,
,,,66.400001526,0.0,,,,,66.400001526,319.99999285E-3,,,,,66.400001526,-2.0400000,,,,,66.400001526,2.4400001,
,,,66.599998474,0.0,,,,,66.599998474,280.00000119E-3,,,,,66.599998474,-2.0400000,,,,,66.599998474,2.4800000,
,,,66.800003052,0.0,,,,,66.800003052,319.99999285E-3,,,,,66.800003052,-2.0000000,,,,,66.800003052,2.4800000,
,,,67.000000000,0.0,,,,,67.000000000,399.99997616E-3,,,,,67.000000000,-2.0400000,,,,,67.000000000,2.4800000,
,,,67.200004578,0.0,,,,,67.200004578,399.99997616E-3,,,,,67.200004578,-2.0400000,,,,,67.200004578,2.4800000,
,,,67.400001526,0.0,,,,,67.400001526,359.99998450E-3,,,,,67.400001526,-2.0400000,,,,,67.400001526,2.4400001,
,,,67.599998474,0.0,,,,,67.599998474,399.99997616E-3,,,,,67.599998474,-2.0400000,,,,,67.599998474,2.4400001,
,,,67.800003052,0.0,,,,,67.800003052,359.99998450E-3,,,,,67.800003052,-2.0400000,,,,,67.800003052,2.3999999,
,,,68.000000000,-39.99999911E-3,,,,,68.000000000,319.99999285E-3,,,,,68.000000000,-2.0400000,,,,,68.000000000,2.4800000,
,,,68.200004578,-39.99999911E-3,,,,,68.200004578,159.99999642E-3,,,,,68.200004578,-2.0400000,,,,,68.200004578,2.4800000,
,,,68.400001526,0.0,,,,,68.400001526,359.99998450E-3,,,,,68.400001526,-2.0000000,,,,,68.400001526,2.4800000,
,,,68.599998474,-39.99999911E-3,,,,,68.599998474,359.99998450E-3,,,,,68.599998474,-2.0000000,,,,,68.599998474,2.4800000,
,,,68.800003052,0.0,,,,,68.800003052,319.99999285E-3,,,,,68.800003052,-2.0400000,,,,,68.800003052,2.4400001,
,,,69.000000000,0.0,,,,,69.000000000,319.99999285E-3,,,,,69.000000000,-2.0400000,,,,,69.000000000,2.4400001,
,,,69.200004578,0.0,,,,,69.200004578,359.99998450E-3,,,,,69.200004578,-2.0400000,,,,,69.200004578,2.4400001,
,,,69.400001526,0.0,,,,,69.400001526,319.99999285E-3,,,,,69.400001526,-2.0400000,,,,,69.400001526,2.4800000,
,,,69.599998474,-39.99999911E-3,,,,,69.599998474,359.99998450E-3,,,,,69.599998474,-2.0400000,,,,,69.599998474,2.4400001,
,,,69.800003052,0.0,,,,,69.800003052,359.99998450E-3,,,,,69.800003052,-2.0000000,,,,,69.800003052,2.4400001,
,,,70.000000000,-39.99999911E-3,,,,,70.000000000,359.99998450E-3,,,,,70.000000000,-2.0400000,,,,,70.000000000,2.3599999,
,,,70.200004578,0.0,,,,,70.200004578,319.99999285E-3,,,,,70.200004578,-2.0000000,,,,,70.200004578,2.4400001,
,,,70.400001526,0.0,,,,,70.400001526,319.99999285E-3,,,,,70.400001526,-2.0400000,,,,,70.400001526,2.4400001,
,,,70.599998474,0.0,,,,,70.599998474,359.99998450E-3,,,,,70.599998474,-2.0400000,,,,,70.599998474,2.4400001,
,,,70.800003052,0.0,,,,,70.800003052,359.99998450E-3,,,,,70.800003052,-2.0400000,,,,,70.800003052,2.4400001,
,,,71.000000000,0.0,,,,,71.000000000,359.99998450E-3,,,,,71.000000000,-2.0400000,,,,,71.000000000,2.4400001,
,,,71.200004578,0.0,,,,,71.200004578,359.99998450E-3,,,,,71.200004578,-2.0400000,,,,,71.200004578,2.4400001,
,,,71.400001526,0.0,,,,,71.400001526,359.99998450E-3,,,,,71.400001526,-2.0400000,,,,,71.400001526,2.4400001,
,,,71.599998474,0.0,,,,,71.599998474,319.99999285E-3,,,,,71.599998474,-2.0400000,,,,,71.599998474,2.4400001,
,,,71.800003052,0.0,,,,,71.800003052,280.00000119E-3,,,,,71.800003052,-2.0799999,,,,,71.800003052,2.3599999,
,,,72.000000000,-39.99999911E-3,,,,,72.000000000,359.99998450E-3,,,,,72.000000000,-2.0400000,,,,,72.000000000,2.4400001,
,,,72.200004578,-39.99999911E-3,,,,,72.200004578,319.99999285E-3,,,,,72.200004578,-2.0400000,,,,,72.200004578,2.4400001,
,,,72.400001526,0.0,,,,,72.400001526,319.99999285E-3,,,,,72.400001526,-2.0400000,,,,,72.400001526,2.4400001,
,,,72.599998474,-39.99999911E-3,,,,,72.599998474,359.99998450E-3,,,,,72.599998474,-2.0000000,,,,,72.599998474,2.4800000,
,,,72.800003052,-39.99999911E-3,,,,,72.800003052,319.99999285E-3,,,,,72.800003052,-2.0400000,,,,,72.800003052,2.4400001,
,,,73.000000000,-39.99999911E-3,,,,,73.000000000,359.99998450E-3,,,,,73.000000000,-2.0400000,,,,,73.000000000,2.4400001,
,,,73.200004578,-39.99999911E-3,,,,,73.200004578,319.99999285E-3,,,,,73.200004578,-2.0400000,,,,,73.200004578,2.4800000,
,,,73.400001526,0.0,,,,,73.400001526,359.99998450E-3,,,,,73.400001526,-2.0400000,,,,,73.400001526,2.4400001,
,,,73.599998474,0.0,,,,,73.599998474,319.99999285E-3,,,,,73.599998474,-2.0400000,,,,,73.599998474,2.4400001,
,,,73.800003052,-39.99999911E-3,,,,,73.800003052,319.99999285E-3,,,,,73.800003052,-2.0799999,,,,,73.800003052,2.3199999,
,,,74.000000000,0.0,,,,,74.000000000,319.99999285E-3,,,,,74.000000000,-2.0400000,,,,,74.000000000,2.4400001,
,,,74.200004578,0.0,,,,,74.200004578,359.99998450E-3,,,,,74.200004578,-2.0400000,,,,,74.200004578,2.4400001,
,,,74.400001526,0.0,,,,,74.400001526,359.99998450E-3,,,,,74.400001526,-2.0400000,,,,,74.400001526,2.3999999,
,,,74.599998474,0.0,,,,,74.599998474,399.99997616E-3,,,,,74.599998474,-2.0400000,,,,,74.599998474,2.4400001,
,,,74.800003052,0.0,,,,,74.800003052,359.99998450E-3,,,,,74.800003052,-2.0400000,,,,,74.800003052,2.4400001,
,,,75.000000000,-39.99999911E-3,,,,,75.000000000,359.99998450E-3,,,,,75.000000000,-2.0400000,,,,,75.000000000,2.4400001,
,,,75.200004578,0.0,,,,,75.200004578,359.99998450E-3,,,,,75.200004578,-2.0400000,,,,,75.200004578,2.3999999,
,,,75.400001526,0.0,,,,,75.400001526,359.99998450E-3,,,,,75.400001526,-2.0000000,,,,,75.400001526,2.4400001,
,,,75.599998474,-39.99999911E-3,,,,,75.599998474,319.99999285E-3,,,,,75.599998474,-2.0400000,,,,,75.599998474,2.4800000,
,,,75.800003052,0.0,,,,,75.800003052,359.99998450E-3,,,,,75.800003052,-2.0400000,,,,,75.800003052,2.4400001,
,,,76.000000000,0.0,,,,,76.000000000,359.99998450E-3,,,,,76.000000000,-2.0400000,,,,,76.000000000,2.4400001,
,,,76.200004578,0.0,,,,,76.200004578,359.99998450E-3,,,,,76.200004578,-2.0400000,,,,,76.200004578,2.4400001,
,,,76.400001526,0.0,,,,,76.400001526,399.99997616E-3,,,,,76.400001526,-2.0400000,,,,,76.400001526,2.4400001,
,,,76.599998474,0.0,,,,,76.599998474,359.99998450E-3,,,,,76.599998474,-2.0400000,,,,,76.599998474,2.4400001,
,,,76.800003052,0.0,,,,,76.800003052,319.99999285E-3,,,,,76.800003052,-2.0000000,,,,,76.800003052,2.4400001,
,,,77.000000000,0.0,,,,,77.000000000,359.99998450E-3,,,,,77.000000000,-2.0400000,,,,,77.000000000,2.4400001,
,,,77.200004578,0.0,,,,,77.200004578,359.99998450E-3,,,,,77.200004578,-2.0000000,,,,,77.200004578,2.4800000,
,,,77.400001526,0.0,,,,,77.400001526,359.99998450E-3,,,,,77.400001526,-2.0400000,,,,,77.400001526,2.4400001,
,,,77.599998474,0.0,,,,,77.599998474,359.99998450E-3,,,,,77.599998474,-2.0400000,,,,,77.599998474,2.4400001,
,,,77.800003052,0.0,,,,,77.800003052,319.99999285E-3,,,,,77.800003052,-2.0400000,,,,,77.800003052,2.4400001,
,,,78.000000000,0.0,,,,,78.000000000,359.99998450E-3,,,,,78.000000000,-2.0400000,,,,,78.000000000,2.4400001,
,,,78.200004578,-39.99999911E-3,,,,,78.200004578,319.99999285E-3,,,,,78.200004578,-2.0000000,,,,,78.200004578,2.4800000,
,,,78.400001526,0.0,,,,,78.400001526,439.999997616E-3,,,,,78.400001526,-2.0000000,,,,,78.400001526,2.4800000,
,,,78.599998474,0.0,,,,,78.599998474,359.99998450E-3,,,,,78.599998474,-2.0000000,,,,,78.599998474,2.3999999,
,,,78.800003052,-39.99999911E-3,,,,,78.800003052,319.99999285E-3,,,,,78.800003052,-2.0000000,,,,,78.800003052,2.4400001,
,,,79.000000000,-39.99999911E-3,,,,,79.000000000,359.99998450E-3,,,,,79.000000000,-2.0400000,,,,,79.000000000,2.4400001,
,,,79.200004578,0.0,,,,,79.200004578,319.99999285E-3,,,,,79.200004578,-2.0400000,,,,,79.200004578,2.4400001,
,,,79.400001526,-39.99999911E-3,,,,,79.400001526,239.99999464E-3,,,,,79.400001526,-2.0000000,,,,,79.400001526,2.4800000,
,,,79.599998474,-39.99999911E-3,,,,,79.599998474,359.99998450E-3,,,,,79.599998474,-2.0400000,,,,,79.599998474,2.4400001,
,,,79.800003052,0.0,,,,,79.800003052,319.99999285E-3,,,,,79.800003052,-2.0400000,,,,,79.800003052,2.4400001,
,,,80.000000000,0.0,,,,,80.000000000,359.99998450E-3,,,,,80.000000000,-2.0400000,,,,,80.000000000,2.4800000,
,,,80.200004578,-39.99999911E-3,,,,,80.200004578,359.99998450E-3,,,,,80.200004578,-2.0400000,,,,,80.200004578,2.4800000,
,,,80.400001526,-39.99999911E-3,,,,,80.400001526,359.99998450E-3,,,,,80.400001526,-2.0000000,,,,,80.400001526,2.4400001,
,,,80.599998474,0.0,,,,,80.599998474,319.99999285E-3,,,,,80.599998474,-2.0400000,,,,,80.599998474,2.4400001,
,,,80.800003052,0.0,,,,,80.800003052,359.99998450E-3,,,,,80.800003052,-2.0400000,,,,,80.800003052,2.5200000,
,,,81.000000000,0.0,,,,,81.000000000,359.99998450E-3,,,,,81.000000000,-2.0400000,,,,,81.000000000,2.3999999,
,,,81.200004578,0.0,,,,,81.200004578,319.99999285E-3,,,,,81.200004578,-2.0000000,,,,,81.200004578,2.4400001,
,,,81.400001526,0.0,,,,,81.400001526,319.99999285E-3,,,,,81.400001526,-2.0400000,,,,,81.400001526,2.4400001,
,,,81.599998474,0.0,,,,,81.599998474,359.99998450E-3,,,,,81.599998474,-2.0400000,,,,,81.599998474,2.4400001,
,,,81.800003052,0.0,,,,,81.800003052,359.99998450E-3,,,,,81.800003052,-2.0400000,,,,,81.800003052,2.4400001,
,,,82.000000000,-39.99999911E-3,,,,,82.000000000,199.99998808E-3,,,,,82.000000000,-2.0400000,,,,,82.000000000,2.3999999,
,,,82.200004578,-39.99999911E-3,,,,,82.200004578,359.99998450E-3,,,,,82.200004578,-2.0400000,,,,,82.200004578,2.4400001,
,,,82.400001526,-39.99999911E-3,,,,,82.400001526,319.99999285E-3,,,,,82.400001526,-2.0400000,,,,,82.400001526,2.4400001,
,,,82.599998474,0.0,,,,,82.599998474,439.999997616E-3,,,,,82.599998474,-2.0400000,,,,,82.599998474,2.4800000,
,,,82.800003052,0.0,,,,,82.800003052,359.99998450E-3,,,,,82.800003052,-2.0400000,,,,,82.800003052,2.4800000,
,,,83.000000000,-39.99999911E-3,,,,,83.000000000,319.99999285E-3,,,,,83.000000000,-2.0400000,,,,,83.000000000,2.4400001,
,,,83.200004578,0.0,,,,,83.200004578,319.99999285E-3,,,,,83.200004578,-2.0000000,,,,,83.200004578,2.4400001,
,,,83.400001526,0.0,,,,,83.400001526,319.99999285E-3,,,,,83.400001526,-2.0400000,,,,,83.400001526,2.4400001,
,,,83.599998474,0.0,,,,,83.599998474,319.99999285E-3,,,,,83.599998474,-2.0400000,,,,,83.599998474,2.4400001,
,,,83.800003052,0.0,,,,,83.800003052,319.99999285E-3,,,,,83.800003052,-2.0799999,,,,,83.800003052,2.3599999,
,,,84.000000000,0.0,,,,,84.000000000,280.00000119E-3,,,,,84.000000000,-2.0000000,,,,,84.000000000,2.4800000,
,,,84.200004578,0.0,,,,,84.200004578,280.00000119E-3,,,,,84.200004578,-2.0400000,,,,,84.200004578,2.4400001,
,,,84.400001526,0.0,,,,,84.400001526,319.99999285E-3,,,,,84.400001526,-2.0000000,,,,,84.400001526,2.4400001,
,,,84.599998474,0.0,,,,,84.599998474,359.99998450E-3,,,,,84.599998474,-2.0400000,,,,,84.599998474,2.4400001,
,,,84.800003052,-39.99999911E-3,,,,,84.800003052,359.99998450E-3,,,,,84.800003052,-2.0400000,,,,,84.800003052,2.4400001,
,,,85.000000000,-39.99999911E-3,,,,,85.000000000,319.99999285E-3,,,,,85.000000000,-2.0400000,,,,,85.000000000,2.4400001,
,,,85.200004578,0.0,,,,,85.200004578,359.99998450E-3,,,,,85.200004578,-2.0400000,,,,,85.200004578,2.4400001,
,,,85.400001526,-39.99999911E-3,,,,,85.400001526,319.99999285E-3,,,,,85.400001526,-2.0400000,,,,,85.400001526,2.4400001,
,,,85.599998474,-39.99999911E-3,,,,,85.599998474,319.99999285E-3,,,,,85.599998474,-2.0000000,,,,,85.599998474,2.4800000,
,,,85.800003052,0.0,,,,,85.800003052,399.99997616E-3,,,,,85.800003052,-1.8800000,,,,,85.800003052,2.4400001,
,,,86.000000000,0.0,,,,,86.000000000,359.99998450E-3,,,,,86.000000000,-1.8000000,,,,,86.000000000,2.4400001,
,,,86.200004578,0.0,,,,,86.200004578,159.99999642E-3,,,,,86.200004578,-1.8000000,,,,,86.200004578,2.4400001,
,,,86.400001526,0.0,,,,,86.400001526,319.99999285E-3,,,,,86.400001526,-1.8000000,,,,,86.400001526,2.4400001,
,,,86.599998474,0.0,,,,,86.599998474,359.99998450E-3,,,,,86.599998474,-1.8000000,,,,,86.599998474,2.4400001,
,,,86.800003052,-39.99999911E-3,,,,,86.800003052,319.99999285E-3,,,,,86.800003052,-1.7600000,,,,,86.800003052,2.4800000,
,,,87.000000000,0.0,,,,,87.000000000,399.99997616E-3,,,,,87.000000000,-1.8000000,,,,,87.000000000,2.4400001,
,,,87.200004578,0.0,,,,,87.200004578,319.99999285E-3,,,,,87.200004578,-1.7199999,,,,,87.200004578,2.4400001,
,,,87.400001526,-39.99999911E-3,,,,,87.400001526,319.99999285E-3,,,,,87.400001526,-1.5599999,,,,,87.400001526,2.4400001,
,,,87.599998474,-39.99999911E-3,,,,,87.599998474,280.00000119E-3,,,,,87.599998474,-1.5200000,,,,,87.599998474,2.5599999,
,,,87.800003052,0.0,,,,,87.800003052,359.99998450E-3,,,,,87.800003052,-1.5599999,,,,,87.800003052,2.4400001,
,,,88.000000000,-39.99999911E-3,,,,,88.000000000,359.99998450E-3,,,,,88.000000000,-1.5200000,,,,,88.000000000,2.4400001,
,,,88.200004578,-39.99999911E-3,,,,,88.200004578,119.9999973E-3,,,,,88.200004578,-1.5200000,,,,,88.200004578,2.4400001,
,,,88.400001526,0.0,,,,,88.400001526,280.00000119E-3,,,,,88.400001526,-1.5599999,,,,,88.400001526,2.4400001,
,,,88.599998474,-39.99999911E-3,,,,,88.599998474,359.99998450E-3,,,,,88.599998474,-1.5200000,,,,,88.599998474,2.4400001,
,,,88.800003052,39.99999911E-3,,,,,88.800003052,359.99998450E-3,,,,,88.800003052,-1.3600000,,,,,88.800003052,2.4800000,
,,,89.000000000,0.0,,,,,89.000000000,359.99998450E-3,,,,,89.000000000,-1.3199999,,,,,89.000000000,2.4800000,
,,,89.200004578,0.0,,,,,89.200004578,359.99998450E-3,,,,,89.200004578,-1.2800000,,,,,89.200004578,2.4800000,
,,,89.400001526,0.0,,,,,89.400001526,319.99999285E-3,,,,,89.400001526,-1.2800000,,,,,89.400001526,2.4400001,
,,,89.599998474,0.0,,,,,89.599998474,319.99999285E-3,,,,,89.599998474,-1.2800000,,,,,89.599998474,2.4400001,
,,,89.800003052,0.0,,,,,89.800003052,359.99998450E-3,,,,,89.800003052,-1.2800000,,,,,89.800003052,2.5200000,
,,,90.000000000,0.0,,,,,90.000000000,319.99999285E-3,,,,,90.000000000,-1.3199999,,,,,90.000000000,2.4400001,
,,,90.200004578,0.0,,,,,90.200004578,319.99999285E-3,,,,,90.200004578,-1.1999999,,,,,90.200004578,2.4400001,
,,,90.400001526,0.0,,,,,90.400001526,319.99999285E-3,,,,,90.400001526,-1.0799999,,,,,90.400001526,2.4400001,
,,,90.599998474,0.0,,,,,90.599998474,319.99999285E-3,,,,,90.599998474,-1.0400000,,,,,90.599998474,2.4400001,
,,,90.800003052,0.0,,,,,90.800003052,319.99999285E-3,,,,,90.800003052,-1.0400000,,,,,90.800003052,2.4400001,
,,,91.000000000,0.0,,,,,91.000000000,560.000002384E-3,,,,,91.000000000,-1.0400000,,,,,91.000000000,2.4400001,
,,,91.200004578,0.0,,,,,91.200004578,280.00000119E-3,,,,,91.200004578,-1.0400000,,,,,91.200004578,2.4400001,
,,,91.400001526,-39.99999911E-3,,,,,91.400001526,359.99998450E-3,,,,,91.400001526,-1.0400000,,,,,91.400001526,2.4400001,
,,,91.599998474,0.0,,,,,91.599998474,359.99998450E-3,,,,,91.599998474,-1.0400000,,,,,91.599998474,2.4400001,
,,,91.800003052,0.0,,,,,91.800003052,319.99999285E-3,,,,,91.800003052,-839.999973774E-3,,,,,91.800003052,2.4400001,
,,,92.000000000,0.0,,,,,92.000000000,280.00000119E-3,,,,,92.000000000,-799.999952316E-3,,,,,92.000000000,2.4400001,
,,,92.200004578,0.0,,,,,92.200004578,280.00000119E-3,,,,,92.200004578,-799.999952316E-3,,,,,92.200004578,2.4400001,
,,,92.400001526,-39.99999911E-3,,,,,92.400001526,280.00000119E-3,,,,,92.400001526,-799.999952316E-3,,,,,92.400001526,2.4400001,
,,,92.599998474,0.0,,,,,92.599998474,319.99999285E-3,,,,,92.599998474,-799.999952316E-3,,,,,92.599998474,2.4400001,
,,,92.800003052,0.0,,,,,92.800003052,399.99997616E-3,,,,,92.800003052,-799.999952316E-3,,,,,92.800003052,2.4400001,
,,,93.000000000,0.0,,,,,93.000000000,319.99999285E-3,,,,,93.000000000,-799.999952316E-3,,,,,93.000000000,2.4400001,
,,,93.200004578,0.0,,,,,93.200004578,239.99999464E-3,,,,,93.200004578,-639.999985695E-3,,,,,93.200004578,2.4400001,
,,,93.400001526,0.0,,,,,93.400001526,319.99999285E-3,,,,,93.400001526,-560.000002384E-3,,,,,93.400001526,2.4400001,
,,,93.599998474,0.0,,,,,93.599998474,319.99999285E-3,,,,,93.599998474,-560.000002384E-3,,,,,93.599998474,2.4400001,
,,,93.800003052,0.0,,,,,93.800003052,319.99999285E-3,,,,,93.800003052,-519.999980927E-3,,,,,93.800003052,2.4400001,
,,,94.000000000,0.0,,,,,94.000000000,359.99998450E-3,,,,,94.000000000,-560.000002384E-3,,,,,94.000000000,2.3999999,
,,,94.200004578,0.0,,,,,94.200004578,359.99998450E-3,,,,,94.200004578,-519.999980927E-3,,,,,94.200004578,2.4400001,
,,,94.400001526,0.0,,,,,94.400001526,319.99999285E-3,,,,,94.400001526,-519.999980927E-3,,,,,94.400001526,2.4800000,
,,,94.599998474,-39.99999911E-3,,,,,94.599998474,239.99999464E-3,,,,,94.599998474,-519.999980927E-3,,,,,94.599998474,2.4400001,
,,,94.800003052,0.0,,,,,94.800003052,359.99998450E-3,,,,,94.800003052,-319.99999285E-3,,,,,94.800003052,2.4400001,
,,,95.000000000,-39.99999911E-3,,,,,95.000000000,239.99999464E-3,,,,,95.000000000,-319.99999285E-3,,,,,95.000000000,2.4400001,
,,,95.200004578,0.0,,,,,95.200004578,359.99998450E-3,,,,,95.200004578,-280.00000119E-3,,,,,95.200004578,2.4400001,
,,,95.400001526,0.0,,,,,95.400001526,319.99999285E-3,,,,,95.400001526,-280.00000119E-3,,,,,95.400001526,2.4400001,
,,,95.599998474,0.0,,,,,95.599998474,319.99999285E-3,,,,,95.599998474,-359.99998450E-3,,,,,95.599998474,2.3599999,
,,,95.800003052,0.0,,,,,95.800003052,319.99999285E-3,,,,,95.800003052,-319.99999285E-3,,,,,95.800003052,2.3999999,
,,,96.000000000,0.0,,,,,96.000000000,319.99999285E-3,,,,,96.000000000,-280.00000119E-3,,,,,96.000000000,2.4800000,
,,,96.200004578,0.0,,,,,96.200004578,359.99998450E-3,,,,,96.200004578,-159.99999642E-3,,,,,96.200004578,2.4400001,
,,,96.400001526,0.0,,,,,96.400001526,319.99999285E-3,,,,,96.400001526,-39.99999911E-3,,,,,96.400001526,2.2000000,
,,,96.599998474,0.0,,,,,96.599998474,319.99999285E-3,,,,,96.599998474,-39.99999911E-3,,,,,96.599998474,2.1599998,
,,,96.800003052,0.0,,,,,96.800003052,319.99999285E-3,,,,,96.800003052,-79.999998212E-3,,,,,96.800003052,2.1599998,
,,,97.000000000,0.0,,,,,97.000000000,319.99999285E-3,,,,,97.000000000,-39.99999911E-3,,,,,97.000000000,2.1599998,
,,,97.200004578,0.0,,,,,97.200004578,319.99999285E-3,,,,,97.200004578,-39.99999911E-3,,,,,97.200004578,2.1599998,
,,,97.400001526,0.0,,,,,97.400001526,319.99999285E-3,,,,,97.400001526,-39.99999911E-3,,,,,97.400001526,2.1199999,
,,,97.599998474,0.0,,,,,97.599998474,319.99999285E-3,,,,,97.599998474,39.99999911E-3,,,,,97.599998474,1.8399999,
,,,97.800003052,0.0,,,,,97.800003052,319.99999285E-3,,,,,97.800003052,159.99999642E-3,,,,,97.800003052,1.1200000,
,,,98.000000000,0.0,,,,,98.000000000,399.99997616E-3,,,,,98.000000000,199.99998808E-3,,,,,98.000000000,959.999978542E-3,
,,,98.200004578,0.0,,,,,98.200004578,319.99999285E-3,,,,,98.200004578,199.99998808E-3,,,,,98.200004578,959.999978542E-3,
,,,98.400001526,0.0,,,,,98.400001526,319.99999285E-3,,,,,98.400001526,199.99998808E-3,,,,,98.400001526,919.999957085E-3,
,,,98.599998474,0.0,,,,,98.599998474,319.99999285E-3,,,,,98.599998474,239.99999464E-3,,,,,98.599998474,919.999957085E-3,
,,,98.800003052,0.0,,,,,98.800003052,359.99998450E-3,,,,,98.800003052,199.99998808E-3,,,,,98.800003052,919.999957085E-3,
,,,99.000000000,0.0,,,,,99.000000000,319.99999285E-3,,,,,99.000000000,239.99999464E-3,,,,,99.000000000,919.999957085E-3,
,,,99.200004578,0.0,,,,,99.200004578,319.99999285E-3,,,,,99.200004578,399.99997616E-3,,,,,99.200004578,119.9999973E-3,
,,,99.400001526,0.0,,,,,99.400001526,280.00000119E-3,,,,,99.400001526,439.999997616E-3,,,,,99.400001526,-199.99998808E-3,
,,,99.599998474,0.0,,,,,99.599998474,399.99997616E-3,,,,,99.599998474,439.999997616E-3,,,,,99.599998474,-280.00000119E-3,
,,,99.800003052,0.0,,,,,99.800003052,319.99999285E-3,,,,,99.800003052,479.999989271E-3,,,,,99.800003052,-239.99999464E-3,
,,,100.0000000,0.0,,,,,100.0000000,319.99999285E-3,,,,,100.0000000,439.999997616E-3,,,,,100.0000000,-319.99999285E-3,
,,,100.2000046,0.0,,,,,100.2000046,319.99999285E-3,,,,,100.2000046,479.999989271E-3,,,,,100.2000046,-280.00000119E-3,
,,,100.4000015,0.0,,,,,100.4000015,359.99998450E-3,,,,,100.4000015,439.999997616E-3,,,,,100.4000015,-239.99999464E-3,
,,,100.5999985,0.0,,,,,100.5999985,280.00000119E-3,,,,,100.5999985,439.999997616E-3,,,,,100.5999985,-280.00000119E-3,
,,,100.8000031,0.0,,,,,100.8000031,319.99999285E-3,,,,,100.8000031,439.999997616E-3,,,,,100.8000031,-280.00000119E-3,
,,,101.0000000,39.99999911E-3,,,,,101.0000000,280.00000119E-3,,,,,101.0000000,479.999989271E-3,,,,,101.0000000,-280.00000119E-3,
,,,101.2000046,0.0,,,,,101.2000046,280.00000119E-3,,,,,101.2000046,439.999997616E-3,,,,,101.2000046,-239.99999464E-3,
,,,101.4000015,0.0,,,,,101.4000015,280.00000119E-3,,,,,101.4000015,439.999997616E-3,,,,,101.4000015,-239.99999464E-3,
,,,101.5999985,0.0,,,,,101.5999985,319.99999285E-3,,,,,101.5999985,519.999980927E-3,,,,,101.5999985,-199.99998808E-3,
,,,101.8000031,0.0,,,,,101.8000031,280.00000119E-3,,,,,101.8000031,439.999997616E-3,,,,,101.8000031,-239.99999464E-3,
,,,102.0000000,0.0,,,,,102.0000000,319.99999285E-3,,,,,102.0000000,439.999997616E-3,,,,,102.0000000,-239.99999464E-3,
,,,102.2000046,0.0,,,,,102.2000046,319.99999285E-3,,,,,102.2000046,439.999997616E-3,,,,,102.2000046,-280.00000119E-3,
,,,102.4000015,0.0,,,,,102.4000015,319.99999285E-3,,,,,102.4000015,439.999997616E-3,,,,,102.4000015,-239.99999464E-3,
,,,102.5999985,0.0,,,,,102.5999985,280.00000119E-3,,,,,102.5999985,439.999997616E-3,,,,,102.5999985,-239.99999464E-3,
,,,102.8000031,0.0,,,,,102.8000031,280.00000119E-3,,,,,102.8000031,439.999997616E-3,,,,,102.8000031,-239.99999464E-3,
,,,103.0000000,0.0,,,,,103.0000000,319.99999285E-3,,,,,103.0000000,479.999989271E-3,,,,,103.0000000,-280.00000119E-3,
,,,103.2000046,39.99999911E-3,,,,,103.2000046,280.00000119E-3,,,,,103.2000046,439.999997616E-3,,,,,103.2000046,-280.00000119E-3,
,,,103.4000015,0.0,,,,,103.4000015,319.99999285E-3,,,,,103.4000015,479.999989271E-3,,,,,103.4000015,-199.99998808E-3,
,,,103.5999985,0.0,,,,,103.5999985,319.99999285E-3,,,,,103.5999985,439.999997616E-3,,,,,103.5999985,-239.99999464E-3,
,,,103.8000031,0.0,,,,,103.8000031,319.99999285E-3,,,,,103.8000031,439.999997616E-3,,,,,103.8000031,-239.99999464E-3,
,,,104.0000000,0.0,,,,,104.0000000,319.99999285E-3,,,,,104.0000000,479.999989271E-3,,,,,104.0000000,-280.00000119E-3,
,,,104.2000046,0.0,,,,,104.2000046,319.99999285E-3,,,,,104.2000046,439.999997616E-3,,,,,104.2000046,-239.99999464E-3,
,,,104.4000015,0.0,,,,,104.4000015,319.99999285E-3,,,,,104.4000015,439.999997616E-3,,,,,104.4000015,-239.99999464E-3,
,,,104.5999985,0.0,,,,,104.5999985,280.00000119E-3,,,,,104.5999985,439.999997616E-3,,,,,104.5999985,-239.99999464E-3,
,,,104.8000031,-39.99999911E-3,,,,,104.8000031,319.99999285E-3,,,,,104.8000031,439.999997616E-3,,,,,104.8000031,-239.99999464E-3,
,,,105.0000000,0.0,,,,,105.0000000,319.99999285E-3,,,,,105.0000000,439.999997616E-3,,,,,105.0000000,-359.99998450E-3,
,,,105.2000046,0.0,,,,,105.2000046,280.00000119E-3,,,,,105.2000046,479.999989271E-3,,,,,105.2000046,-239.99999464E-3,
,,,105.4000015,0.0,,,,,105.4000015,319.99999285E-3,,,,,105.4000015,439.999997616E-3,,,,,105.4000015,-239.99999464E-3,
,,,105.5999985,-39.99999911E-3,,,,,105.5999985,399.99997616E-3,,,,,105.5999985,439.999997616E-3,,,,,105.5999985,-239.99999464E-3,
,,,105.8000031,0.0,,,,,105.8000031,319.99999285E-3,,,,,105.8000031,479.999989271E-3,,,,,105.8000031,-239.99999464E-3,
,,,106.0000000,0.0,,,,,106.0000000,359.99998450E-3,,,,,106.0000000,439.999997616E-3,,,,,106.0000000,-199.99998808E-3,
,,,106.2000046,0.0,,,,,106.2000046,319.99999285E-3,,,,,106.2000046,439.999997616E-3,,,,,106.2000046,-239.99999464E-3,
,,,106.4000015,0.0,,,,,106.4000015,280.00000119E-3,,,,,106.4000015,439.999997616E-3,,,,,106.4000015,-239.99999464E-3,
,,,106.5999985,0.0,,,,,106.5999985,319.99999285E-3,,,,,106.5999985,439.999997616E-3,,,,,106.5999985,-239.99999464E-3,
,,,106.8000031,0.0,,,,,106.8000031,399.99997616E-3,,,,,106.8000031,439.999997616E-3,,,,,106.8000031,-239.99999464E-3,
,,,107.0000000,-39.99999911E-3,,,,,107.0000000,359.99998450E-3,,,,,107.0000000,439.999997616E-3,,,,,107.0000000,-199.99998808E-3,
,,,107.2000046,0.0,,,,,107.2000046,280.00000119E-3,,,,,107.2000046,439.999997616E-3,,,,,107.2000046,-199.99998808E-3,
,,,107.4000015,39.99999911E-3,,,,,107.4000015,319.99999285E-3,,,,,107.4000015,439.999997616E-3,,,,,107.4000015,-199.99998808E-3,
,,,107.5999985,0.0,,,,,107.5999985,359.99998450E-3,,,,,107.5999985,439.999997616E-3,,,,,107.5999985,-239.99999464E-3,
,,,107.8000031,0.0,,,,,107.8000031,319.99999285E-3,,,,,107.8000031,439.999997616E-3,,,,,107.8000031,-239.99999464E-3,
,,,108.0000000,0.0,,,,,108.0000000,280.00000119E-3,,,,,108.0000000,439.999997616E-3,,,,,108.0000000,-199.99998808E-3,
,,,108.2000046,0.0,,,,,108.2000046,319.99999285E-3,,,,,108.2000046,439.999997616E-3,,,,,108.2000046,-239.99999464E-3,
,,,108.4000015,0.0,,,,,108.4000015,319.99999285E-3,,,,,108.4000015,439.999997616E-3,,,,,108.4000015,-239.99999464E-3,
,,,108.5999985,0.0,,,,,108.5999985,280.00000119E-3,,,,,108.5999985,439.999997616E-3,,,,,108.5999985,-199.99998808E-3,
,,,108.8000031,0.0,,,,,108.8000031,319.99999285E-3,,,,,108.8000031,439.999997616E-3,,,,,108.8000031,-199.99998808E-3,
,,,109.0000000,0.0,,,,,109.0000000,359.99998450E-3,,,,,109.0000000,439.999997616E-3,,,,,109.0000000,-199.99998808E-3,
,,,109.2000046,0.0,,,,,109.2000046,319.99999285E-3,,,,,109.2000046,479.999989271E-3,,,,,109.2000046,-159.99999642E-3,
,,,109.4000015,0.0,,,,,109.4000015,359.99998450E-3,,,,,109.4000015,439.999997616E-3,,,,,109.4000015,-199.99998808E-3,
,,,109.5999985,0.0,,,,,109.5999985,280.00000119E-3,,,,,109.5999985,439.999997616E-3,,,,,109.5999985,-199.99998808E-3,
,,,109.8000031,0.0,,,,,109.8000031,319.99999285E-3,,,,,109.8000031,439.999997616E-3,,,,,109.8000031,-199.99998808E-3,
,,,110.0000000,0.0,,,,,110.0000000,319.99999285E-3,,,,,110.0000000,439.999997616E-3,,,,,110.0000000,-239.99999464E-3,
,,,110.2000046,0.0,,,,,110.2000046,359.99998450E-3,,,,,110.2000046,439.999997616E-3,,,,,110.2000046,-199.99998808E-3,
,,,110.4000015,0.0,,,,,110.4000015,399.99997616E-3,,,,,110.4000015,439.999997616E-3,,,,,110.4000015,-199.99998808E-3,
,,,110.5999985,0.0,,,,,110.5999985,319.99999285E-3,,,,,110.5999985,439.999997616E-3,,,,,110.5999985,-199.99998808E-3,
,,,110.8000031,0.0,,,,,110.8000031,239.99999464E-3,,,,,110.8000031,439.999997616E-3,,,,,110.8000031,-199.99998808E-3,
,,,111.0000000,0.0,,,,,111.0000000,319.99999285E-3,,,,,111.0000000,439.999997616E-3,,,,,111.0000000,-199.99998808E-3,
,,,111.2000046,0.0,,,,,111.2000046,359.99998450E-3,,,,,111.2000046,439.999997616E-3,,,,,111.2000046,-199.99998808E-3,
,,,111.4000015,0.0,,,,,111.4000015,319.99999285E-3,,,,,111.4000015,439.999997616E-3,,,,,111.4000015,-199.99998808E-3,
,,,111.5999985,0.0,,,,,111.5999985,319.99999285E-3,,,,,111.5999985,479.999989271E-3,,,,,111.5999985,-199.99998808E-3,
,,,111.8000031,0.0,,,,,111.8000031,239.99999464E-3,,,,,111.8000031,439.999997616E-3,,,,,111.8000031,-159.99999642E-3,
,,,112.0000000,0.0,,,,,112.0000000,319.99999285E-3,,,,,112.0000000,439.999997616E-3,,,,,112.0000000,-199.99998808E-3,
,,,112.2000046,0.0,,,,,112.2000046,280.00000119E-3,,,,,112.2000046,439.999997616E-3,,,,,112.2000046,-199.99998808E-3,
,,,112.4000015,0.0,,,,,112.4000015,319.99999285E-3,,,,,112.4000015,439.999997616E-3,,,,,112.4000015,-199.99998808E-3,
,,,112.5999985,0.0,,,,,112.5999985,359.99998450E-3,,,,,112.5999985,439.999997616E-3,,,,,112.5999985,-199.99998808E-3,
,,,112.8000031,0.0,,,,,112.8000031,319.99999285E-3,,,,,112.8000031,439.999997616E-3,,,,,112.8000031,-199.99998808E-3,
,,,113.0000000,0.0,,,,,113.0000000,359.99998450E-3,,,,,113.0000000,439.999997616E-3,,,,,113.0000000,-199.99998808E-3,
,,,113.2000046,0.0,,,,,113.2000046,359.99998450E-3,,,,,113.2000046,439.999997616E-3,,,,,113.2000046,-199.99998808E-3,
,,,113.4000015,0.0,,,,,113.4000015,359.99998450E-3,,,,,113.4000015,439.999997616E-3,,,,,113.4000015,-199.99998808E-3,
,,,113.5999985,0.0,,,,,113.5999985,359.99998450E-3,,,,,113.5999985,439.999997616E-3,,,,,113.5999985,-199.99998808E-3,
,,,113.8000031,0.0,,,,,113.8000031,280.00000119E-3,,,,,113.8000031,439.999997616E-3,,,,,113.8000031,-159.99999642E-3,
,,,114.0000000,0.0,,,,,114.0000000,319.99999285E-3,,,,,114.0000000,439.999997616E-3,,,,,114.0000000,-199.99998808E-3,
,,,114.2000046,0.0,,,,,114.2000046,319.99999285E-3,,,,,114.2000046,439.999997616E-3,,,,,114.2000046,-199.99998808E-3,
,,,114.4000015,0.0,,,,,114.4000015,319.99999285E-3,,,,,114.4000015,439.999997616E-3,,,,,114.4000015,-159.99999642E-3,
,,,114.5999985,0.0,,,,,114.5999985,280.00000119E-3,,,,,114.5999985,439.999997616E-3,,,,,114.5999985,-159.99999642E-3,
,,,114.8000031,0.0,,,,,114.8000031,319.99999285E-3,,,,,114.8000031,439.999997616E-3,,,,,114.8000031,-159.99999642E-3,
,,,115.0000000,0.0,,,,,115.0000000,319.99999285E-3,,,,,115.0000000,439.999997616E-3,,,,,115.0000000,-199.99998808E-3,
,,,115.2000046,0.0,,,,,115.2000046,359.99998450E-3,,,,,115.2000046,479.999989271E-3,,,,,115.2000046,-199.99998808E-3,
,,,115.4000015,0.0,,,,,115.4000015,319.99999285E-3,,,,,115.4000015,399.99997616E-3,,,,,115.4000015,-280.00000119E-3,
,,,115.5999985,0.0,,,,,115.5999985,319.99999285E-3,,,,,115.5999985,439.999997616E-3,,,,,115.5999985,-199.99998808E-3,
,,,115.8000031,0.0,,,,,115.8000031,319.99999285E-3,,,,,115.8000031,439.999997616E-3,,,,,115.8000031,-199.99998808E-3,
,,,116.0000000,0.0,,,,,116.0000000,359.99998450E-3,,,,,116.0000000,439.999997616E-3,,,,,116.0000000,-159.99999642E-3,
,,,116.2000046,0.0,,,,,116.2000046,319.99999285E-3,,,,,116.2000046,439.999997616E-3,,,,,116.2000046,-159.99999642E-3,
,,,116.4000015,0.0,,,,,116.4000015,319.99999285E-3,,,,,116.4000015,439.999997616E-3,,,,,116.4000015,-199.99998808E-3,
,,,116.5999985,0.0,,,,,116.5999985,319.99999285E-3,,,,,116.5999985,439.999997616E-3,,,,,116.5999985,-159.99999642E-3,
,,,116.8000031,0.0,,,,,116.8000031,319.99999285E-3,,,,,116.8000031,439.999997616E-3,,,,,116.8000031,-199.99998808E-3,
,,,117.0000000,0.0,,,,,117.0000000,280.00000119E-3,,,,,117.0000000,439.999997616E-3,,,,,117.0000000,-199.99998808E-3,
,,,117.2000046,0.0,,,,,117.2000046,280.00000119E-3,,,,,117.2000046,439.999997616E-3,,,,,117.2000046,-159.99999642E-3,
,,,117.4000015,0.0,,,,,117.4000015,359.99998450E-3,,,,,117.4000015,439.999997616E-3,,,,,117.4000015,-119.9999973E-3,
,,,117.5999985,0.0,,,,,117.5999985,319.99999285E-3,,,,,117.5999985,439.999997616E-3,,,,,117.5999985,-199.99998808E-3,
,,,117.8000031,0.0,,,,,117.8000031,359.99998450E-3,,,,,117.8000031,479.999989271E-3,,,,,117.8000031,-159.99999642E-3,
,,,118.0000000,0.0,,,,,118.0000000,280.00000119E-3,,,,,118.0000000,399.99997616E-3,,,,,118.0000000,-199.99998808E-3,
,,,118.2000046,0.0,,,,,118.2000046,359.99998450E-3,,,,,118.2000046,439.999997616E-3,,,,,118.2000046,-159.99999642E-3,
,,,118.4000015,39.99999911E-3,,,,,118.4000015,359.99998450E-3,,,,,118.4000015,439.999997616E-3,,,,,118.4000015,-199.99998808E-3,
,,,118.5999985,0.0,,,,,118.5999985,319.99999285E-3,,,,,118.5999985,479.999989271E-3,,,,,118.5999985,-119.9999973E-3,
,,,118.8000031,0.0,,,,,118.8000031,319.99999285E-3,,,,,118.8000031,439.999997616E-3,,,,,118.8000031,-159.99999642E-3,
,,,119.0000000,0.0,,,,,119.0000000,319.99999285E-3,,,,,119.0000000,439.999997616E-3,,,,,119.0000000,-159.99999642E-3,
,,,119.2000046,0.0,,,,,119.2000046,319.99999285E-3,,,,,119.2000046,439.999997616E-3,,,,,119.2000046,-159.99999642E-3,
,,,119.4000015,0.0,,,,,119.4000015,359.99998450E-3,,,,,119.4000015,439.999997616E-3,,,,,119.4000015,-159.99999642E-3,
,,,119.5999985,0.0,,,,,119.5999985,359.99998450E-3,,,,,119.5999985,439.999997616E-3,,,,,119.5999985,-119.9999973E-3,
,,,119.8000031,0.0,,,,,119.8000031,319.99999285E-3,,,,,119.8000031,439.999997616E-3,,,,,119.8000031,-159.99999642E-3,
,,,120.0000000,0.0,,,,,120.0000000,319.99999285E-3,,,,,120.0000000,439.999997616E-3,,,,,120.0000000,-159.99999642E-3,
,,,120.2000046,0.0,,,,,120.2000046,359.99998450E-3,,,,,120.2000046,439.999997616E-3,,,,,120.2000046,-159.99999642E-3,
,,,120.4000015,-39.99999911E-3,,,,,120.4000015,319.99999285E-3,,,,,120.4000015,439.999997616E-3,,,,,120.4000015,-159.99999642E-3,
,,,120.5999985,0.0,,,,,120.5999985,359.99998450E-3,,,,,120.5999985,439.999997616E-3,,,,,120.5999985,-159.99999642E-3,
,,,120.8000031,0.0,,,,,120.8000031,319.99999285E-3,,,,,120.8000031,439.999997616E-3,,,,,120.8000031,-159.99999642E-3,
,,,121.0000000,0.0,,,,,121.0000000,359.99998450E-3,,,,,121.0000000,399.99997616E-3,,,,,121.0000000,-199.99998808E-3,
,,,121.2000046,39.99999911E-3,,,,,121.2000046,359.99998450E-3,,,,,121.2000046,399.99997616E-3,,,,,121.2000046,-159.99999642E-3,
,,,121.4000015,0.0,,,,,121.4000015,280.00000119E-3,,,,,121.4000015,439.999997616E-3,,,,,121.4000015,-159.99999642E-3,
,,,121.5999985,0.0,,,,,121.5999985,319.99999285E-3,,,,,121.5999985,439.999997616E-3,,,,,121.5999985,-159.99999642E-3,
,,,121.8000031,0.0,,,,,121.8000031,359.99998450E-3,,,,,121.8000031,439.999997616E-3,,,,,121.8000031,-159.99999642E-3,
,,,122.0000000,-39.99999911E-3,,,,,122.0000000,239.99999464E-3,,,,,122.0000000,399.99997616E-3,,,,,122.0000000,-159.99999642E-3,
,,,122.2000046,0.0,,,,,122.2000046,319.99999285E-3,,,,,122.2000046,439.999997616E-3,,,,,122.2000046,-159.99999642E-3,
,,,122.4000015,79.999998212E-3,,,,,122.4000015,439.999997616E-3,,,,,122.4000015,439.999997616E-3,,,,,122.4000015,-159.99999642E-3,
,,,122.5999985,0.0,,,,,122.5999985,319.99999285E-3,,,,,122.5999985,439.999997616E-3,,,,,122.5999985,-159.99999642E-3,
,,,122.8000031,0.0,,,,,122.8000031,319.99999285E-3,,,,,122.8000031,439.999997616E-3,,,,,122.8000031,-159.99999642E-3,
,,,123.0000000,0.0,,,,,123.0000000,359.99998450E-3,,,,,123.0000000,439.999997616E-3,,,,,123.0000000,-159.99999642E-3,
,,,123.2000046,0.0,,,,,123.2000046,359.99998450E-3,,,,,123.2000046,399.99997616E-3,,,,,123.2000046,-159.99999642E-3,
,,,123.4000015,0.0,,,,,123.4000015,359.99998450E-3,,,,,123.4000015,439.999997616E-3,,,,,123.4000015,-199.99998808E-3,
,,,123.5999985,39.99999911E-3,,,,,123.5999985,319.99999285E-3,,,,,123.5999985,439.999997616E-3,,,,,123.5999985,-159.99999642E-3,
,,,123.8000031,0.0,,,,,123.8000031,359.99998450E-3,,,,,123.8000031,439.999997616E-3,,,,,123.8000031,-159.99999642E-3,
,,,124.0000000,-39.99999911E-3,,,,,124.0000000,159.99999642E-3,,,,,124.0000000,359.99998450E-3,,,,,124.0000000,-239.99999464E-3,
,,,124.2000046,0.0,,,,,124.2000046,359.99998450E-3,,,,,124.2000046,439.999997616E-3,,,,,124.2000046,-159.99999642E-3,
,,,124.4000015,0.0,,,,,124.4000015,319.99999285E-3,,,,,124.4000015,439.999997616E-3,,,,,124.4000015,-159.99999642E-3,
,,,124.5999985,0.0,,,,,124.5999985,359.99998450E-3,,,,,124.5999985,399.99997616E-3,,,,,124.5999985,-199.99998808E-3,
,,,124.8000031,0.0,,,,,124.8000031,319.99999285E-3,,,,,124.8000031,439.999997616E-3,,,,,124.8000031,-159.99999642E-3,
,,,125.0000000,0.0,,,,,125.0000000,280.00000119E-3,,,,,125.0000000,439.999997616E-3,,,,,125.0000000,-159.99999642E-3,
,,,125.2000046,0.0,,,,,125.2000046,280.00000119E-3,,,,,125.2000046,439.999997616E-3,,,,,125.2000046,-159.99999642E-3,
,,,125.4000015,0.0,,,,,125.4000015,319.99999285E-3,,,,,125.4000015,439.999997616E-3,,,,,125.4000015,-159.99999642E-3,
,,,125.5999985,0.0,,,,,125.5999985,319.99999285E-3,,,,,125.5999985,399.99997616E-3,,,,,125.5999985,-159.99999642E-3,
,,,125.8000031,0.0,,,,,125.8000031,319.99999285E-3,,,,,125.8000031,439.999997616E-3,,,,,125.8000031,-159.99999642E-3,
,,,126.0000000,0.0,,,,,126.0000000,319.99999285E-3,,,,,126.0000000,439.999997616E-3,,,,,126.0000000,-159.99999642E-3,
,,,126.2000046,0.0,,,,,126.2000046,319.99999285E-3,,,,,126.2000046,439.999997616E-3,,,,,126.2000046,-119.9999973E-3,
,,,126.4000015,0.0,,,,,126.4000015,359.99998450E-3,,,,,126.4000015,399.99997616E-3,,,,,126.4000015,-159.99999642E-3,
,,,126.5999985,0.0,,,,,126.5999985,319.99999285E-3,,,,,126.5999985,439.999997616E-3,,,,,126.5999985,-119.9999973E-3,
,,,126.8000031,0.0,,,,,126.8000031,319.99999285E-3,,,,,126.8000031,439.999997616E-3,,,,,126.8000031,-159.99999642E-3,
,,,127.0000000,0.0,,,,,127.0000000,359.99998450E-3,,,,,127.0000000,439.999997616E-3,,,,,127.0000000,-119.9999973E-3,
,,,127.2000046,39.99999911E-3,,,,,127.2000046,359.99998450E-3,,,,,127.2000046,439.999997616E-3,,,,,127.2000046,-119.9999973E-3,
,,,127.4000015,0.0,,,,,127.4000015,319.99999285E-3,,,,,127.4000015,439.999997616E-3,,,,,127.4000015,-119.9999973E-3,
,,,127.5999985,0.0,,,,,127.5999985,280.00000119E-3,,,,,127.5999985,439.999997616E-3,,,,,127.5999985,-119.9999973E-3,
,,,127.8000031,39.99999911E-3,,,,,127.8000031,280.00000119E-3,,,,,127.8000031,439.999997616E-3,,,,,127.8000031,-159.99999642E-3,
,,,128.0000000,0.0,,,,,128.0000000,359.99998450E-3,,,,,128.0000000,439.999997616E-3,,,,,128.0000000,-159.99999642E-3,
,,,128.1999969,39.99999911E-3,,,,,128.1999969,319.99999285E-3,,,,,128.1999969,439.999997616E-3,,,,,128.1999969,-159.99999642E-3,
,,,128.4000092,0.0,,,,,128.4000092,319.99999285E-3,,,,,128.4000092,439.999997616E-3,,,,,128.4000092,-119.9999973E-3,
,,,128.6000061,0.0,,,,,128.6000061,280.00000119E-3,,,,,128.6000061,439.999997616E-3,,,,,128.6000061,-159.99999642E-3,
,,,128.8000031,0.0,,,,,128.8000031,319.99999285E-3,,,,,128.8000031,439.999997616E-3,,,,,128.8000031,-119.9999973E-3,
,,,129.0000000,0.0,,,,,129.0000000,319.99999285E-3,,,,,129.0000000,399.99997616E-3,,,,,129.0000000,-159.99999642E-3,
,,,129.1999969,0.0,,,,,129.1999969,359.99998450E-3,,,,,129.1999969,439.999997616E-3,,,,,129.1999969,-119.9999973E-3,
,,,129.4000092,0.0,,,,,129.4000092,319.99999285E-3,,,,,129.4000092,439.999997616E-3,,,,,129.4000092,-119.9999973E-3,
,,,129.6000061,0.0,,,,,129.6000061,280.00000119E-3,,,,,129.6000061,439.999997616E-3,,,,,129.6000061,-119.9999973E-3,
,,,129.8000031,0.0,,,,,129.8000031,319.99999285E-3,,,,,129.8000031,439.999997616E-3,,,,,129.8000031,-119.9999973E-3,
,,,130.0000000,0.0,,,,,130.0000000,319.99999285E-3,,,,,130.0000000,399.99997616E-3,,,,,130.0000000,-159.99999642E-3,
,,,130.1999969,39.99999911E-3,,,,,130.1999969,319.99999285E-3,,,,,130.1999969,399.99997616E-3,,,,,130.1999969,-119.9999973E-3,
,,,130.4000092,0.0,,,,,130.4000092,319.99999285E-3,,,,,130.4000092,439.999997616E-3,,,,,130.4000092,-119.9999973E-3,
,,,130.6000061,0.0,,,,,130.6000061,319.99999285E-3,,,,,130.6000061,399.99997616E-3,,,,,130.6000061,-159.99999642E-3,
,,,130.8000031,0.0,,,,,130.8000031,399.99997616E-3,,,,,130.8000031,439.999997616E-3,,,,,130.8000031,-119.9999973E-3,
,,,131.0000000,0.0,,,,,131.0000000,280.00000119E-3,,,,,131.0000000,439.999997616E-3,,,,,131.0000000,-119.9999973E-3,
,,,131.1999969,0.0,,,,,131.1999969,359.99998450E-3,,,,,131.1999969,479.999989271E-3,,,,,131.1999969,-39.99999911E-3,
,,,131.4000092,0.0,,,,,131.4000092,319.99999285E-3,,,,,131.4000092,439.999997616E-3,,,,,131.4000092,-119.9999973E-3,
,,,131.6000061,0.0,,,,,131.6000061,319.99999285E-3,,,,,131.6000061,479.999989271E-3,,,,,131.6000061,0.0,
,,,131.8000031,0.0,,,,,131.8000031,280.00000119E-3,,,,,131.8000031,479.999989271E-3,,,,,131.8000031,-79.999998212E-3,
,,,132.0000000,0.0,,,,,132.0000000,359.99998450E-3,,,,,132.0000000,439.999997616E-3,,,,,132.0000000,-119.9999973E-3,
,,,132.1999969,0.0,,,,,132.1999969,359.99998450E-3,,,,,132.1999969,439.999997616E-3,,,,,132.1999969,-119.9999973E-3,
,,,132.4000092,0.0,,,,,132.4000092,319.99999285E-3,,,,,132.4000092,439.999997616E-3,,,,,132.4000092,-119.9999973E-3,
,,,132.6000061,0.0,,,,,132.6000061,319.99999285E-3,,,,,132.6000061,399.99997616E-3,,,,,132.6000061,-119.9999973E-3,
,,,132.8000031,0.0,,,,,132.8000031,359.99998450E-3,,,,,132.8000031,399.99997616E-3,,,,,132.8000031,-119.9999973E-3,
,,,133.0000000,0.0,,,,,133.0000000,319.99999285E-3,,,,,133.0000000,399.99997616E-3,,,,,133.0000000,-159.99999642E-3,
,,,133.1999969,0.0,,,,,133.1999969,319.99999285E-3,,,,,133.1999969,439.999997616E-3,,,,,133.1999969,-119.9999973E-3,
,,,133.4000092,0.0,,,,,133.4000092,319.99999285E-3,,,,,133.4000092,439.999997616E-3,,,,,133.4000092,-119.9999973E-3,
,,,133.6000061,0.0,,,,,133.6000061,319.99999285E-3,,,,,133.6000061,439.999997616E-3,,,,,133.6000061,-119.9999973E-3,
,,,133.8000031,39.99999911E-3,,,,,133.8000031,319.99999285E-3,,,,,133.8000031,439.999997616E-3,,,,,133.8000031,-119.9999973E-3,
,,,134.0000000,0.0,,,,,134.0000000,319.99999285E-3,,,,,134.0000000,439.999997616E-3,,,,,134.0000000,-119.9999973E-3,
,,,134.1999969,0.0,,,,,134.1999969,319.99999285E-3,,,,,134.1999969,479.999989271E-3,,,,,134.1999969,-79.999998212E-3,
,,,134.4000092,0.0,,,,,134.4000092,359.99998450E-3,,,,,134.4000092,439.999997616E-3,,,,,134.4000092,-119.9999973E-3,
,,,134.6000061,0.0,,,,,134.6000061,280.00000119E-3,,,,,134.6000061,399.99997616E-3,,,,,134.6000061,-119.9999973E-3,
,,,134.8000031,0.0,,,,,134.8000031,239.99999464E-3,,,,,134.8000031,399.99997616E-3,,,,,134.8000031,-199.99998808E-3,
,,,135.0000000,0.0,,,,,135.0000000,319.99999285E-3,,,,,135.0000000,399.99997616E-3,,,,,135.0000000,-119.9999973E-3,
,,,135.1999969,0.0,,,,,135.1999969,359.99998450E-3,,,,,135.1999969,399.99997616E-3,,,,,135.1999969,-119.9999973E-3,
,,,135.4000092,0.0,,,,,135.4000092,319.99999285E-3,,,,,135.4000092,399.99997616E-3,,,,,135.4000092,-119.9999973E-3,
,,,135.6000061,0.0,,,,,135.6000061,359.99998450E-3,,,,,135.6000061,399.99997616E-3,,,,,135.6000061,-159.99999642E-3,
,,,135.8000031,-39.99999911E-3,,,,,135.8000031,319.99999285E-3,,,,,135.8000031,439.999997616E-3,,,,,135.8000031,-119.9999973E-3,
,,,136.0000000,0.0,,,,,136.0000000,280.00000119E-3,,,,,136.0000000,399.99997616E-3,,,,,136.0000000,-119.9999973E-3,
,,,136.1999969,0.0,,,,,136.1999969,359.99998450E-3,,,,,136.1999969,399.99997616E-3,,,,,136.1999969,-159.99999642E-3,
,,,136.4000092,0.0,,,,,136.4000092,319.99999285E-3,,,,,136.4000092,439.999997616E-3,,,,,136.4000092,-119.9999973E-3,
,,,136.6000061,0.0,,,,,136.6000061,359.99998450E-3,,,,,136.6000061,399.99997616E-3,,,,,136.6000061,-119.9999973E-3,
,,,136.8000031,0.0,,,,,136.8000031,280.00000119E-3,,,,,136.8000031,399.99997616E-3,,,,,136.8000031,-119.9999973E-3,
,,,137.0000000,0.0,,,,,137.0000000,319.99999285E-3,,,,,137.0000000,439.999997616E-3,,,,,137.0000000,-119.9999973E-3,
,,,137.1999969,-39.99999911E-3,,,,,137.1999969,280.00000119E-3,,,,,137.1999969,439.999997616E-3,,,,,137.1999969,-119.9999973E-3,
,,,137.4000092,0.0,,,,,137.4000092,319.99999285E-3,,,,,137.4000092,439.999997616E-3,,,,,137.4000092,-119.9999973E-3,
,,,137.6000061,0.0,,,,,137.6000061,319.99999285E-3,,,,,137.6000061,439.999997616E-3,,,,,137.6000061,-159.99999642E-3,
,,,137.8000031,0.0,,,,,137.8000031,280.00000119E-3,,,,,137.8000031,399.99997616E-3,,,,,137.8000031,-119.9999973E-3,
,,,138.0000000,0.0,,,,,138.0000000,280.00000119E-3,,,,,138.0000000,439.999997616E-3,,,,,138.0000000,-79.999998212E-3,
,,,138.1999969,0.0,,,,,138.1999969,319.99999285E-3,,,,,138.1999969,439.999997616E-3,,,,,138.1999969,-119.9999973E-3,
,,,138.4000092,0.0,,,,,138.4000092,319.99999285E-3,,,,,138.4000092,399.99997616E-3,,,,,138.4000092,-159.99999642E-3,
,,,138.6000061,-39.99999911E-3,,,,,138.6000061,319.99999285E-3,,,,,138.6000061,439.999997616E-3,,,,,138.6000061,-119.9999973E-3,
,,,138.8000031,0.0,,,,,138.8000031,359.99998450E-3,,,,,138.8000031,439.999997616E-3,,,,,138.8000031,-119.9999973E-3,
,,,139.0000000,0.0,,,,,139.0000000,319.99999285E-3,,,,,139.0000000,439.999997616E-3,,,,,139.0000000,-119.9999973E-3,
,,,139.1999969,0.0,,,,,139.1999969,359.99998450E-3,,,,,139.1999969,439.999997616E-3,,,,,139.1999969,-119.9999973E-3,
,,,139.4000092,0.0,,,,,139.4000092,359.99998450E-3,,,,,139.4000092,399.99997616E-3,,,,,139.4000092,-119.9999973E-3,
,,,139.6000061,0.0,,,,,139.6000061,359.99998450E-3,,,,,139.6000061,399.99997616E-3,,,,,139.6000061,-119.9999973E-3,
,,,139.8000031,0.0,,,,,139.8000031,359.99998450E-3,,,,,139.8000031,439.999997616E-3,,,,,139.8000031,-119.9999973E-3,
,,,140.0000000,0.0,,,,,140.0000000,359.99998450E-3,,,,,140.0000000,399.99997616E-3,,,,,140.0000000,-159.99999642E-3,
,,,140.1999969,-39.99999911E-3,,,,,140.1999969,319.99999285E-3,,,,,140.1999969,439.999997616E-3,,,,,140.1999969,-119.9999973E-3,
,,,140.4000092,0.0,,,,,140.4000092,359.99998450E-3,,,,,140.4000092,399.99997616E-3,,,,,140.4000092,-119.9999973E-3,
,,,140.6000061,0.0,,,,,140.6000061,359.99998450E-3,,,,,140.6000061,399.99997616E-3,,,,,140.6000061,-119.9999973E-3,
,,,140.8000031,0.0,,,,,140.8000031,319.99999285E-3,,,,,140.8000031,399.99997616E-3,,,,,140.8000031,-119.9999973E-3,
,,,141.0000000,0.0,,,,,141.0000000,359.99998450E-3,,,,,141.0000000,399.99997616E-3,,,,,141.0000000,-119.9999973E-3,
,,,141.1999969,0.0,,,,,141.1999969,359.99998450E-3,,,,,141.1999969,399.99997616E-3,,,,,141.1999969,-119.9999973E-3,
,,,141.4000092,0.0,,,,,141.4000092,359.99998450E-3,,,,,141.4000092,439.999997616E-3,,,,,141.4000092,-79.999998212E-3,
,,,141.6000061,0.0,,,,,141.6000061,319.99999285E-3,,,,,141.6000061,439.999997616E-3,,,,,141.6000061,-119.9999973E-3,
,,,141.8000031,0.0,,,,,141.8000031,319.99999285E-3,,,,,141.8000031,399.99997616E-3,,,,,141.8000031,-79.999998212E-3,
,,,142.0000000,0.0,,,,,142.0000000,319.99999285E-3,,,,,142.0000000,439.999997616E-3,,,,,142.0000000,-119.9999973E-3,
,,,142.1999969,0.0,,,,,142.1999969,359.99998450E-3,,,,,142.1999969,439.999997616E-3,,,,,142.1999969,-119.9999973E-3,
,,,142.4000092,0.0,,,,,142.4000092,319.99999285E-3,,,,,142.4000092,399.99997616E-3,,,,,142.4000092,-119.9999973E-3,
,,,142.6000061,0.0,,,,,142.6000061,319.99999285E-3,,,,,142.6000061,399.99997616E-3,,,,,142.6000061,-119.9999973E-3,
,,,142.8000031,0.0,,,,,142.8000031,359.99998450E-3,,,,,142.8000031,399.99997616E-3,,,,,142.8000031,-79.999998212E-3,
,,,143.0000000,0.0,,,,,143.0000000,319.99999285E-3,,,,,143.0000000,399.99997616E-3,,,,,143.0000000,-119.9999973E-3,
,,,143.1999969,0.0,,,,,143.1999969,319.99999285E-3,,,,,143.1999969,399.99997616E-3,,,,,143.1999969,-159.99999642E-3,
,,,143.4000092,0.0,,,,,143.4000092,359.99998450E-3,,,,,143.4000092,399.99997616E-3,,,,,143.4000092,-79.999998212E-3,
,,,143.6000061,0.0,,,,,143.6000061,399.99997616E-3,,,,,143.6000061,439.999997616E-3,,,,,143.6000061,-119.9999973E-3,
,,,143.8000031,0.0,,,,,143.8000031,319.99999285E-3,,,,,143.8000031,399.99997616E-3,,,,,143.8000031,-119.9999973E-3,
,,,144.0000000,0.0,,,,,144.0000000,319.99999285E-3,,,,,144.0000000,439.999997616E-3,,,,,144.0000000,-119.9999973E-3,
,,,144.1999969,0.0,,,,,144.1999969,359.99998450E-3,,,,,144.1999969,399.99997616E-3,,,,,144.1999969,-119.9999973E-3,
,,,144.4000092,0.0,,,,,144.4000092,359.99998450E-3,,,,,144.4000092,399.99997616E-3,,,,,144.4000092,-119.9999973E-3,
,,,144.6000061,0.0,,,,,144.6000061,319.99999285E-3,,,,,144.6000061,399.99997616E-3,,,,,144.6000061,-119.9999973E-3,
,,,144.8000031,0.0,,,,,144.8000031,319.99999285E-3,,,,,144.8000031,439.999997616E-3,,,,,144.8000031,-119.9999973E-3,
,,,145.0000000,0.0,,,,,145.0000000,359.99998450E-3,,,,,145.0000000,439.999997616E-3,,,,,145.0000000,-119.9999973E-3,
,,,145.1999969,0.0,,,,,145.1999969,359.99998450E-3,,,,,145.1999969,439.999997616E-3,,,,,145.1999969,-79.999998212E-3,
,,,145.4000092,0.0,,,,,145.4000092,319.99999285E-3,,,,,145.4000092,439.999997616E-3,,,,,145.4000092,-119.9999973E-3,
,,,145.6000061,0.0,,,,,145.6000061,319.99999285E-3,,,,,145.6000061,439.999997616E-3,,,,,145.6000061,-79.999998212E-3,
,,,145.8000031,0.0,,,,,145.8000031,359.99998450E-3,,,,,145.8000031,439.999997616E-3,,,,,145.8000031,-119.9999973E-3,
,,,146.0000000,0.0,,,,,146.0000000,319.99999285E-3,,,,,146.0000000,439.999997616E-3,,,,,146.0000000,-119.9999973E-3,
,,,146.1999969,0.0,,,,,146.1999969,359.99998450E-3,,,,,146.1999969,399.99997616E-3,,,,,146.1999969,-119.9999973E-3,
,,,146.4000092,0.0,,,,,146.4000092,319.99999285E-3,,,,,146.4000092,439.999997616E-3,,,,,146.4000092,-119.9999973E-3,
,,,146.6000061,0.0,,,,,146.6000061,319.99999285E-3,,,,,146.6000061,439.999997616E-3,,,,,146.6000061,-119.9999973E-3,
,,,146.8000031,0.0,,,,,146.8000031,319.99999285E-3,,,,,146.8000031,439.999997616E-3,,,,,146.8000031,-39.99999911E-3,
,,,147.0000000,0.0,,,,,147.0000000,359.99998450E-3,,,,,147.0000000,439.999997616E-3,,,,,147.0000000,-119.9999973E-3,
,,,147.1999969,0.0,,,,,147.1999969,280.00000119E-3,,,,,147.1999969,439.999997616E-3,,,,,147.1999969,-79.999998212E-3,
,,,147.4000092,0.0,,,,,147.4000092,359.99998450E-3,,,,,147.4000092,439.999997616E-3,,,,,147.4000092,-119.9999973E-3,
,,,147.6000061,0.0,,,,,147.6000061,319.99999285E-3,,,,,147.6000061,439.999997616E-3,,,,,147.6000061,-79.999998212E-3,
,,,147.8000031,0.0,,,,,147.8000031,319.99999285E-3,,,,,147.8000031,399.99997616E-3,,,,,147.8000031,-119.9999973E-3,
,,,148.0000000,0.0,,,,,148.0000000,319.99999285E-3,,,,,148.0000000,439.999997616E-3,,,,,148.0000000,-79.999998212E-3,
,,,148.1999969,0.0,,,,,148.1999969,319.99999285E-3,,,,,148.1999969,399.99997616E-3,,,,,148.1999969,-79.999998212E-3,
,,,148.4000092,0.0,,,,,148.4000092,319.99999285E-3,,,,,148.4000092,439.999997616E-3,,,,,148.4000092,-79.999998212E-3,
,,,148.60000610,0.0,,,,,148.60000610,319.99999285E-3,,,,,148.60000610,399.99997616E-3,,,,,148.60000610,-79.999998212E-3,
,,,148.80000305,0.0,,,,,148.80000305,319.99999285E-3,,,,,148.80000305,399.99997616E-3,,,,,148.80000305,-119.9999973E-3,
,,,149.00000000,0.0,,,,,149.00000000,280.00000119E-3,,,,,149.00000000,399.99997616E-3,,,,,149.00000000,-119.9999973E-3,
,,,149.19999695,39.99999911E-3,,,,,149.19999695,319.99999285E-3,,,,,149.19999695,399.99997616E-3,,,,,149.19999695,-119.9999973E-3,
,,,149.40000916,0.0,,,,,149.40000916,319.99999285E-3,,,,,149.40000916,439.999997616E-3,,,,,149.40000916,-79.999998212E-3,
,,,149.60000610,0.0,,,,,149.60000610,319.99999285E-3,,,,,149.60000610,439.999997616E-3,,,,,149.60000610,-119.9999973E-3,
,,,149.80000305,0.0,,,,,149.80000305,280.00000119E-3,,,,,149.80000305,439.999997616E-3,,,,,149.80000305,-79.999998212E-3,
,,,150.00000000,0.0,,,,,150.00000000,359.99998450E-3,,,,,150.00000000,439.999997616E-3,,,,,150.00000000,-79.999998212E-3,
,,,150.19999695,0.0,,,,,150.19999695,359.99998450E-3,,,,,150.19999695,439.999997616E-3,,,,,150.19999695,-119.9999973E-3,
,,,150.40000916,0.0,,,,,150.40000916,280.00000119E-3,,,,,150.40000916,439.999997616E-3,,,,,150.40000916,-119.9999973E-3,
,,,150.60000610,0.0,,,,,150.60000610,359.99998450E-3,,,,,150.60000610,479.999989271E-3,,,,,150.60000610,-119.9999973E-3,
,,,150.80000305,0.0,,,,,150.80000305,319.99999285E-3,,,,,150.80000305,639.999985695E-3,,,,,150.80000305,-1.1200000,
,,,151.00000000,0.0,,,,,151.00000000,319.99999285E-3,,,,,151.00000000,639.999985695E-3,,,,,151.00000000,-1.3199999,
,,,151.19999695,0.0,,,,,151.19999695,359.99998450E-3,,,,,151.19999695,680.000007153E-3,,,,,151.19999695,-1.3199999,
,,,151.40000916,0.0,,,,,151.40000916,359.99998450E-3,,,,,151.40000916,680.000007153E-3,,,,,151.40000916,-1.3199999,
,,,151.60000610,0.0,,,,,151.60000610,319.99999285E-3,,,,,151.60000610,680.000007153E-3,,,,,151.60000610,-1.3600000,
,,,151.80000305,0.0,,,,,151.80000305,319.99999285E-3,,,,,151.80000305,680.000007153E-3,,,,,151.80000305,-1.3600000,
,,,152.00000000,0.0,,,,,152.00000000,319.99999285E-3,,,,,152.00000000,680.000007153E-3,,,,,152.00000000,-1.3199999,
,,,152.19999695,0.0,,,,,152.19999695,359.99998450E-3,,,,,152.19999695,680.000007153E-3,,,,,152.19999695,-1.3199999,
,,,152.40000916,0.0,,,,,152.40000916,319.99999285E-3,,,,,152.40000916,680.000007153E-3,,,,,152.40000916,-1.3600000,
,,,152.60000610,0.0,,,,,152.60000610,359.99998450E-3,,,,,152.60000610,680.000007153E-3,,,,,152.60000610,-1.3199999,
,,,152.80000305,0.0,,,,,152.80000305,359.99998450E-3,,,,,152.80000305,680.000007153E-3,,,,,152.80000305,-1.3199999,
,,,153.00000000,0.0,,,,,153.00000000,359.99998450E-3,,,,,153.00000000,639.999985695E-3,,,,,153.00000000,-1.3600000,
,,,153.19999695,0.0,,,,,153.19999695,319.99999285E-3,,,,,153.19999695,639.999985695E-3,,,,,153.19999695,-1.3600000,
,,,153.40000916,0.0,,,,,153.40000916,319.99999285E-3,,,,,153.40000916,680.000007153E-3,,,,,153.40000916,-1.3600000,
,,,153.60000610,0.0,,,,,153.60000610,359.99998450E-3,,,,,153.60000610,639.999985695E-3,,,,,153.60000610,-1.3600000,
,,,153.80000305,0.0,,,,,153.80000305,319.99999285E-3,,,,,153.80000305,680.000007153E-3,,,,,153.80000305,-1.3600000,
,,,154.00000000,0.0,,,,,154.00000000,319.99999285E-3,,,,,154.00000000,680.000007153E-3,,,,,154.00000000,-1.3199999,
,,,154.19999695,0.0,,,,,154.19999695,319.99999285E-3,,,,,154.19999695,680.000007153E-3,,,,,154.19999695,-1.3199999,
,,,154.40000916,0.0,,,,,154.40000916,359.99998450E-3,,,,,154.40000916,680.000007153E-3,,,,,154.40000916,-1.3199999,
,,,154.60000610,0.0,,,,,154.60000610,319.99999285E-3,,,,,154.60000610,680.000007153E-3,,,,,154.60000610,-1.3199999,
,,,154.80000305,0.0,,,,,154.80000305,239.99999464E-3,,,,,154.80000305,680.000007153E-3,,,,,154.80000305,-1.3199999,
,,,155.00000000,0.0,,,,,155.00000000,280.00000119E-3,,,,,155.00000000,680.000007153E-3,,,,,155.00000000,-1.3199999,
,,,155.19999695,0.0,,,,,155.19999695,239.99999464E-3,,,,,155.19999695,639.999985695E-3,,,,,155.19999695,-1.3600000,
,,,155.40000916,0.0,,,,,155.40000916,359.99998450E-3,,,,,155.40000916,680.000007153E-3,,,,,155.40000916,-1.3600000,
,,,155.60000610,0.0,,,,,155.60000610,359.99998450E-3,,,,,155.60000610,680.000007153E-3,,,,,155.60000610,-1.3600000,
,,,155.80000305,0.0,,,,,155.80000305,319.99999285E-3,,,,,155.80000305,680.000007153E-3,,,,,155.80000305,-1.3199999,
,,,156.00000000,0.0,,,,,156.00000000,319.99999285E-3,,,,,156.00000000,680.000007153E-3,,,,,156.00000000,-1.3199999,
,,,156.19999695,0.0,,,,,156.19999695,319.99999285E-3,,,,,156.19999695,680.000007153E-3,,,,,156.19999695,-1.3600000,
,,,156.40000916,0.0,,,,,156.40000916,319.99999285E-3,,,,,156.40000916,680.000007153E-3,,,,,156.40000916,-1.3199999,
,,,156.60000610,0.0,,,,,156.60000610,319.99999285E-3,,,,,156.60000610,680.000007153E-3,,,,,156.60000610,-1.3199999,
,,,156.80000305,0.0,,,,,156.80000305,280.00000119E-3,,,,,156.80000305,680.000007153E-3,,,,,156.80000305,-1.3199999,
,,,157.00000000,0.0,,,,,157.00000000,319.99999285E-3,,,,,157.00000000,680.000007153E-3,,,,,157.00000000,-1.3199999,
,,,157.19999695,0.0,,,,,157.19999695,319.99999285E-3,,,,,157.19999695,680.000007153E-3,,,,,157.19999695,-1.3600000,
,,,157.40000916,0.0,,,,,157.40000916,319.99999285E-3,,,,,157.40000916,680.000007153E-3,,,,,157.40000916,-1.3600000,
,,,157.60000610,0.0,,,,,157.60000610,319.99999285E-3,,,,,157.60000610,680.000007153E-3,,,,,157.60000610,-1.3199999,
,,,157.80000305,0.0,,,,,157.80000305,359.99998450E-3,,,,,157.80000305,719.999969006E-3,,,,,157.80000305,-1.3199999,
,,,158.00000000,0.0,,,,,158.00000000,359.99998450E-3,,,,,158.00000000,680.000007153E-3,,,,,158.00000000,-1.3600000,
,,,158.19999695,0.0,,,,,158.19999695,359.99998450E-3,,,,,158.19999695,680.000007153E-3,,,,,158.19999695,-1.3600000,
,,,158.40000916,0.0,,,,,158.40000916,319.99999285E-3,,,,,158.40000916,680.000007153E-3,,,,,158.40000916,-1.3600000,
,,,158.60000610,0.0,,,,,158.60000610,319.99999285E-3,,,,,158.60000610,680.000007153E-3,,,,,158.60000610,-1.3199999,
,,,158.80000305,39.99999911E-3,,,,,158.80000305,359.99998450E-3,,,,,158.80000305,680.000007153E-3,,,,,158.80000305,-1.3199999,
,,,159.00000000,0.0,,,,,159.00000000,319.99999285E-3,,,,,159.00000000,639.999985695E-3,,,,,159.00000000,-1.3199999,
,,,159.19999695,0.0,,,,,159.19999695,319.99999285E-3,,,,,159.19999695,680.000007153E-3,,,,,159.19999695,-1.3199999,
,,,159.40000916,0.0,,,,,159.40000916,280.00000119E-3,,,,,159.40000916,680.000007153E-3,,,,,159.40000916,-1.3199999,
,,,159.60000610,0.0,,,,,159.60000610,359.99998450E-3,,,,,159.60000610,680.000007153E-3,,,,,159.60000610,-1.3199999,
,,,159.80000305,0.0,,,,,159.80000305,319.99999285E-3,,,,,159.80000305,680.000007153E-3,,,,,159.80000305,-1.3199999,
,,,160.00000000,0.0,,,,,160.00000000,319.99999285E-3,,,,,160.00000000,680.000007153E-3,,,,,160.00000000,-1.3199999,
,,,160.19999695,0.0,,,,,160.19999695,319.99999285E-3,,,,,160.19999695,680.000007153E-3,,,,,160.19999695,-1.3199999,
,,,160.40000916,0.0,,,,,160.40000916,319.99999285E-3,,,,,160.40000916,680.000007153E-3,,,,,160.40000916,-1.3199999,
,,,160.60000610,0.0,,,,,160.60000610,319.99999285E-3,,,,,160.60000610,680.000007153E-3,,,,,160.60000610,-1.3199999,
,,,160.80000305,0.0,,,,,160.80000305,319.99999285E-3,,,,,160.80000305,680.000007153E-3,,,,,160.80000305,-1.3199999,
,,,161.00000000,0.0,,,,,161.00000000,319.99999285E-3,,,,,161.00000000,639.999985695E-3,,,,,161.00000000,-1.3199999,
,,,161.19999695,0.0,,,,,161.19999695,319.99999285E-3,,,,,161.19999695,680.000007153E-3,,,,,161.19999695,-1.3199999,
,,,161.40000916,0.0,,,,,161.40000916,199.99998808E-3,,,,,161.40000916,680.000007153E-3,,,,,161.40000916,-1.2800000,
,,,161.60000610,0.0,,,,,161.60000610,319.99999285E-3,,,,,161.60000610,599.999964237E-3,,,,,161.60000610,-1.0400000,
,,,161.80000305,0.0,,,,,161.80000305,319.99999285E-3,,,,,161.80000305,439.999997616E-3,,,,,161.80000305,-280.00000119E-3,
,,,162.00000000,0.0,,,,,162.00000000,359.99998450E-3,,,,,162.00000000,399.99997616E-3,,,,,162.00000000,-79.999998212E-3,
,,,162.19999695,0.0,,,,,162.19999695,359.99998450E-3,,,,,162.19999695,399.99997616E-3,,,,,162.19999695,-79.999998212E-3,
,,,162.40000916,0.0,,,,,162.40000916,319.99999285E-3,,,,,162.40000916,399.99997616E-3,,,,,162.40000916,-39.99999911E-3,
,,,162.60000610,0.0,,,,,162.60000610,319.99999285E-3,,,,,162.60000610,479.999989271E-3,,,,,162.60000610,39.99999911E-3,
,,,162.80000305,0.0,,,,,162.80000305,319.99999285E-3,,,,,162.80000305,399.99997616E-3,,,,,162.80000305,-39.99999911E-3,
,,,163.00000000,0.0,,,,,163.00000000,359.99998450E-3,,,,,163.00000000,399.99997616E-3,,,,,163.00000000,-79.999998212E-3,
,,,163.19999695,0.0,,,,,163.19999695,319.99999285E-3,,,,,163.19999695,439.999997616E-3,,,,,163.19999695,-79.999998212E-3,
,,,163.40000916,0.0,,,,,163.40000916,319.99999285E-3,,,,,163.40000916,399.99997616E-3,,,,,163.40000916,-79.999998212E-3,
,,,163.60000610,0.0,,,,,163.60000610,359.99998450E-3,,,,,163.60000610,439.999997616E-3,,,,,163.60000610,-39.99999911E-3,
,,,163.80000305,0.0,,,,,163.80000305,319.99999285E-3,,,,,163.80000305,439.999997616E-3,,,,,163.80000305,-39.99999911E-3,
,,,164.00000000,0.0,,,,,164.00000000,439.999997616E-3,,,,,164.00000000,439.999997616E-3,,,,,164.00000000,-79.999998212E-3,
,,,164.19999695,0.0,,,,,164.19999695,280.00000119E-3,,,,,164.19999695,439.999997616E-3,,,,,164.19999695,-79.999998212E-3,
,,,164.40000916,0.0,,,,,164.40000916,319.99999285E-3,,,,,164.40000916,439.999997616E-3,,,,,164.40000916,-39.99999911E-3,
,,,164.60000610,0.0,,,,,164.60000610,319.99999285E-3,,,,,164.60000610,399.99997616E-3,,,,,164.60000610,-79.999998212E-3,
,,,164.80000305,0.0,,,,,164.80000305,359.99998450E-3,,,,,164.80000305,399.99997616E-3,,,,,164.80000305,-119.9999973E-3,
,,,165.00000000,0.0,,,,,165.00000000,359.99998450E-3,,,,,165.00000000,399.99997616E-3,,,,,165.00000000,-79.999998212E-3,
,,,165.19999695,0.0,,,,,165.19999695,319.99999285E-3,,,,,165.19999695,399.99997616E-3,,,,,165.19999695,-79.999998212E-3,
,,,165.40000916,0.0,,,,,165.40000916,319.99999285E-3,,,,,165.40000916,439.999997616E-3,,,,,165.40000916,0.0,
,,,165.60000610,0.0,,,,,165.60000610,359.99998450E-3,,,,,165.60000610,399.99997616E-3,,,,,165.60000610,-79.999998212E-3,
,,,165.80000305,0.0,,,,,165.80000305,319.99999285E-3,,,,,165.80000305,399.99997616E-3,,,,,165.80000305,-79.999998212E-3,
,,,166.00000000,0.0,,,,,166.00000000,359.99998450E-3,,,,,166.00000000,399.99997616E-3,,,,,166.00000000,-79.999998212E-3,
,,,166.19999695,0.0,,,,,166.19999695,359.99998450E-3,,,,,166.19999695,439.999997616E-3,,,,,166.19999695,-39.99999911E-3,
,,,166.40000916,0.0,,,,,166.40000916,319.99999285E-3,,,,,166.40000916,399.99997616E-3,,,,,166.40000916,-39.99999911E-3,
,,,166.60000610,0.0,,,,,166.60000610,359.99998450E-3,,,,,166.60000610,399.99997616E-3,,,,,166.60000610,-79.999998212E-3,
,,,166.80000305,0.0,,,,,166.80000305,359.99998450E-3,,,,,166.80000305,439.999997616E-3,,,,,166.80000305,-79.999998212E-3,
,,,167.00000000,0.0,,,,,167.00000000,319.99999285E-3,,,,,167.00000000,439.999997616E-3,,,,,167.00000000,-39.99999911E-3,
,,,167.19999695,39.99999911E-3,,,,,167.19999695,319.99999285E-3,,,,,167.19999695,439.999997616E-3,,,,,167.19999695,-39.99999911E-3,
,,,167.40000916,0.0,,,,,167.40000916,359.99998450E-3,,,,,167.40000916,439.999997616E-3,,,,,167.40000916,-79.999998212E-3,
,,,167.60000610,0.0,,,,,167.60000610,319.99999285E-3,,,,,167.60000610,399.99997616E-3,,,,,167.60000610,-79.999998212E-3,
,,,167.80000305,0.0,,,,,167.80000305,280.00000119E-3,,,,,167.80000305,399.99997616E-3,,,,,167.80000305,-39.99999911E-3,
,,,168.00000000,0.0,,,,,168.00000000,319.99999285E-3,,,,,168.00000000,399.99997616E-3,,,,,168.00000000,-39.99999911E-3,
,,,168.19999695,0.0,,,,,168.19999695,199.99998808E-3,,,,,168.19999695,399.99997616E-3,,,,,168.19999695,-79.999998212E-3,
,,,168.40000916,0.0,,,,,168.40000916,319.99999285E-3,,,,,168.40000916,439.999997616E-3,,,,,168.40000916,-79.999998212E-3,
,,,168.60000610,39.99999911E-3,,,,,168.60000610,439.999997616E-3,,,,,168.60000610,439.999997616E-3,,,,,168.60000610,-79.999998212E-3,
,,,168.80000305,0.0,,,,,168.80000305,319.99999285E-3,,,,,168.80000305,439.999997616E-3,,,,,168.80000305,-119.9999973E-3,
,,,169.00000000,0.0,,,,,169.00000000,359.99998450E-3,,,,,169.00000000,439.999997616E-3,,,,,169.00000000,-79.999998212E-3,
,,,169.19999695,0.0,,,,,169.19999695,239.99999464E-3,,,,,169.19999695,399.99997616E-3,,,,,169.19999695,-79.999998212E-3,
,,,169.40000916,0.0,,,,,169.40000916,359.99998450E-3,,,,,169.40000916,439.999997616E-3,,,,,169.40000916,-39.99999911E-3,
,,,169.60000610,0.0,,,,,169.60000610,319.99999285E-3,,,,,169.60000610,399.99997616E-3,,,,,169.60000610,-39.99999911E-3,
,,,169.80000305,0.0,,,,,169.80000305,280.00000119E-3,,,,,169.80000305,439.999997616E-3,,,,,169.80000305,-39.99999911E-3,
,,,170.00000000,0.0,,,,,170.00000000,359.99998450E-3,,,,,170.00000000,399.99997616E-3,,,,,170.00000000,-79.999998212E-3,
,,,170.19999695,0.0,,,,,170.19999695,319.99999285E-3,,,,,170.19999695,399.99997616E-3,,,,,170.19999695,-79.999998212E-3,
,,,170.40000916,0.0,,,,,170.40000916,319.99999285E-3,,,,,170.40000916,399.99997616E-3,,,,,170.40000916,-39.99999911E-3,
,,,170.60000610,0.0,,,,,170.60000610,359.99998450E-3,,,,,170.60000610,439.999997616E-3,,,,,170.60000610,-79.999998212E-3,
,,,170.80000305,0.0,,,,,170.80000305,319.99999285E-3,,,,,170.80000305,399.99997616E-3,,,,,170.80000305,-79.999998212E-3,
,,,171.00000000,-39.99999911E-3,,,,,171.00000000,319.99999285E-3,,,,,171.00000000,359.99998450E-3,,,,,171.00000000,-79.999998212E-3,
,,,171.19999695,0.0,,,,,171.19999695,280.00000119E-3,,,,,171.19999695,399.99997616E-3,,,,,171.19999695,-79.999998212E-3,
,,,171.40000916,0.0,,,,,171.40000916,319.99999285E-3,,,,,171.40000916,399.99997616E-3,,,,,171.40000916,-79.999998212E-3,
,,,171.60000610,0.0,,,,,171.60000610,319.99999285E-3,,,,,171.60000610,399.99997616E-3,,,,,171.60000610,-79.999998212E-3,
,,,171.80000305,0.0,,,,,171.80000305,319.99999285E-3,,,,,171.80000305,399.99997616E-3,,,,,171.80000305,-79.999998212E-3,
,,,172.00000000,0.0,,,,,172.00000000,359.99998450E-3,,,,,172.00000000,399.99997616E-3,,,,,172.00000000,-39.99999911E-3,
,,,172.19999695,0.0,,,,,172.19999695,359.99998450E-3,,,,,172.19999695,399.99997616E-3,,,,,172.19999695,-79.999998212E-3,
,,,172.40000916,0.0,,,,,172.40000916,319.99999285E-3,,,,,172.40000916,399.99997616E-3,,,,,172.40000916,-39.99999911E-3,
,,,172.60000610,0.0,,,,,172.60000610,359.99998450E-3,,,,,172.60000610,439.999997616E-3,,,,,172.60000610,-39.99999911E-3,
,,,172.80000305,0.0,,,,,172.80000305,439.999997616E-3,,,,,172.80000305,399.99997616E-3,,,,,172.80000305,-79.999998212E-3,
,,,173.00000000,0.0,,,,,173.00000000,359.99998450E-3,,,,,173.00000000,399.99997616E-3,,,,,173.00000000,-79.999998212E-3,
,,,173.19999695,0.0,,,,,173.19999695,359.99998450E-3,,,,,173.19999695,399.99997616E-3,,,,,173.19999695,-39.99999911E-3,
,,,173.40000916,0.0,,,,,173.40000916,359.99998450E-3,,,,,173.40000916,399.99997616E-3,,,,,173.40000916,-79.999998212E-3,
,,,173.60000610,0.0,,,,,173.60000610,359.99998450E-3,,,,,173.60000610,439.999997616E-3,,,,,173.60000610,-39.99999911E-3,
,,,173.80000305,0.0,,,,,173.80000305,319.99999285E-3,,,,,173.80000305,399.99997616E-3,,,,,173.80000305,-79.999998212E-3,
,,,174.00000000,0.0,,,,,174.00000000,359.99998450E-3,,,,,174.00000000,399.99997616E-3,,,,,174.00000000,-79.999998212E-3,
,,,174.19999695,0.0,,,,,174.19999695,319.99999285E-3,,,,,174.19999695,439.999997616E-3,,,,,174.19999695,-39.99999911E-3,
,,,174.40000916,0.0,,,,,174.40000916,359.99998450E-3,,,,,174.40000916,439.999997616E-3,,,,,174.40000916,-39.99999911E-3,
,,,174.60000610,0.0,,,,,174.60000610,319.99999285E-3,,,,,174.60000610,439.999997616E-3,,,,,174.60000610,-39.99999911E-3,
,,,174.80000305,0.0,,,,,174.80000305,319.99999285E-3,,,,,174.80000305,399.99997616E-3,,,,,174.80000305,-79.999998212E-3,
,,,175.00000000,0.0,,,,,175.00000000,359.99998450E-3,,,,,175.00000000,399.99997616E-3,,,,,175.00000000,-39.99999911E-3,
,,,175.19999695,0.0,,,,,175.19999695,359.99998450E-3,,,,,175.19999695,439.999997616E-3,,,,,175.19999695,-79.999998212E-3,
,,,175.40000916,39.99999911E-3,,,,,175.40000916,359.99998450E-3,,,,,175.40000916,439.999997616E-3,,,,,175.40000916,-79.999998212E-3,
,,,175.60000610,0.0,,,,,175.60000610,359.99998450E-3,,,,,175.60000610,439.999997616E-3,,,,,175.60000610,-79.999998212E-3,
,,,175.80000305,0.0,,,,,175.80000305,399.99997616E-3,,,,,175.80000305,399.99997616E-3,,,,,175.80000305,-79.999998212E-3,
,,,176.00000000,0.0,,,,,176.00000000,399.99997616E-3,,,,,176.00000000,399.99997616E-3,,,,,176.00000000,-39.99999911E-3,
,,,176.19999695,0.0,,,,,176.19999695,359.99998450E-3,,,,,176.19999695,439.999997616E-3,,,,,176.19999695,-79.999998212E-3,
,,,176.40000916,0.0,,,,,176.40000916,359.99998450E-3,,,,,176.40000916,439.999997616E-3,,,,,176.40000916,-79.999998212E-3,
,,,176.60000610,0.0,,,,,176.60000610,319.99999285E-3,,,,,176.60000610,399.99997616E-3,,,,,176.60000610,-79.999998212E-3,
,,,176.80000305,0.0,,,,,176.80000305,319.99999285E-3,,,,,176.80000305,399.99997616E-3,,,,,176.80000305,-79.999998212E-3,
,,,177.00000000,0.0,,,,,177.00000000,319.99999285E-3,,,,,177.00000000,439.999997616E-3,,,,,177.00000000,-79.999998212E-3,
,,,177.19999695,0.0,,,,,177.19999695,280.00000119E-3,,,,,177.19999695,399.99997616E-3,,,,,177.19999695,-79.999998212E-3,
,,,177.40000916,0.0,,,,,177.40000916,280.00000119E-3,,,,,177.40000916,399.99997616E-3,,,,,177.40000916,-79.999998212E-3,
,,,177.60000610,0.0,,,,,177.60000610,359.99998450E-3,,,,,177.60000610,399.99997616E-3,,,,,177.60000610,-119.9999973E-3,
,,,177.80000305,0.0,,,,,177.80000305,319.99999285E-3,,,,,177.80000305,439.999997616E-3,,,,,177.80000305,-159.99999642E-3,
,,,178.00000000,0.0,,,,,178.00000000,319.99999285E-3,,,,,178.00000000,439.999997616E-3,,,,,178.00000000,-199.99998808E-3,
,,,178.19999695,0.0,,,,,178.19999695,280.00000119E-3,,,,,178.19999695,439.999997616E-3,,,,,178.19999695,-199.99998808E-3,
,,,178.40000916,0.0,,,,,178.40000916,359.99998450E-3,,,,,178.40000916,439.999997616E-3,,,,,178.40000916,-199.99998808E-3,
,,,178.60000610,0.0,,,,,178.60000610,319.99999285E-3,,,,,178.60000610,399.99997616E-3,,,,,178.60000610,-199.99998808E-3,
,,,178.80000305,0.0,,,,,178.80000305,399.99997616E-3,,,,,178.80000305,439.999997616E-3,,,,,178.80000305,-199.99998808E-3,
,,,179.00000000,0.0,,,,,179.00000000,359.99998450E-3,,,,,179.00000000,439.999997616E-3,,,,,179.00000000,-199.99998808E-3,
,,,179.19999695,39.99999911E-3,,,,,179.19999695,280.00000119E-3,,,,,179.19999695,399.99997616E-3,,,,,179.19999695,-239.99999464E-3,
,,,179.40000916,0.0,,,,,179.40000916,319.99999285E-3,,,,,179.40000916,399.99997616E-3,,,,,179.40000916,-199.99998808E-3,
,,,179.60000610,0.0,,,,,179.60000610,359.99998450E-3,,,,,179.60000610,399.99997616E-3,,,,,179.60000610,-199.99998808E-3,
,,,179.80000305,0.0,,,,,179.80000305,319.99999285E-3,,,,,179.80000305,399.99997616E-3,,,,,179.80000305,-199.99998808E-3,
,,,180.00000000,39.99999911E-3,,,,,180.00000000,319.99999285E-3,,,,,180.00000000,399.99997616E-3,,,,,180.00000000,-199.99998808E-3,
,,,180.19999695,0.0,,,,,180.19999695,319.99999285E-3,,,,,180.19999695,399.99997616E-3,,,,,180.19999695,-199.99998808E-3,
,,,180.40000916,0.0,,,,,180.40000916,280.00000119E-3,,,,,180.40000916,399.99997616E-3,,,,,180.40000916,-199.99998808E-3,
,,,180.60000610,0.0,,,,,180.60000610,280.00000119E-3,,,,,180.60000610,399.99997616E-3,,,,,180.60000610,-199.99998808E-3,
,,,180.80000305,0.0,,,,,180.80000305,359.99998450E-3,,,,,180.80000305,399.99997616E-3,,,,,180.80000305,-199.99998808E-3,
,,,181.00000000,0.0,,,,,181.00000000,319.99999285E-3,,,,,181.00000000,399.99997616E-3,,,,,181.00000000,-239.99999464E-3,
,,,181.19999695,0.0,,,,,181.19999695,319.99999285E-3,,,,,181.19999695,439.999997616E-3,,,,,181.19999695,-239.99999464E-3,
,,,181.40000916,0.0,,,,,181.40000916,319.99999285E-3,,,,,181.40000916,399.99997616E-3,,,,,181.40000916,-239.99999464E-3,
,,,181.60000610,0.0,,,,,181.60000610,319.99999285E-3,,,,,181.60000610,439.999997616E-3,,,,,181.60000610,-199.99998808E-3,
,,,181.80000305,0.0,,,,,181.80000305,280.00000119E-3,,,,,181.80000305,399.99997616E-3,,,,,181.80000305,-199.99998808E-3,
,,,182.00000000,0.0,,,,,182.00000000,319.99999285E-3,,,,,182.00000000,399.99997616E-3,,,,,182.00000000,-199.99998808E-3,
,,,182.19999695,0.0,,,,,182.19999695,319.99999285E-3,,,,,182.19999695,399.99997616E-3,,,,,182.19999695,-199.99998808E-3,
,,,182.40000916,0.0,,,,,182.40000916,319.99999285E-3,,,,,182.40000916,399.99997616E-3,,,,,182.40000916,-199.99998808E-3,
,,,182.60000610,0.0,,,,,182.60000610,319.99999285E-3,,,,,182.60000610,439.999997616E-3,,,,,182.60000610,-199.99998808E-3,
,,,182.80000305,0.0,,,,,182.80000305,239.99999464E-3,,,,,182.80000305,399.99997616E-3,,,,,182.80000305,-199.99998808E-3,
,,,183.00000000,39.99999911E-3,,,,,183.00000000,359.99998450E-3,,,,,183.00000000,399.99997616E-3,,,,,183.00000000,-199.99998808E-3,
,,,183.19999695,0.0,,,,,183.19999695,319.99999285E-3,,,,,183.19999695,399.99997616E-3,,,,,183.19999695,-199.99998808E-3,
,,,183.40000916,0.0,,,,,183.40000916,319.99999285E-3,,,,,183.40000916,439.999997616E-3,,,,,183.40000916,-199.99998808E-3,
,,,183.60000610,0.0,,,,,183.60000610,359.99998450E-3,,,,,183.60000610,399.99997616E-3,,,,,183.60000610,-199.99998808E-3,
,,,183.80000305,39.99999911E-3,,,,,183.80000305,359.99998450E-3,,,,,183.80000305,479.999989271E-3,,,,,183.80000305,-159.99999642E-3,
,,,184.00000000,0.0,,,,,184.00000000,319.99999285E-3,,,,,184.00000000,399.99997616E-3,,,,,184.00000000,-199.99998808E-3,
,,,184.19999695,0.0,,,,,184.19999695,359.99998450E-3,,,,,184.19999695,399.99997616E-3,,,,,184.19999695,-199.99998808E-3,
,,,184.40000916,0.0,,,,,184.40000916,319.99999285E-3,,,,,184.40000916,399.99997616E-3,,,,,184.40000916,-199.99998808E-3,
,,,184.60000610,0.0,,,,,184.60000610,319.99999285E-3,,,,,184.60000610,399.99997616E-3,,,,,184.60000610,-199.99998808E-3,
,,,184.80000305,0.0,,,,,184.80000305,319.99999285E-3,,,,,184.80000305,439.999997616E-3,,,,,184.80000305,-159.99999642E-3,
,,,185.00000000,0.0,,,,,185.00000000,319.99999285E-3,,,,,185.00000000,399.99997616E-3,,,,,185.00000000,-199.99998808E-3,
,,,185.19999695,0.0,,,,,185.19999695,319.99999285E-3,,,,,185.19999695,439.999997616E-3,,,,,185.19999695,-239.99999464E-3,
,,,185.40000916,0.0,,,,,185.40000916,359.99998450E-3,,,,,185.40000916,399.99997616E-3,,,,,185.40000916,-239.99999464E-3,
,,,185.60000610,0.0,,,,,185.60000610,359.99998450E-3,,,,,185.60000610,399.99997616E-3,,,,,185.60000610,-199.99998808E-3,
,,,185.80000305,0.0,,,,,185.80000305,319.99999285E-3,,,,,185.80000305,439.999997616E-3,,,,,185.80000305,-119.9999973E-3,
,,,186.00000000,0.0,,,,,186.00000000,359.99998450E-3,,,,,186.00000000,359.99998450E-3,,,,,186.00000000,-319.99999285E-3,
,,,186.19999695,0.0,,,,,186.19999695,359.99998450E-3,,,,,186.19999695,439.999997616E-3,,,,,186.19999695,-199.99998808E-3,
,,,186.40000916,0.0,,,,,186.40000916,280.00000119E-3,,,,,186.40000916,399.99997616E-3,,,,,186.40000916,-239.99999464E-3,
,,,186.60000610,0.0,,,,,186.60000610,319.99999285E-3,,,,,186.60000610,439.999997616E-3,,,,,186.60000610,-159.99999642E-3,
,,,186.80000305,0.0,,,,,186.80000305,319.99999285E-3,,,,,186.80000305,359.99998450E-3,,,,,186.80000305,-239.99999464E-3,
,,,187.00000000,0.0,,,,,187.00000000,280.00000119E-3,,,,,187.00000000,439.999997616E-3,,,,,187.00000000,-199.99998808E-3,
,,,187.19999695,0.0,,,,,187.19999695,359.99998450E-3,,,,,187.19999695,439.999997616E-3,,,,,187.19999695,-159.99999642E-3,
,,,187.40000916,0.0,,,,,187.40000916,359.99998450E-3,,,,,187.40000916,399.99997616E-3,,,,,187.40000916,-239.99999464E-3,
,,,187.60000610,0.0,,,,,187.60000610,319.99999285E-3,,,,,187.60000610,439.999997616E-3,,,,,187.60000610,-199.99998808E-3,
,,,187.80000305,0.0,,,,,187.80000305,319.99999285E-3,,,,,187.80000305,399.99997616E-3,,,,,187.80000305,-199.99998808E-3,
,,,188.00000000,0.0,,,,,188.00000000,319.99999285E-3,,,,,188.00000000,439.999997616E-3,,,,,188.00000000,-199.99998808E-3,
,,,188.19999695,0.0,,,,,188.19999695,359.99998450E-3,,,,,188.19999695,439.999997616E-3,,,,,188.19999695,-239.99999464E-3,
,,,188.40000916,0.0,,,,,188.40000916,359.99998450E-3,,,,,188.40000916,399.99997616E-3,,,,,188.40000916,-239.99999464E-3,
,,,188.60000610,0.0,,,,,188.60000610,319.99999285E-3,,,,,188.60000610,399.99997616E-3,,,,,188.60000610,-159.99999642E-3,
,,,188.80000305,0.0,,,,,188.80000305,319.99999285E-3,,,,,188.80000305,399.99997616E-3,,,,,188.80000305,-79.999998212E-3,
,,,189.00000000,0.0,,,,,189.00000000,319.99999285E-3,,,,,189.00000000,399.99997616E-3,,,,,189.00000000,-39.99999911E-3,
,,,189.19999695,0.0,,,,,189.19999695,319.99999285E-3,,,,,189.19999695,439.999997616E-3,,,,,189.19999695,-79.999998212E-3,
,,,189.40000916,0.0,,,,,189.40000916,359.99998450E-3,,,,,189.40000916,399.99997616E-3,,,,,189.40000916,-79.999998212E-3,
,,,189.60000610,0.0,,,,,189.60000610,319.99999285E-3,,,,,189.60000610,439.999997616E-3,,,,,189.60000610,-119.9999973E-3,
,,,189.80000305,0.0,,,,,189.80000305,359.99998450E-3,,,,,189.80000305,399.99997616E-3,,,,,189.80000305,-119.9999973E-3,
,,,190.00000000,0.0,,,,,190.00000000,319.99999285E-3,,,,,190.00000000,439.999997616E-3,,,,,190.00000000,-39.99999911E-3,
,,,190.19999695,0.0,,,,,190.19999695,319.99999285E-3,,,,,190.19999695,399.99997616E-3,,,,,190.19999695,-79.999998212E-3,
,,,190.40000916,0.0,,,,,190.40000916,359.99998450E-3,,,,,190.40000916,439.999997616E-3,,,,,190.40000916,-39.99999911E-3,
,,,190.60000610,0.0,,,,,190.60000610,319.99999285E-3,,,,,190.60000610,399.99997616E-3,,,,,190.60000610,-39.99999911E-3,
,,,190.80000305,0.0,,,,,190.80000305,319.99999285E-3,,,,,190.80000305,399.99997616E-3,,,,,190.80000305,-39.99999911E-3,
,,,191.00000000,0.0,,,,,191.00000000,319.99999285E-3,,,,,191.00000000,399.99997616E-3,,,,,191.00000000,-79.999998212E-3,
,,,191.19999695,0.0,,,,,191.19999695,359.99998450E-3,,,,,191.19999695,479.999989271E-3,,,,,191.19999695,79.999998212E-3,
,,,191.40000916,0.0,,,,,191.40000916,280.00000119E-3,,,,,191.40000916,399.99997616E-3,,,,,191.40000916,-79.999998212E-3,
,,,191.60000610,0.0,,,,,191.60000610,359.99998450E-3,,,,,191.60000610,439.999997616E-3,,,,,191.60000610,-79.999998212E-3,
,,,191.80000305,0.0,,,,,191.80000305,319.99999285E-3,,,,,191.80000305,439.999997616E-3,,,,,191.80000305,-119.9999973E-3,
,,,192.00000000,0.0,,,,,192.00000000,319.99999285E-3,,,,,192.00000000,439.999997616E-3,,,,,192.00000000,-79.999998212E-3,
,,,192.19999695,0.0,,,,,192.19999695,319.99999285E-3,,,,,192.19999695,439.999997616E-3,,,,,192.19999695,-79.999998212E-3,
,,,192.40000916,0.0,,,,,192.40000916,319.99999285E-3,,,,,192.40000916,399.99997616E-3,,,,,192.40000916,-79.999998212E-3,
,,,192.60000610,0.0,,,,,192.60000610,359.99998450E-3,,,,,192.60000610,439.999997616E-3,,,,,192.60000610,-79.999998212E-3,
,,,192.80000305,0.0,,,,,192.80000305,319.99999285E-3,,,,,192.80000305,399.99997616E-3,,,,,192.80000305,-39.99999911E-3,
,,,193.00000000,0.0,,,,,193.00000000,359.99998450E-3,,,,,193.00000000,439.999997616E-3,,,,,193.00000000,-79.999998212E-3,
,,,193.19999695,0.0,,,,,193.19999695,319.99999285E-3,,,,,193.19999695,399.99997616E-3,,,,,193.19999695,-79.999998212E-3,
,,,193.40000916,0.0,,,,,193.40000916,319.99999285E-3,,,,,193.40000916,439.999997616E-3,,,,,193.40000916,-39.99999911E-3,
,,,193.60000610,0.0,,,,,193.60000610,359.99998450E-3,,,,,193.60000610,399.99997616E-3,,,,,193.60000610,-39.99999911E-3,
,,,193.80000305,0.0,,,,,193.80000305,359.99998450E-3,,,,,193.80000305,399.99997616E-3,,,,,193.80000305,-79.999998212E-3,
,,,194.00000000,0.0,,,,,194.00000000,319.99999285E-3,,,,,194.00000000,399.99997616E-3,,,,,194.00000000,-39.99999911E-3,
,,,194.19999695,0.0,,,,,194.19999695,359.99998450E-3,,,,,194.19999695,399.99997616E-3,,,,,194.19999695,-79.999998212E-3,
,,,194.40000916,0.0,,,,,194.40000916,319.99999285E-3,,,,,194.40000916,439.999997616E-3,,,,,194.40000916,-39.99999911E-3,
,,,194.60000610,0.0,,,,,194.60000610,280.00000119E-3,,,,,194.60000610,399.99997616E-3,,,,,194.60000610,-79.999998212E-3,
,,,194.80000305,0.0,,,,,194.80000305,319.99999285E-3,,,,,194.80000305,439.999997616E-3,,,,,194.80000305,-39.99999911E-3,
,,,195.00000000,0.0,,,,,195.00000000,280.00000119E-3,,,,,195.00000000,439.999997616E-3,,,,,195.00000000,0.0,
,,,195.19999695,39.99999911E-3,,,,,195.19999695,359.99998450E-3,,,,,195.19999695,439.999997616E-3,,,,,195.19999695,-39.99999911E-3,
,,,195.40000916,0.0,,,,,195.40000916,319.99999285E-3,,,,,195.40000916,439.999997616E-3,,,,,195.40000916,-39.99999911E-3,
,,,195.60000610,0.0,,,,,195.60000610,359.99998450E-3,,,,,195.60000610,399.99997616E-3,,,,,195.60000610,-39.99999911E-3,
,,,195.80000305,0.0,,,,,195.80000305,319.99999285E-3,,,,,195.80000305,439.999997616E-3,,,,,195.80000305,0.0,
,,,196.00000000,0.0,,,,,196.00000000,319.99999285E-3,,,,,196.00000000,399.99997616E-3,,,,,196.00000000,-79.999998212E-3,
,,,196.19999695,0.0,,,,,196.19999695,359.99998450E-3,,,,,196.19999695,439.999997616E-3,,,,,196.19999695,-39.99999911E-3,
,,,196.40000916,0.0,,,,,196.40000916,319.99999285E-3,,,,,196.40000916,439.999997616E-3,,,,,196.40000916,-39.99999911E-3,
,,,196.60000610,0.0,,,,,196.60000610,280.00000119E-3,,,,,196.60000610,439.999997616E-3,,,,,196.60000610,-39.99999911E-3,
,,,196.80000305,0.0,,,,,196.80000305,319.99999285E-3,,,,,196.80000305,439.999997616E-3,,,,,196.80000305,-39.99999911E-3,
,,,197.00000000,-39.99999911E-3,,,,,197.00000000,319.99999285E-3,,,,,197.00000000,439.999997616E-3,,,,,197.00000000,-39.99999911E-3,
,,,197.19999695,-39.99999911E-3,,,,,197.19999695,280.00000119E-3,,,,,197.19999695,439.999997616E-3,,,,,197.19999695,0.0,
,,,197.40000916,0.0,,,,,197.40000916,319.99999285E-3,,,,,197.40000916,439.999997616E-3,,,,,197.40000916,-39.99999911E-3,
,,,197.60000610,0.0,,,,,197.60000610,319.99999285E-3,,,,,197.60000610,399.99997616E-3,,,,,197.60000610,-119.9999973E-3,
,,,197.80000305,0.0,,,,,197.80000305,319.99999285E-3,,,,,197.80000305,439.999997616E-3,,,,,197.80000305,-39.99999911E-3,
,,,198.00000000,0.0,,,,,198.00000000,359.99998450E-3,,,,,198.00000000,439.999997616E-3,,,,,198.00000000,-39.99999911E-3,
,,,198.19999695,0.0,,,,,198.19999695,280.00000119E-3,,,,,198.19999695,399.99997616E-3,,,,,198.19999695,-39.99999911E-3,
,,,198.40000916,0.0,,,,,198.40000916,319.99999285E-3,,,,,198.40000916,399.99997616E-3,,,,,198.40000916,-79.999998212E-3,
,,,198.60000610,0.0,,,,,198.60000610,319.99999285E-3,,,,,198.60000610,399.99997616E-3,,,,,198.60000610,-79.999998212E-3,
,,,198.80000305,0.0,,,,,198.80000305,319.99999285E-3,,,,,198.80000305,439.999997616E-3,,,,,198.80000305,-39.99999911E-3,
,,,199.00000000,0.0,,,,,199.00000000,359.99998450E-3,,,,,199.00000000,399.99997616E-3,,,,,199.00000000,-79.999998212E-3,
,,,199.19999695,0.0,,,,,199.19999695,319.99999285E-3,,,,,199.19999695,399.99997616E-3,,,,,199.19999695,-39.99999911E-3,
,,,199.40000916,0.0,,,,,199.40000916,319.99999285E-3,,,,,199.40000916,399.99997616E-3,,,,,199.40000916,-39.99999911E-3,
,,,199.60000610,0.0,,,,,199.60000610,319.99999285E-3,,,,,199.60000610,439.999997616E-3,,,,,199.60000610,-39.99999911E-3,
,,,199.80000305,0.0,,,,,199.80000305,319.99999285E-3,,,,,199.80000305,399.99997616E-3,,,,,199.80000305,-79.999998212E-3,
,,,200.00000000,0.0,,,,,200.00000000,319.99999285E-3,,,,,200.00000000,399.99997616E-3,,,,,200.00000000,-79.999998212E-3,
,,,200.19999695,0.0,,,,,200.19999695,319.99999285E-3,,,,,200.19999695,399.99997616E-3,,,,,200.19999695,-79.999998212E-3,
,,,200.40000916,0.0,,,,,200.40000916,319.99999285E-3,,,,,200.40000916,399.99997616E-3,,,,,200.40000916,-79.999998212E-3,
,,,200.60000610,0.0,,,,,200.60000610,319.99999285E-3,,,,,200.60000610,399.99997616E-3,,,,,200.60000610,-39.99999911E-3,
,,,200.80000305,0.0,,,,,200.80000305,359.99998450E-3,,,,,200.80000305,399.99997616E-3,,,,,200.80000305,-39.99999911E-3,
,,,201.00000000,0.0,,,,,201.00000000,359.99998450E-3,,,,,201.00000000,439.999997616E-3,,,,,201.00000000,-79.999998212E-3,
,,,201.19999695,0.0,,,,,201.19999695,319.99999285E-3,,,,,201.19999695,399.99997616E-3,,,,,201.19999695,-39.99999911E-3,
,,,201.40000916,0.0,,,,,201.40000916,280.00000119E-3,,,,,201.40000916,439.999997616E-3,,,,,201.40000916,-39.99999911E-3,
,,,201.60000610,0.0,,,,,201.60000610,319.99999285E-3,,,,,201.60000610,399.99997616E-3,,,,,201.60000610,-39.99999911E-3,
,,,201.80000305,0.0,,,,,201.80000305,319.99999285E-3,,,,,201.80000305,399.99997616E-3,,,,,201.80000305,-79.999998212E-3,
,,,202.00000000,0.0,,,,,202.00000000,319.99999285E-3,,,,,202.00000000,439.999997616E-3,,,,,202.00000000,-39.99999911E-3,
,,,202.19999695,0.0,,,,,202.19999695,319.99999285E-3,,,,,202.19999695,439.999997616E-3,,,,,202.19999695,-79.999998212E-3,
,,,202.40000916,0.0,,,,,202.40000916,319.99999285E-3,,,,,202.40000916,399.99997616E-3,,,,,202.40000916,-79.999998212E-3,
,,,202.60000610,0.0,,,,,202.60000610,359.99998450E-3,,,,,202.60000610,439.999997616E-3,,,,,202.60000610,-39.99999911E-3,
,,,202.80000305,-39.99999911E-3,,,,,202.80000305,319.99999285E-3,,,,,202.80000305,399.99997616E-3,,,,,202.80000305,-39.99999911E-3,
,,,203.00000000,0.0,,,,,203.00000000,359.99998450E-3,,,,,203.00000000,399.99997616E-3,,,,,203.00000000,-39.99999911E-3,
,,,203.19999695,0.0,,,,,203.19999695,359.99998450E-3,,,,,203.19999695,399.99997616E-3,,,,,203.19999695,-79.999998212E-3,
,,,203.40000916,0.0,,,,,203.40000916,319.99999285E-3,,,,,203.40000916,439.999997616E-3,,,,,203.40000916,-79.999998212E-3,
,,,203.60000610,0.0,,,,,203.60000610,359.99998450E-3,,,,,203.60000610,399.99997616E-3,,,,,203.60000610,-79.999998212E-3,
,,,203.80000305,-39.99999911E-3,,,,,203.80000305,319.99999285E-3,,,,,203.80000305,399.99997616E-3,,,,,203.80000305,-79.999998212E-3,
,,,204.00000000,0.0,,,,,204.00000000,359.99998450E-3,,,,,204.00000000,439.999997616E-3,,,,,204.00000000,-79.999998212E-3,
,,,204.19999695,0.0,,,,,204.19999695,319.99999285E-3,,,,,204.19999695,439.999997616E-3,,,,,204.19999695,-39.99999911E-3,
,,,204.40000916,0.0,,,,,204.40000916,319.99999285E-3,,,,,204.40000916,399.99997616E-3,,,,,204.40000916,0.0,
,,,204.60000610,0.0,,,,,204.60000610,359.99998450E-3,,,,,204.60000610,399.99997616E-3,,,,,204.60000610,-79.999998212E-3,
,,,204.80000305,0.0,,,,,204.80000305,359.99998450E-3,,,,,204.80000305,439.999997616E-3,,,,,204.80000305,-159.99999642E-3,
,,,205.00000000,0.0,,,,,205.00000000,359.99998450E-3,,,,,205.00000000,439.999997616E-3,,,,,205.00000000,-159.99999642E-3,
,,,205.19999695,0.0,,,,,205.19999695,319.99999285E-3,,,,,205.19999695,439.999997616E-3,,,,,205.19999695,-199.99998808E-3,
,,,205.40000916,0.0,,,,,205.40000916,359.99998450E-3,,,,,205.40000916,439.999997616E-3,,,,,205.40000916,-159.99999642E-3,
,,,205.60000610,39.99999911E-3,,,,,205.60000610,399.99997616E-3,,,,,205.60000610,439.999997616E-3,,,,,205.60000610,-159.99999642E-3,
,,,205.80000305,39.99999911E-3,,,,,205.80000305,319.99999285E-3,,,,,205.80000305,439.999997616E-3,,,,,205.80000305,-159.99999642E-3,
,,,206.00000000,39.99999911E-3,,,,,206.00000000,319.99999285E-3,,,,,206.00000000,439.999997616E-3,,,,,206.00000000,-199.99998808E-3,
,,,206.19999695,0.0,,,,,206.19999695,319.99999285E-3,,,,,206.19999695,439.999997616E-3,,,,,206.19999695,-199.99998808E-3,
,,,206.40000916,0.0,,,,,206.40000916,319.99999285E-3,,,,,206.40000916,439.999997616E-3,,,,,206.40000916,-159.99999642E-3,
,,,206.60000610,0.0,,,,,206.60000610,359.99998450E-3,,,,,206.60000610,439.999997616E-3,,,,,206.60000610,-199.99998808E-3,
,,,206.80000305,0.0,,,,,206.80000305,280.00000119E-3,,,,,206.80000305,439.999997616E-3,,,,,206.80000305,-199.99998808E-3,
,,,207.00000000,0.0,,,,,207.00000000,319.99999285E-3,,,,,207.00000000,439.999997616E-3,,,,,207.00000000,-159.99999642E-3,
,,,207.19999695,0.0,,,,,207.19999695,319.99999285E-3,,,,,207.19999695,439.999997616E-3,,,,,207.19999695,-199.99998808E-3,
,,,207.40000916,0.0,,,,,207.40000916,359.99998450E-3,,,,,207.40000916,439.999997616E-3,,,,,207.40000916,-159.99999642E-3,
,,,207.60000610,39.99999911E-3,,,,,207.60000610,319.99999285E-3,,,,,207.60000610,439.999997616E-3,,,,,207.60000610,-199.99998808E-3,
,,,207.80000305,0.0,,,,,207.80000305,359.99998450E-3,,,,,207.80000305,439.999997616E-3,,,,,207.80000305,-159.99999642E-3,
,,,208.00000000,0.0,,,,,208.00000000,319.99999285E-3,,,,,208.00000000,439.999997616E-3,,,,,208.00000000,-159.99999642E-3,
,,,208.19999695,0.0,,,,,208.19999695,359.99998450E-3,,,,,208.19999695,439.999997616E-3,,,,,208.19999695,-159.99999642E-3,
,,,208.40000916,0.0,,,,,208.40000916,319.99999285E-3,,,,,208.40000916,439.999997616E-3,,,,,208.40000916,-159.99999642E-3,
,,,208.60000610,0.0,,,,,208.60000610,280.00000119E-3,,,,,208.60000610,439.999997616E-3,,,,,208.60000610,-159.99999642E-3,
,,,208.80000305,0.0,,,,,208.80000305,280.00000119E-3,,,,,208.80000305,439.999997616E-3,,,,,208.80000305,-199.99998808E-3,
,,,209.00000000,0.0,,,,,209.00000000,280.00000119E-3,,,,,209.00000000,439.999997616E-3,,,,,209.00000000,-159.99999642E-3,
,,,209.19999695,0.0,,,,,209.19999695,280.00000119E-3,,,,,209.19999695,439.999997616E-3,,,,,209.19999695,-199.99998808E-3,
,,,209.40000916,0.0,,,,,209.40000916,319.99999285E-3,,,,,209.40000916,439.999997616E-3,,,,,209.40000916,-159.99999642E-3,
,,,209.60000610,0.0,,,,,209.60000610,319.99999285E-3,,,,,209.60000610,439.999997616E-3,,,,,209.60000610,-199.99998808E-3,
,,,209.80000305,39.99999911E-3,,,,,209.80000305,319.99999285E-3,,,,,209.80000305,439.999997616E-3,,,,,209.80000305,-159.99999642E-3,
,,,210.00000000,0.0,,,,,210.00000000,319.99999285E-3,,,,,210.00000000,439.999997616E-3,,,,,210.00000000,-199.99998808E-3,
,,,210.19999695,0.0,,,,,210.19999695,319.99999285E-3,,,,,210.19999695,479.999989271E-3,,,,,210.19999695,-119.9999973E-3,
,,,210.40000916,0.0,,,,,210.40000916,319.99999285E-3,,,,,210.40000916,439.999997616E-3,,,,,210.40000916,-199.99998808E-3,
,,,210.60000610,0.0,,,,,210.60000610,319.99999285E-3,,,,,210.60000610,439.999997616E-3,,,,,210.60000610,-159.99999642E-3,
,,,210.80000305,0.0,,,,,210.80000305,319.99999285E-3,,,,,210.80000305,439.999997616E-3,,,,,210.80000305,-199.99998808E-3,
,,,211.00000000,0.0,,,,,211.00000000,319.99999285E-3,,,,,211.00000000,439.999997616E-3,,,,,211.00000000,-159.99999642E-3,
,,,211.19999695,0.0,,,,,211.19999695,319.99999285E-3,,,,,211.19999695,439.999997616E-3,,,,,211.19999695,-159.99999642E-3,
,,,211.40000916,0.0,,,,,211.40000916,319.99999285E-3,,,,,211.40000916,439.999997616E-3,,,,,211.40000916,-159.99999642E-3,
,,,211.60000610,0.0,,,,,211.60000610,319.99999285E-3,,,,,211.60000610,439.999997616E-3,,,,,211.60000610,-159.99999642E-3,
,,,211.80000305,0.0,,,,,211.80000305,359.99998450E-3,,,,,211.80000305,439.999997616E-3,,,,,211.80000305,-199.99998808E-3,
,,,212.00000000,0.0,,,,,212.00000000,319.99999285E-3,,,,,212.00000000,439.999997616E-3,,,,,212.00000000,-159.99999642E-3,
,,,212.19999695,0.0,,,,,212.19999695,319.99999285E-3,,,,,212.19999695,399.99997616E-3,,,,,212.19999695,-199.99998808E-3,
,,,212.40000916,0.0,,,,,212.40000916,319.99999285E-3,,,,,212.40000916,439.999997616E-3,,,,,212.40000916,-199.99998808E-3,
,,,212.60000610,0.0,,,,,212.60000610,319.99999285E-3,,,,,212.60000610,439.999997616E-3,,,,,212.60000610,-159.99999642E-3,
,,,212.80000305,0.0,,,,,212.80000305,359.99998450E-3,,,,,212.80000305,439.999997616E-3,,,,,212.80000305,-199.99998808E-3,
,,,213.00000000,0.0,,,,,213.00000000,319.99999285E-3,,,,,213.00000000,439.999997616E-3,,,,,213.00000000,-159.99999642E-3,
,,,213.19999695,0.0,,,,,213.19999695,359.99998450E-3,,,,,213.19999695,439.999997616E-3,,,,,213.19999695,-159.99999642E-3,
,,,213.40000916,0.0,,,,,213.40000916,319.99999285E-3,,,,,213.40000916,439.999997616E-3,,,,,213.40000916,-159.99999642E-3,
,,,213.60000610,0.0,,,,,213.60000610,319.99999285E-3,,,,,213.60000610,439.999997616E-3,,,,,213.60000610,-159.99999642E-3,
,,,213.80000305,0.0,,,,,213.80000305,359.99998450E-3,,,,,213.80000305,439.999997616E-3,,,,,213.80000305,-159.99999642E-3,
,,,214.00000000,39.99999911E-3,,,,,214.00000000,359.99998450E-3,,,,,214.00000000,399.99997616E-3,,,,,214.00000000,-199.99998808E-3,
,,,214.19999695,0.0,,,,,214.19999695,280.00000119E-3,,,,,214.19999695,439.999997616E-3,,,,,214.19999695,-159.99999642E-3,
,,,214.40000916,0.0,,,,,214.40000916,319.99999285E-3,,,,,214.40000916,439.999997616E-3,,,,,214.40000916,-159.99999642E-3,
,,,214.60000610,0.0,,,,,214.60000610,239.99999464E-3,,,,,214.60000610,439.999997616E-3,,,,,214.60000610,-199.99998808E-3,
,,,214.80000305,39.99999911E-3,,,,,214.80000305,280.00000119E-3,,,,,214.80000305,439.999997616E-3,,,,,214.80000305,-199.99998808E-3,
,,,215.00000000,0.0,,,,,215.00000000,319.99999285E-3,,,,,215.00000000,439.999997616E-3,,,,,215.00000000,-159.99999642E-3,
,,,215.19999695,0.0,,,,,215.19999695,359.99998450E-3,,,,,215.19999695,439.999997616E-3,,,,,215.19999695,-199.99998808E-3,
,,,215.40000916,0.0,,,,,215.40000916,319.99999285E-3,,,,,215.40000916,399.99997616E-3,,,,,215.40000916,-239.99999464E-3,
,,,215.60000610,0.0,,,,,215.60000610,319.99999285E-3,,,,,215.60000610,439.999997616E-3,,,,,215.60000610,-159.99999642E-3,
,,,215.80000305,0.0,,,,,215.80000305,319.99999285E-3,,,,,215.80000305,399.99997616E-3,,,,,215.80000305,-159.99999642E-3,
,,,216.00000000,0.0,,,,,216.00000000,319.99999285E-3,,,,,216.00000000,439.999997616E-3,,,,,216.00000000,-199.99998808E-3,
,,,216.19999695,0.0,,,,,216.19999695,319.99999285E-3,,,,,216.19999695,439.999997616E-3,,,,,216.19999695,-159.99999642E-3,
,,,216.40000916,0.0,,,,,216.40000916,280.00000119E-3,,,,,216.40000916,439.999997616E-3,,,,,216.40000916,-199.99998808E-3,
,,,216.60000610,0.0,,,,,216.60000610,319.99999285E-3,,,,,216.60000610,439.999997616E-3,,,,,216.60000610,-199.99998808E-3,
,,,216.80000305,0.0,,,,,216.80000305,319.99999285E-3,,,,,216.80000305,439.999997616E-3,,,,,216.80000305,-199.99998808E-3,
,,,217.00000000,0.0,,,,,217.00000000,319.99999285E-3,,,,,217.00000000,479.999989271E-3,,,,,217.00000000,-119.9999973E-3,
,,,217.19999695,0.0,,,,,217.19999695,359.99998450E-3,,,,,217.19999695,439.999997616E-3,,,,,217.19999695,-159.99999642E-3,
,,,217.40000916,0.0,,,,,217.40000916,319.99999285E-3,,,,,217.40000916,399.99997616E-3,,,,,217.40000916,-79.999998212E-3,
,,,217.60000610,0.0,,,,,217.60000610,319.99999285E-3,,,,,217.60000610,399.99997616E-3,,,,,217.60000610,-39.99999911E-3,
,,,217.80000305,0.0,,,,,217.80000305,319.99999285E-3,,,,,217.80000305,399.99997616E-3,,,,,217.80000305,-79.999998212E-3,
,,,218.00000000,0.0,,,,,218.00000000,319.99999285E-3,,,,,218.00000000,399.99997616E-3,,,,,218.00000000,-39.99999911E-3,
,,,218.19999695,-39.99999911E-3,,,,,218.19999695,399.99997616E-3,,,,,218.19999695,399.99997616E-3,,,,,218.19999695,-79.999998212E-3,
,,,218.40000916,0.0,,,,,218.40000916,280.00000119E-3,,,,,218.40000916,399.99997616E-3,,,,,218.40000916,-39.99999911E-3,
,,,218.60000610,0.0,,,,,218.60000610,319.99999285E-3,,,,,218.60000610,439.999997616E-3,,,,,218.60000610,-39.99999911E-3,
,,,218.80000305,0.0,,,,,218.80000305,280.00000119E-3,,,,,218.80000305,399.99997616E-3,,,,,218.80000305,-39.99999911E-3,
,,,219.00000000,0.0,,,,,219.00000000,319.99999285E-3,,,,,219.00000000,439.999997616E-3,,,,,219.00000000,-39.99999911E-3,
,,,219.19999695,0.0,,,,,219.19999695,280.00000119E-3,,,,,219.19999695,399.99997616E-3,,,,,219.19999695,-79.999998212E-3,
,,,219.40000916,0.0,,,,,219.40000916,319.99999285E-3,,,,,219.40000916,399.99997616E-3,,,,,219.40000916,-119.9999973E-3,
,,,219.60000610,0.0,,,,,219.60000610,319.99999285E-3,,,,,219.60000610,399.99997616E-3,,,,,219.60000610,-39.99999911E-3,
,,,219.80000305,0.0,,,,,219.80000305,319.99999285E-3,,,,,219.80000305,399.99997616E-3,,,,,219.80000305,-79.999998212E-3,
,,,220.00000000,0.0,,,,,220.00000000,319.99999285E-3,,,,,220.00000000,399.99997616E-3,,,,,220.00000000,-39.99999911E-3,
,,,220.19999695,0.0,,,,,220.19999695,319.99999285E-3,,,,,220.19999695,399.99997616E-3,,,,,220.19999695,-39.99999911E-3,
,,,220.40000916,0.0,,,,,220.40000916,280.00000119E-3,,,,,220.40000916,399.99997616E-3,,,,,220.40000916,-119.9999973E-3,
,,,220.60000610,0.0,,,,,220.60000610,280.00000119E-3,,,,,220.60000610,399.99997616E-3,,,,,220.60000610,-39.99999911E-3,
,,,220.80000305,0.0,,,,,220.80000305,319.99999285E-3,,,,,220.80000305,399.99997616E-3,,,,,220.80000305,-39.99999911E-3,
,,,221.00000000,0.0,,,,,221.00000000,359.99998450E-3,,,,,221.00000000,399.99997616E-3,,,,,221.00000000,-79.999998212E-3,
,,,221.19999695,39.99999911E-3,,,,,221.19999695,359.99998450E-3,,,,,221.19999695,399.99997616E-3,,,,,221.19999695,-39.99999911E-3,
,,,221.40000916,0.0,,,,,221.40000916,280.00000119E-3,,,,,221.40000916,399.99997616E-3,,,,,221.40000916,-39.99999911E-3,
,,,221.60000610,0.0,,,,,221.60000610,319.99999285E-3,,,,,221.60000610,399.99997616E-3,,,,,221.60000610,-39.99999911E-3,
,,,221.80000305,0.0,,,,,221.80000305,359.99998450E-3,,,,,221.80000305,399.99997616E-3,,,,,221.80000305,-39.99999911E-3,
,,,222.00000000,0.0,,,,,222.00000000,319.99999285E-3,,,,,222.00000000,439.999997616E-3,,,,,222.00000000,-79.999998212E-3,
,,,222.19999695,0.0,,,,,222.19999695,319.99999285E-3,,,,,222.19999695,399.99997616E-3,,,,,222.19999695,-79.999998212E-3,
,,,222.40000916,0.0,,,,,222.40000916,319.99999285E-3,,,,,222.40000916,399.99997616E-3,,,,,222.40000916,-79.999998212E-3,
,,,222.60000610,0.0,,,,,222.60000610,280.00000119E-3,,,,,222.60000610,439.999997616E-3,,,,,222.60000610,-79.999998212E-3,
,,,222.80000305,0.0,,,,,222.80000305,359.99998450E-3,,,,,222.80000305,399.99997616E-3,,,,,222.80000305,-79.999998212E-3,
,,,223.00000000,0.0,,,,,223.00000000,359.99998450E-3,,,,,223.00000000,399.99997616E-3,,,,,223.00000000,-119.9999973E-3,
,,,223.19999695,0.0,,,,,223.19999695,319.99999285E-3,,,,,223.19999695,399.99997616E-3,,,,,223.19999695,-79.999998212E-3,
,,,223.40000916,0.0,,,,,223.40000916,319.99999285E-3,,,,,223.40000916,399.99997616E-3,,,,,223.40000916,-39.99999911E-3,
,,,223.60000610,0.0,,,,,223.60000610,319.99999285E-3,,,,,223.60000610,399.99997616E-3,,,,,223.60000610,-79.999998212E-3,
,,,223.80000305,0.0,,,,,223.80000305,359.99998450E-3,,,,,223.80000305,399.99997616E-3,,,,,223.80000305,-79.999998212E-3,
,,,224.00000000,0.0,,,,,224.00000000,319.99999285E-3,,,,,224.00000000,399.99997616E-3,,,,,224.00000000,-79.999998212E-3,
,,,224.19999695,-39.99999911E-3,,,,,224.19999695,319.99999285E-3,,,,,224.19999695,399.99997616E-3,,,,,224.19999695,-79.999998212E-3,
,,,224.40000916,0.0,,,,,224.40000916,359.99998450E-3,,,,,224.40000916,399.99997616E-3,,,,,224.40000916,-79.999998212E-3,
,,,224.60000610,0.0,,,,,224.60000610,359.99998450E-3,,,,,224.60000610,439.999997616E-3,,,,,224.60000610,-39.99999911E-3,
,,,224.80000305,0.0,,,,,224.80000305,319.99999285E-3,,,,,224.80000305,399.99997616E-3,,,,,224.80000305,-39.99999911E-3,
,,,225.00000000,0.0,,,,,225.00000000,359.99998450E-3,,,,,225.00000000,439.999997616E-3,,,,,225.00000000,-79.999998212E-3,
,,,225.19999695,0.0,,,,,225.19999695,319.99999285E-3,,,,,225.19999695,399.99997616E-3,,,,,225.19999695,-79.999998212E-3,
,,,225.40000916,-79.999998212E-3,,,,,225.40000916,239.99999464E-3,,,,,225.40000916,359.99998450E-3,,,,,225.40000916,-119.9999973E-3,
,,,225.60000610,0.0,,,,,225.60000610,319.99999285E-3,,,,,225.60000610,439.999997616E-3,,,,,225.60000610,-39.99999911E-3,
,,,225.80000305,0.0,,,,,225.80000305,319.99999285E-3,,,,,225.80000305,399.99997616E-3,,,,,225.80000305,-79.999998212E-3,
,,,226.00000000,0.0,,,,,226.00000000,280.00000119E-3,,,,,226.00000000,399.99997616E-3,,,,,226.00000000,-79.999998212E-3,
,,,226.19999695,0.0,,,,,226.19999695,319.99999285E-3,,,,,226.19999695,399.99997616E-3,,,,,226.19999695,-79.999998212E-3,
,,,226.40000916,0.0,,,,,226.40000916,319.99999285E-3,,,,,226.40000916,439.999997616E-3,,,,,226.40000916,-39.99999911E-3,
,,,226.60000610,0.0,,,,,226.60000610,280.00000119E-3,,,,,226.60000610,399.99997616E-3,,,,,226.60000610,-39.99999911E-3,
,,,226.80000305,0.0,,,,,226.80000305,359.99998450E-3,,,,,226.80000305,399.99997616E-3,,,,,226.80000305,-39.99999911E-3,
,,,227.00000000,0.0,,,,,227.00000000,319.99999285E-3,,,,,227.00000000,399.99997616E-3,,,,,227.00000000,-39.99999911E-3,
,,,227.19999695,0.0,,,,,227.19999695,359.99998450E-3,,,,,227.19999695,439.999997616E-3,,,,,227.19999695,-39.99999911E-3,
,,,227.40000916,0.0,,,,,227.40000916,319.99999285E-3,,,,,227.40000916,399.99997616E-3,,,,,227.40000916,-39.99999911E-3,
,,,227.60000610,0.0,,,,,227.60000610,319.99999285E-3,,,,,227.60000610,399.99997616E-3,,,,,227.60000610,-39.99999911E-3,
,,,227.80000305,0.0,,,,,227.80000305,319.99999285E-3,,,,,227.80000305,399.99997616E-3,,,,,227.80000305,-79.999998212E-3,
,,,228.00000000,0.0,,,,,228.00000000,479.999989271E-3,,,,,228.00000000,399.99997616E-3,,,,,228.00000000,-79.999998212E-3,
,,,228.19999695,0.0,,,,,228.19999695,319.99999285E-3,,,,,228.19999695,399.99997616E-3,,,,,228.19999695,-79.999998212E-3,
,,,228.40000916,0.0,,,,,228.40000916,319.99999285E-3,,,,,228.40000916,439.999997616E-3,,,,,228.40000916,-79.999998212E-3,
,,,228.60000610,0.0,,,,,228.60000610,280.00000119E-3,,,,,228.60000610,439.999997616E-3,,,,,228.60000610,-39.99999911E-3,
,,,228.80000305,0.0,,,,,228.80000305,359.99998450E-3,,,,,228.80000305,439.999997616E-3,,,,,228.80000305,-79.999998212E-3,
,,,229.00000000,0.0,,,,,229.00000000,319.99999285E-3,,,,,229.00000000,399.99997616E-3,,,,,229.00000000,-79.999998212E-3,
,,,229.19999695,0.0,,,,,229.19999695,319.99999285E-3,,,,,229.19999695,399.99997616E-3,,,,,229.19999695,-79.999998212E-3,
,,,229.40000916,0.0,,,,,229.40000916,319.99999285E-3,,,,,229.40000916,399.99997616E-3,,,,,229.40000916,-79.999998212E-3,
,,,229.60000610,0.0,,,,,229.60000610,359.99998450E-3,,,,,229.60000610,399.99997616E-3,,,,,229.60000610,-79.999998212E-3,
,,,229.80000305,0.0,,,,,229.80000305,319.99999285E-3,,,,,229.80000305,399.99997616E-3,,,,,229.80000305,-79.999998212E-3,
,,,230.00000000,0.0,,,,,230.00000000,399.99997616E-3,,,,,230.00000000,399.99997616E-3,,,,,230.00000000,-39.99999911E-3,
,,,230.19999695,0.0,,,,,230.19999695,319.99999285E-3,,,,,230.19999695,399.99997616E-3,,,,,230.19999695,79.999998212E-3,
,,,230.40000916,0.0,,,,,230.40000916,280.00000119E-3,,,,,230.40000916,399.99997616E-3,,,,,230.40000916,79.999998212E-3,
,,,230.60000610,0.0,,,,,230.60000610,319.99999285E-3,,,,,230.60000610,399.99997616E-3,,,,,230.60000610,79.999998212E-3,
,,,230.80000305,0.0,,,,,230.80000305,319.99999285E-3,,,,,230.80000305,399.99997616E-3,,,,,230.80000305,79.999998212E-3,
,,,231.00000000,0.0,,,,,231.00000000,359.99998450E-3,,,,,231.00000000,359.99998450E-3,,,,,231.00000000,79.999998212E-3,
,,,231.19999695,0.0,,,,,231.19999695,359.99998450E-3,,,,,231.19999695,399.99997616E-3,,,,,231.19999695,119.9999973E-3,
,,,231.40000916,0.0,,,,,231.40000916,359.99998450E-3,,,,,231.40000916,359.99998450E-3,,,,,231.40000916,79.999998212E-3,
,,,231.60000610,0.0,,,,,231.60000610,359.99998450E-3,,,,,231.60000610,399.99997616E-3,,,,,231.60000610,119.9999973E-3,
,,,231.80000305,0.0,,,,,231.80000305,280.00000119E-3,,,,,231.80000305,399.99997616E-3,,,,,231.80000305,79.999998212E-3,
,,,232.00000000,0.0,,,,,232.00000000,319.99999285E-3,,,,,232.00000000,399.99997616E-3,,,,,232.00000000,79.999998212E-3,
,,,232.19999695,0.0,,,,,232.19999695,359.99998450E-3,,,,,232.19999695,399.99997616E-3,,,,,232.19999695,79.999998212E-3,
,,,232.40000916,0.0,,,,,232.40000916,359.99998450E-3,,,,,232.40000916,359.99998450E-3,,,,,232.40000916,39.99999911E-3,
,,,232.60000610,0.0,,,,,232.60000610,319.99999285E-3,,,,,232.60000610,399.99997616E-3,,,,,232.60000610,119.9999973E-3,
,,,232.80000305,0.0,,,,,232.80000305,280.00000119E-3,,,,,232.80000305,399.99997616E-3,,,,,232.80000305,159.99999642E-3,
,,,233.00000000,0.0,,,,,233.00000000,359.99998450E-3,,,,,233.00000000,399.99997616E-3,,,,,233.00000000,39.99999911E-3,
,,,233.19999695,0.0,,,,,233.19999695,319.99999285E-3,,,,,233.19999695,399.99997616E-3,,,,,233.19999695,79.999998212E-3,
,,,233.40000916,0.0,,,,,233.40000916,319.99999285E-3,,,,,233.40000916,399.99997616E-3,,,,,233.40000916,79.999998212E-3,
,,,233.60000610,0.0,,,,,233.60000610,319.99999285E-3,,,,,233.60000610,399.99997616E-3,,,,,233.60000610,39.99999911E-3,
,,,233.80000305,0.0,,,,,233.80000305,319.99999285E-3,,,,,233.80000305,399.99997616E-3,,,,,233.80000305,39.99999911E-3,
,,,234.00000000,0.0,,,,,234.00000000,319.99999285E-3,,,,,234.00000000,399.99997616E-3,,,,,234.00000000,119.9999973E-3,
,,,234.19999695,0.0,,,,,234.19999695,359.99998450E-3,,,,,234.19999695,399.99997616E-3,,,,,234.19999695,79.999998212E-3,
,,,234.40000916,39.99999911E-3,,,,,234.40000916,319.99999285E-3,,,,,234.40000916,399.99997616E-3,,,,,234.40000916,39.99999911E-3,
,,,234.60000610,0.0,,,,,234.60000610,319.99999285E-3,,,,,234.60000610,399.99997616E-3,,,,,234.60000610,79.999998212E-3,
,,,234.80000305,0.0,,,,,234.80000305,359.99998450E-3,,,,,234.80000305,399.99997616E-3,,,,,234.80000305,39.99999911E-3,
,,,235.00000000,0.0,,,,,235.00000000,359.99998450E-3,,,,,235.00000000,399.99997616E-3,,,,,235.00000000,39.99999911E-3,
,,,235.19999695,0.0,,,,,235.19999695,319.99999285E-3,,,,,235.19999695,359.99998450E-3,,,,,235.19999695,0.0,
,,,235.40000916,0.0,,,,,235.40000916,319.99999285E-3,,,,,235.40000916,359.99998450E-3,,,,,235.40000916,39.99999911E-3,
,,,235.60000610,0.0,,,,,235.60000610,439.999997616E-3,,,,,235.60000610,399.99997616E-3,,,,,235.60000610,39.99999911E-3,
,,,235.80000305,0.0,,,,,235.80000305,319.99999285E-3,,,,,235.80000305,399.99997616E-3,,,,,235.80000305,0.0,
,,,236.00000000,0.0,,,,,236.00000000,319.99999285E-3,,,,,236.00000000,399.99997616E-3,,,,,236.00000000,39.99999911E-3,
,,,236.19999695,0.0,,,,,236.19999695,359.99998450E-3,,,,,236.19999695,399.99997616E-3,,,,,236.19999695,39.99999911E-3,
,,,236.40000916,-39.99999911E-3,,,,,236.40000916,319.99999285E-3,,,,,236.40000916,399.99997616E-3,,,,,236.40000916,39.99999911E-3,
,,,236.60000610,0.0,,,,,236.60000610,359.99998450E-3,,,,,236.60000610,359.99998450E-3,,,,,236.60000610,0.0,
,,,236.80000305,0.0,,,,,236.80000305,359.99998450E-3,,,,,236.80000305,399.99997616E-3,,,,,236.80000305,0.0,
,,,237.00000000,0.0,,,,,237.00000000,319.99999285E-3,,,,,237.00000000,399.99997616E-3,,,,,237.00000000,0.0,
,,,237.19999695,0.0,,,,,237.19999695,319.99999285E-3,,,,,237.19999695,399.99997616E-3,,,,,237.19999695,0.0,
,,,237.40000916,0.0,,,,,237.40000916,319.99999285E-3,,,,,237.40000916,399.99997616E-3,,,,,237.40000916,39.99999911E-3,
,,,237.60000610,0.0,,,,,237.60000610,359.99998450E-3,,,,,237.60000610,359.99998450E-3,,,,,237.60000610,0.0,
,,,237.80000305,0.0,,,,,237.80000305,359.99998450E-3,,,,,237.80000305,399.99997616E-3,,,,,237.80000305,0.0,
,,,238.00000000,0.0,,,,,238.00000000,319.99999285E-3,,,,,238.00000000,399.99997616E-3,,,,,238.00000000,0.0,
,,,238.19999695,0.0,,,,,238.19999695,319.99999285E-3,,,,,238.19999695,359.99998450E-3,,,,,238.19999695,0.0,
,,,238.40000916,0.0,,,,,238.40000916,280.00000119E-3,,,,,238.40000916,399.99997616E-3,,,,,238.40000916,0.0,
,,,238.60000610,0.0,,,,,238.60000610,319.99999285E-3,,,,,238.60000610,399.99997616E-3,,,,,238.60000610,0.0,
,,,238.80000305,0.0,,,,,238.80000305,319.99999285E-3,,,,,238.80000305,359.99998450E-3,,,,,238.80000305,0.0,
,,,239.00000000,0.0,,,,,239.00000000,239.99999464E-3,,,,,239.00000000,359.99998450E-3,,,,,239.00000000,-39.99999911E-3,
,,,239.19999695,0.0,,,,,239.19999695,319.99999285E-3,,,,,239.19999695,399.99997616E-3,,,,,239.19999695,0.0,
,,,239.40000916,-39.99999911E-3,,,,,239.40000916,319.99999285E-3,,,,,239.40000916,359.99998450E-3,,,,,239.40000916,0.0,
,,,239.60000610,0.0,,,,,239.60000610,359.99998450E-3,,,,,239.60000610,399.99997616E-3,,,,,239.60000610,-39.99999911E-3,
,,,239.80000305,0.0,,,,,239.80000305,359.99998450E-3,,,,,239.80000305,399.99997616E-3,,,,,239.80000305,0.0,
,,,240.00000000,0.0,,,,,240.00000000,359.99998450E-3,,,,,240.00000000,399.99997616E-3,,,,,240.00000000,-39.99999911E-3,
,,,240.19999695,39.99999911E-3,,,,,240.19999695,359.99998450E-3,,,,,240.19999695,399.99997616E-3,,,,,240.19999695,-39.99999911E-3,
,,,240.40000916,0.0,,,,,240.40000916,359.99998450E-3,,,,,240.40000916,399.99997616E-3,,,,,240.40000916,-39.99999911E-3,
,,,240.60000610,0.0,,,,,240.60000610,359.99998450E-3,,,,,240.60000610,359.99998450E-3,,,,,240.60000610,-39.99999911E-3,
,,,240.80000305,0.0,,,,,240.80000305,319.99999285E-3,,,,,240.80000305,399.99997616E-3,,,,,240.80000305,0.0,
,,,241.00000000,0.0,,,,,241.00000000,359.99998450E-3,,,,,241.00000000,399.99997616E-3,,,,,241.00000000,-39.99999911E-3,
,,,241.19999695,0.0,,,,,241.19999695,359.99998450E-3,,,,,241.19999695,399.99997616E-3,,,,,241.19999695,-39.99999911E-3,
,,,241.40000916,0.0,,,,,241.40000916,280.00000119E-3,,,,,241.40000916,399.99997616E-3,,,,,241.40000916,-39.99999911E-3,
,,,241.60000610,0.0,,,,,241.60000610,319.99999285E-3,,,,,241.60000610,359.99998450E-3,,,,,241.60000610,-39.99999911E-3,
,,,241.80000305,0.0,,,,,241.80000305,359.99998450E-3,,,,,241.80000305,399.99997616E-3,,,,,241.80000305,-39.99999911E-3,
,,,242.00000000,0.0,,,,,242.00000000,359.99998450E-3,,,,,242.00000000,399.99997616E-3,,,,,242.00000000,-39.99999911E-3,
,,,242.19999695,0.0,,,,,242.19999695,319.99999285E-3,,,,,242.19999695,359.99998450E-3,,,,,242.19999695,-79.999998212E-3,
,,,242.40000916,0.0,,,,,242.40000916,319.99999285E-3,,,,,242.40000916,399.99997616E-3,,,,,242.40000916,-39.99999911E-3,
,,,242.60000610,0.0,,,,,242.60000610,359.99998450E-3,,,,,242.60000610,359.99998450E-3,,,,,242.60000610,-39.99999911E-3,
,,,242.80000305,0.0,,,,,242.80000305,359.99998450E-3,,,,,242.80000305,399.99997616E-3,,,,,242.80000305,-39.99999911E-3,
,,,243.00000000,0.0,,,,,243.00000000,359.99998450E-3,,,,,243.00000000,399.99997616E-3,,,,,243.00000000,-39.99999911E-3,
,,,243.19999695,0.0,,,,,243.19999695,280.00000119E-3,,,,,243.19999695,399.99997616E-3,,,,,243.19999695,-39.99999911E-3,
,,,243.40000916,0.0,,,,,243.40000916,319.99999285E-3,,,,,243.40000916,399.99997616E-3,,,,,243.40000916,-39.99999911E-3,
,,,243.60000610,0.0,,,,,243.60000610,319.99999285E-3,,,,,243.60000610,399.99997616E-3,,,,,243.60000610,-39.99999911E-3,
,,,243.80000305,0.0,,,,,243.80000305,359.99998450E-3,,,,,243.80000305,399.99997616E-3,,,,,243.80000305,-39.99999911E-3,
,,,244.00000000,39.99999911E-3,,,,,244.00000000,359.99998450E-3,,,,,244.00000000,359.99998450E-3,,,,,244.00000000,-39.99999911E-3,
,,,244.19999695,0.0,,,,,244.19999695,399.99997616E-3,,,,,244.19999695,359.99998450E-3,,,,,244.19999695,-39.99999911E-3,
,,,244.40000916,0.0,,,,,244.40000916,280.00000119E-3,,,,,244.40000916,359.99998450E-3,,,,,244.40000916,-39.99999911E-3,
,,,244.60000610,0.0,,,,,244.60000610,319.99999285E-3,,,,,244.60000610,359.99998450E-3,,,,,244.60000610,-79.999998212E-3,
,,,244.80000305,0.0,,,,,244.80000305,319.99999285E-3,,,,,244.80000305,399.99997616E-3,,,,,244.80000305,0.0,
,,,245.00000000,0.0,,,,,245.00000000,359.99998450E-3,,,,,245.00000000,399.99997616E-3,,,,,245.00000000,0.0,
,,,245.19999695,0.0,,,,,245.19999695,280.00000119E-3,,,,,245.19999695,359.99998450E-3,,,,,245.19999695,119.9999973E-3,
,,,245.40000916,0.0,,,,,245.40000916,359.99998450E-3,,,,,245.40000916,319.99999285E-3,,,,,245.40000916,119.9999973E-3,
,,,245.60000610,0.0,,,,,245.60000610,319.99999285E-3,,,,,245.60000610,359.99998450E-3,,,,,245.60000610,119.9999973E-3,
,,,245.80000305,0.0,,,,,245.80000305,359.99998450E-3,,,,,245.80000305,359.99998450E-3,,,,,245.80000305,119.9999973E-3,
,,,246.00000000,0.0,,,,,246.00000000,359.99998450E-3,,,,,246.00000000,319.99999285E-3,,,,,246.00000000,79.999998212E-3,
,,,246.19999695,0.0,,,,,246.19999695,319.99999285E-3,,,,,246.19999695,359.99998450E-3,,,,,246.19999695,159.99999642E-3,
,,,246.40000916,0.0,,,,,246.40000916,359.99998450E-3,,,,,246.40000916,359.99998450E-3,,,,,246.40000916,119.9999973E-3,
,,,246.60000610,0.0,,,,,246.60000610,359.99998450E-3,,,,,246.60000610,359.99998450E-3,,,,,246.60000610,119.9999973E-3,
,,,246.80000305,0.0,,,,,246.80000305,359.99998450E-3,,,,,246.80000305,359.99998450E-3,,,,,246.80000305,119.9999973E-3,
,,,247.00000000,0.0,,,,,247.00000000,319.99999285E-3,,,,,247.00000000,319.99999285E-3,,,,,247.00000000,119.9999973E-3,
,,,247.19999695,0.0,,,,,247.19999695,319.99999285E-3,,,,,247.19999695,359.99998450E-3,,,,,247.19999695,79.999998212E-3,
,,,247.40000916,0.0,,,,,247.40000916,319.99999285E-3,,,,,247.40000916,319.99999285E-3,,,,,247.40000916,79.999998212E-3,
,,,247.60000610,0.0,,,,,247.60000610,359.99998450E-3,,,,,247.60000610,319.99999285E-3,,,,,247.60000610,39.99999911E-3,
,,,247.80000305,0.0,,,,,247.80000305,319.99999285E-3,,,,,247.80000305,359.99998450E-3,,,,,247.80000305,79.999998212E-3,
,,,248.00000000,0.0,,,,,248.00000000,280.00000119E-3,,,,,248.00000000,319.99999285E-3,,,,,248.00000000,79.999998212E-3,
,,,248.19999695,39.99999911E-3,,,,,248.19999695,359.99998450E-3,,,,,248.19999695,319.99999285E-3,,,,,248.19999695,79.999998212E-3,
,,,248.40000916,0.0,,,,,248.40000916,280.00000119E-3,,,,,248.40000916,359.99998450E-3,,,,,248.40000916,119.9999973E-3,
,,,248.60000610,39.99999911E-3,,,,,248.60000610,319.99999285E-3,,,,,248.60000610,359.99998450E-3,,,,,248.60000610,79.999998212E-3,
,,,248.80000305,0.0,,,,,248.80000305,359.99998450E-3,,,,,248.80000305,359.99998450E-3,,,,,248.80000305,79.999998212E-3,
,,,249.00000000,0.0,,,,,249.00000000,319.99999285E-3,,,,,249.00000000,359.99998450E-3,,,,,249.00000000,119.9999973E-3,
,,,249.19999695,0.0,,,,,249.19999695,280.00000119E-3,,,,,249.19999695,319.99999285E-3,,,,,249.19999695,79.999998212E-3,
,,,249.40000916,0.0,,,,,249.40000916,319.99999285E-3,,,,,249.40000916,319.99999285E-3,,,,,249.40000916,39.99999911E-3,
,,,249.60000610,0.0,,,,,249.60000610,280.00000119E-3,,,,,249.60000610,319.99999285E-3,,,,,249.60000610,39.99999911E-3,
,,,249.80000305,0.0,,,,,249.80000305,359.99998450E-3,,,,,249.80000305,319.99999285E-3,,,,,249.80000305,39.99999911E-3,
,,,250.00000000,0.0,,,,,250.00000000,280.00000119E-3,,,,,250.00000000,319.99999285E-3,,,,,250.00000000,79.999998212E-3,
,,,250.19999695,0.0,,,,,250.19999695,319.99999285E-3,,,,,250.19999695,319.99999285E-3,,,,,250.19999695,39.99999911E-3,
,,,250.40000916,0.0,,,,,250.40000916,319.99999285E-3,,,,,250.40000916,359.99998450E-3,,,,,250.40000916,39.99999911E-3,
,,,250.60000610,0.0,,,,,250.60000610,359.99998450E-3,,,,,250.60000610,319.99999285E-3,,,,,250.60000610,79.999998212E-3,
,,,250.80000305,39.99999911E-3,,,,,250.80000305,399.99997616E-3,,,,,250.80000305,359.99998450E-3,,,,,250.80000305,39.99999911E-3,
,,,251.00000000,0.0,,,,,251.00000000,359.99998450E-3,,,,,251.00000000,359.99998450E-3,,,,,251.00000000,39.99999911E-3,
,,,251.19999695,0.0,,,,,251.19999695,399.99997616E-3,,,,,251.19999695,359.99998450E-3,,,,,251.19999695,79.999998212E-3,
,,,251.40000916,0.0,,,,,251.40000916,359.99998450E-3,,,,,251.40000916,399.99997616E-3,,,,,251.40000916,159.99999642E-3,
,,,251.60000610,0.0,,,,,251.60000610,359.99998450E-3,,,,,251.60000610,319.99999285E-3,,,,,251.60000610,39.99999911E-3,
,,,251.80000305,0.0,,,,,251.80000305,359.99998450E-3,,,,,251.80000305,319.99999285E-3,,,,,251.80000305,39.99999911E-3,
,,,252.00000000,0.0,,,,,252.00000000,359.99998450E-3,,,,,252.00000000,319.99999285E-3,,,,,252.00000000,39.99999911E-3,
,,,252.19999695,0.0,,,,,252.19999695,359.99998450E-3,,,,,252.19999695,319.99999285E-3,,,,,252.19999695,79.999998212E-3,
,,,252.40000916,0.0,,,,,252.40000916,280.00000119E-3,,,,,252.40000916,359.99998450E-3,,,,,252.40000916,39.99999911E-3,
,,,252.60000610,0.0,,,,,252.60000610,359.99998450E-3,,,,,252.60000610,359.99998450E-3,,,,,252.60000610,39.99999911E-3,
,,,252.80000305,0.0,,,,,252.80000305,319.99999285E-3,,,,,252.80000305,359.99998450E-3,,,,,252.80000305,39.99999911E-3,
,,,253.00000000,0.0,,,,,253.00000000,280.00000119E-3,,,,,253.00000000,319.99999285E-3,,,,,253.00000000,39.99999911E-3,
,,,253.19999695,0.0,,,,,253.19999695,359.99998450E-3,,,,,253.19999695,319.99999285E-3,,,,,253.19999695,39.99999911E-3,
,,,253.40000916,0.0,,,,,253.40000916,359.99998450E-3,,,,,253.40000916,359.99998450E-3,,,,,253.40000916,39.99999911E-3,
,,,253.60000610,0.0,,,,,253.60000610,319.99999285E-3,,,,,253.60000610,359.99998450E-3,,,,,253.60000610,39.99999911E-3,
,,,253.80000305,0.0,,,,,253.80000305,359.99998450E-3,,,,,253.80000305,319.99999285E-3,,,,,253.80000305,39.99999911E-3,
,,,254.00000000,0.0,,,,,254.00000000,319.99999285E-3,,,,,254.00000000,359.99998450E-3,,,,,254.00000000,0.0,
,,,254.19999695,0.0,,,,,254.19999695,359.99998450E-3,,,,,254.19999695,319.99999285E-3,,,,,254.19999695,0.0,
,,,254.40000916,0.0,,,,,254.40000916,359.99998450E-3,,,,,254.40000916,359.99998450E-3,,,,,254.40000916,0.0,
,,,254.60000610,0.0,,,,,254.60000610,280.00000119E-3,,,,,254.60000610,319.99999285E-3,,,,,254.60000610,0.0,
,,,254.80000305,0.0,,,,,254.80000305,359.99998450E-3,,,,,254.80000305,359.99998450E-3,,,,,254.80000305,0.0,
,,,255.00000000,0.0,,,,,255.00000000,319.99999285E-3,,,,,255.00000000,319.99999285E-3,,,,,255.00000000,0.0,
,,,255.19999695,0.0,,,,,255.19999695,280.00000119E-3,,,,,255.19999695,319.99999285E-3,,,,,255.19999695,0.0,
,,,255.40000916,0.0,,,,,255.40000916,319.99999285E-3,,,,,255.40000916,359.99998450E-3,,,,,255.40000916,39.99999911E-3,
,,,255.60000610,0.0,,,,,255.60000610,319.99999285E-3,,,,,255.60000610,319.99999285E-3,,,,,255.60000610,0.0,
,,,255.80000305,0.0,,,,,255.80000305,399.99997616E-3,,,,,255.80000305,399.99997616E-3,,,,,255.80000305,0.0,
,,,256.00000000,0.0,,,,,256.00000000,319.99999285E-3,,,,,256.00000000,359.99998450E-3,,,,,256.00000000,0.0,
,,,256.20001221,0.0,,,,,256.20001221,319.99999285E-3,,,,,256.20001221,319.99999285E-3,,,,,256.20001221,0.0,
,,,256.39999390,0.0,,,,,256.39999390,319.99999285E-3,,,,,256.39999390,359.99998450E-3,,,,,256.39999390,0.0,
,,,256.60000610,39.99999911E-3,,,,,256.60000610,280.00000119E-3,,,,,256.60000610,319.99999285E-3,,,,,256.60000610,0.0,
,,,256.80001831,0.0,,,,,256.80001831,319.99999285E-3,,,,,256.80001831,359.99998450E-3,,,,,256.80001831,0.0,
,,,257.00000000,0.0,,,,,257.00000000,319.99999285E-3,,,,,257.00000000,359.99998450E-3,,,,,257.00000000,0.0,
,,,257.20001221,0.0,,,,,257.20001221,319.99999285E-3,,,,,257.20001221,319.99999285E-3,,,,,257.20001221,0.0,
,,,257.39999390,0.0,,,,,257.39999390,280.00000119E-3,,,,,257.39999390,359.99998450E-3,,,,,257.39999390,-79.999998212E-3,
,,,257.60000610,0.0,,,,,257.60000610,319.99999285E-3,,,,,257.60000610,359.99998450E-3,,,,,257.60000610,39.99999911E-3,
,,,257.80001831,0.0,,,,,257.80001831,359.99998450E-3,,,,,257.80001831,319.99999285E-3,,,,,257.80001831,0.0,
,,,258.00000000,0.0,,,,,258.00000000,319.99999285E-3,,,,,258.00000000,359.99998450E-3,,,,,258.00000000,0.0,
,,,258.20001221,-39.99999911E-3,,,,,258.20001221,319.99999285E-3,,,,,258.20001221,359.99998450E-3,,,,,258.20001221,-39.99999911E-3,
,,,258.39999390,0.0,,,,,258.39999390,319.99999285E-3,,,,,258.39999390,359.99998450E-3,,,,,258.39999390,0.0,
,,,258.60000610,0.0,,,,,258.60000610,399.99997616E-3,,,,,258.60000610,319.99999285E-3,,,,,258.60000610,0.0,
,,,258.80001831,0.0,,,,,258.80001831,280.00000119E-3,,,,,258.80001831,359.99998450E-3,,,,,258.80001831,0.0,
,,,259.00000000,0.0,,,,,259.00000000,239.99999464E-3,,,,,259.00000000,280.00000119E-3,,,,,259.00000000,-119.9999973E-3,
,,,259.20001221,0.0,,,,,259.20001221,359.99998450E-3,,,,,259.20001221,319.99999285E-3,,,,,259.20001221,-39.99999911E-3,
,,,259.39999390,0.0,,,,,259.39999390,319.99999285E-3,,,,,259.39999390,359.99998450E-3,,,,,259.39999390,-39.99999911E-3,
,,,259.60000610,0.0,,,,,259.60000610,319.99999285E-3,,,,,259.60000610,359.99998450E-3,,,,,259.60000610,-39.99999911E-3,
,,,259.80001831,-39.99999911E-3,,,,,259.80001831,359.99998450E-3,,,,,259.80001831,319.99999285E-3,,,,,259.80001831,-39.99999911E-3,
,,,260.00000000,0.0,,,,,260.00000000,280.00000119E-3,,,,,260.00000000,319.99999285E-3,,,,,260.00000000,-39.99999911E-3,
,,,260.20001221,0.0,,,,,260.20001221,319.99999285E-3,,,,,260.20001221,319.99999285E-3,,,,,260.20001221,-39.99999911E-3,
,,,260.39999390,-39.99999911E-3,,,,,260.39999390,319.99999285E-3,,,,,260.39999390,359.99998450E-3,,,,,260.39999390,-39.99999911E-3,
,,,260.60000610,0.0,,,,,260.60000610,319.99999285E-3,,,,,260.60000610,319.99999285E-3,,,,,260.60000610,-39.99999911E-3,
,,,260.80001831,0.0,,,,,260.80001831,319.99999285E-3,,,,,260.80001831,359.99998450E-3,,,,,260.80001831,-39.99999911E-3,
,,,261.00000000,0.0,,,,,261.00000000,359.99998450E-3,,,,,261.00000000,319.99999285E-3,,,,,261.00000000,-39.99999911E-3,
,,,261.20001221,0.0,,,,,261.20001221,319.99999285E-3,,,,,261.20001221,359.99998450E-3,,,,,261.20001221,-39.99999911E-3,
,,,261.39999390,0.0,,,,,261.39999390,280.00000119E-3,,,,,261.39999390,319.99999285E-3,,,,,261.39999390,-39.99999911E-3,
,,,261.60000610,0.0,,,,,261.60000610,319.99999285E-3,,,,,261.60000610,319.99999285E-3,,,,,261.60000610,-39.99999911E-3,
,,,261.80001831,0.0,,,,,261.80001831,319.99999285E-3,,,,,261.80001831,359.99998450E-3,,,,,261.80001831,-79.999998212E-3,
,,,262.00000000,0.0,,,,,262.00000000,319.99999285E-3,,,,,262.00000000,319.99999285E-3,,,,,262.00000000,0.0,
,,,262.20001221,0.0,,,,,262.20001221,359.99998450E-3,,,,,262.20001221,280.00000119E-3,,,,,262.20001221,119.9999973E-3,
,,,262.39999390,0.0,,,,,262.39999390,319.99999285E-3,,,,,262.39999390,319.99999285E-3,,,,,262.39999390,159.99999642E-3,
,,,262.60000610,0.0,,,,,262.60000610,359.99998450E-3,,,,,262.60000610,280.00000119E-3,,,,,262.60000610,119.9999973E-3,
,,,262.80001831,0.0,,,,,262.80001831,319.99999285E-3,,,,,262.80001831,319.99999285E-3,,,,,262.80001831,119.9999973E-3,
,,,263.00000000,0.0,,,,,263.00000000,319.99999285E-3,,,,,263.00000000,280.00000119E-3,,,,,263.00000000,119.9999973E-3,
,,,263.20001221,0.0,,,,,263.20001221,319.99999285E-3,,,,,263.20001221,280.00000119E-3,,,,,263.20001221,159.99999642E-3,
,,,263.39999390,0.0,,,,,263.39999390,319.99999285E-3,,,,,263.39999390,319.99999285E-3,,,,,263.39999390,159.99999642E-3,
,,,263.60000610,0.0,,,,,263.60000610,359.99998450E-3,,,,,263.60000610,319.99999285E-3,,,,,263.60000610,119.9999973E-3,
,,,263.80001831,0.0,,,,,263.80001831,359.99998450E-3,,,,,263.80001831,280.00000119E-3,,,,,263.80001831,159.99999642E-3,
,,,264.00000000,0.0,,,,,264.00000000,319.99999285E-3,,,,,264.00000000,319.99999285E-3,,,,,264.00000000,119.9999973E-3,
,,,264.20001221,0.0,,,,,264.20001221,319.99999285E-3,,,,,264.20001221,280.00000119E-3,,,,,264.20001221,119.9999973E-3,
,,,264.39999390,0.0,,,,,264.39999390,359.99998450E-3,,,,,264.39999390,319.99999285E-3,,,,,264.39999390,79.999998212E-3,
,,,264.60000610,0.0,,,,,264.60000610,280.00000119E-3,,,,,264.60000610,319.99999285E-3,,,,,264.60000610,119.9999973E-3,
,,,264.80001831,0.0,,,,,264.80001831,319.99999285E-3,,,,,264.80001831,319.99999285E-3,,,,,264.80001831,119.9999973E-3,
,,,265.00000000,0.0,,,,,265.00000000,359.99998450E-3,,,,,265.00000000,280.00000119E-3,,,,,265.00000000,119.9999973E-3,
,,,265.20001221,0.0,,,,,265.20001221,280.00000119E-3,,,,,265.20001221,319.99999285E-3,,,,,265.20001221,159.99999642E-3,
,,,265.39999390,0.0,,,,,265.39999390,319.99999285E-3,,,,,265.39999390,319.99999285E-3,,,,,265.39999390,159.99999642E-3,
,,,265.60000610,0.0,,,,,265.60000610,319.99999285E-3,,,,,265.60000610,319.99999285E-3,,,,,265.60000610,119.9999973E-3,
,,,265.80001831,0.0,,,,,265.80001831,359.99998450E-3,,,,,265.80001831,319.99999285E-3,,,,,265.80001831,119.9999973E-3,
,,,266.00000000,0.0,,,,,266.00000000,359.99998450E-3,,,,,266.00000000,319.99999285E-3,,,,,266.00000000,119.9999973E-3,
,,,266.20001221,0.0,,,,,266.20001221,319.99999285E-3,,,,,266.20001221,280.00000119E-3,,,,,266.20001221,119.9999973E-3,
,,,266.39999390,0.0,,,,,266.39999390,359.99998450E-3,,,,,266.39999390,319.99999285E-3,,,,,266.39999390,79.999998212E-3,
,,,266.60000610,0.0,,,,,266.60000610,319.99999285E-3,,,,,266.60000610,319.99999285E-3,,,,,266.60000610,79.999998212E-3,
,,,266.80001831,0.0,,,,,266.80001831,359.99998450E-3,,,,,266.80001831,319.99999285E-3,,,,,266.80001831,39.99999911E-3,
,,,267.00000000,0.0,,,,,267.00000000,319.99999285E-3,,,,,267.00000000,319.99999285E-3,,,,,267.00000000,79.999998212E-3,
,,,267.20001221,0.0,,,,,267.20001221,319.99999285E-3,,,,,267.20001221,280.00000119E-3,,,,,267.20001221,39.99999911E-3,
,,,267.39999390,0.0,,,,,267.39999390,359.99998450E-3,,,,,267.39999390,319.99999285E-3,,,,,267.39999390,39.99999911E-3,
,,,267.60000610,0.0,,,,,267.60000610,359.99998450E-3,,,,,267.60000610,280.00000119E-3,,,,,267.60000610,39.99999911E-3,
,,,267.80001831,0.0,,,,,267.80001831,319.99999285E-3,,,,,267.80001831,319.99999285E-3,,,,,267.80001831,79.999998212E-3,
,,,268.00000000,0.0,,,,,268.00000000,319.99999285E-3,,,,,268.00000000,280.00000119E-3,,,,,268.00000000,79.999998212E-3,
,,,268.20001221,0.0,,,,,268.20001221,319.99999285E-3,,,,,268.20001221,280.00000119E-3,,,,,268.20001221,79.999998212E-3,
,,,268.39999390,0.0,,,,,268.39999390,359.99998450E-3,,,,,268.39999390,399.99997616E-3,,,,,268.39999390,199.99998808E-3,
,,,268.60000610,0.0,,,,,268.60000610,359.99998450E-3,,,,,268.60000610,319.99999285E-3,,,,,268.60000610,39.99999911E-3,
,,,268.80001831,0.0,,,,,268.80001831,359.99998450E-3,,,,,268.80001831,319.99999285E-3,,,,,268.80001831,39.99999911E-3,
,,,269.00000000,0.0,,,,,269.00000000,359.99998450E-3,,,,,269.00000000,280.00000119E-3,,,,,269.00000000,39.99999911E-3,
,,,269.20001221,0.0,,,,,269.20001221,319.99999285E-3,,,,,269.20001221,280.00000119E-3,,,,,269.20001221,39.99999911E-3,
,,,269.39999390,0.0,,,,,269.39999390,319.99999285E-3,,,,,269.39999390,319.99999285E-3,,,,,269.39999390,39.99999911E-3,
,,,269.60000610,0.0,,,,,269.60000610,359.99998450E-3,,,,,269.60000610,319.99999285E-3,,,,,269.60000610,39.99999911E-3,
,,,269.80001831,-39.99999911E-3,,,,,269.80001831,359.99998450E-3,,,,,269.80001831,319.99999285E-3,,,,,269.80001831,39.99999911E-3,
,,,270.00000000,0.0,,,,,270.00000000,319.99999285E-3,,,,,270.00000000,119.9999973E-3,,,,,270.00000000,-319.99999285E-3,
,,,270.20001221,0.0,,,,,270.20001221,319.99999285E-3,,,,,270.20001221,319.99999285E-3,,,,,270.20001221,39.99999911E-3,
,,,270.39999390,0.0,,,,,270.39999390,359.99998450E-3,,,,,270.39999390,319.99999285E-3,,,,,270.39999390,39.99999911E-3,
,,,270.60000610,0.0,,,,,270.60000610,359.99998450E-3,,,,,270.60000610,280.00000119E-3,,,,,270.60000610,39.99999911E-3,
,,,270.80001831,0.0,,,,,270.80001831,319.99999285E-3,,,,,270.80001831,280.00000119E-3,,,,,270.80001831,0.0,
,,,271.00000000,0.0,,,,,271.00000000,319.99999285E-3,,,,,271.00000000,319.99999285E-3,,,,,271.00000000,39.99999911E-3,
,,,271.20001221,0.0,,,,,271.20001221,319.99999285E-3,,,,,271.20001221,280.00000119E-3,,,,,271.20001221,0.0,
,,,271.39999390,0.0,,,,,271.39999390,319.99999285E-3,,,,,271.39999390,280.00000119E-3,,,,,271.39999390,-39.99999911E-3,
,,,271.60000610,0.0,,,,,271.60000610,359.99998450E-3,,,,,271.60000610,319.99999285E-3,,,,,271.60000610,0.0,
,,,271.80001831,0.0,,,,,271.80001831,399.99997616E-3,,,,,271.80001831,319.99999285E-3,,,,,271.80001831,39.99999911E-3,
,,,272.00000000,0.0,,,,,272.00000000,319.99999285E-3,,,,,272.00000000,319.99999285E-3,,,,,272.00000000,0.0,
,,,272.20001221,0.0,,,,,272.20001221,359.99998450E-3,,,,,272.20001221,319.99999285E-3,,,,,272.20001221,39.99999911E-3,
,,,272.39999390,0.0,,,,,272.39999390,359.99998450E-3,,,,,272.39999390,319.99999285E-3,,,,,272.39999390,39.99999911E-3,
,,,272.60000610,0.0,,,,,272.60000610,319.99999285E-3,,,,,272.60000610,280.00000119E-3,,,,,272.60000610,0.0,
,,,272.80001831,0.0,,,,,272.80001831,319.99999285E-3,,,,,272.80001831,280.00000119E-3,,,,,272.80001831,0.0,
,,,273.00000000,0.0,,,,,273.00000000,319.99999285E-3,,,,,273.00000000,319.99999285E-3,,,,,273.00000000,0.0,
,,,273.20001221,0.0,,,,,273.20001221,319.99999285E-3,,,,,273.20001221,319.99999285E-3,,,,,273.20001221,0.0,
,,,273.39999390,0.0,,,,,273.39999390,319.99999285E-3,,,,,273.39999390,319.99999285E-3,,,,,273.39999390,0.0,
,,,273.60000610,0.0,,,,,273.60000610,319.99999285E-3,,,,,273.60000610,280.00000119E-3,,,,,273.60000610,-119.9999973E-3,
,,,273.80001831,0.0,,,,,273.80001831,359.99998450E-3,,,,,273.80001831,319.99999285E-3,,,,,273.80001831,0.0,
,,,274.00000000,0.0,,,,,274.00000000,359.99998450E-3,,,,,274.00000000,319.99999285E-3,,,,,274.00000000,0.0,
,,,274.20001221,0.0,,,,,274.20001221,319.99999285E-3,,,,,274.20001221,319.99999285E-3,,,,,274.20001221,0.0,
,,,274.39999390,0.0,,,,,274.39999390,319.99999285E-3,,,,,274.39999390,319.99999285E-3,,,,,274.39999390,0.0,
,,,274.60000610,0.0,,,,,274.60000610,319.99999285E-3,,,,,274.60000610,319.99999285E-3,,,,,274.60000610,0.0,
,,,274.80001831,0.0,,,,,274.80001831,359.99998450E-3,,,,,274.80001831,319.99999285E-3,,,,,274.80001831,0.0,
,,,275.00000000,0.0,,,,,275.00000000,399.99997616E-3,,,,,275.00000000,319.99999285E-3,,,,,275.00000000,0.0,
,,,275.20001221,0.0,,,,,275.20001221,319.99999285E-3,,,,,275.20001221,280.00000119E-3,,,,,275.20001221,-39.99999911E-3,
,,,275.39999390,0.0,,,,,275.39999390,319.99999285E-3,,,,,275.39999390,359.99998450E-3,,,,,275.39999390,0.0,
,,,275.60000610,0.0,,,,,275.60000610,359.99998450E-3,,,,,275.60000610,280.00000119E-3,,,,,275.60000610,-39.99999911E-3,
,,,275.80001831,0.0,,,,,275.80001831,319.99999285E-3,,,,,275.80001831,319.99999285E-3,,,,,275.80001831,-39.99999911E-3,
,,,276.00000000,0.0,,,,,276.00000000,319.99999285E-3,,,,,276.00000000,319.99999285E-3,,,,,276.00000000,0.0,
,,,276.20001221,0.0,,,,,276.20001221,319.99999285E-3,,,,,276.20001221,280.00000119E-3,,,,,276.20001221,0.0,
,,,276.39999390,0.0,,,,,276.39999390,319.99999285E-3,,,,,276.39999390,319.99999285E-3,,,,,276.39999390,-39.99999911E-3,
,,,276.60000610,0.0,,,,,276.60000610,319.99999285E-3,,,,,276.60000610,319.99999285E-3,,,,,276.60000610,-39.99999911E-3,
,,,276.80001831,0.0,,,,,276.80001831,359.99998450E-3,,,,,276.80001831,280.00000119E-3,,,,,276.80001831,-39.99999911E-3,
,,,277.00000000,-39.99999911E-3,,,,,277.00000000,239.99999464E-3,,,,,277.00000000,319.99999285E-3,,,,,277.00000000,-39.99999911E-3,
,,,277.20001221,0.0,,,,,277.20001221,280.00000119E-3,,,,,277.20001221,319.99999285E-3,,,,,277.20001221,-39.99999911E-3,
,,,277.39999390,0.0,,,,,277.39999390,319.99999285E-3,,,,,277.39999390,319.99999285E-3,,,,,277.39999390,-79.999998212E-3,
,,,277.60000610,0.0,,,,,277.60000610,199.99998808E-3,,,,,277.60000610,280.00000119E-3,,,,,277.60000610,-79.999998212E-3,
,,,277.80001831,0.0,,,,,277.80001831,319.99999285E-3,,,,,277.80001831,319.99999285E-3,,,,,277.80001831,-79.999998212E-3,
,,,278.00000000,0.0,,,,,278.00000000,280.00000119E-3,,,,,278.00000000,280.00000119E-3,,,,,278.00000000,-39.99999911E-3,
,,,278.20001221,0.0,,,,,278.20001221,359.99998450E-3,,,,,278.20001221,319.99999285E-3,,,,,278.20001221,-39.99999911E-3,
,,,278.39999390,0.0,,,,,278.39999390,319.99999285E-3,,,,,278.39999390,239.99999464E-3,,,,,278.39999390,-159.99999642E-3,
,,,278.60000610,0.0,,,,,278.60000610,359.99998450E-3,,,,,278.60000610,319.99999285E-3,,,,,278.60000610,-39.99999911E-3,
,,,278.80001831,0.0,,,,,278.80001831,399.99997616E-3,,,,,278.80001831,319.99999285E-3,,,,,278.80001831,-79.999998212E-3,
,,,279.00000000,0.0,,,,,279.00000000,319.99999285E-3,,,,,279.00000000,319.99999285E-3,,,,,279.00000000,-79.999998212E-3,
,,,279.20001221,0.0,,,,,279.20001221,359.99998450E-3,,,,,279.20001221,319.99999285E-3,,,,,279.20001221,-39.99999911E-3,
,,,279.39999390,0.0,,,,,279.39999390,359.99998450E-3,,,,,279.39999390,319.99999285E-3,,,,,279.39999390,-39.99999911E-3,
,,,279.60000610,0.0,,,,,279.60000610,319.99999285E-3,,,,,279.60000610,280.00000119E-3,,,,,279.60000610,0.0,
,,,279.80001831,0.0,,,,,279.80001831,359.99998450E-3,,,,,279.80001831,280.00000119E-3,,,,,279.80001831,79.999998212E-3,
,,,280.00000000,0.0,,,,,280.00000000,319.99999285E-3,,,,,280.00000000,280.00000119E-3,,,,,280.00000000,119.9999973E-3,
,,,280.20001221,0.0,,,,,280.20001221,319.99999285E-3,,,,,280.20001221,280.00000119E-3,,,,,280.20001221,119.9999973E-3,
,,,280.39999390,0.0,,,,,280.39999390,319.99999285E-3,,,,,280.39999390,280.00000119E-3,,,,,280.39999390,159.99999642E-3,
,,,280.60000610,0.0,,,,,280.60000610,319.99999285E-3,,,,,280.60000610,280.00000119E-3,,,,,280.60000610,119.9999973E-3,
,,,280.80001831,0.0,,,,,280.80001831,319.99999285E-3,,,,,280.80001831,239.99999464E-3,,,,,280.80001831,119.9999973E-3,
,,,281.00000000,0.0,,,,,281.00000000,319.99999285E-3,,,,,281.00000000,239.99999464E-3,,,,,281.00000000,79.999998212E-3,
,,,281.20001221,0.0,,,,,281.20001221,319.99999285E-3,,,,,281.20001221,239.99999464E-3,,,,,281.20001221,119.9999973E-3,
,,,281.39999390,0.0,,,,,281.39999390,319.99999285E-3,,,,,281.39999390,280.00000119E-3,,,,,281.39999390,119.9999973E-3,
,,,281.60000610,0.0,,,,,281.60000610,319.99999285E-3,,,,,281.60000610,280.00000119E-3,,,,,281.60000610,119.9999973E-3,
,,,281.80001831,0.0,,,,,281.80001831,359.99998450E-3,,,,,281.80001831,239.99999464E-3,,,,,281.80001831,119.9999973E-3,
,,,282.00000000,0.0,,,,,282.00000000,359.99998450E-3,,,,,282.00000000,239.99999464E-3,,,,,282.00000000,39.99999911E-3,
,,,282.20001221,0.0,,,,,282.20001221,199.99998808E-3,,,,,282.20001221,280.00000119E-3,,,,,282.20001221,119.9999973E-3,
,,,282.39999390,0.0,,,,,282.39999390,359.99998450E-3,,,,,282.39999390,280.00000119E-3,,,,,282.39999390,119.9999973E-3,
,,,282.60000610,0.0,,,,,282.60000610,319.99999285E-3,,,,,282.60000610,280.00000119E-3,,,,,282.60000610,119.9999973E-3,
,,,282.80001831,0.0,,,,,282.80001831,359.99998450E-3,,,,,282.80001831,280.00000119E-3,,,,,282.80001831,119.9999973E-3,
,,,283.00000000,0.0,,,,,283.00000000,359.99998450E-3,,,,,283.00000000,239.99999464E-3,,,,,283.00000000,79.999998212E-3,
,,,283.20001221,0.0,,,,,283.20001221,319.99999285E-3,,,,,283.20001221,280.00000119E-3,,,,,283.20001221,159.99999642E-3,
,,,283.39999390,0.0,,,,,283.39999390,319.99999285E-3,,,,,283.39999390,280.00000119E-3,,,,,283.39999390,119.9999973E-3,
,,,283.60000610,39.99999911E-3,,,,,283.60000610,359.99998450E-3,,,,,283.60000610,280.00000119E-3,,,,,283.60000610,119.9999973E-3,
,,,283.80001831,0.0,,,,,283.80001831,359.99998450E-3,,,,,283.80001831,280.00000119E-3,,,,,283.80001831,159.99999642E-3,
,,,284.00000000,0.0,,,,,284.00000000,359.99998450E-3,,,,,284.00000000,280.00000119E-3,,,,,284.00000000,119.9999973E-3,
,,,284.20001221,0.0,,,,,284.20001221,319.99999285E-3,,,,,284.20001221,280.00000119E-3,,,,,284.20001221,119.9999973E-3,
,,,284.39999390,0.0,,,,,284.39999390,319.99999285E-3,,,,,284.39999390,239.99999464E-3,,,,,284.39999390,119.9999973E-3,
,,,284.60000610,0.0,,,,,284.60000610,359.99998450E-3,,,,,284.60000610,239.99999464E-3,,,,,284.60000610,79.999998212E-3,
,,,284.80001831,39.99999911E-3,,,,,284.80001831,399.99997616E-3,,,,,284.80001831,280.00000119E-3,,,,,284.80001831,119.9999973E-3,
,,,285.00000000,-39.99999911E-3,,,,,285.00000000,319.99999285E-3,,,,,285.00000000,239.99999464E-3,,,,,285.00000000,119.9999973E-3,
,,,285.20001221,0.0,,,,,285.20001221,359.99998450E-3,,,,,285.20001221,280.00000119E-3,,,,,285.20001221,119.9999973E-3,
,,,285.39999390,39.99999911E-3,,,,,285.39999390,359.99998450E-3,,,,,285.39999390,280.00000119E-3,,,,,285.39999390,119.9999973E-3,
,,,285.60000610,0.0,,,,,285.60000610,359.99998450E-3,,,,,285.60000610,280.00000119E-3,,,,,285.60000610,79.999998212E-3,
,,,285.80001831,0.0,,,,,285.80001831,359.99998450E-3,,,,,285.80001831,280.00000119E-3,,,,,285.80001831,119.9999973E-3,
,,,286.00000000,0.0,,,,,286.00000000,239.99999464E-3,,,,,286.00000000,239.99999464E-3,,,,,286.00000000,79.999998212E-3,
,,,286.20001221,0.0,,,,,286.20001221,319.99999285E-3,,,,,286.20001221,280.00000119E-3,,,,,286.20001221,119.9999973E-3,
,,,286.39999390,0.0,,,,,286.39999390,319.99999285E-3,,,,,286.39999390,239.99999464E-3,,,,,286.39999390,79.999998212E-3,
,,,286.60000610,0.0,,,,,286.60000610,319.99999285E-3,,,,,286.60000610,239.99999464E-3,,,,,286.60000610,79.999998212E-3,
,,,286.80001831,39.99999911E-3,,,,,286.80001831,319.99999285E-3,,,,,286.80001831,280.00000119E-3,,,,,286.80001831,119.9999973E-3,
,,,287.00000000,0.0,,,,,287.00000000,319.99999285E-3,,,,,287.00000000,239.99999464E-3,,,,,287.00000000,79.999998212E-3,
,,,287.20001221,39.99999911E-3,,,,,287.20001221,280.00000119E-3,,,,,287.20001221,280.00000119E-3,,,,,287.20001221,39.99999911E-3,
,,,287.39999390,0.0,,,,,287.39999390,319.99999285E-3,,,,,287.39999390,280.00000119E-3,,,,,287.39999390,39.99999911E-3,
,,,287.60000610,0.0,,,,,287.60000610,319.99999285E-3,,,,,287.60000610,280.00000119E-3,,,,,287.60000610,79.999998212E-3,
,,,287.80001831,0.0,,,,,287.80001831,319.99999285E-3,,,,,287.80001831,280.00000119E-3,,,,,287.80001831,39.99999911E-3,
,,,288.00000000,0.0,,,,,288.00000000,239.99999464E-3,,,,,288.00000000,280.00000119E-3,,,,,288.00000000,39.99999911E-3,
,,,288.20001221,0.0,,,,,288.20001221,319.99999285E-3,,,,,288.20001221,239.99999464E-3,,,,,288.20001221,79.999998212E-3,
,,,288.39999390,0.0,,,,,288.39999390,280.00000119E-3,,,,,288.39999390,239.99999464E-3,,,,,288.39999390,39.99999911E-3,
,,,288.60000610,0.0,,,,,288.60000610,280.00000119E-3,,,,,288.60000610,280.00000119E-3,,,,,288.60000610,79.999998212E-3,
,,,288.80001831,0.0,,,,,288.80001831,239.99999464E-3,,,,,288.80001831,280.00000119E-3,,,,,288.80001831,79.999998212E-3,
,,,289.00000000,0.0,,,,,289.00000000,319.99999285E-3,,,,,289.00000000,239.99999464E-3,,,,,289.00000000,79.999998212E-3,
,,,289.20001221,0.0,,,,,289.20001221,280.00000119E-3,,,,,289.20001221,280.00000119E-3,,,,,289.20001221,79.999998212E-3,
,,,289.39999390,0.0,,,,,289.39999390,280.00000119E-3,,,,,289.39999390,239.99999464E-3,,,,,289.39999390,39.99999911E-3,
,,,289.60000610,0.0,,,,,289.60000610,319.99999285E-3,,,,,289.60000610,280.00000119E-3,,,,,289.60000610,39.99999911E-3,
,,,289.80001831,0.0,,,,,289.80001831,280.00000119E-3,,,,,289.80001831,239.99999464E-3,,,,,289.80001831,39.99999911E-3,
,,,290.00000000,0.0,,,,,290.00000000,319.99999285E-3,,,,,290.00000000,280.00000119E-3,,,,,290.00000000,39.99999911E-3,
,,,290.20001221,0.0,,,,,290.20001221,359.99998450E-3,,,,,290.20001221,239.99999464E-3,,,,,290.20001221,39.99999911E-3,
,,,290.39999390,0.0,,,,,290.39999390,359.99998450E-3,,,,,290.39999390,280.00000119E-3,,,,,290.39999390,39.99999911E-3,
,,,290.60000610,0.0,,,,,290.60000610,359.99998450E-3,,,,,290.60000610,280.00000119E-3,,,,,290.60000610,39.99999911E-3,
,,,290.80001831,0.0,,,,,290.80001831,319.99999285E-3,,,,,290.80001831,280.00000119E-3,,,,,290.80001831,0.0,
,,,291.00000000,0.0,,,,,291.00000000,359.99998450E-3,,,,,291.00000000,239.99999464E-3,,,,,291.00000000,0.0,
,,,291.20001221,0.0,,,,,291.20001221,319.99999285E-3,,,,,291.20001221,239.99999464E-3,,,,,291.20001221,0.0,
,,,291.39999390,0.0,,,,,291.39999390,280.00000119E-3,,,,,291.39999390,280.00000119E-3,,,,,291.39999390,39.99999911E-3,
,,,291.60000610,0.0,,,,,291.60000610,359.99998450E-3,,,,,291.60000610,239.99999464E-3,,,,,291.60000610,0.0,
,,,291.80001831,0.0,,,,,291.80001831,359.99998450E-3,,,,,291.80001831,239.99999464E-3,,,,,291.80001831,0.0,
,,,292.00000000,0.0,,,,,292.00000000,319.99999285E-3,,,,,292.00000000,239.99999464E-3,,,,,292.00000000,0.0,
,,,292.20001221,0.0,,,,,292.20001221,280.00000119E-3,,,,,292.20001221,239.99999464E-3,,,,,292.20001221,0.0,
,,,292.39999390,0.0,,,,,292.39999390,280.00000119E-3,,,,,292.39999390,280.00000119E-3,,,,,292.39999390,0.0,
,,,292.60000610,0.0,,,,,292.60000610,319.99999285E-3,,,,,292.60000610,280.00000119E-3,,,,,292.60000610,0.0,
,,,292.80001831,0.0,,,,,292.80001831,359.99998450E-3,,,,,292.80001831,280.00000119E-3,,,,,292.80001831,0.0,
,,,293.00000000,0.0,,,,,293.00000000,359.99998450E-3,,,,,293.00000000,239.99999464E-3,,,,,293.00000000,0.0,
,,,293.20001221,0.0,,,,,293.20001221,359.99998450E-3,,,,,293.20001221,280.00000119E-3,,,,,293.20001221,0.0,
,,,293.39999390,0.0,,,,,293.39999390,399.99997616E-3,,,,,293.39999390,280.00000119E-3,,,,,293.39999390,0.0,
,,,293.60000610,0.0,,,,,293.60000610,319.99999285E-3,,,,,293.60000610,280.00000119E-3,,,,,293.60000610,39.99999911E-3,
,,,293.80001831,0.0,,,,,293.80001831,399.99997616E-3,,,,,293.80001831,280.00000119E-3,,,,,293.80001831,0.0,
,,,294.00000000,0.0,,,,,294.00000000,359.99998450E-3,,,,,294.00000000,239.99999464E-3,,,,,294.00000000,-79.999998212E-3,
,,,294.20001221,0.0,,,,,294.20001221,319.99999285E-3,,,,,294.20001221,239.99999464E-3,,,,,294.20001221,-39.99999911E-3,
,,,294.39999390,0.0,,,,,294.39999390,319.99999285E-3,,,,,294.39999390,239.99999464E-3,,,,,294.39999390,0.0,
,,,294.60000610,0.0,,,,,294.60000610,359.99998450E-3,,,,,294.60000610,280.00000119E-3,,,,,294.60000610,0.0,
,,,294.80001831,0.0,,,,,294.80001831,319.99999285E-3,,,,,294.80001831,239.99999464E-3,,,,,294.80001831,-79.999998212E-3,
,,,295.00000000,0.0,,,,,295.00000000,399.99997616E-3,,,,,295.00000000,239.99999464E-3,,,,,295.00000000,0.0,
,,,295.20001221,0.0,,,,,295.20001221,319.99999285E-3,,,,,295.20001221,239.99999464E-3,,,,,295.20001221,-39.99999911E-3,
,,,295.39999390,0.0,,,,,295.39999390,359.99998450E-3,,,,,295.39999390,280.00000119E-3,,,,,295.39999390,0.0,
,,,295.60000610,0.0,,,,,295.60000610,280.00000119E-3,,,,,295.60000610,239.99999464E-3,,,,,295.60000610,0.0,
,,,295.80001831,0.0,,,,,295.80001831,319.99999285E-3,,,,,295.80001831,239.99999464E-3,,,,,295.80001831,0.0,
,,,296.00000000,0.0,,,,,296.00000000,319.99999285E-3,,,,,296.00000000,239.99999464E-3,,,,,296.00000000,0.0,
,,,296.20001221,0.0,,,,,296.20001221,319.99999285E-3,,,,,296.20001221,239.99999464E-3,,,,,296.20001221,-39.99999911E-3,
,,,296.39999390,0.0,,,,,296.39999390,280.00000119E-3,,,,,296.39999390,239.99999464E-3,,,,,296.39999390,-39.99999911E-3,
,,,296.60000610,0.0,,,,,296.60000610,239.99999464E-3,,,,,296.60000610,239.99999464E-3,,,,,296.60000610,0.0,
,,,296.80001831,0.0,,,,,296.80001831,319.99999285E-3,,,,,296.80001831,199.99998808E-3,,,,,296.80001831,-79.999998212E-3,
,,,297.00000000,39.99999911E-3,,,,,297.00000000,519.999980927E-3,,,,,297.00000000,280.00000119E-3,,,,,297.00000000,-39.99999911E-3,
,,,297.20001221,0.0,,,,,297.20001221,319.99999285E-3,,,,,297.20001221,280.00000119E-3,,,,,297.20001221,0.0,
,,,297.39999390,39.99999911E-3,,,,,297.39999390,280.00000119E-3,,,,,297.39999390,239.99999464E-3,,,,,297.39999390,0.0,
,,,297.60000610,39.99999911E-3,,,,,297.60000610,319.99999285E-3,,,,,297.60000610,280.00000119E-3,,,,,297.60000610,0.0,
,,,297.80001831,0.0,,,,,297.80001831,280.00000119E-3,,,,,297.80001831,239.99999464E-3,,,,,297.80001831,0.0,
,,,298.00000000,0.0,,,,,298.00000000,319.99999285E-3,,,,,298.00000000,239.99999464E-3,,,,,298.00000000,0.0,
,,,298.20001221,0.0,,,,,298.20001221,319.99999285E-3,,,,,298.20001221,239.99999464E-3,,,,,298.20001221,-39.99999911E-3,
,,,298.39999390,39.99999911E-3,,,,,298.39999390,319.99999285E-3,,,,,298.39999390,280.00000119E-3,,,,,298.39999390,0.0,
,,,298.60000610,0.0,,,,,298.60000610,280.00000119E-3,,,,,298.60000610,280.00000119E-3,,,,,298.60000610,0.0,
,,,298.80001831,0.0,,,,,298.80001831,319.99999285E-3,,,,,298.80001831,280.00000119E-3,,,,,298.80001831,0.0,
,,,299.00000000,0.0,,,,,299.00000000,319.99999285E-3,,,,,299.00000000,280.00000119E-3,,,,,299.00000000,-39.99999911E-3,
,,,299.20001221,0.0,,,,,299.20001221,359.99998450E-3,,,,,299.20001221,239.99999464E-3,,,,,299.20001221,0.0,
,,,299.39999390,0.0,,,,,299.39999390,359.99998450E-3,,,,,299.39999390,280.00000119E-3,,,,,299.39999390,0.0,
,,,299.60000610,0.0,,,,,299.60000610,319.99999285E-3,,,,,299.60000610,280.00000119E-3,,,,,299.60000610,0.0,
,,,299.80001831,0.0,,,,,299.80001831,319.99999285E-3,,,,,299.80001831,239.99999464E-3,,,,,299.80001831,-39.99999911E-3,
,,,300.00000000,0.0,,,,,300.00000000,319.99999285E-3,,,,,300.00000000,239.99999464E-3,,,,,300.00000000,-39.99999911E-3,
,,,300.20001221,0.0,,,,,300.20001221,319.99999285E-3,,,,,300.20001221,280.00000119E-3,,,,,300.20001221,-39.99999911E-3,
,,,300.39999390,0.0,,,,,300.39999390,319.99999285E-3,,,,,300.39999390,239.99999464E-3,,,,,300.39999390,-39.99999911E-3,
,,,300.60000610,0.0,,,,,300.60000610,319.99999285E-3,,,,,300.60000610,239.99999464E-3,,,,,300.60000610,-39.99999911E-3,
,,,300.80001831,0.0,,,,,300.80001831,319.99999285E-3,,,,,300.80001831,280.00000119E-3,,,,,300.80001831,-39.99999911E-3,
,,,301.00000000,0.0,,,,,301.00000000,319.99999285E-3,,,,,301.00000000,239.99999464E-3,,,,,301.00000000,-39.99999911E-3,
,,,301.20001221,0.0,,,,,301.20001221,319.99999285E-3,,,,,301.20001221,239.99999464E-3,,,,,301.20001221,-79.999998212E-3,
,,,301.39999390,0.0,,,,,301.39999390,319.99999285E-3,,,,,301.39999390,280.00000119E-3,,,,,301.39999390,-39.99999911E-3,
,,,301.60000610,0.0,,,,,301.60000610,359.99998450E-3,,,,,301.60000610,280.00000119E-3,,,,,301.60000610,0.0,
,,,301.80001831,0.0,,,,,301.80001831,319.99999285E-3,,,,,301.80001831,280.00000119E-3,,,,,301.80001831,-39.99999911E-3,
,,,302.00000000,0.0,,,,,302.00000000,319.99999285E-3,,,,,302.00000000,239.99999464E-3,,,,,302.00000000,79.999998212E-3,
,,,302.20001221,0.0,,,,,302.20001221,319.99999285E-3,,,,,302.20001221,199.99998808E-3,,,,,302.20001221,79.999998212E-3,
,,,302.39999390,0.0,,,,,302.39999390,319.99999285E-3,,,,,302.39999390,199.99998808E-3,,,,,302.39999390,119.9999973E-3,
,,,302.60000610,0.0,,,,,302.60000610,319.99999285E-3,,,,,302.60000610,239.99999464E-3,,,,,302.60000610,119.9999973E-3,
,,,302.80001831,0.0,,,,,302.80001831,359.99998450E-3,,,,,302.80001831,239.99999464E-3,,,,,302.80001831,119.9999973E-3,
,,,303.00000000,0.0,,,,,303.00000000,280.00000119E-3,,,,,303.00000000,239.99999464E-3,,,,,303.00000000,119.9999973E-3,
,,,303.20001221,0.0,,,,,303.20001221,359.99998450E-3,,,,,303.20001221,239.99999464E-3,,,,,303.20001221,119.9999973E-3,
,,,303.39999390,0.0,,,,,303.39999390,359.99998450E-3,,,,,303.39999390,239.99999464E-3,,,,,303.39999390,119.9999973E-3,
,,,303.60000610,0.0,,,,,303.60000610,359.99998450E-3,,,,,303.60000610,159.99999642E-3,,,,,303.60000610,0.0,
,,,303.80001831,0.0,,,,,303.80001831,319.99999285E-3,,,,,303.80001831,239.99999464E-3,,,,,303.80001831,79.999998212E-3,
,,,304.00000000,0.0,,,,,304.00000000,319.99999285E-3,,,,,304.00000000,239.99999464E-3,,,,,304.00000000,119.9999973E-3,
,,,304.20001221,0.0,,,,,304.20001221,359.99998450E-3,,,,,304.20001221,239.99999464E-3,,,,,304.20001221,79.999998212E-3,
,,,304.39999390,0.0,,,,,304.39999390,319.99999285E-3,,,,,304.39999390,239.99999464E-3,,,,,304.39999390,159.99999642E-3,
,,,304.60000610,0.0,,,,,304.60000610,280.00000119E-3,,,,,304.60000610,239.99999464E-3,,,,,304.60000610,79.999998212E-3,
,,,304.80001831,0.0,,,,,304.80001831,319.99999285E-3,,,,,304.80001831,239.99999464E-3,,,,,304.80001831,119.9999973E-3,
,,,305.00000000,39.99999911E-3,,,,,305.00000000,319.99999285E-3,,,,,305.00000000,239.99999464E-3,,,,,305.00000000,39.99999911E-3,
,,,305.20001221,0.0,,,,,305.20001221,319.99999285E-3,,,,,305.20001221,239.99999464E-3,,,,,305.20001221,119.9999973E-3,
,,,305.39999390,0.0,,,,,305.39999390,319.99999285E-3,,,,,305.39999390,239.99999464E-3,,,,,305.39999390,79.999998212E-3,
,,,305.60000610,0.0,,,,,305.60000610,319.99999285E-3,,,,,305.60000610,239.99999464E-3,,,,,305.60000610,119.9999973E-3,
,,,305.80001831,0.0,,,,,305.80001831,359.99998450E-3,,,,,305.80001831,239.99999464E-3,,,,,305.80001831,119.9999973E-3,
,,,306.00000000,0.0,,,,,306.00000000,359.99998450E-3,,,,,306.00000000,239.99999464E-3,,,,,306.00000000,79.999998212E-3,
,,,306.20001221,0.0,,,,,306.20001221,319.99999285E-3,,,,,306.20001221,199.99998808E-3,,,,,306.20001221,119.9999973E-3,
,,,306.39999390,0.0,,,,,306.39999390,359.99998450E-3,,,,,306.39999390,239.99999464E-3,,,,,306.39999390,79.999998212E-3,
,,,306.60000610,0.0,,,,,306.60000610,319.99999285E-3,,,,,306.60000610,199.99998808E-3,,,,,306.60000610,79.999998212E-3,
,,,306.80001831,0.0,,,,,306.80001831,359.99998450E-3,,,,,306.80001831,199.99998808E-3,,,,,306.80001831,39.99999911E-3,
,,,307.00000000,0.0,,,,,307.00000000,359.99998450E-3,,,,,307.00000000,239.99999464E-3,,,,,307.00000000,79.999998212E-3,
,,,307.20001221,0.0,,,,,307.20001221,319.99999285E-3,,,,,307.20001221,280.00000119E-3,,,,,307.20001221,199.99998808E-3,
,,,307.39999390,0.0,,,,,307.39999390,280.00000119E-3,,,,,307.39999390,239.99999464E-3,,,,,307.39999390,79.999998212E-3,
,,,307.60000610,0.0,,,,,307.60000610,319.99999285E-3,,,,,307.60000610,239.99999464E-3,,,,,307.60000610,79.999998212E-3,
,,,307.80001831,0.0,,,,,307.80001831,359.99998450E-3,,,,,307.80001831,239.99999464E-3,,,,,307.80001831,79.999998212E-3,
,,,308.00000000,0.0,,,,,308.00000000,319.99999285E-3,,,,,308.00000000,239.99999464E-3,,,,,308.00000000,79.999998212E-3,
,,,308.20001221,0.0,,,,,308.20001221,280.00000119E-3,,,,,308.20001221,239.99999464E-3,,,,,308.20001221,79.999998212E-3,
,,,308.39999390,0.0,,,,,308.39999390,359.99998450E-3,,,,,308.39999390,239.99999464E-3,,,,,308.39999390,79.999998212E-3,
,,,308.60000610,0.0,,,,,308.60000610,319.99999285E-3,,,,,308.60000610,239.99999464E-3,,,,,308.60000610,39.99999911E-3,
,,,308.80001831,0.0,,,,,308.80001831,319.99999285E-3,,,,,308.80001831,239.99999464E-3,,,,,308.80001831,39.99999911E-3,
,,,309.00000000,0.0,,,,,309.00000000,319.99999285E-3,,,,,309.00000000,239.99999464E-3,,,,,309.00000000,79.999998212E-3,
,,,309.20001221,0.0,,,,,309.20001221,319.99999285E-3,,,,,309.20001221,239.99999464E-3,,,,,309.20001221,39.99999911E-3,
,,,309.39999390,0.0,,,,,309.39999390,319.99999285E-3,,,,,309.39999390,199.99998808E-3,,,,,309.39999390,39.99999911E-3,
,,,309.60000610,0.0,,,,,309.60000610,319.99999285E-3,,,,,309.60000610,239.99999464E-3,,,,,309.60000610,39.99999911E-3,
,,,309.80001831,0.0,,,,,309.80001831,319.99999285E-3,,,,,309.80001831,239.99999464E-3,,,,,309.80001831,39.99999911E-3,
,,,310.00000000,0.0,,,,,310.00000000,319.99999285E-3,,,,,310.00000000,239.99999464E-3,,,,,310.00000000,0.0,
,,,310.20001221,0.0,,,,,310.20001221,399.99997616E-3,,,,,310.20001221,239.99999464E-3,,,,,310.20001221,39.99999911E-3,
,,,310.39999390,0.0,,,,,310.39999390,319.99999285E-3,,,,,310.39999390,239.99999464E-3,,,,,310.39999390,39.99999911E-3,
,,,310.60000610,-39.99999911E-3,,,,,310.60000610,319.99999285E-3,,,,,310.60000610,239.99999464E-3,,,,,310.60000610,39.99999911E-3,
,,,310.80001831,0.0,,,,,310.80001831,319.99999285E-3,,,,,310.80001831,199.99998808E-3,,,,,310.80001831,0.0,
,,,311.00000000,39.99999911E-3,,,,,311.00000000,319.99999285E-3,,,,,311.00000000,239.99999464E-3,,,,,311.00000000,0.0,
,,,311.20001221,0.0,,,,,311.20001221,359.99998450E-3,,,,,311.20001221,239.99999464E-3,,,,,311.20001221,0.0,
,,,311.39999390,0.0,,,,,311.39999390,319.99999285E-3,,,,,311.39999390,239.99999464E-3,,,,,311.39999390,0.0,
,,,311.60000610,0.0,,,,,311.60000610,319.99999285E-3,,,,,311.60000610,239.99999464E-3,,,,,311.60000610,39.99999911E-3,
,,,311.80001831,0.0,,,,,311.80001831,239.99999464E-3,,,,,311.80001831,239.99999464E-3,,,,,311.80001831,79.999998212E-3,
,,,312.00000000,0.0,,,,,312.00000000,359.99998450E-3,,,,,312.00000000,239.99999464E-3,,,,,312.00000000,39.99999911E-3,
,,,312.20001221,0.0,,,,,312.20001221,319.99999285E-3,,,,,312.20001221,199.99998808E-3,,,,,312.20001221,0.0,
,,,312.39999390,0.0,,,,,312.39999390,319.99999285E-3,,,,,312.39999390,239.99999464E-3,,,,,312.39999390,0.0,
,,,312.60000610,0.0,,,,,312.60000610,359.99998450E-3,,,,,312.60000610,199.99998808E-3,,,,,312.60000610,0.0,
,,,312.80001831,0.0,,,,,312.80001831,319.99999285E-3,,,,,312.80001831,239.99999464E-3,,,,,312.80001831,0.0,
,,,313.00000000,0.0,,,,,313.00000000,319.99999285E-3,,,,,313.00000000,239.99999464E-3,,,,,313.00000000,0.0,
,,,313.20001221,0.0,,,,,313.20001221,359.99998450E-3,,,,,313.20001221,239.99999464E-3,,,,,313.20001221,0.0,
,,,313.39999390,0.0,,,,,313.39999390,359.99998450E-3,,,,,313.39999390,239.99999464E-3,,,,,313.39999390,0.0,
,,,313.60000610,0.0,,,,,313.60000610,319.99999285E-3,,,,,313.60000610,239.99999464E-3,,,,,313.60000610,0.0,
,,,313.80001831,0.0,,,,,313.80001831,319.99999285E-3,,,,,313.80001831,239.99999464E-3,,,,,313.80001831,0.0,
,,,314.00000000,0.0,,,,,314.00000000,319.99999285E-3,,,,,314.00000000,239.99999464E-3,,,,,314.00000000,0.0,
,,,314.20001221,0.0,,,,,314.20001221,319.99999285E-3,,,,,314.20001221,199.99998808E-3,,,,,314.20001221,-119.9999973E-3,
,,,314.39999390,0.0,,,,,314.39999390,319.99999285E-3,,,,,314.39999390,239.99999464E-3,,,,,314.39999390,-39.99999911E-3,
,,,314.60000610,0.0,,,,,314.60000610,359.99998450E-3,,,,,314.60000610,239.99999464E-3,,,,,314.60000610,0.0,
,,,314.80001831,0.0,,,,,314.80001831,359.99998450E-3,,,,,314.80001831,239.99999464E-3,,,,,314.80001831,0.0,
,,,315.00000000,0.0,,,,,315.00000000,359.99998450E-3,,,,,315.00000000,239.99999464E-3,,,,,315.00000000,0.0,
,,,315.20001221,0.0,,,,,315.20001221,280.00000119E-3,,,,,315.20001221,239.99999464E-3,,,,,315.20001221,-39.99999911E-3,
,,,315.39999390,0.0,,,,,315.39999390,319.99999285E-3,,,,,315.39999390,239.99999464E-3,,,,,315.39999390,-39.99999911E-3,
,,,315.60000610,0.0,,,,,315.60000610,280.00000119E-3,,,,,315.60000610,280.00000119E-3,,,,,315.60000610,0.0,
,,,315.80001831,0.0,,,,,315.80001831,319.99999285E-3,,,,,315.80001831,239.99999464E-3,,,,,315.80001831,-79.999998212E-3,
,,,316.00000000,0.0,,,,,316.00000000,359.99998450E-3,,,,,316.00000000,239.99999464E-3,,,,,316.00000000,-39.99999911E-3,
,,,316.20001221,0.0,,,,,316.20001221,319.99999285E-3,,,,,316.20001221,239.99999464E-3,,,,,316.20001221,0.0,
,,,316.39999390,0.0,,,,,316.39999390,319.99999285E-3,,,,,316.39999390,239.99999464E-3,,,,,316.39999390,-39.99999911E-3,
,,,316.60000610,0.0,,,,,316.60000610,319.99999285E-3,,,,,316.60000610,239.99999464E-3,,,,,316.60000610,-39.99999911E-3,
,,,316.80001831,0.0,,,,,316.80001831,359.99998450E-3,,,,,316.80001831,239.99999464E-3,,,,,316.80001831,-39.99999911E-3,
,,,317.00000000,0.0,,,,,317.00000000,359.99998450E-3,,,,,317.00000000,239.99999464E-3,,,,,317.00000000,-39.99999911E-3,
,,,317.20001221,0.0,,,,,317.20001221,319.99999285E-3,,,,,317.20001221,239.99999464E-3,,,,,317.20001221,-39.99999911E-3,
,,,317.39999390,0.0,,,,,317.39999390,319.99999285E-3,,,,,317.39999390,239.99999464E-3,,,,,317.39999390,-39.99999911E-3,
,,,317.60000610,0.0,,,,,317.60000610,319.99999285E-3,,,,,317.60000610,199.99998808E-3,,,,,317.60000610,-119.9999973E-3,
,,,317.80001831,0.0,,,,,317.80001831,359.99998450E-3,,,,,317.80001831,199.99998808E-3,,,,,317.80001831,-119.9999973E-3,
,,,318.00000000,0.0,,,,,318.00000000,319.99999285E-3,,,,,318.00000000,199.99998808E-3,,,,,318.00000000,-79.999998212E-3,
,,,318.20001221,0.0,,,,,318.20001221,319.99999285E-3,,,,,318.20001221,199.99998808E-3,,,,,318.20001221,-39.99999911E-3,
,,,318.39999390,0.0,,,,,318.39999390,319.99999285E-3,,,,,318.39999390,239.99999464E-3,,,,,318.39999390,-79.999998212E-3,
,,,318.60000610,0.0,,,,,318.60000610,319.99999285E-3,,,,,318.60000610,239.99999464E-3,,,,,318.60000610,-39.99999911E-3,
,,,318.80001831,0.0,,,,,318.80001831,319.99999285E-3,,,,,318.80001831,239.99999464E-3,,,,,318.80001831,-79.999998212E-3,
,,,319.00000000,0.0,,,,,319.00000000,359.99998450E-3,,,,,319.00000000,239.99999464E-3,,,,,319.00000000,-39.99999911E-3,
,,,319.20001221,0.0,,,,,319.20001221,319.99999285E-3,,,,,319.20001221,239.99999464E-3,,,,,319.20001221,-79.999998212E-3,
,,,319.39999390,0.0,,,,,319.39999390,319.99999285E-3,,,,,319.39999390,199.99998808E-3,,,,,319.39999390,-119.9999973E-3,
,,,319.60000610,0.0,,,,,319.60000610,359.99998450E-3,,,,,319.60000610,199.99998808E-3,,,,,319.60000610,39.99999911E-3,
,,,319.80001831,0.0,,,,,319.80001831,319.99999285E-3,,,,,319.80001831,199.99998808E-3,,,,,319.80001831,79.999998212E-3,
,,,320.00000000,-39.99999911E-3,,,,,320.00000000,319.99999285E-3,,,,,320.00000000,199.99998808E-3,,,,,320.00000000,119.9999973E-3,
,,,320.20001221,0.0,,,,,320.20001221,319.99999285E-3,,,,,320.20001221,159.99999642E-3,,,,,320.20001221,119.9999973E-3,
,,,320.39999390,0.0,,,,,320.39999390,239.99999464E-3,,,,,320.39999390,159.99999642E-3,,,,,320.39999390,0.0,
,,,320.60000610,0.0,,,,,320.60000610,359.99998450E-3,,,,,320.60000610,199.99998808E-3,,,,,320.60000610,159.99999642E-3,
,,,320.80001831,0.0,,,,,320.80001831,319.99999285E-3,,,,,320.80001831,199.99998808E-3,,,,,320.80001831,119.9999973E-3,
,,,321.00000000,0.0,,,,,321.00000000,319.99999285E-3,,,,,321.00000000,199.99998808E-3,,,,,321.00000000,119.9999973E-3,
,,,321.20001221,0.0,,,,,321.20001221,399.99997616E-3,,,,,321.20001221,199.99998808E-3,,,,,321.20001221,119.9999973E-3,
,,,321.39999390,0.0,,,,,321.39999390,319.99999285E-3,,,,,321.39999390,159.99999642E-3,,,,,321.39999390,119.9999973E-3,
,,,321.60000610,0.0,,,,,321.60000610,280.00000119E-3,,,,,321.60000610,199.99998808E-3,,,,,321.60000610,79.999998212E-3,
,,,321.80001831,0.0,,,,,321.80001831,280.00000119E-3,,,,,321.80001831,199.99998808E-3,,,,,321.80001831,119.9999973E-3,
,,,322.00000000,0.0,,,,,322.00000000,319.99999285E-3,,,,,322.00000000,199.99998808E-3,,,,,322.00000000,79.999998212E-3,
,,,322.20001221,0.0,,,,,322.20001221,359.99998450E-3,,,,,322.20001221,199.99998808E-3,,,,,322.20001221,119.9999973E-3,
,,,322.39999390,0.0,,,,,322.39999390,280.00000119E-3,,,,,322.39999390,199.99998808E-3,,,,,322.39999390,119.9999973E-3,
,,,322.60000610,0.0,,,,,322.60000610,319.99999285E-3,,,,,322.60000610,199.99998808E-3,,,,,322.60000610,119.9999973E-3,
,,,322.80001831,0.0,,,,,322.80001831,280.00000119E-3,,,,,322.80001831,199.99998808E-3,,,,,322.80001831,119.9999973E-3,
,,,323.00000000,-39.99999911E-3,,,,,323.00000000,359.99998450E-3,,,,,323.00000000,239.99999464E-3,,,,,323.00000000,119.9999973E-3,
,,,323.20001221,0.0,,,,,323.20001221,359.99998450E-3,,,,,323.20001221,199.99998808E-3,,,,,323.20001221,79.999998212E-3,
,,,323.39999390,0.0,,,,,323.39999390,319.99999285E-3,,,,,323.39999390,199.99998808E-3,,,,,323.39999390,119.9999973E-3,
,,,323.60000610,0.0,,,,,323.60000610,319.99999285E-3,,,,,323.60000610,159.99999642E-3,,,,,323.60000610,39.99999911E-3,
,,,323.80001831,0.0,,,,,323.80001831,359.99998450E-3,,,,,323.80001831,199.99998808E-3,,,,,323.80001831,79.999998212E-3,
,,,324.00000000,0.0,,,,,324.00000000,359.99998450E-3,,,,,324.00000000,199.99998808E-3,,,,,324.00000000,79.999998212E-3,
,,,324.20001221,0.0,,,,,324.20001221,319.99999285E-3,,,,,324.20001221,280.00000119E-3,,,,,324.20001221,199.99998808E-3,
,,,324.39999390,-39.99999911E-3,,,,,324.39999390,359.99998450E-3,,,,,324.39999390,199.99998808E-3,,,,,324.39999390,119.9999973E-3,
,,,324.60000610,-39.99999911E-3,,,,,324.60000610,319.99999285E-3,,,,,324.60000610,199.99998808E-3,,,,,324.60000610,79.999998212E-3,
,,,324.80001831,0.0,,,,,324.80001831,359.99998450E-3,,,,,324.80001831,199.99998808E-3,,,,,324.80001831,79.999998212E-3,
,,,325.00000000,0.0,,,,,325.00000000,280.00000119E-3,,,,,325.00000000,199.99998808E-3,,,,,325.00000000,79.999998212E-3,
,,,325.20001221,39.99999911E-3,,,,,325.20001221,359.99998450E-3,,,,,325.20001221,199.99998808E-3,,,,,325.20001221,79.999998212E-3,
,,,325.39999390,0.0,,,,,325.39999390,399.99997616E-3,,,,,325.39999390,199.99998808E-3,,,,,325.39999390,79.999998212E-3,
,,,325.60000610,0.0,,,,,325.60000610,359.99998450E-3,,,,,325.60000610,159.99999642E-3,,,,,325.60000610,79.999998212E-3,
,,,325.80001831,0.0,,,,,325.80001831,280.00000119E-3,,,,,325.80001831,199.99998808E-3,,,,,325.80001831,39.99999911E-3,
,,,326.00000000,0.0,,,,,326.00000000,359.99998450E-3,,,,,326.00000000,159.99999642E-3,,,,,326.00000000,39.99999911E-3,
,,,326.20001221,0.0,,,,,326.20001221,319.99999285E-3,,,,,326.20001221,199.99998808E-3,,,,,326.20001221,79.999998212E-3,
,,,326.39999390,0.0,,,,,326.39999390,319.99999285E-3,,,,,326.39999390,199.99998808E-3,,,,,326.39999390,0.0,
,,,326.60000610,0.0,,,,,326.60000610,359.99998450E-3,,,,,326.60000610,199.99998808E-3,,,,,326.60000610,39.99999911E-3,
,,,326.80001831,39.99999911E-3,,,,,326.80001831,359.99998450E-3,,,,,326.80001831,239.99999464E-3,,,,,326.80001831,39.99999911E-3,
,,,327.00000000,0.0,,,,,327.00000000,319.99999285E-3,,,,,327.00000000,199.99998808E-3,,,,,327.00000000,39.99999911E-3,
,,,327.20001221,0.0,,,,,327.20001221,319.99999285E-3,,,,,327.20001221,239.99999464E-3,,,,,327.20001221,39.99999911E-3,
,,,327.39999390,0.0,,,,,327.39999390,319.99999285E-3,,,,,327.39999390,159.99999642E-3,,,,,327.39999390,39.99999911E-3,
,,,327.60000610,0.0,,,,,327.60000610,399.99997616E-3,,,,,327.60000610,199.99998808E-3,,,,,327.60000610,39.99999911E-3,
,,,327.80001831,0.0,,,,,327.80001831,319.99999285E-3,,,,,327.80001831,199.99998808E-3,,,,,327.80001831,39.99999911E-3,
,,,328.00000000,0.0,,,,,328.00000000,359.99998450E-3,,,,,328.00000000,199.99998808E-3,,,,,328.00000000,39.99999911E-3,
,,,328.20001221,0.0,,,,,328.20001221,359.99998450E-3,,,,,328.20001221,239.99999464E-3,,,,,328.20001221,0.0,
,,,328.39999390,0.0,,,,,328.39999390,319.99999285E-3,,,,,328.39999390,199.99998808E-3,,,,,328.39999390,0.0,
,,,328.60000610,0.0,,,,,328.60000610,319.99999285E-3,,,,,328.60000610,159.99999642E-3,,,,,328.60000610,0.0,
,,,328.80001831,0.0,,,,,328.80001831,319.99999285E-3,,,,,328.80001831,199.99998808E-3,,,,,328.80001831,39.99999911E-3,
,,,329.00000000,0.0,,,,,329.00000000,319.99999285E-3,,,,,329.00000000,199.99998808E-3,,,,,329.00000000,0.0,
,,,329.20001221,0.0,,,,,329.20001221,280.00000119E-3,,,,,329.20001221,199.99998808E-3,,,,,329.20001221,0.0,
,,,329.39999390,0.0,,,,,329.39999390,319.99999285E-3,,,,,329.39999390,199.99998808E-3,,,,,329.39999390,0.0,
,,,329.60000610,0.0,,,,,329.60000610,359.99998450E-3,,,,,329.60000610,199.99998808E-3,,,,,329.60000610,0.0,
,,,329.80001831,0.0,,,,,329.80001831,280.00000119E-3,,,,,329.80001831,199.99998808E-3,,,,,329.80001831,0.0,
,,,330.00000000,0.0,,,,,330.00000000,359.99998450E-3,,,,,330.00000000,199.99998808E-3,,,,,330.00000000,0.0,
,,,330.20001221,0.0,,,,,330.20001221,359.99998450E-3,,,,,330.20001221,199.99998808E-3,,,,,330.20001221,0.0,
,,,330.39999390,0.0,,,,,330.39999390,319.99999285E-3,,,,,330.39999390,199.99998808E-3,,,,,330.39999390,0.0,
,,,330.60000610,0.0,,,,,330.60000610,280.00000119E-3,,,,,330.60000610,199.99998808E-3,,,,,330.60000610,0.0,
,,,330.80001831,0.0,,,,,330.80001831,319.99999285E-3,,,,,330.80001831,199.99998808E-3,,,,,330.80001831,0.0,
,,,331.00000000,0.0,,,,,331.00000000,319.99999285E-3,,,,,331.00000000,199.99998808E-3,,,,,331.00000000,0.0,
,,,331.20001221,0.0,,,,,331.20001221,359.99998450E-3,,,,,331.20001221,239.99999464E-3,,,,,331.20001221,0.0,
,,,331.39999390,-39.99999911E-3,,,,,331.39999390,319.99999285E-3,,,,,331.39999390,199.99998808E-3,,,,,331.39999390,0.0,
,,,331.60000610,0.0,,,,,331.60000610,319.99999285E-3,,,,,331.60000610,199.99998808E-3,,,,,331.60000610,0.0,
,,,331.80001831,-39.99999911E-3,,,,,331.80001831,319.99999285E-3,,,,,331.80001831,199.99998808E-3,,,,,331.80001831,0.0,
,,,332.00000000,0.0,,,,,332.00000000,319.99999285E-3,,,,,332.00000000,199.99998808E-3,,,,,332.00000000,0.0,
,,,332.20001221,0.0,,,,,332.20001221,359.99998450E-3,,,,,332.20001221,199.99998808E-3,,,,,332.20001221,0.0,
,,,332.39999390,0.0,,,,,332.39999390,359.99998450E-3,,,,,332.39999390,199.99998808E-3,,,,,332.39999390,-39.99999911E-3,
,,,332.60000610,0.0,,,,,332.60000610,359.99998450E-3,,,,,332.60000610,199.99998808E-3,,,,,332.60000610,0.0,
,,,332.80001831,0.0,,,,,332.80001831,359.99998450E-3,,,,,332.80001831,239.99999464E-3,,,,,332.80001831,39.99999911E-3,
,,,333.00000000,0.0,,,,,333.00000000,399.99997616E-3,,,,,333.00000000,199.99998808E-3,,,,,333.00000000,-39.99999911E-3,
,,,333.20001221,0.0,,,,,333.20001221,359.99998450E-3,,,,,333.20001221,199.99998808E-3,,,,,333.20001221,-39.99999911E-3,
,,,333.39999390,0.0,,,,,333.39999390,319.99999285E-3,,,,,333.39999390,199.99998808E-3,,,,,333.39999390,-39.99999911E-3,
,,,333.60000610,0.0,,,,,333.60000610,319.99999285E-3,,,,,333.60000610,199.99998808E-3,,,,,333.60000610,0.0,
,,,333.80001831,0.0,,,,,333.80001831,359.99998450E-3,,,,,333.80001831,199.99998808E-3,,,,,333.80001831,0.0,
,,,334.00000000,0.0,,,,,334.00000000,359.99998450E-3,,,,,334.00000000,159.99999642E-3,,,,,334.00000000,-39.99999911E-3,
,,,334.20001221,0.0,,,,,334.20001221,359.99998450E-3,,,,,334.20001221,199.99998808E-3,,,,,334.20001221,-39.99999911E-3,
,,,334.39999390,0.0,,,,,334.39999390,319.99999285E-3,,,,,334.39999390,199.99998808E-3,,,,,334.39999390,-79.999998212E-3,
,,,334.60000610,0.0,,,,,334.60000610,399.99997616E-3,,,,,334.60000610,199.99998808E-3,,,,,334.60000610,-79.999998212E-3,
,,,334.80001831,0.0,,,,,334.80001831,239.99999464E-3,,,,,334.80001831,199.99998808E-3,,,,,334.80001831,-79.999998212E-3,
,,,335.00000000,0.0,,,,,335.00000000,319.99999285E-3,,,,,335.00000000,199.99998808E-3,,,,,335.00000000,-39.99999911E-3,
,,,335.20001221,0.0,,,,,335.20001221,319.99999285E-3,,,,,335.20001221,239.99999464E-3,,,,,335.20001221,0.0,
,,,335.39999390,0.0,,,,,335.39999390,319.99999285E-3,,,,,335.39999390,199.99998808E-3,,,,,335.39999390,-39.99999911E-3,
,,,335.60000610,0.0,,,,,335.60000610,319.99999285E-3,,,,,335.60000610,199.99998808E-3,,,,,335.60000610,-79.999998212E-3,
,,,335.80001831,0.0,,,,,335.80001831,319.99999285E-3,,,,,335.80001831,199.99998808E-3,,,,,335.80001831,-79.999998212E-3,
,,,336.00000000,0.0,,,,,336.00000000,319.99999285E-3,,,,,336.00000000,199.99998808E-3,,,,,336.00000000,-79.999998212E-3,
,,,336.20001221,0.0,,,,,336.20001221,399.99997616E-3,,,,,336.20001221,199.99998808E-3,,,,,336.20001221,-39.99999911E-3,
,,,336.39999390,0.0,,,,,336.39999390,319.99999285E-3,,,,,336.39999390,199.99998808E-3,,,,,336.39999390,-39.99999911E-3,
,,,336.60000610,0.0,,,,,336.60000610,319.99999285E-3,,,,,336.60000610,199.99998808E-3,,,,,336.60000610,0.0,
,,,336.80001831,0.0,,,,,336.80001831,359.99998450E-3,,,,,336.80001831,159.99999642E-3,,,,,336.80001831,79.999998212E-3,
,,,337.00000000,0.0,,,,,337.00000000,319.99999285E-3,,,,,337.00000000,199.99998808E-3,,,,,337.00000000,119.9999973E-3,
,,,337.20001221,0.0,,,,,337.20001221,319.99999285E-3,,,,,337.20001221,159.99999642E-3,,,,,337.20001221,119.9999973E-3,
,,,337.39999390,0.0,,,,,337.39999390,280.00000119E-3,,,,,337.39999390,199.99998808E-3,,,,,337.39999390,119.9999973E-3,
,,,337.60000610,0.0,,,,,337.60000610,319.99999285E-3,,,,,337.60000610,159.99999642E-3,,,,,337.60000610,119.9999973E-3,
,,,337.80001831,0.0,,,,,337.80001831,359.99998450E-3,,,,,337.80001831,159.99999642E-3,,,,,337.80001831,119.9999973E-3,
,,,338.00000000,0.0,,,,,338.00000000,359.99998450E-3,,,,,338.00000000,159.99999642E-3,,,,,338.00000000,79.999998212E-3,
,,,338.20001221,0.0,,,,,338.20001221,280.00000119E-3,,,,,338.20001221,119.9999973E-3,,,,,338.20001221,79.999998212E-3,
,,,338.39999390,0.0,,,,,338.39999390,359.99998450E-3,,,,,338.39999390,159.99999642E-3,,,,,338.39999390,159.99999642E-3,
,,,338.60000610,0.0,,,,,338.60000610,359.99998450E-3,,,,,338.60000610,159.99999642E-3,,,,,338.60000610,119.9999973E-3,
,,,338.80001831,0.0,,,,,338.80001831,319.99999285E-3,,,,,338.80001831,159.99999642E-3,,,,,338.80001831,79.999998212E-3,
,,,339.00000000,0.0,,,,,339.00000000,359.99998450E-3,,,,,339.00000000,159.99999642E-3,,,,,339.00000000,79.999998212E-3,
,,,339.20001221,0.0,,,,,339.20001221,319.99999285E-3,,,,,339.20001221,159.99999642E-3,,,,,339.20001221,79.999998212E-3,
,,,339.39999390,0.0,,,,,339.39999390,359.99998450E-3,,,,,339.39999390,159.99999642E-3,,,,,339.39999390,119.9999973E-3,
,,,339.60000610,0.0,,,,,339.60000610,359.99998450E-3,,,,,339.60000610,159.99999642E-3,,,,,339.60000610,79.999998212E-3,
,,,339.80001831,0.0,,,,,339.80001831,319.99999285E-3,,,,,339.80001831,159.99999642E-3,,,,,339.80001831,79.999998212E-3,
,,,340.00000000,0.0,,,,,340.00000000,359.99998450E-3,,,,,340.00000000,159.99999642E-3,,,,,340.00000000,79.999998212E-3,
,,,340.20001221,0.0,,,,,340.20001221,319.99999285E-3,,,,,340.20001221,159.99999642E-3,,,,,340.20001221,79.999998212E-3,
,,,340.39999390,0.0,,,,,340.39999390,359.99998450E-3,,,,,340.39999390,159.99999642E-3,,,,,340.39999390,119.9999973E-3,
,,,340.60000610,0.0,,,,,340.60000610,319.99999285E-3,,,,,340.60000610,159.99999642E-3,,,,,340.60000610,79.999998212E-3,
,,,340.80001831,0.0,,,,,340.80001831,359.99998450E-3,,,,,340.80001831,79.999998212E-3,,,,,340.80001831,-79.999998212E-3,
,,,341.00000000,0.0,,,,,341.00000000,319.99999285E-3,,,,,341.00000000,159.99999642E-3,,,,,341.00000000,39.99999911E-3,
,,,341.20001221,0.0,,,,,341.20001221,319.99999285E-3,,,,,341.20001221,159.99999642E-3,,,,,341.20001221,0.0,
,,,341.39999390,0.0,,,,,341.39999390,319.99999285E-3,,,,,341.39999390,159.99999642E-3,,,,,341.39999390,39.99999911E-3,
,,,341.60000610,39.99999911E-3,,,,,341.60000610,359.99998450E-3,,,,,341.60000610,159.99999642E-3,,,,,341.60000610,39.99999911E-3,
,,,341.80001831,0.0,,,,,341.80001831,399.99997616E-3,,,,,341.80001831,159.99999642E-3,,,,,341.80001831,39.99999911E-3,
,,,342.00000000,0.0,,,,,342.00000000,359.99998450E-3,,,,,342.00000000,159.99999642E-3,,,,,342.00000000,39.99999911E-3,
,,,342.20001221,0.0,,,,,342.20001221,359.99998450E-3,,,,,342.20001221,159.99999642E-3,,,,,342.20001221,39.99999911E-3,
,,,342.39999390,-39.99999911E-3,,,,,342.39999390,319.99999285E-3,,,,,342.39999390,159.99999642E-3,,,,,342.39999390,39.99999911E-3,
,,,342.60000610,0.0,,,,,342.60000610,319.99999285E-3,,,,,342.60000610,199.99998808E-3,,,,,342.60000610,159.99999642E-3,
,,,342.80001831,0.0,,,,,342.80001831,359.99998450E-3,,,,,342.80001831,159.99999642E-3,,,,,342.80001831,39.99999911E-3,
,,,343.00000000,0.0,,,,,343.00000000,359.99998450E-3,,,,,343.00000000,119.9999973E-3,,,,,343.00000000,39.99999911E-3,
,,,343.20001221,0.0,,,,,343.20001221,359.99998450E-3,,,,,343.20001221,159.99999642E-3,,,,,343.20001221,39.99999911E-3,
,,,343.39999390,0.0,,,,,343.39999390,359.99998450E-3,,,,,343.39999390,159.99999642E-3,,,,,343.39999390,0.0,
,,,343.60000610,0.0,,,,,343.60000610,319.99999285E-3,,,,,343.60000610,159.99999642E-3,,,,,343.60000610,39.99999911E-3,
,,,343.80001831,0.0,,,,,343.80001831,359.99998450E-3,,,,,343.80001831,159.99999642E-3,,,,,343.80001831,0.0,
,,,344.00000000,0.0,,,,,344.00000000,319.99999285E-3,,,,,344.00000000,159.99999642E-3,,,,,344.00000000,0.0,
,,,344.20001221,0.0,,,,,344.20001221,319.99999285E-3,,,,,344.20001221,159.99999642E-3,,,,,344.20001221,39.99999911E-3,
,,,344.39999390,39.99999911E-3,,,,,344.39999390,359.99998450E-3,,,,,344.39999390,159.99999642E-3,,,,,344.39999390,39.99999911E-3,
,,,344.60000610,0.0,,,,,344.60000610,359.99998450E-3,,,,,344.60000610,159.99999642E-3,,,,,344.60000610,0.0,
,,,344.80001831,0.0,,,,,344.80001831,319.99999285E-3,,,,,344.80001831,199.99998808E-3,,,,,344.80001831,0.0,
,,,345.00000000,0.0,,,,,345.00000000,359.99998450E-3,,,,,345.00000000,159.99999642E-3,,,,,345.00000000,39.99999911E-3,
,,,345.20001221,-39.99999911E-3,,,,,345.20001221,319.99999285E-3,,,,,345.20001221,199.99998808E-3,,,,,345.20001221,79.999998212E-3,
,,,345.39999390,0.0,,,,,345.39999390,359.99998450E-3,,,,,345.39999390,159.99999642E-3,,,,,345.39999390,0.0,
,,,345.60000610,0.0,,,,,345.60000610,359.99998450E-3,,,,,345.60000610,159.99999642E-3,,,,,345.60000610,0.0,
,,,345.80001831,0.0,,,,,345.80001831,319.99999285E-3,,,,,345.80001831,159.99999642E-3,,,,,345.80001831,0.0,
,,,346.00000000,0.0,,,,,346.00000000,319.99999285E-3,,,,,346.00000000,159.99999642E-3,,,,,346.00000000,0.0,
,,,346.20001221,0.0,,,,,346.20001221,319.99999285E-3,,,,,346.20001221,159.99999642E-3,,,,,346.20001221,0.0,
,,,346.39999390,0.0,,,,,346.39999390,359.99998450E-3,,,,,346.39999390,159.99999642E-3,,,,,346.39999390,-39.99999911E-3,
,,,346.60000610,0.0,,,,,346.60000610,280.00000119E-3,,,,,346.60000610,159.99999642E-3,,,,,346.60000610,0.0,
,,,346.80001831,0.0,,,,,346.80001831,359.99998450E-3,,,,,346.80001831,159.99999642E-3,,,,,346.80001831,0.0,
,,,347.00000000,0.0,,,,,347.00000000,399.99997616E-3,,,,,347.00000000,199.99998808E-3,,,,,347.00000000,0.0,
,,,347.20001221,0.0,,,,,347.20001221,319.99999285E-3,,,,,347.20001221,199.99998808E-3,,,,,347.20001221,0.0,
,,,347.39999390,0.0,,,,,347.39999390,359.99998450E-3,,,,,347.39999390,159.99999642E-3,,,,,347.39999390,0.0,
,,,347.60000610,0.0,,,,,347.60000610,319.99999285E-3,,,,,347.60000610,159.99999642E-3,,,,,347.60000610,0.0,
,,,347.80001831,0.0,,,,,347.80001831,359.99998450E-3,,,,,347.80001831,199.99998808E-3,,,,,347.80001831,0.0,
,,,348.00000000,0.0,,,,,348.00000000,280.00000119E-3,,,,,348.00000000,159.99999642E-3,,,,,348.00000000,-39.99999911E-3,
,,,348.20001221,0.0,,,,,348.20001221,319.99999285E-3,,,,,348.20001221,119.9999973E-3,,,,,348.20001221,0.0,
,,,348.39999390,0.0,,,,,348.39999390,319.99999285E-3,,,,,348.39999390,119.9999973E-3,,,,,348.39999390,-79.999998212E-3,
,,,348.60000610,0.0,,,,,348.60000610,359.99998450E-3,,,,,348.60000610,159.99999642E-3,,,,,348.60000610,-39.99999911E-3,
,,,348.80001831,0.0,,,,,348.80001831,319.99999285E-3,,,,,348.80001831,159.99999642E-3,,,,,348.80001831,0.0,
,,,349.00000000,0.0,,,,,349.00000000,319.99999285E-3,,,,,349.00000000,119.9999973E-3,,,,,349.00000000,-39.99999911E-3,
,,,349.20001221,0.0,,,,,349.20001221,359.99998450E-3,,,,,349.20001221,159.99999642E-3,,,,,349.20001221,-39.99999911E-3,
,,,349.39999390,0.0,,,,,349.39999390,359.99998450E-3,,,,,349.39999390,159.99999642E-3,,,,,349.39999390,-39.99999911E-3,
,,,349.60000610,0.0,,,,,349.60000610,319.99999285E-3,,,,,349.60000610,159.99999642E-3,,,,,349.60000610,0.0,
,,,349.80001831,-39.99999911E-3,,,,,349.80001831,359.99998450E-3,,,,,349.80001831,159.99999642E-3,,,,,349.80001831,-39.99999911E-3,
,,,350.00000000,0.0,,,,,350.00000000,359.99998450E-3,,,,,350.00000000,159.99999642E-3,,,,,350.00000000,-79.999998212E-3,
,,,350.20001221,0.0,,,,,350.20001221,319.99999285E-3,,,,,350.20001221,159.99999642E-3,,,,,350.20001221,-79.999998212E-3,
,,,350.39999390,0.0,,,,,350.39999390,319.99999285E-3,,,,,350.39999390,159.99999642E-3,,,,,350.39999390,-79.999998212E-3,
,,,350.60000610,0.0,,,,,350.60000610,280.00000119E-3,,,,,350.60000610,159.99999642E-3,,,,,350.60000610,-39.99999911E-3,
,,,350.80001831,-39.99999911E-3,,,,,350.80001831,319.99999285E-3,,,,,350.80001831,199.99998808E-3,,,,,350.80001831,0.0,
,,,351.00000000,0.0,,,,,351.00000000,319.99999285E-3,,,,,351.00000000,199.99998808E-3,,,,,351.00000000,0.0,
,,,351.20001221,-39.99999911E-3,,,,,351.20001221,359.99998450E-3,,,,,351.20001221,159.99999642E-3,,,,,351.20001221,-79.999998212E-3,
,,,351.39999390,0.0,,,,,351.39999390,359.99998450E-3,,,,,351.39999390,119.9999973E-3,,,,,351.39999390,-39.99999911E-3,
,,,351.60000610,0.0,,,,,351.60000610,319.99999285E-3,,,,,351.60000610,119.9999973E-3,,,,,351.60000610,-79.999998212E-3,
,,,351.80001831,0.0,,,,,351.80001831,359.99998450E-3,,,,,351.80001831,119.9999973E-3,,,,,351.80001831,-119.9999973E-3,
,,,352.00000000,0.0,,,,,352.00000000,319.99999285E-3,,,,,352.00000000,159.99999642E-3,,,,,352.00000000,-39.99999911E-3,
,,,352.20001221,39.99999911E-3,,,,,352.20001221,399.99997616E-3,,,,,352.20001221,159.99999642E-3,,,,,352.20001221,79.999998212E-3,
,,,352.39999390,0.0,,,,,352.39999390,319.99999285E-3,,,,,352.39999390,119.9999973E-3,,,,,352.39999390,79.999998212E-3,
,,,352.60000610,0.0,,,,,352.60000610,439.999997616E-3,,,,,352.60000610,119.9999973E-3,,,,,352.60000610,119.9999973E-3,
,,,352.80001831,0.0,,,,,352.80001831,399.99997616E-3,,,,,352.80001831,119.9999973E-3,,,,,352.80001831,79.999998212E-3,
,,,353.00000000,0.0,,,,,353.00000000,359.99998450E-3,,,,,353.00000000,119.9999973E-3,,,,,353.00000000,159.99999642E-3,
,,,353.20001221,0.0,,,,,353.20001221,319.99999285E-3,,,,,353.20001221,79.999998212E-3,,,,,353.20001221,119.9999973E-3,
,,,353.39999390,0.0,,,,,353.39999390,359.99998450E-3,,,,,353.39999390,159.99999642E-3,,,,,353.39999390,199.99998808E-3,
,,,353.60000610,39.99999911E-3,,,,,353.60000610,280.00000119E-3,,,,,353.60000610,119.9999973E-3,,,,,353.60000610,79.999998212E-3,
,,,353.80001831,-119.9999973E-3,,,,,353.80001831,319.99999285E-3,,,,,353.80001831,119.9999973E-3,,,,,353.80001831,119.9999973E-3,
,,,354.00000000,0.0,,,,,354.00000000,359.99998450E-3,,,,,354.00000000,119.9999973E-3,,,,,354.00000000,119.9999973E-3,
,,,354.20001221,0.0,,,,,354.20001221,359.99998450E-3,,,,,354.20001221,119.9999973E-3,,,,,354.20001221,119.9999973E-3,
,,,354.39999390,0.0,,,,,354.39999390,439.999997616E-3,,,,,354.39999390,119.9999973E-3,,,,,354.39999390,119.9999973E-3,
,,,354.60000610,0.0,,,,,354.60000610,319.99999285E-3,,,,,354.60000610,119.9999973E-3,,,,,354.60000610,39.99999911E-3,
,,,354.80001831,0.0,,,,,354.80001831,319.99999285E-3,,,,,354.80001831,119.9999973E-3,,,,,354.80001831,79.999998212E-3,
,,,355.00000000,0.0,,,,,355.00000000,280.00000119E-3,,,,,355.00000000,119.9999973E-3,,,,,355.00000000,79.999998212E-3,
,,,355.20001221,0.0,,,,,355.20001221,359.99998450E-3,,,,,355.20001221,119.9999973E-3,,,,,355.20001221,39.99999911E-3,
,,,355.39999390,0.0,,,,,355.39999390,319.99999285E-3,,,,,355.39999390,119.9999973E-3,,,,,355.39999390,79.999998212E-3,
,,,355.60000610,0.0,,,,,355.60000610,319.99999285E-3,,,,,355.60000610,119.9999973E-3,,,,,355.60000610,79.999998212E-3,
,,,355.80001831,0.0,,,,,355.80001831,359.99998450E-3,,,,,355.80001831,159.99999642E-3,,,,,355.80001831,79.999998212E-3,
,,,356.00000000,0.0,,,,,356.00000000,319.99999285E-3,,,,,356.00000000,119.9999973E-3,,,,,356.00000000,39.99999911E-3,
,,,356.20001221,0.0,,,,,356.20001221,319.99999285E-3,,,,,356.20001221,159.99999642E-3,,,,,356.20001221,159.99999642E-3,
,,,356.39999390,0.0,,,,,356.39999390,319.99999285E-3,,,,,356.39999390,119.9999973E-3,,,,,356.39999390,39.99999911E-3,
,,,356.60000610,0.0,,,,,356.60000610,319.99999285E-3,,,,,356.60000610,119.9999973E-3,,,,,356.60000610,39.99999911E-3,
,,,356.80001831,0.0,,,,,356.80001831,359.99998450E-3,,,,,356.80001831,79.999998212E-3,,,,,356.80001831,0.0,
,,,357.00000000,0.0,,,,,357.00000000,359.99998450E-3,,,,,357.00000000,119.9999973E-3,,,,,357.00000000,39.99999911E-3,
,,,357.20001221,0.0,,,,,357.20001221,319.99999285E-3,,,,,357.20001221,119.9999973E-3,,,,,357.20001221,39.99999911E-3,
,,,357.39999390,0.0,,,,,357.39999390,359.99998450E-3,,,,,357.39999390,119.9999973E-3,,,,,357.39999390,79.999998212E-3,
,,,357.60000610,0.0,,,,,357.60000610,359.99998450E-3,,,,,357.60000610,119.9999973E-3,,,,,357.60000610,39.99999911E-3,
,,,357.80001831,0.0,,,,,357.80001831,359.99998450E-3,,,,,357.80001831,119.9999973E-3,,,,,357.80001831,39.99999911E-3,
,,,358.00000000,39.99999911E-3,,,,,358.00000000,280.00000119E-3,,,,,358.00000000,119.9999973E-3,,,,,358.00000000,39.99999911E-3,
,,,358.20001221,-39.99999911E-3,,,,,358.20001221,359.99998450E-3,,,,,358.20001221,79.999998212E-3,,,,,358.20001221,39.99999911E-3,
,,,358.39999390,0.0,,,,,358.39999390,319.99999285E-3,,,,,358.39999390,119.9999973E-3,,,,,358.39999390,79.999998212E-3,
,,,358.60000610,0.0,,,,,358.60000610,359.99998450E-3,,,,,358.60000610,119.9999973E-3,,,,,358.60000610,79.999998212E-3,
,,,358.80001831,0.0,,,,,358.80001831,319.99999285E-3,,,,,358.80001831,119.9999973E-3,,,,,358.80001831,0.0,
,,,359.00000000,0.0,,,,,359.00000000,399.99997616E-3,,,,,359.00000000,119.9999973E-3,,,,,359.00000000,0.0,
,,,359.20001221,0.0,,,,,359.20001221,319.99999285E-3,,,,,359.20001221,119.9999973E-3,,,,,359.20001221,0.0,
,,,359.39999390,0.0,,,,,359.39999390,359.99998450E-3,,,,,359.39999390,119.9999973E-3,,,,,359.39999390,39.99999911E-3,
,,,359.60000610,-39.99999911E-3,,,,,359.60000610,319.99999285E-3,,,,,359.60000610,159.99999642E-3,,,,,359.60000610,39.99999911E-3,
,,,359.80001831,0.0,,,,,359.80001831,319.99999285E-3,,,,,359.80001831,119.9999973E-3,,,,,359.80001831,79.999998212E-3,
,,,360.00000000,0.0,,,,,360.00000000,319.99999285E-3,,,,,360.00000000,119.9999973E-3,,,,,360.00000000,0.0,
,,,360.20001221,0.0,,,,,360.20001221,359.99998450E-3,,,,,360.20001221,199.99998808E-3,,,,,360.20001221,119.9999973E-3,
,,,360.39999390,0.0,,,,,360.39999390,359.99998450E-3,,,,,360.39999390,79.999998212E-3,,,,,360.39999390,0.0,
,,,360.60000610,0.0,,,,,360.60000610,359.99998450E-3,,,,,360.60000610,119.9999973E-3,,,,,360.60000610,39.99999911E-3,
,,,360.80001831,0.0,,,,,360.80001831,319.99999285E-3,,,,,360.80001831,119.9999973E-3,,,,,360.80001831,39.99999911E-3,
,,,361.00000000,0.0,,,,,361.00000000,319.99999285E-3,,,,,361.00000000,119.9999973E-3,,,,,361.00000000,0.0,
,,,361.20001221,0.0,,,,,361.20001221,359.99998450E-3,,,,,361.20001221,119.9999973E-3,,,,,361.20001221,0.0,
,,,361.39999390,0.0,,,,,361.39999390,280.00000119E-3,,,,,361.39999390,79.999998212E-3,,,,,361.39999390,-39.99999911E-3,
,,,361.60000610,0.0,,,,,361.60000610,319.99999285E-3,,,,,361.60000610,119.9999973E-3,,,,,361.60000610,0.0,
,,,361.80001831,0.0,,,,,361.80001831,319.99999285E-3,,,,,361.80001831,119.9999973E-3,,,,,361.80001831,0.0,
,,,362.00000000,0.0,,,,,362.00000000,319.99999285E-3,,,,,362.00000000,79.999998212E-3,,,,,362.00000000,0.0,
,,,362.20001221,0.0,,,,,362.20001221,319.99999285E-3,,,,,362.20001221,119.9999973E-3,,,,,362.20001221,0.0,
,,,362.39999390,0.0,,,,,362.39999390,359.99998450E-3,,,,,362.39999390,159.99999642E-3,,,,,362.39999390,39.99999911E-3,
,,,362.60000610,0.0,,,,,362.60000610,359.99998450E-3,,,,,362.60000610,119.9999973E-3,,,,,362.60000610,0.0,
,,,362.80001831,0.0,,,,,362.80001831,359.99998450E-3,,,,,362.80001831,119.9999973E-3,,,,,362.80001831,0.0,
,,,363.00000000,0.0,,,,,363.00000000,359.99998450E-3,,,,,363.00000000,119.9999973E-3,,,,,363.00000000,39.99999911E-3,
,,,363.20001221,0.0,,,,,363.20001221,359.99998450E-3,,,,,363.20001221,119.9999973E-3,,,,,363.20001221,0.0,
,,,363.39999390,0.0,,,,,363.39999390,319.99999285E-3,,,,,363.39999390,79.999998212E-3,,,,,363.39999390,0.0,
,,,363.60000610,0.0,,,,,363.60000610,319.99999285E-3,,,,,363.60000610,119.9999973E-3,,,,,363.60000610,-39.99999911E-3,
,,,363.80001831,0.0,,,,,363.80001831,319.99999285E-3,,,,,363.80001831,119.9999973E-3,,,,,363.80001831,0.0,
,,,364.00000000,0.0,,,,,364.00000000,359.99998450E-3,,,,,364.00000000,159.99999642E-3,,,,,364.00000000,0.0,
,,,364.20001221,0.0,,,,,364.20001221,319.99999285E-3,,,,,364.20001221,119.9999973E-3,,,,,364.20001221,-39.99999911E-3,
,,,364.39999390,0.0,,,,,364.39999390,319.99999285E-3,,,,,364.39999390,119.9999973E-3,,,,,364.39999390,0.0,
,,,364.60000610,0.0,,,,,364.60000610,359.99998450E-3,,,,,364.60000610,119.9999973E-3,,,,,364.60000610,0.0,
,,,364.80001831,0.0,,,,,364.80001831,319.99999285E-3,,,,,364.80001831,119.9999973E-3,,,,,364.80001831,-39.99999911E-3,
,,,365.00000000,0.0,,,,,365.00000000,319.99999285E-3,,,,,365.00000000,159.99999642E-3,,,,,365.00000000,0.0,
,,,365.20001221,0.0,,,,,365.20001221,319.99999285E-3,,,,,365.20001221,119.9999973E-3,,,,,365.20001221,0.0,
,,,365.39999390,0.0,,,,,365.39999390,319.99999285E-3,,,,,365.39999390,159.99999642E-3,,,,,365.39999390,-39.99999911E-3,
,,,365.60000610,0.0,,,,,365.60000610,359.99998450E-3,,,,,365.60000610,119.9999973E-3,,,,,365.60000610,-79.999998212E-3,
,,,365.80001831,0.0,,,,,365.80001831,319.99999285E-3,,,,,365.80001831,119.9999973E-3,,,,,365.80001831,-79.999998212E-3,
,,,366.00000000,0.0,,,,,366.00000000,280.00000119E-3,,,,,366.00000000,119.9999973E-3,,,,,366.00000000,-39.99999911E-3,
,,,366.20001221,0.0,,,,,366.20001221,359.99998450E-3,,,,,366.20001221,119.9999973E-3,,,,,366.20001221,-79.999998212E-3,
,,,366.39999390,0.0,,,,,366.39999390,319.99999285E-3,,,,,366.39999390,119.9999973E-3,,,,,366.39999390,-39.99999911E-3,
,,,366.60000610,0.0,,,,,366.60000610,319.99999285E-3,,,,,366.60000610,119.9999973E-3,,,,,366.60000610,-39.99999911E-3,
,,,366.80001831,0.0,,,,,366.80001831,319.99999285E-3,,,,,366.80001831,119.9999973E-3,,,,,366.80001831,-39.99999911E-3,
,,,367.00000000,0.0,,,,,367.00000000,319.99999285E-3,,,,,367.00000000,119.9999973E-3,,,,,367.00000000,-39.99999911E-3,
,,,367.20001221,0.0,,,,,367.20001221,280.00000119E-3,,,,,367.20001221,119.9999973E-3,,,,,367.20001221,-79.999998212E-3,
,,,367.39999390,0.0,,,,,367.39999390,319.99999285E-3,,,,,367.39999390,119.9999973E-3,,,,,367.39999390,-39.99999911E-3,
,,,367.60000610,0.0,,,,,367.60000610,280.00000119E-3,,,,,367.60000610,79.999998212E-3,,,,,367.60000610,119.9999973E-3,
,,,367.80001831,0.0,,,,,367.80001831,280.00000119E-3,,,,,367.80001831,79.999998212E-3,,,,,367.80001831,119.9999973E-3,
,,,368.00000000,0.0,,,,,368.00000000,359.99998450E-3,,,,,368.00000000,119.9999973E-3,,,,,368.00000000,159.99999642E-3,
,,,368.20001221,0.0,,,,,368.20001221,319.99999285E-3,,,,,368.20001221,79.999998212E-3,,,,,368.20001221,119.9999973E-3,
,,,368.39999390,0.0,,,,,368.39999390,319.99999285E-3,,,,,368.39999390,79.999998212E-3,,,,,368.39999390,119.9999973E-3,
,,,368.60000610,0.0,,,,,368.60000610,319.99999285E-3,,,,,368.60000610,79.999998212E-3,,,,,368.60000610,119.9999973E-3,
,,,368.80001831,0.0,,,,,368.80001831,359.99998450E-3,,,,,368.80001831,79.999998212E-3,,,,,368.80001831,159.99999642E-3,
,,,369.00000000,0.0,,,,,369.00000000,319.99999285E-3,,,,,369.00000000,119.9999973E-3,,,,,369.00000000,159.99999642E-3,
,,,369.20001221,0.0,,,,,369.20001221,319.99999285E-3,,,,,369.20001221,79.999998212E-3,,,,,369.20001221,159.99999642E-3,
,,,369.39999390,0.0,,,,,369.39999390,319.99999285E-3,,,,,369.39999390,79.999998212E-3,,,,,369.39999390,159.99999642E-3,
,,,369.60000610,0.0,,,,,369.60000610,319.99999285E-3,,,,,369.60000610,79.999998212E-3,,,,,369.60000610,119.9999973E-3,
,,,369.80001831,0.0,,,,,369.80001831,359.99998450E-3,,,,,369.80001831,79.999998212E-3,,,,,369.80001831,159.99999642E-3,
,,,370.00000000,0.0,,,,,370.00000000,399.99997616E-3,,,,,370.00000000,79.999998212E-3,,,,,370.00000000,79.999998212E-3,
,,,370.20001221,0.0,,,,,370.20001221,319.99999285E-3,,,,,370.20001221,119.9999973E-3,,,,,370.20001221,199.99998808E-3,
,,,370.39999390,0.0,,,,,370.39999390,359.99998450E-3,,,,,370.39999390,79.999998212E-3,,,,,370.39999390,119.9999973E-3,
,,,370.60000610,0.0,,,,,370.60000610,280.00000119E-3,,,,,370.60000610,119.9999973E-3,,,,,370.60000610,159.99999642E-3,
,,,370.80001831,0.0,,,,,370.80001831,319.99999285E-3,,,,,370.80001831,79.999998212E-3,,,,,370.80001831,119.9999973E-3,
,,,371.00000000,0.0,,,,,371.00000000,359.99998450E-3,,,,,371.00000000,119.9999973E-3,,,,,371.00000000,119.9999973E-3,
,,,371.20001221,0.0,,,,,371.20001221,319.99999285E-3,,,,,371.20001221,79.999998212E-3,,,,,371.20001221,119.9999973E-3,
,,,371.39999390,0.0,,,,,371.39999390,319.99999285E-3,,,,,371.39999390,79.999998212E-3,,,,,371.39999390,119.9999973E-3,
,,,371.60000610,0.0,,,,,371.60000610,359.99998450E-3,,,,,371.60000610,79.999998212E-3,,,,,371.60000610,79.999998212E-3,
,,,371.80001831,0.0,,,,,371.80001831,359.99998450E-3,,,,,371.80001831,79.999998212E-3,,,,,371.80001831,119.9999973E-3,
,,,372.00000000,0.0,,,,,372.00000000,359.99998450E-3,,,,,372.00000000,79.999998212E-3,,,,,372.00000000,39.99999911E-3,
,,,372.20001221,0.0,,,,,372.20001221,280.00000119E-3,,,,,372.20001221,79.999998212E-3,,,,,372.20001221,79.999998212E-3,
,,,372.39999390,0.0,,,,,372.39999390,319.99999285E-3,,,,,372.39999390,79.999998212E-3,,,,,372.39999390,79.999998212E-3,
,,,372.60000610,0.0,,,,,372.60000610,359.99998450E-3,,,,,372.60000610,79.999998212E-3,,,,,372.60000610,39.99999911E-3,
,,,372.80001831,0.0,,,,,372.80001831,399.99997616E-3,,,,,372.80001831,79.999998212E-3,,,,,372.80001831,79.999998212E-3,
,,,373.00000000,0.0,,,,,373.00000000,399.99997616E-3,,,,,373.00000000,79.999998212E-3,,,,,373.00000000,79.999998212E-3,
,,,373.20001221,39.99999911E-3,,,,,373.20001221,359.99998450E-3,,,,,373.20001221,79.999998212E-3,,,,,373.20001221,39.99999911E-3,
,,,373.39999390,0.0,,,,,373.39999390,319.99999285E-3,,,,,373.39999390,79.999998212E-3,,,,,373.39999390,119.9999973E-3,
,,,373.60000610,0.0,,,,,373.60000610,359.99998450E-3,,,,,373.60000610,79.999998212E-3,,,,,373.60000610,79.999998212E-3,
,,,373.80001831,-39.99999911E-3,,,,,373.80001831,319.99999285E-3,,,,,373.80001831,79.999998212E-3,,,,,373.80001831,39.99999911E-3,
,,,374.00000000,0.0,,,,,374.00000000,359.99998450E-3,,,,,374.00000000,79.999998212E-3,,,,,374.00000000,79.999998212E-3,
,,,374.20001221,0.0,,,,,374.20001221,359.99998450E-3,,,,,374.20001221,79.999998212E-3,,,,,374.20001221,0.0,
,,,374.39999390,0.0,,,,,374.39999390,319.99999285E-3,,,,,374.39999390,79.999998212E-3,,,,,374.39999390,39.99999911E-3,
,,,374.60000610,0.0,,,,,374.60000610,319.99999285E-3,,,,,374.60000610,79.999998212E-3,,,,,374.60000610,39.99999911E-3,
,,,374.80001831,0.0,,,,,374.80001831,319.99999285E-3,,,,,374.80001831,79.999998212E-3,,,,,374.80001831,39.99999911E-3,
,,,375.00000000,0.0,,,,,375.00000000,359.99998450E-3,,,,,375.00000000,79.999998212E-3,,,,,375.00000000,39.99999911E-3,
,,,375.20001221,0.0,,,,,375.20001221,359.99998450E-3,,,,,375.20001221,79.999998212E-3,,,,,375.20001221,39.99999911E-3,
,,,375.39999390,0.0,,,,,375.39999390,319.99999285E-3,,,,,375.39999390,79.999998212E-3,,,,,375.39999390,39.99999911E-3,
,,,375.60000610,0.0,,,,,375.60000610,359.99998450E-3,,,,,375.60000610,79.999998212E-3,,,,,375.60000610,39.99999911E-3,
,,,375.80001831,0.0,,,,,375.80001831,280.00000119E-3,,,,,375.80001831,79.999998212E-3,,,,,375.80001831,79.999998212E-3,
,,,376.00000000,0.0,,,,,376.00000000,319.99999285E-3,,,,,376.00000000,39.99999911E-3,,,,,376.00000000,0.0,
,,,376.20001221,0.0,,,,,376.20001221,319.99999285E-3,,,,,376.20001221,79.999998212E-3,,,,,376.20001221,79.999998212E-3,
,,,376.39999390,0.0,,,,,376.39999390,319.99999285E-3,,,,,376.39999390,79.999998212E-3,,,,,376.39999390,0.0,
,,,376.60000610,0.0,,,,,376.60000610,359.99998450E-3,,,,,376.60000610,79.999998212E-3,,,,,376.60000610,0.0,
,,,376.80001831,0.0,,,,,376.80001831,359.99998450E-3,,,,,376.80001831,79.999998212E-3,,,,,376.80001831,0.0,
,,,377.00000000,0.0,,,,,377.00000000,319.99999285E-3,,,,,377.00000000,79.999998212E-3,,,,,377.00000000,0.0,
,,,377.20001221,0.0,,,,,377.20001221,319.99999285E-3,,,,,377.20001221,79.999998212E-3,,,,,377.20001221,0.0,
,,,377.39999390,0.0,,,,,377.39999390,319.99999285E-3,,,,,377.39999390,79.999998212E-3,,,,,377.39999390,0.0,
,,,377.60000610,0.0,,,,,377.60000610,399.99997616E-3,,,,,377.60000610,79.999998212E-3,,,,,377.60000610,0.0,
,,,377.80001831,0.0,,,,,377.80001831,319.99999285E-3,,,,,377.80001831,79.999998212E-3,,,,,377.80001831,0.0,
,,,378.00000000,0.0,,,,,378.00000000,319.99999285E-3,,,,,378.00000000,79.999998212E-3,,,,,378.00000000,39.99999911E-3,
,,,378.20001221,0.0,,,,,378.20001221,319.99999285E-3,,,,,378.20001221,79.999998212E-3,,,,,378.20001221,0.0,
,,,378.39999390,0.0,,,,,378.39999390,319.99999285E-3,,,,,378.39999390,119.9999973E-3,,,,,378.39999390,79.999998212E-3,
,,,378.60000610,0.0,,,,,378.60000610,319.99999285E-3,,,,,378.60000610,79.999998212E-3,,,,,378.60000610,0.0,
,,,378.80001831,0.0,,,,,378.80001831,319.99999285E-3,,,,,378.80001831,79.999998212E-3,,,,,378.80001831,0.0,
,,,379.00000000,0.0,,,,,379.00000000,319.99999285E-3,,,,,379.00000000,79.999998212E-3,,,,,379.00000000,-39.99999911E-3,
,,,379.20001221,0.0,,,,,379.20001221,280.00000119E-3,,,,,379.20001221,79.999998212E-3,,,,,379.20001221,0.0,
,,,379.39999390,0.0,,,,,379.39999390,359.99998450E-3,,,,,379.39999390,79.999998212E-3,,,,,379.39999390,0.0,
,,,379.60000610,0.0,,,,,379.60000610,359.99998450E-3,,,,,379.60000610,79.999998212E-3,,,,,379.60000610,0.0,
,,,379.80001831,0.0,,,,,379.80001831,319.99999285E-3,,,,,379.80001831,79.999998212E-3,,,,,379.80001831,0.0,
,,,380.00000000,0.0,,,,,380.00000000,319.99999285E-3,,,,,380.00000000,79.999998212E-3,,,,,380.00000000,0.0,
,,,380.20001221,0.0,,,,,380.20001221,359.99998450E-3,,,,,380.20001221,39.99999911E-3,,,,,380.20001221,-119.9999973E-3,
,,,380.39999390,0.0,,,,,380.39999390,199.99998808E-3,,,,,380.39999390,79.999998212E-3,,,,,380.39999390,0.0,
,,,380.60000610,0.0,,,,,380.60000610,319.99999285E-3,,,,,380.60000610,79.999998212E-3,,,,,380.60000610,0.0,
,,,380.80001831,0.0,,,,,380.80001831,319.99999285E-3,,,,,380.80001831,79.999998212E-3,,,,,380.80001831,-39.99999911E-3,
,,,381.00000000,0.0,,,,,381.00000000,319.99999285E-3,,,,,381.00000000,79.999998212E-3,,,,,381.00000000,-39.99999911E-3,
,,,381.20001221,0.0,,,,,381.20001221,319.99999285E-3,,,,,381.20001221,79.999998212E-3,,,,,381.20001221,-39.99999911E-3,
,,,381.39999390,0.0,,,,,381.39999390,319.99999285E-3,,,,,381.39999390,79.999998212E-3,,,,,381.39999390,0.0,
,,,381.60000610,0.0,,,,,381.60000610,359.99998450E-3,,,,,381.60000610,79.999998212E-3,,,,,381.60000610,-39.99999911E-3,
,,,381.80001831,0.0,,,,,381.80001831,319.99999285E-3,,,,,381.80001831,79.999998212E-3,,,,,381.80001831,-39.99999911E-3,
,,,382.00000000,0.0,,,,,382.00000000,280.00000119E-3,,,,,382.00000000,119.9999973E-3,,,,,382.00000000,0.0,
,,,382.20001221,0.0,,,,,382.20001221,319.99999285E-3,,,,,382.20001221,79.999998212E-3,,,,,382.20001221,-39.99999911E-3,
,,,382.39999390,0.0,,,,,382.39999390,319.99999285E-3,,,,,382.39999390,79.999998212E-3,,,,,382.39999390,-39.99999911E-3,
,,,382.60000610,0.0,,,,,382.60000610,319.99999285E-3,,,,,382.60000610,79.999998212E-3,,,,,382.60000610,-39.99999911E-3,
,,,382.80001831,0.0,,,,,382.80001831,319.99999285E-3,,,,,382.80001831,79.999998212E-3,,,,,382.80001831,-39.99999911E-3,
,,,383.00000000,0.0,,,,,383.00000000,359.99998450E-3,,,,,383.00000000,79.999998212E-3,,,,,383.00000000,39.99999911E-3,
,,,383.20001221,0.0,,,,,383.20001221,359.99998450E-3,,,,,383.20001221,39.99999911E-3,,,,,383.20001221,119.9999973E-3,
,,,383.39999390,0.0,,,,,383.39999390,319.99999285E-3,,,,,383.39999390,79.999998212E-3,,,,,383.39999390,119.9999973E-3,
,,,383.60000610,0.0,,,,,383.60000610,359.99998450E-3,,,,,383.60000610,39.99999911E-3,,,,,383.60000610,159.99999642E-3,
,,,383.80001831,0.0,,,,,383.80001831,359.99998450E-3,,,,,383.80001831,39.99999911E-3,,,,,383.80001831,159.99999642E-3,
,,,384.00000000,0.0,,,,,384.00000000,359.99998450E-3,,,,,384.00000000,79.999998212E-3,,,,,384.00000000,119.9999973E-3,
,,,384.20001221,0.0,,,,,384.20001221,359.99998450E-3,,,,,384.20001221,39.99999911E-3,,,,,384.20001221,119.9999973E-3,
,,,384.39999390,0.0,,,,,384.39999390,319.99999285E-3,,,,,384.39999390,79.999998212E-3,,,,,384.39999390,159.99999642E-3,
,,,384.60000610,0.0,,,,,384.60000610,359.99998450E-3,,,,,384.60000610,79.999998212E-3,,,,,384.60000610,159.99999642E-3,
,,,384.80001831,0.0,,,,,384.80001831,319.99999285E-3,,,,,384.80001831,39.99999911E-3,,,,,384.80001831,159.99999642E-3,
,,,385.00000000,0.0,,,,,385.00000000,359.99998450E-3,,,,,385.00000000,79.999998212E-3,,,,,385.00000000,119.9999973E-3,
,,,385.20001221,0.0,,,,,385.20001221,359.99998450E-3,,,,,385.20001221,79.999998212E-3,,,,,385.20001221,119.9999973E-3,
,,,385.39999390,0.0,,,,,385.39999390,319.99999285E-3,,,,,385.39999390,39.99999911E-3,,,,,385.39999390,119.9999973E-3,
,,,385.60000610,0.0,,,,,385.60000610,359.99998450E-3,,,,,385.60000610,79.999998212E-3,,,,,385.60000610,119.9999973E-3,
,,,385.80001831,0.0,,,,,385.80001831,319.99999285E-3,,,,,385.80001831,79.999998212E-3,,,,,385.80001831,119.9999973E-3,
,,,386.00000000,0.0,,,,,386.00000000,359.99998450E-3,,,,,386.00000000,79.999998212E-3,,,,,386.00000000,119.9999973E-3,
,,,386.20001221,0.0,,,,,386.20001221,399.99997616E-3,,,,,386.20001221,39.99999911E-3,,,,,386.20001221,119.9999973E-3,
,,,386.39999390,0.0,,,,,386.39999390,319.99999285E-3,,,,,386.39999390,79.999998212E-3,,,,,386.39999390,79.999998212E-3,
,,,386.60000610,0.0,,,,,386.60000610,359.99998450E-3,,,,,386.60000610,39.99999911E-3,,,,,386.60000610,79.999998212E-3,
,,,386.80001831,0.0,,,,,386.80001831,359.99998450E-3,,,,,386.80001831,79.999998212E-3,,,,,386.80001831,159.99999642E-3,
,,,387.00000000,0.0,,,,,387.00000000,280.00000119E-3,,,,,387.00000000,39.99999911E-3,,,,,387.00000000,79.999998212E-3,
,,,387.20001221,0.0,,,,,387.20001221,359.99998450E-3,,,,,387.20001221,39.99999911E-3,,,,,387.20001221,119.9999973E-3,
,,,387.39999390,0.0,,,,,387.39999390,359.99998450E-3,,,,,387.39999390,39.99999911E-3,,,,,387.39999390,39.99999911E-3,
,,,387.60000610,0.0,,,,,387.60000610,280.00000119E-3,,,,,387.60000610,79.999998212E-3,,,,,387.60000610,119.9999973E-3,
,,,387.80001831,0.0,,,,,387.80001831,399.99997616E-3,,,,,387.80001831,79.999998212E-3,,,,,387.80001831,39.99999911E-3,
,,,388.00000000,0.0,,,,,388.00000000,319.99999285E-3,,,,,388.00000000,79.999998212E-3,,,,,388.00000000,79.999998212E-3,
,,,388.20001221,0.0,,,,,388.20001221,319.99999285E-3,,,,,388.20001221,79.999998212E-3,,,,,388.20001221,39.99999911E-3,
,,,388.39999390,0.0,,,,,388.39999390,280.00000119E-3,,,,,388.39999390,39.99999911E-3,,,,,388.39999390,39.99999911E-3,
,,,388.60000610,0.0,,,,,388.60000610,280.00000119E-3,,,,,388.60000610,79.999998212E-3,,,,,388.60000610,79.999998212E-3,
,,,388.80001831,0.0,,,,,388.80001831,319.99999285E-3,,,,,388.80001831,79.999998212E-3,,,,,388.80001831,79.999998212E-3,
,,,389.00000000,0.0,,,,,389.00000000,319.99999285E-3,,,,,389.00000000,79.999998212E-3,,,,,389.00000000,79.999998212E-3,
,,,389.20001221,0.0,,,,,389.20001221,280.00000119E-3,,,,,389.20001221,39.99999911E-3,,,,,389.20001221,79.999998212E-3,
,,,389.39999390,0.0,,,,,389.39999390,319.99999285E-3,,,,,389.39999390,79.999998212E-3,,,,,389.39999390,79.999998212E-3,
,,,389.60000610,0.0,,,,,389.60000610,359.99998450E-3,,,,,389.60000610,39.99999911E-3,,,,,389.60000610,79.999998212E-3,
,,,389.80001831,0.0,,,,,389.80001831,319.99999285E-3,,,,,389.80001831,39.99999911E-3,,,,,389.80001831,39.99999911E-3,
,,,390.00000000,0.0,,,,,390.00000000,319.99999285E-3,,,,,390.00000000,39.99999911E-3,,,,,390.00000000,39.99999911E-3,
,,,390.20001221,0.0,,,,,390.20001221,359.99998450E-3,,,,,390.20001221,39.99999911E-3,,,,,390.20001221,39.99999911E-3,
,,,390.39999390,0.0,,,,,390.39999390,319.99999285E-3,,,,,390.39999390,79.999998212E-3,,,,,390.39999390,39.99999911E-3,
,,,390.60000610,-39.99999911E-3,,,,,390.60000610,359.99998450E-3,,,,,390.60000610,39.99999911E-3,,,,,390.60000610,39.99999911E-3,
,,,390.80001831,0.0,,,,,390.80001831,319.99999285E-3,,,,,390.80001831,79.999998212E-3,,,,,390.80001831,39.99999911E-3,
,,,391.00000000,0.0,,,,,391.00000000,319.99999285E-3,,,,,391.00000000,39.99999911E-3,,,,,391.00000000,39.99999911E-3,
,,,391.20001221,0.0,,,,,391.20001221,319.99999285E-3,,,,,391.20001221,39.99999911E-3,,,,,391.20001221,39.99999911E-3,
,,,391.39999390,0.0,,,,,391.39999390,319.99999285E-3,,,,,391.39999390,39.99999911E-3,,,,,391.39999390,39.99999911E-3,
,,,391.60000610,0.0,,,,,391.60000610,359.99998450E-3,,,,,391.60000610,79.999998212E-3,,,,,391.60000610,39.99999911E-3,
,,,391.80001831,0.0,,,,,391.80001831,319.99999285E-3,,,,,391.80001831,79.999998212E-3,,,,,391.80001831,0.0,
,,,392.00000000,0.0,,,,,392.00000000,359.99998450E-3,,,,,392.00000000,79.999998212E-3,,,,,392.00000000,0.0,
,,,392.20001221,-39.99999911E-3,,,,,392.20001221,319.99999285E-3,,,,,392.20001221,39.99999911E-3,,,,,392.20001221,0.0,
,,,392.39999390,0.0,,,,,392.39999390,359.99998450E-3,,,,,392.39999390,79.999998212E-3,,,,,392.39999390,0.0,
,,,392.60000610,0.0,,,,,392.60000610,319.99999285E-3,,,,,392.60000610,39.99999911E-3,,,,,392.60000610,0.0,
,,,392.80001831,-39.99999911E-3,,,,,392.80001831,319.99999285E-3,,,,,392.80001831,79.999998212E-3,,,,,392.80001831,0.0,
,,,393.00000000,0.0,,,,,393.00000000,359.99998450E-3,,,,,393.00000000,79.999998212E-3,,,,,393.00000000,0.0,
,,,393.20001221,-39.99999911E-3,,,,,393.20001221,359.99998450E-3,,,,,393.20001221,79.999998212E-3,,,,,393.20001221,0.0,
,,,393.39999390,0.0,,,,,393.39999390,319.99999285E-3,,,,,393.39999390,79.999998212E-3,,,,,393.39999390,0.0,
,,,393.60000610,0.0,,,,,393.60000610,359.99998450E-3,,,,,393.60000610,79.999998212E-3,,,,,393.60000610,39.99999911E-3,
,,,393.80001831,0.0,,,,,393.80001831,359.99998450E-3,,,,,393.80001831,79.999998212E-3,,,,,393.80001831,0.0,
,,,394.00000000,0.0,,,,,394.00000000,280.00000119E-3,,,,,394.00000000,79.999998212E-3,,,,,394.00000000,0.0,
,,,394.20001221,-39.99999911E-3,,,,,394.20001221,280.00000119E-3,,,,,394.20001221,39.99999911E-3,,,,,394.20001221,0.0,
,,,394.39999390,0.0,,,,,394.39999390,359.99998450E-3,,,,,394.39999390,79.999998212E-3,,,,,394.39999390,0.0,
,,,394.60000610,0.0,,,,,394.60000610,399.99997616E-3,,,,,394.60000610,79.999998212E-3,,,,,394.60000610,0.0,
,,,394.80001831,0.0,,,,,394.80001831,359.99998450E-3,,,,,394.80001831,79.999998212E-3,,,,,394.80001831,0.0,
,,,395.00000000,0.0,,,,,395.00000000,319.99999285E-3,,,,,395.00000000,79.999998212E-3,,,,,395.00000000,0.0,
,,,395.20001221,0.0,,,,,395.20001221,319.99999285E-3,,,,,395.20001221,79.999998212E-3,,,,,395.20001221,0.0,
,,,395.39999390,-39.99999911E-3,,,,,395.39999390,319.99999285E-3,,,,,395.39999390,79.999998212E-3,,,,,395.39999390,39.99999911E-3,
,,,395.60000610,0.0,,,,,395.60000610,359.99998450E-3,,,,,395.60000610,79.999998212E-3,,,,,395.60000610,0.0,
,,,395.80001831,0.0,,,,,395.80001831,319.99999285E-3,,,,,395.80001831,79.999998212E-3,,,,,395.80001831,0.0,
,,,396.00000000,0.0,,,,,396.00000000,319.99999285E-3,,,,,396.00000000,79.999998212E-3,,,,,396.00000000,0.0,
,,,396.20001221,0.0,,,,,396.20001221,359.99998450E-3,,,,,396.20001221,39.99999911E-3,,,,,396.20001221,-39.99999911E-3,
,,,396.39999390,0.0,,,,,396.39999390,359.99998450E-3,,,,,396.39999390,79.999998212E-3,,,,,396.39999390,-39.99999911E-3,
,,,396.60000610,0.0,,,,,396.60000610,319.99999285E-3,,,,,396.60000610,39.99999911E-3,,,,,396.60000610,-39.99999911E-3,
,,,396.80001831,0.0,,,,,396.80001831,359.99998450E-3,,,,,396.80001831,79.999998212E-3,,,,,396.80001831,0.0,
,,,397.00000000,0.0,,,,,397.00000000,319.99999285E-3,,,,,397.00000000,39.99999911E-3,,,,,397.00000000,0.0,
,,,397.20001221,0.0,,,,,397.20001221,319.99999285E-3,,,,,397.20001221,39.99999911E-3,,,,,397.20001221,0.0,
,,,397.39999390,0.0,,,,,397.39999390,319.99999285E-3,,,,,397.39999390,39.99999911E-3,,,,,397.39999390,-39.99999911E-3,
,,,397.60000610,0.0,,,,,397.60000610,319.99999285E-3,,,,,397.60000610,39.99999911E-3,,,,,397.60000610,0.0,
,,,397.80001831,0.0,,,,,397.80001831,319.99999285E-3,,,,,397.80001831,39.99999911E-3,,,,,397.80001831,-79.999998212E-3,
,,,398.00000000,0.0,,,,,398.00000000,359.99998450E-3,,,,,398.00000000,39.99999911E-3,,,,,398.00000000,0.0,
,,,398.20001221,0.0,,,,,398.20001221,319.99999285E-3,,,,,398.20001221,39.99999911E-3,,,,,398.20001221,-79.999998212E-3,
,,,398.39999390,0.0,,,,,398.39999390,319.99999285E-3,,,,,398.39999390,39.99999911E-3,,,,,398.39999390,-39.99999911E-3,
,,,398.60000610,0.0,,,,,398.60000610,319.99999285E-3,,,,,398.60000610,79.999998212E-3,,,,,398.60000610,-39.99999911E-3,
,,,398.80001831,0.0,,,,,398.80001831,359.99998450E-3,,,,,398.80001831,39.99999911E-3,,,,,398.80001831,-39.99999911E-3,
,,,399.00000000,0.0,,,,,399.00000000,280.00000119E-3,,,,,399.00000000,39.99999911E-3,,,,,399.00000000,-39.99999911E-3,
,,,399.20001221,0.0,,,,,399.20001221,399.99997616E-3,,,,,399.20001221,39.99999911E-3,,,,,399.20001221,-39.99999911E-3,
,,,399.39999390,0.0,,,,,399.39999390,359.99998450E-3,,,,,399.39999390,79.999998212E-3,,,,,399.39999390,-39.99999911E-3,
,,,399.60000610,0.0,,,,,399.60000610,319.99999285E-3,,,,,399.60000610,79.999998212E-3,,,,,399.60000610,-39.99999911E-3,
,,,399.80001831,0.0,,,,,399.80001831,319.99999285E-3,,,,,399.80001831,39.99999911E-3,,,,,399.80001831,-39.99999911E-3,
,,,400.00000000,0.0,,,,,400.00000000,359.99998450E-3,,,,,400.00000000,39.99999911E-3,,,,,400.00000000,-39.99999911E-3,
,,,400.20001221,0.0,,,,,400.20001221,319.99999285E-3,,,,,400.20001221,79.999998212E-3,,,,,400.20001221,-39.99999911E-3,
,,,400.39999390,0.0,,,,,400.39999390,399.99997616E-3,,,,,400.39999390,79.999998212E-3,,,,,400.39999390,-39.99999911E-3,
,,,400.60000610,-39.99999911E-3,,,,,400.60000610,319.99999285E-3,,,,,400.60000610,39.99999911E-3,,,,,400.60000610,0.0,
,,,400.80001831,0.0,,,,,400.80001831,359.99998450E-3,,,,,400.80001831,39.99999911E-3,,,,,400.80001831,-39.99999911E-3,
,,,401.00000000,39.99999911E-3,,,,,401.00000000,439.999997616E-3,,,,,401.00000000,0.0,,,,,401.00000000,-119.9999973E-3,
,,,401.20001221,0.0,,,,,401.20001221,359.99998450E-3,,,,,401.20001221,79.999998212E-3,,,,,401.20001221,-39.99999911E-3,
,,,401.39999390,0.0,,,,,401.39999390,359.99998450E-3,,,,,401.39999390,79.999998212E-3,,,,,401.39999390,-39.99999911E-3,
,,,401.60000610,0.0,,,,,401.60000610,319.99999285E-3,,,,,401.60000610,39.99999911E-3,,,,,401.60000610,-39.99999911E-3,
,,,401.80001831,0.0,,,,,401.80001831,319.99999285E-3,,,,,401.80001831,39.99999911E-3,,,,,401.80001831,0.0,
,,,402.00000000,0.0,,,,,402.00000000,280.00000119E-3,,,,,402.00000000,79.999998212E-3,,,,,402.00000000,-39.99999911E-3,
,,,402.20001221,0.0,,,,,402.20001221,319.99999285E-3,,,,,402.20001221,39.99999911E-3,,,,,402.20001221,-39.99999911E-3,
,,,402.39999390,0.0,,,,,402.39999390,359.99998450E-3,,,,,402.39999390,39.99999911E-3,,,,,402.39999390,-39.99999911E-3,
,,,402.60000610,0.0,,,,,402.60000610,359.99998450E-3,,,,,402.60000610,79.999998212E-3,,,,,402.60000610,-79.999998212E-3,
,,,402.80001831,0.0,,,,,402.80001831,319.99999285E-3,,,,,402.80001831,79.999998212E-3,,,,,402.80001831,-39.99999911E-3,
,,,403.00000000,-39.99999911E-3,,,,,403.00000000,319.99999285E-3,,,,,403.00000000,79.999998212E-3,,,,,403.00000000,-79.999998212E-3,
,,,403.20001221,0.0,,,,,403.20001221,399.99997616E-3,,,,,403.20001221,39.99999911E-3,,,,,403.20001221,-79.999998212E-3,
,,,403.39999390,0.0,,,,,403.39999390,280.00000119E-3,,,,,403.39999390,39.99999911E-3,,,,,403.39999390,-79.999998212E-3,
,,,403.600006104,0.0,,,,,403.600006104,319.99999285E-3,,,,,403.600006104,39.99999911E-3,,,,,403.600006104,-39.99999911E-3,
,,,403.800018311,0.0,,,,,403.800018311,359.99998450E-3,,,,,403.800018311,39.99999911E-3,,,,,403.800018311,-79.999998212E-3,
,,,404.000000000,0.0,,,,,404.000000000,319.99999285E-3,,,,,404.000000000,79.999998212E-3,,,,,404.000000000,-79.999998212E-3,
,,,404.200012207,0.0,,,,,404.200012207,319.99999285E-3,,,,,404.200012207,39.99999911E-3,,,,,404.200012207,-39.99999911E-3,
,,,404.399993896,-39.99999911E-3,,,,,404.399993896,359.99998450E-3,,,,,404.399993896,39.99999911E-3,,,,,404.399993896,79.999998212E-3,
,,,404.600006104,0.0,,,,,404.600006104,280.00000119E-3,,,,,404.600006104,0.0,,,,,404.600006104,119.9999973E-3,
,,,404.800018311,0.0,,,,,404.800018311,359.99998450E-3,,,,,404.800018311,0.0,,,,,404.800018311,119.9999973E-3,
,,,405.000000000,39.99999911E-3,,,,,405.000000000,359.99998450E-3,,,,,405.000000000,39.99999911E-3,,,,,405.000000000,119.9999973E-3,
,,,405.200012207,39.99999911E-3,,,,,405.200012207,280.00000119E-3,,,,,405.200012207,39.99999911E-3,,,,,405.200012207,119.9999973E-3,
,,,405.399993896,0.0,,,,,405.399993896,359.99998450E-3,,,,,405.399993896,0.0,,,,,405.399993896,119.9999973E-3,
,,,405.600006104,0.0,,,,,405.600006104,319.99999285E-3,,,,,405.600006104,0.0,,,,,405.600006104,119.9999973E-3,
,,,405.800018311,39.99999911E-3,,,,,405.800018311,359.99998450E-3,,,,,405.800018311,39.99999911E-3,,,,,405.800018311,119.9999973E-3,
,,,406.000000000,0.0,,,,,406.000000000,359.99998450E-3,,,,,406.000000000,0.0,,,,,406.000000000,79.999998212E-3,
,,,406.200012207,0.0,,,,,406.200012207,319.99999285E-3,,,,,406.200012207,0.0,,,,,406.200012207,119.9999973E-3,
,,,406.399993896,0.0,,,,,406.399993896,399.99997616E-3,,,,,406.399993896,39.99999911E-3,,,,,406.399993896,119.9999973E-3,
,,,406.600006104,0.0,,,,,406.600006104,319.99999285E-3,,,,,406.600006104,39.99999911E-3,,,,,406.600006104,119.9999973E-3,
,,,406.800018311,0.0,,,,,406.800018311,319.99999285E-3,,,,,406.800018311,39.99999911E-3,,,,,406.800018311,119.9999973E-3,
,,,407.000000000,0.0,,,,,407.000000000,359.99998450E-3,,,,,407.000000000,39.99999911E-3,,,,,407.000000000,79.999998212E-3,
,,,407.200012207,0.0,,,,,407.200012207,319.99999285E-3,,,,,407.200012207,0.0,,,,,407.200012207,119.9999973E-3,
,,,407.399993896,0.0,,,,,407.399993896,319.99999285E-3,,,,,407.399993896,0.0,,,,,407.399993896,119.9999973E-3,
,,,407.600006104,0.0,,,,,407.600006104,359.99998450E-3,,,,,407.600006104,0.0,,,,,407.600006104,119.9999973E-3,
,,,407.800018311,0.0,,,,,407.800018311,280.00000119E-3,,,,,407.800018311,39.99999911E-3,,,,,407.800018311,119.9999973E-3,
,,,408.000000000,0.0,,,,,408.000000000,280.00000119E-3,,,,,408.000000000,0.0,,,,,408.000000000,119.9999973E-3,
,,,408.200012207,0.0,,,,,408.200012207,319.99999285E-3,,,,,408.200012207,0.0,,,,,408.200012207,159.99999642E-3,
,,,408.399993896,0.0,,,,,408.399993896,319.99999285E-3,,,,,408.399993896,39.99999911E-3,,,,,408.399993896,119.9999973E-3,
,,,408.600006104,-39.99999911E-3,,,,,408.600006104,239.99999464E-3,,,,,408.600006104,39.99999911E-3,,,,,408.600006104,159.99999642E-3,
,,,408.800018311,0.0,,,,,408.800018311,319.99999285E-3,,,,,408.800018311,79.999998212E-3,,,,,408.800018311,239.99999464E-3,
,,,409.000000000,0.0,,,,,409.000000000,280.00000119E-3,,,,,409.000000000,0.0,,,,,409.000000000,119.9999973E-3,
,,,409.200012207,-39.99999911E-3,,,,,409.200012207,280.00000119E-3,,,,,409.200012207,39.99999911E-3,,,,,409.200012207,79.999998212E-3,
,,,409.399993896,0.0,,,,,409.399993896,319.99999285E-3,,,,,409.399993896,-39.99999911E-3,,,,,409.399993896,39.99999911E-3,
,,,409.600006104,0.0,,,,,409.600006104,280.00000119E-3,,,,,409.600006104,39.99999911E-3,,,,,409.600006104,119.9999973E-3,
,,,409.800018311,0.0,,,,,409.800018311,359.99998450E-3,,,,,409.800018311,0.0,,,,,409.800018311,119.9999973E-3,
,,,410.000000000,-39.99999911E-3,,,,,410.000000000,319.99999285E-3,,,,,410.000000000,0.0,,,,,410.000000000,79.999998212E-3,
,,,410.200012207,0.0,,,,,410.200012207,319.99999285E-3,,,,,410.200012207,0.0,,,,,410.200012207,119.9999973E-3,
,,,410.399993896,0.0,,,,,410.399993896,319.99999285E-3,,,,,410.399993896,0.0,,,,,410.399993896,119.9999973E-3,
,,,410.600006104,0.0,,,,,410.600006104,319.99999285E-3,,,,,410.600006104,39.99999911E-3,,,,,410.600006104,159.99999642E-3,
,,,410.800018311,0.0,,,,,410.800018311,239.99999464E-3,,,,,410.800018311,39.99999911E-3,,,,,410.800018311,119.9999973E-3,
,,,411.000000000,0.0,,,,,411.000000000,359.99998450E-3,,,,,411.000000000,39.99999911E-3,,,,,411.000000000,119.9999973E-3,
,,,411.200012207,0.0,,,,,411.200012207,319.99999285E-3,,,,,411.200012207,0.0,,,,,411.200012207,119.9999973E-3,
,,,411.399993896,0.0,,,,,411.399993896,359.99998450E-3,,,,,411.399993896,0.0,,,,,411.399993896,119.9999973E-3,
,,,411.600006104,0.0,,,,,411.600006104,359.99998450E-3,,,,,411.600006104,0.0,,,,,411.600006104,119.9999973E-3,
,,,411.800018311,0.0,,,,,411.800018311,359.99998450E-3,,,,,411.800018311,0.0,,,,,411.800018311,119.9999973E-3,
,,,412.000000000,0.0,,,,,412.000000000,439.999997616E-3,,,,,412.000000000,39.99999911E-3,,,,,412.000000000,119.9999973E-3,
,,,412.200012207,0.0,,,,,412.200012207,319.99999285E-3,,,,,412.200012207,0.0,,,,,412.200012207,119.9999973E-3,
,,,412.399993896,0.0,,,,,412.399993896,319.99999285E-3,,,,,412.399993896,0.0,,,,,412.399993896,79.999998212E-3,
,,,412.600006104,0.0,,,,,412.600006104,359.99998450E-3,,,,,412.600006104,0.0,,,,,412.600006104,119.9999973E-3,
,,,412.800018311,0.0,,,,,412.800018311,439.999997616E-3,,,,,412.800018311,39.99999911E-3,,,,,412.800018311,119.9999973E-3,
,,,413.000000000,0.0,,,,,413.000000000,319.99999285E-3,,,,,413.000000000,39.99999911E-3,,,,,413.000000000,79.999998212E-3,
,,,413.200012207,0.0,,,,,413.200012207,319.99999285E-3,,,,,413.200012207,39.99999911E-3,,,,,413.200012207,79.999998212E-3,
,,,413.399993896,0.0,,,,,413.399993896,359.99998450E-3,,,,,413.399993896,0.0,,,,,413.399993896,119.9999973E-3,
,,,413.600006104,0.0,,,,,413.600006104,359.99998450E-3,,,,,413.600006104,39.99999911E-3,,,,,413.600006104,119.9999973E-3,
,,,413.800018311,0.0,,,,,413.800018311,319.99999285E-3,,,,,413.800018311,39.99999911E-3,,,,,413.800018311,119.9999973E-3,
,,,414.000000000,0.0,,,,,414.000000000,439.999997616E-3,,,,,414.000000000,0.0,,,,,414.000000000,119.9999973E-3,
,,,414.200012207,0.0,,,,,414.200012207,359.99998450E-3,,,,,414.200012207,0.0,,,,,414.200012207,39.99999911E-3,
,,,414.399993896,0.0,,,,,414.399993896,359.99998450E-3,,,,,414.399993896,0.0,,,,,414.399993896,119.9999973E-3,
,,,414.600006104,0.0,,,,,414.600006104,280.00000119E-3,,,,,414.600006104,0.0,,,,,414.600006104,119.9999973E-3,
,,,414.800018311,0.0,,,,,414.800018311,319.99999285E-3,,,,,414.800018311,0.0,,,,,414.800018311,119.9999973E-3,
,,,415.000000000,0.0,,,,,415.000000000,319.99999285E-3,,,,,415.000000000,39.99999911E-3,,,,,415.000000000,119.9999973E-3,
,,,415.200012207,0.0,,,,,415.200012207,319.99999285E-3,,,,,415.200012207,39.99999911E-3,,,,,415.200012207,159.99999642E-3,
,,,415.399993896,0.0,,,,,415.399993896,319.99999285E-3,,,,,415.399993896,39.99999911E-3,,,,,415.399993896,119.9999973E-3,
,,,415.600006104,0.0,,,,,415.600006104,319.99999285E-3,,,,,415.600006104,0.0,,,,,415.600006104,119.9999973E-3,
,,,415.800018311,-39.99999911E-3,,,,,415.800018311,359.99998450E-3,,,,,415.800018311,0.0,,,,,415.800018311,119.9999973E-3,
,,,416.000000000,0.0,,,,,416.000000000,319.99999285E-3,,,,,416.000000000,39.99999911E-3,,,,,416.000000000,119.9999973E-3,
,,,416.200012207,0.0,,,,,416.200012207,319.99999285E-3,,,,,416.200012207,39.99999911E-3,,,,,416.200012207,119.9999973E-3,
,,,416.399993896,0.0,,,,,416.399993896,359.99998450E-3,,,,,416.399993896,0.0,,,,,416.399993896,119.9999973E-3,
,,,416.600006104,0.0,,,,,416.600006104,319.99999285E-3,,,,,416.600006104,0.0,,,,,416.600006104,79.999998212E-3,
,,,416.800018311,0.0,,,,,416.800018311,359.99998450E-3,,,,,416.800018311,0.0,,,,,416.800018311,119.9999973E-3,
,,,417.000000000,0.0,,,,,417.000000000,239.99999464E-3,,,,,417.000000000,39.99999911E-3,,,,,417.000000000,119.9999973E-3,
,,,417.200012207,39.99999911E-3,,,,,417.200012207,359.99998450E-3,,,,,417.200012207,39.99999911E-3,,,,,417.200012207,119.9999973E-3,
,,,417.399993896,0.0,,,,,417.399993896,280.00000119E-3,,,,,417.399993896,39.99999911E-3,,,,,417.399993896,79.999998212E-3,
,,,417.600006104,0.0,,,,,417.600006104,319.99999285E-3,,,,,417.600006104,0.0,,,,,417.600006104,79.999998212E-3,
,,,417.800018311,0.0,,,,,417.800018311,319.99999285E-3,,,,,417.800018311,39.99999911E-3,,,,,417.800018311,119.9999973E-3,
,,,418.000000000,0.0,,,,,418.000000000,399.99997616E-3,,,,,418.000000000,0.0,,,,,418.000000000,79.999998212E-3,
,,,418.200012207,0.0,,,,,418.200012207,319.99999285E-3,,,,,418.200012207,79.999998212E-3,,,,,418.200012207,119.9999973E-3,
,,,418.399993896,0.0,,,,,418.399993896,319.99999285E-3,,,,,418.399993896,39.99999911E-3,,,,,418.399993896,119.9999973E-3,
,,,418.600006104,0.0,,,,,418.600006104,359.99998450E-3,,,,,418.600006104,39.99999911E-3,,,,,418.600006104,159.99999642E-3,
,,,418.800018311,0.0,,,,,418.800018311,319.99999285E-3,,,,,418.800018311,0.0,,,,,418.800018311,119.9999973E-3,
,,,419.000000000,0.0,,,,,419.000000000,319.99999285E-3,,,,,419.000000000,-39.99999911E-3,,,,,419.000000000,119.9999973E-3,
,,,419.200012207,0.0,,,,,419.200012207,319.99999285E-3,,,,,419.200012207,39.99999911E-3,,,,,419.200012207,39.99999911E-3,
,,,419.399993896,0.0,,,,,419.399993896,280.00000119E-3,,,,,419.399993896,0.0,,,,,419.399993896,119.9999973E-3,
,,,419.600006104,0.0,,,,,419.600006104,319.99999285E-3,,,,,419.600006104,0.0,,,,,419.600006104,119.9999973E-3,
,,,419.800018311,0.0,,,,,419.800018311,280.00000119E-3,,,,,419.800018311,39.99999911E-3,,,,,419.800018311,119.9999973E-3,
,,,420.000000000,0.0,,,,,420.000000000,319.99999285E-3,,,,,420.000000000,39.99999911E-3,,,,,420.000000000,119.9999973E-3,
,,,420.200012207,-39.99999911E-3,,,,,420.200012207,319.99999285E-3,,,,,420.200012207,0.0,,,,,420.200012207,119.9999973E-3,
,,,420.399993896,0.0,,,,,420.399993896,319.99999285E-3,,,,,420.399993896,39.99999911E-3,,,,,420.399993896,119.9999973E-3,
,,,420.600006104,0.0,,,,,420.600006104,359.99998450E-3,,,,,420.600006104,0.0,,,,,420.600006104,79.999998212E-3,
,,,420.800018311,0.0,,,,,420.800018311,319.99999285E-3,,,,,420.800018311,0.0,,,,,420.800018311,119.9999973E-3,
,,,421.000000000,0.0,,,,,421.000000000,359.99998450E-3,,,,,421.000000000,39.99999911E-3,,,,,421.000000000,79.999998212E-3,
,,,421.200012207,0.0,,,,,421.200012207,319.99999285E-3,,,,,421.200012207,-79.999998212E-3,,,,,421.200012207,39.99999911E-3,
,,,421.399993896,0.0,,,,,421.399993896,359.99998450E-3,,,,,421.399993896,0.0,,,,,421.399993896,119.9999973E-3,
,,,421.600006104,0.0,,,,,421.600006104,280.00000119E-3,,,,,421.600006104,79.999998212E-3,,,,,421.600006104,239.99999464E-3,
,,,421.800018311,0.0,,,,,421.800018311,319.99999285E-3,,,,,421.800018311,0.0,,,,,421.800018311,119.9999973E-3,
,,,422.000000000,0.0,,,,,422.000000000,319.99999285E-3,,,,,422.000000000,39.99999911E-3,,,,,422.000000000,119.9999973E-3,
,,,422.200012207,0.0,,,,,422.200012207,319.99999285E-3,,,,,422.200012207,39.99999911E-3,,,,,422.200012207,119.9999973E-3,
,,,422.399993896,0.0,,,,,422.399993896,359.99998450E-3,,,,,422.399993896,39.99999911E-3,,,,,422.399993896,119.9999973E-3,
,,,422.600006104,-39.99999911E-3,,,,,422.600006104,319.99999285E-3,,,,,422.600006104,0.0,,,,,422.600006104,119.9999973E-3,
,,,422.800018311,0.0,,,,,422.800018311,359.99998450E-3,,,,,422.800018311,0.0,,,,,422.800018311,119.9999973E-3,
,,,423.000000000,0.0,,,,,423.000000000,399.99997616E-3,,,,,423.000000000,0.0,,,,,423.000000000,79.999998212E-3,
,,,423.200012207,0.0,,,,,423.200012207,399.99997616E-3,,,,,423.200012207,39.99999911E-3,,,,,423.200012207,119.9999973E-3,
,,,423.399993896,0.0,,,,,423.399993896,280.00000119E-3,,,,,423.399993896,39.99999911E-3,,,,,423.399993896,199.99998808E-3,
,,,423.600006104,0.0,,,,,423.600006104,359.99998450E-3,,,,,423.600006104,39.99999911E-3,,,,,423.600006104,119.9999973E-3,
,,,423.800018311,0.0,,,,,423.800018311,359.99998450E-3,,,,,423.800018311,39.99999911E-3,,,,,423.800018311,79.999998212E-3,
,,,424.000000000,0.0,,,,,424.000000000,319.99999285E-3,,,,,424.000000000,39.99999911E-3,,,,,424.000000000,119.9999973E-3,
,,,424.200012207,0.0,,,,,424.200012207,359.99998450E-3,,,,,424.200012207,39.99999911E-3,,,,,424.200012207,119.9999973E-3,
,,,424.399993896,0.0,,,,,424.399993896,359.99998450E-3,,,,,424.399993896,39.99999911E-3,,,,,424.399993896,79.999998212E-3,
,,,424.600006104,0.0,,,,,424.600006104,319.99999285E-3,,,,,424.600006104,0.0,,,,,424.600006104,79.999998212E-3,
,,,424.800018311,0.0,,,,,424.800018311,319.99999285E-3,,,,,424.800018311,39.99999911E-3,,,,,424.800018311,119.9999973E-3,
,,,425.000000000,0.0,,,,,425.000000000,439.999997616E-3,,,,,425.000000000,39.99999911E-3,,,,,425.000000000,119.9999973E-3,
,,,425.200012207,0.0,,,,,425.200012207,319.99999285E-3,,,,,425.200012207,39.99999911E-3,,,,,425.200012207,119.9999973E-3,
,,,425.399993896,0.0,,,,,425.399993896,359.99998450E-3,,,,,425.399993896,0.0,,,,,425.399993896,119.9999973E-3,
,,,425.600006104,0.0,,,,,425.600006104,359.99998450E-3,,,,,425.600006104,0.0,,,,,425.600006104,79.999998212E-3,
,,,425.800018311,0.0,,,,,425.800018311,359.99998450E-3,,,,,425.800018311,0.0,,,,,425.800018311,39.99999911E-3,
,,,426.000000000,0.0,,,,,426.000000000,280.00000119E-3,,,,,426.000000000,39.99999911E-3,,,,,426.000000000,79.999998212E-3,
,,,426.200012207,0.0,,,,,426.200012207,359.99998450E-3,,,,,426.200012207,39.99999911E-3,,,,,426.200012207,79.999998212E-3,
,,,426.399993896,0.0,,,,,426.399993896,359.99998450E-3,,,,,426.399993896,39.99999911E-3,,,,,426.399993896,119.9999973E-3,
,,,426.600006104,0.0,,,,,426.600006104,319.99999285E-3,,,,,426.600006104,0.0,,,,,426.600006104,119.9999973E-3,
,,,426.800018311,0.0,,,,,426.800018311,319.99999285E-3,,,,,426.800018311,0.0,,,,,426.800018311,119.9999973E-3,
,,,427.000000000,0.0,,,,,427.000000000,319.99999285E-3,,,,,427.000000000,0.0,,,,,427.000000000,79.999998212E-3,
,,,427.200012207,0.0,,,,,427.200012207,359.99998450E-3,,,,,427.200012207,0.0,,,,,427.200012207,79.999998212E-3,
,,,427.399993896,0.0,,,,,427.399993896,319.99999285E-3,,,,,427.399993896,39.99999911E-3,,,,,427.399993896,79.999998212E-3,
,,,427.600006104,0.0,,,,,427.600006104,319.99999285E-3,,,,,427.600006104,39.99999911E-3,,,,,427.600006104,119.9999973E-3,
,,,427.800018311,0.0,,,,,427.800018311,359.99998450E-3,,,,,427.800018311,0.0,,,,,427.800018311,119.9999973E-3,
,,,428.000000000,0.0,,,,,428.000000000,319.99999285E-3,,,,,428.000000000,39.99999911E-3,,,,,428.000000000,119.9999973E-3,
,,,428.200012207,0.0,,,,,428.200012207,359.99998450E-3,,,,,428.200012207,39.99999911E-3,,,,,428.200012207,159.99999642E-3,
,,,428.399993896,0.0,,,,,428.399993896,319.99999285E-3,,,,,428.399993896,0.0,,,,,428.399993896,119.9999973E-3,
,,,428.600006104,0.0,,,,,428.600006104,319.99999285E-3,,,,,428.600006104,39.99999911E-3,,,,,428.600006104,119.9999973E-3,
,,,428.800018311,0.0,,,,,428.800018311,280.00000119E-3,,,,,428.800018311,39.99999911E-3,,,,,428.800018311,119.9999973E-3,
,,,429.000000000,0.0,,,,,429.000000000,319.99999285E-3,,,,,429.000000000,39.99999911E-3,,,,,429.000000000,119.9999973E-3,
,,,429.200012207,0.0,,,,,429.200012207,319.99999285E-3,,,,,429.200012207,0.0,,,,,429.200012207,119.9999973E-3,
,,,429.399993896,0.0,,,,,429.399993896,359.99998450E-3,,,,,429.399993896,0.0,,,,,429.399993896,119.9999973E-3,
,,,429.600006104,0.0,,,,,429.600006104,319.99999285E-3,,,,,429.600006104,0.0,,,,,429.600006104,119.9999973E-3,
,,,429.800018311,0.0,,,,,429.800018311,319.99999285E-3,,,,,429.800018311,0.0,,,,,429.800018311,119.9999973E-3,
,,,430.000000000,0.0,,,,,430.000000000,319.99999285E-3,,,,,430.000000000,0.0,,,,,430.000000000,79.999998212E-3,
,,,430.200012207,0.0,,,,,430.200012207,319.99999285E-3,,,,,430.200012207,39.99999911E-3,,,,,430.200012207,79.999998212E-3,
,,,430.399993896,0.0,,,,,430.399993896,280.00000119E-3,,,,,430.399993896,39.99999911E-3,,,,,430.399993896,159.99999642E-3,
,,,430.600006104,0.0,,,,,430.600006104,239.99999464E-3,,,,,430.600006104,39.99999911E-3,,,,,430.600006104,159.99999642E-3,
,,,430.800018311,0.0,,,,,430.800018311,319.99999285E-3,,,,,430.800018311,0.0,,,,,430.800018311,119.9999973E-3,
,,,431.000000000,0.0,,,,,431.000000000,319.99999285E-3,,,,,431.000000000,0.0,,,,,431.000000000,119.9999973E-3,
,,,431.200012207,0.0,,,,,431.200012207,359.99998450E-3,,,,,431.200012207,79.999998212E-3,,,,,431.200012207,159.99999642E-3,
,,,431.399993896,0.0,,,,,431.399993896,359.99998450E-3,,,,,431.399993896,39.99999911E-3,,,,,431.399993896,119.9999973E-3,
,,,431.600006104,0.0,,,,,431.600006104,319.99999285E-3,,,,,431.600006104,0.0,,,,,431.600006104,119.9999973E-3,
,,,431.800018311,0.0,,,,,431.800018311,399.99997616E-3,,,,,431.800018311,39.99999911E-3,,,,,431.800018311,119.9999973E-3,
,,,432.000000000,0.0,,,,,432.000000000,359.99998450E-3,,,,,432.000000000,39.99999911E-3,,,,,432.000000000,119.9999973E-3,
,,,432.200012207,0.0,,,,,432.200012207,319.99999285E-3,,,,,432.200012207,39.99999911E-3,,,,,432.200012207,119.9999973E-3,
,,,432.399993896,0.0,,,,,432.399993896,359.99998450E-3,,,,,432.399993896,0.0,,,,,432.399993896,39.99999911E-3,
,,,432.600006104,0.0,,,,,432.600006104,359.99998450E-3,,,,,432.600006104,39.99999911E-3,,,,,432.600006104,119.9999973E-3,
,,,432.800018311,-39.99999911E-3,,,,,432.800018311,359.99998450E-3,,,,,432.800018311,0.0,,,,,432.800018311,119.9999973E-3,
,,,433.000000000,0.0,,,,,433.000000000,319.99999285E-3,,,,,433.000000000,0.0,,,,,433.000000000,119.9999973E-3,
,,,433.200012207,39.99999911E-3,,,,,433.200012207,439.999997616E-3,,,,,433.200012207,0.0,,,,,433.200012207,119.9999973E-3,
,,,433.399993896,0.0,,,,,433.399993896,319.99999285E-3,,,,,433.399993896,0.0,,,,,433.399993896,119.9999973E-3,
,,,433.600006104,0.0,,,,,433.600006104,319.99999285E-3,,,,,433.600006104,0.0,,,,,433.600006104,119.9999973E-3,
,,,433.800018311,0.0,,,,,433.800018311,359.99998450E-3,,,,,433.800018311,39.99999911E-3,,,,,433.800018311,79.999998212E-3,
,,,434.000000000,0.0,,,,,434.000000000,319.99999285E-3,,,,,434.000000000,39.99999911E-3,,,,,434.000000000,119.9999973E-3,
,,,434.200012207,0.0,,,,,434.200012207,359.99998450E-3,,,,,434.200012207,0.0,,,,,434.200012207,79.999998212E-3,
,,,434.399993896,0.0,,,,,434.399993896,359.99998450E-3,,,,,434.399993896,0.0,,,,,434.399993896,79.999998212E-3,
,,,434.600006104,39.99999911E-3,,,,,434.600006104,359.99998450E-3,,,,,434.600006104,39.99999911E-3,,,,,434.600006104,119.9999973E-3,
,,,434.800018311,0.0,,,,,434.800018311,359.99998450E-3,,,,,434.800018311,0.0,,,,,434.800018311,79.999998212E-3,
,,,435.000000000,0.0,,,,,435.000000000,359.99998450E-3,,,,,435.000000000,39.99999911E-3,,,,,435.000000000,79.999998212E-3,
,,,435.200012207,0.0,,,,,435.200012207,359.99998450E-3,,,,,435.200012207,39.99999911E-3,,,,,435.200012207,119.9999973E-3,
,,,435.399993896,0.0,,,,,435.399993896,359.99998450E-3,,,,,435.399993896,0.0,,,,,435.399993896,119.9999973E-3,
,,,435.600006104,0.0,,,,,435.600006104,319.99999285E-3,,,,,435.600006104,39.99999911E-3,,,,,435.600006104,79.999998212E-3,
,,,435.800018311,0.0,,,,,435.800018311,359.99998450E-3,,,,,435.800018311,39.99999911E-3,,,,,435.800018311,119.9999973E-3,
,,,436.000000000,0.0,,,,,436.000000000,319.99999285E-3,,,,,436.000000000,39.99999911E-3,,,,,436.000000000,79.999998212E-3,
,,,436.200012207,0.0,,,,,436.200012207,319.99999285E-3,,,,,436.200012207,39.99999911E-3,,,,,436.200012207,119.9999973E-3,
,,,436.399993896,0.0,,,,,436.399993896,359.99998450E-3,,,,,436.399993896,0.0,,,,,436.399993896,119.9999973E-3,
,,,436.600006104,0.0,,,,,436.600006104,359.99998450E-3,,,,,436.600006104,39.99999911E-3,,,,,436.600006104,119.9999973E-3,
,,,436.800018311,0.0,,,,,436.800018311,319.99999285E-3,,,,,436.800018311,39.99999911E-3,,,,,436.800018311,119.9999973E-3,
,,,437.000000000,0.0,,,,,437.000000000,319.99999285E-3,,,,,437.000000000,39.99999911E-3,,,,,437.000000000,119.9999973E-3,
,,,437.200012207,0.0,,,,,437.200012207,319.99999285E-3,,,,,437.200012207,39.99999911E-3,,,,,437.200012207,79.999998212E-3,
,,,437.399993896,0.0,,,,,437.399993896,359.99998450E-3,,,,,437.399993896,0.0,,,,,437.399993896,79.999998212E-3,
,,,437.600006104,0.0,,,,,437.600006104,319.99999285E-3,,,,,437.600006104,39.99999911E-3,,,,,437.600006104,79.999998212E-3,
,,,437.800018311,0.0,,,,,437.800018311,280.00000119E-3,,,,,437.800018311,0.0,,,,,437.800018311,119.9999973E-3,
,,,438.000000000,0.0,,,,,438.000000000,319.99999285E-3,,,,,438.000000000,39.99999911E-3,,,,,438.000000000,119.9999973E-3,
,,,438.200012207,0.0,,,,,438.200012207,319.99999285E-3,,,,,438.200012207,0.0,,,,,438.200012207,119.9999973E-3,
,,,438.399993896,0.0,,,,,438.399993896,359.99998450E-3,,,,,438.399993896,0.0,,,,,438.399993896,119.9999973E-3,
,,,438.600006104,39.99999911E-3,,,,,438.600006104,319.99999285E-3,,,,,438.600006104,0.0,,,,,438.600006104,79.999998212E-3,
,,,438.800018311,0.0,,,,,438.800018311,359.99998450E-3,,,,,438.800018311,0.0,,,,,438.800018311,119.9999973E-3,
,,,439.000000000,0.0,,,,,439.000000000,359.99998450E-3,,,,,439.000000000,39.99999911E-3,,,,,439.000000000,119.9999973E-3,
,,,439.200012207,0.0,,,,,439.200012207,319.99999285E-3,,,,,439.200012207,0.0,,,,,439.200012207,119.9999973E-3,
,,,439.399993896,0.0,,,,,439.399993896,319.99999285E-3,,,,,439.399993896,0.0,,,,,439.399993896,79.999998212E-3,
,,,439.600006104,0.0,,,,,439.600006104,319.99999285E-3,,,,,439.600006104,-39.99999911E-3,,,,,439.600006104,39.99999911E-3,
,,,439.800018311,0.0,,,,,439.800018311,359.99998450E-3,,,,,439.800018311,0.0,,,,,439.800018311,119.9999973E-3,
,,,440.000000000,0.0,,,,,440.000000000,280.00000119E-3,,,,,440.000000000,0.0,,,,,440.000000000,79.999998212E-3,
,,,440.200012207,0.0,,,,,440.200012207,319.99999285E-3,,,,,440.200012207,39.99999911E-3,,,,,440.200012207,79.999998212E-3,
,,,440.399993896,0.0,,,,,440.399993896,359.99998450E-3,,,,,440.399993896,39.99999911E-3,,,,,440.399993896,79.999998212E-3,
,,,440.600006104,0.0,,,,,440.600006104,319.99999285E-3,,,,,440.600006104,0.0,,,,,440.600006104,79.999998212E-3,
,,,440.800018311,0.0,,,,,440.800018311,280.00000119E-3,,,,,440.800018311,0.0,,,,,440.800018311,79.999998212E-3,
,,,441.000000000,0.0,,,,,441.000000000,280.00000119E-3,,,,,441.000000000,39.99999911E-3,,,,,441.000000000,79.999998212E-3,
,,,441.200012207,0.0,,,,,441.200012207,359.99998450E-3,,,,,441.200012207,39.99999911E-3,,,,,441.200012207,79.999998212E-3,
,,,441.399993896,0.0,,,,,441.399993896,319.99999285E-3,,,,,441.399993896,39.99999911E-3,,,,,441.399993896,119.9999973E-3,
,,,441.600006104,0.0,,,,,441.600006104,319.99999285E-3,,,,,441.600006104,0.0,,,,,441.600006104,79.999998212E-3,
,,,441.800018311,0.0,,,,,441.800018311,359.99998450E-3,,,,,441.800018311,0.0,,,,,441.800018311,119.9999973E-3,
,,,442.000000000,0.0,,,,,442.000000000,319.99999285E-3,,,,,442.000000000,39.99999911E-3,,,,,442.000000000,119.9999973E-3,
,,,442.200012207,0.0,,,,,442.200012207,319.99999285E-3,,,,,442.200012207,0.0,,,,,442.200012207,79.999998212E-3,
,,,442.399993896,0.0,,,,,442.399993896,399.99997616E-3,,,,,442.399993896,39.99999911E-3,,,,,442.399993896,79.999998212E-3,
,,,442.600006104,0.0,,,,,442.600006104,359.99998450E-3,,,,,442.600006104,39.99999911E-3,,,,,442.600006104,119.9999973E-3,
,,,442.800018311,0.0,,,,,442.800018311,359.99998450E-3,,,,,442.800018311,39.99999911E-3,,,,,442.800018311,79.999998212E-3,
,,,443.000000000,0.0,,,,,443.000000000,359.99998450E-3,,,,,443.000000000,0.0,,,,,443.000000000,79.999998212E-3,
,,,443.200012207,0.0,,,,,443.200012207,319.99999285E-3,,,,,443.200012207,39.99999911E-3,,,,,443.200012207,79.999998212E-3,
,,,443.399993896,0.0,,,,,443.399993896,359.99998450E-3,,,,,443.399993896,0.0,,,,,443.399993896,119.9999973E-3,
,,,443.600006104,0.0,,,,,443.600006104,319.99999285E-3,,,,,443.600006104,39.99999911E-3,,,,,443.600006104,119.9999973E-3,
,,,443.800018311,0.0,,,,,443.800018311,319.99999285E-3,,,,,443.800018311,39.99999911E-3,,,,,443.800018311,79.999998212E-3,
,,,444.000000000,39.99999911E-3,,,,,444.000000000,319.99999285E-3,,,,,444.000000000,39.99999911E-3,,,,,444.000000000,119.9999973E-3,
,,,444.200012207,0.0,,,,,444.200012207,439.999997616E-3,,,,,444.200012207,0.0,,,,,444.200012207,119.9999973E-3,
,,,444.399993896,0.0,,,,,444.399993896,359.99998450E-3,,,,,444.399993896,0.0,,,,,444.399993896,119.9999973E-3,
,,,444.600006104,0.0,,,,,444.600006104,319.99999285E-3,,,,,444.600006104,0.0,,,,,444.600006104,119.9999973E-3,
,,,444.800018311,0.0,,,,,444.800018311,359.99998450E-3,,,,,444.800018311,39.99999911E-3,,,,,444.800018311,119.9999973E-3,
,,,445.000000000,0.0,,,,,445.000000000,280.00000119E-3,,,,,445.000000000,39.99999911E-3,,,,,445.000000000,119.9999973E-3,
,,,445.200012207,0.0,,,,,445.200012207,359.99998450E-3,,,,,445.200012207,39.99999911E-3,,,,,445.200012207,119.9999973E-3,
,,,445.399993896,0.0,,,,,445.399993896,319.99999285E-3,,,,,445.399993896,-1.000000,,,,,445.399993896,2.4800000,
,,,445.600006104,-39.99999911E-3,,,,,445.600006104,319.99999285E-3,,,,,445.600006104,-1.2400000,,,,,445.600006104,2.4400001,
,,,445.800018311,0.0,,,,,445.800018311,319.99999285E-3,,,,,445.800018311,-1.3199999,,,,,445.800018311,2.4400001,
,,,446.000000000,0.0,,,,,446.000000000,280.00000119E-3,,,,,446.000000000,-1.1999999,,,,,446.000000000,2.4400001,
,,,446.200012207,0.0,,,,,446.200012207,359.99998450E-3,,,,,446.200012207,-1.4800000,,,,,446.200012207,2.4400001,
,,,446.399993896,0.0,,,,,446.399993896,319.99999285E-3,,,,,446.399993896,-1.3199999,,,,,446.399993896,2.4400001,
,,,446.600006104,0.0,,,,,446.600006104,280.00000119E-3,,,,,446.600006104,-1.4000000,,,,,446.600006104,2.4400001,
,,,446.800018311,0.0,,,,,446.800018311,319.99999285E-3,,,,,446.800018311,-1.3199999,,,,,446.800018311,2.4400001,
,,,447.000000000,0.0,,,,,447.000000000,359.99998450E-3,,,,,447.000000000,-1.3199999,,,,,447.000000000,2.4400001,
,,,447.200012207,0.0,,,,,447.200012207,280.00000119E-3,,,,,447.200012207,-1.5999999,,,,,447.200012207,2.4400001,
,,,447.399993896,39.99999911E-3,,,,,447.399993896,319.99999285E-3,,,,,447.399993896,-1.5599999,,,,,447.399993896,2.4400001,
,,,447.600006104,0.0,,,,,447.600006104,280.00000119E-3,,,,,447.600006104,-1.4000000,,,,,447.600006104,2.4400001,
,,,447.800018311,39.99999911E-3,,,,,447.800018311,280.00000119E-3,,,,,447.800018311,-1.4800000,,,,,447.800018311,2.4400001,
,,,448.000000000,0.0,,,,,448.000000000,399.99997616E-3,,,,,448.000000000,-1.4000000,,,,,448.000000000,2.4800000,
,,,448.200012207,0.0,,,,,448.200012207,319.99999285E-3,,,,,448.200012207,-1.4000000,,,,,448.200012207,2.4400001,
,,,448.399993896,0.0,,,,,448.399993896,319.99999285E-3,,,,,448.399993896,-1.4399999,,,,,448.399993896,2.4400001,
,,,448.600006104,0.0,,,,,448.600006104,319.99999285E-3,,,,,448.600006104,-1.2400000,,,,,448.600006104,2.4400001,
,,,448.800018311,0.0,,,,,448.800018311,359.99998450E-3,,,,,448.800018311,-1.4800000,,,,,448.800018311,2.4400001,
,,,449.000000000,0.0,,,,,449.000000000,359.99998450E-3,,,,,449.000000000,-1.5200000,,,,,449.000000000,2.4400001,
,,,449.200012207,0.0,,,,,449.200012207,359.99998450E-3,,,,,449.200012207,-1.4399999,,,,,449.200012207,2.4400001,
,,,449.399993896,0.0,,,,,449.399993896,280.00000119E-3,,,,,449.399993896,-1.4800000,,,,,449.399993896,2.4400001,
,,,449.600006104,0.0,,,,,449.600006104,319.99999285E-3,,,,,449.600006104,-1.5999999,,,,,449.600006104,2.4400001,
,,,449.800018311,0.0,,,,,449.800018311,319.99999285E-3,,,,,449.800018311,-1.4800000,,,,,449.800018311,2.4400001,
,,,450.000000000,0.0,,,,,450.000000000,359.99998450E-3,,,,,450.000000000,-1.5200000,,,,,450.000000000,2.4400001,
,,,450.200012207,0.0,,,,,450.200012207,319.99999285E-3,,,,,450.200012207,-1.5200000,,,,,450.200012207,2.4400001,
,,,450.399993896,0.0,,,,,450.399993896,399.99997616E-3,,,,,450.399993896,-1.6400000,,,,,450.399993896,2.4400001,
,,,450.600006104,0.0,,,,,450.600006104,319.99999285E-3,,,,,450.600006104,-1.6799999,,,,,450.600006104,2.4400001,
,,,450.800018311,0.0,,,,,450.800018311,399.99997616E-3,,,,,450.800018311,-1.4800000,,,,,450.800018311,2.4400001,
,,,451.000000000,0.0,,,,,451.000000000,359.99998450E-3,,,,,451.000000000,-1.5999999,,,,,451.000000000,2.4400001,
,,,451.200012207,0.0,,,,,451.200012207,399.99997616E-3,,,,,451.200012207,-1.5999999,,,,,451.200012207,2.4400001,
,,,451.399993896,0.0,,,,,451.399993896,319.99999285E-3,,,,,451.399993896,-1.5599999,,,,,451.399993896,2.4800000,
,,,451.600006104,0.0,,,,,451.600006104,359.99998450E-3,,,,,451.600006104,-1.5599999,,,,,451.600006104,2.3999999,
,,,451.800018311,0.0,,,,,451.800018311,280.00000119E-3,,,,,451.800018311,-1.5999999,,,,,451.800018311,2.4400001,
,,,452.000000000,0.0,,,,,452.000000000,359.99998450E-3,,,,,452.000000000,-1.7199999,,,,,452.000000000,2.4400001,
,,,452.200012207,0.0,,,,,452.200012207,359.99998450E-3,,,,,452.200012207,-1.7600000,,,,,452.200012207,2.4400001,
,,,452.399993896,0.0,,,,,452.399993896,319.99999285E-3,,,,,452.399993896,-1.7199999,,,,,452.399993896,2.4400001,
,,,452.600006104,0.0,,,,,452.600006104,239.99999464E-3,,,,,452.600006104,-1.6400000,,,,,452.600006104,2.4400001,
,,,452.800018311,0.0,,,,,452.800018311,280.00000119E-3,,,,,452.800018311,-1.6799999,,,,,452.800018311,2.4400001,
,,,453.000000000,-39.99999911E-3,,,,,453.000000000,280.00000119E-3,,,,,453.000000000,-1.7199999,,,,,453.000000000,2.4800000,
,,,453.200012207,0.0,,,,,453.200012207,319.99999285E-3,,,,,453.200012207,-1.4399999,,,,,453.200012207,2.4400001,
,,,453.399993896,0.0,,,,,453.399993896,280.00000119E-3,,,,,453.399993896,-1.6799999,,,,,453.399993896,2.3999999,
,,,453.600006104,0.0,,,,,453.600006104,319.99999285E-3,,,,,453.600006104,-1.5200000,,,,,453.600006104,2.4400001,
,,,453.800018311,0.0,,,,,453.800018311,319.99999285E-3,,,,,453.800018311,-1.5999999,,,,,453.800018311,2.4400001,
,,,454.000000000,0.0,,,,,454.000000000,319.99999285E-3,,,,,454.000000000,-1.4800000,,,,,454.000000000,2.4400001,
,,,454.200012207,0.0,,,,,454.200012207,359.99998450E-3,,,,,454.200012207,-1.5999999,,,,,454.200012207,2.4400001,
,,,454.399993896,-39.99999911E-3,,,,,454.399993896,359.99998450E-3,,,,,454.399993896,-1.7199999,,,,,454.399993896,2.4400001,
,,,454.600006104,0.0,,,,,454.600006104,319.99999285E-3,,,,,454.600006104,-1.8000000,,,,,454.600006104,2.5200000,
,,,454.800018311,0.0,,,,,454.800018311,280.00000119E-3,,,,,454.800018311,-1.5999999,,,,,454.800018311,2.4400001,
,,,455.000000000,0.0,,,,,455.000000000,319.99999285E-3,,,,,455.000000000,-1.4800000,,,,,455.000000000,2.4400001,
,,,455.200012207,0.0,,,,,455.200012207,319.99999285E-3,,,,,455.200012207,-1.7600000,,,,,455.200012207,2.4400001,
,,,455.399993896,0.0,,,,,455.399993896,399.99997616E-3,,,,,455.399993896,-1.5999999,,,,,455.399993896,2.4400001,
,,,455.600006104,0.0,,,,,455.600006104,319.99999285E-3,,,,,455.600006104,-1.5999999,,,,,455.600006104,2.4400001,
,,,455.800018311,0.0,,,,,455.800018311,319.99999285E-3,,,,,455.800018311,-1.5599999,,,,,455.800018311,2.4400001,
,,,456.000000000,0.0,,,,,456.000000000,280.00000119E-3,,,,,456.000000000,-1.6799999,,,,,456.000000000,2.4400001,
,,,456.200012207,0.0,,,,,456.200012207,319.99999285E-3,,,,,456.200012207,-1.7199999,,,,,456.200012207,2.4400001,
,,,456.399993896,0.0,,,,,456.399993896,280.00000119E-3,,,,,456.399993896,-1.7199999,,,,,456.399993896,2.4400001,
,,,456.600006104,0.0,,,,,456.600006104,319.99999285E-3,,,,,456.600006104,-1.5999999,,,,,456.600006104,2.4400001,
,,,456.800018311,0.0,,,,,456.800018311,319.99999285E-3,,,,,456.800018311,-1.8000000,,,,,456.800018311,2.4800000,
,,,457.000000000,0.0,,,,,457.000000000,280.00000119E-3,,,,,457.000000000,-1.6799999,,,,,457.000000000,2.4400001,
,,,457.200012207,0.0,,,,,457.200012207,319.99999285E-3,,,,,457.200012207,-1.6799999,,,,,457.200012207,2.3999999,
,,,457.399993896,0.0,,,,,457.399993896,280.00000119E-3,,,,,457.399993896,-1.6400000,,,,,457.399993896,2.4400001,
,,,457.600006104,0.0,,,,,457.600006104,319.99999285E-3,,,,,457.600006104,-1.5599999,,,,,457.600006104,2.4400001,
,,,457.800018311,0.0,,,,,457.800018311,319.99999285E-3,,,,,457.800018311,-1.5599999,,,,,457.800018311,2.4400001,
,,,458.000000000,-39.99999911E-3,,,,,458.000000000,319.99999285E-3,,,,,458.000000000,-1.7199999,,,,,458.000000000,2.4400001,
,,,458.200012207,0.0,,,,,458.200012207,319.99999285E-3,,,,,458.200012207,-1.7600000,,,,,458.200012207,2.4400001,
,,,458.399993896,39.99999911E-3,,,,,458.399993896,319.99999285E-3,,,,,458.399993896,-1.6400000,,,,,458.399993896,2.4400001,
,,,458.600006104,0.0,,,,,458.600006104,319.99999285E-3,,,,,458.600006104,0.0,,,,,458.600006104,319.99999285E-3,
,,,458.800018311,0.0,,,,,458.800018311,319.99999285E-3,,,,,458.800018311,0.0,,,,,458.800018311,280.00000119E-3,
,,,459.000000000,0.0,,,,,459.000000000,319.99999285E-3,,,,,459.000000000,0.0,,,,,459.000000000,280.00000119E-3,
,,,459.200012207,0.0,,,,,459.200012207,319.99999285E-3,,,,,459.200012207,-39.99999911E-3,,,,,459.200012207,319.99999285E-3,
,,,459.399993896,0.0,,,,,459.399993896,319.99999285E-3,,,,,459.399993896,-39.99999911E-3,,,,,459.399993896,280.00000119E-3,
,,,459.600006104,0.0,,,,,459.600006104,-79.999998212E-3,,,,,459.600006104,1.000000,,,,,459.600006104,-2.4400001,
,,,459.800018311,0.0,,,,,459.800018311,-239.99999464E-3,,,,,459.800018311,1.1999999,,,,,459.800018311,-2.4400001,
,,,460.000000000,0.0,,,,,460.000000000,-280.00000119E-3,,,,,460.000000000,1.2800000,,,,,460.000000000,-2.3999999,
,,,460.200012207,0.0,,,,,460.200012207,-280.00000119E-3,,,,,460.200012207,1.3600000,,,,,460.200012207,-2.3999999,
,,,460.399993896,0.0,,,,,460.399993896,-280.00000119E-3,,,,,460.399993896,1.3199999,,,,,460.399993896,-2.4400001,
,,,460.600006104,0.0,,,,,460.600006104,-280.00000119E-3,,,,,460.600006104,1.3199999,,,,,460.600006104,-2.3999999,
,,,460.800018311,0.0,,,,,460.800018311,-280.00000119E-3,,,,,460.800018311,1.3199999,,,,,460.800018311,-2.3999999,
,,,461.000000000,0.0,,,,,461.000000000,-280.00000119E-3,,,,,461.000000000,1.3199999,,,,,461.000000000,-2.3599999,
,,,461.200012207,0.0,,,,,461.200012207,-280.00000119E-3,,,,,461.200012207,1.2800000,,,,,461.200012207,-2.4400001,
,,,461.399993896,0.0,,,,,461.399993896,-239.99999464E-3,,,,,461.399993896,1.2800000,,,,,461.399993896,-2.3999999,
,,,461.600006104,-39.99999911E-3,,,,,461.600006104,-319.99999285E-3,,,,,461.600006104,1.2800000,,,,,461.600006104,-2.3999999,
,,,461.800018311,0.0,,,,,461.800018311,-239.99999464E-3,,,,,461.800018311,1.2800000,,,,,461.800018311,-2.4400001,
,,,462.000000000,0.0,,,,,462.000000000,-239.99999464E-3,,,,,462.000000000,1.2800000,,,,,462.000000000,-2.3999999,
,,,462.200012207,0.0,,,,,462.200012207,-280.00000119E-3,,,,,462.200012207,1.2400000,,,,,462.200012207,-2.3999999,
,,,462.399993896,0.0,,,,,462.399993896,-280.00000119E-3,,,,,462.399993896,1.2400000,,,,,462.399993896,-2.3999999,
,,,462.600006104,0.0,,,,,462.600006104,-239.99999464E-3,,,,,462.600006104,1.2400000,,,,,462.600006104,-2.3999999,
,,,462.800018311,0.0,,,,,462.800018311,-199.99998808E-3,,,,,462.800018311,1.2400000,,,,,462.800018311,-2.3999999,
,,,463.000000000,-39.99999911E-3,,,,,463.000000000,-280.00000119E-3,,,,,463.000000000,1.1999999,,,,,463.000000000,-2.3999999,
,,,463.200012207,-39.99999911E-3,,,,,463.200012207,-280.00000119E-3,,,,,463.200012207,1.2400000,,,,,463.200012207,-2.3999999,
,,,463.399993896,0.0,,,,,463.399993896,-199.99998808E-3,,,,,463.399993896,1.1999999,,,,,463.399993896,-2.3999999,
,,,463.600006104,-39.99999911E-3,,,,,463.600006104,-239.99999464E-3,,,,,463.600006104,1.1999999,,,,,463.600006104,-2.3999999,
,,,463.800018311,0.0,,,,,463.800018311,-239.99999464E-3,,,,,463.800018311,1.1999999,,,,,463.800018311,-2.4400001,
,,,464.000000000,0.0,,,,,464.000000000,-199.99998808E-3,,,,,464.000000000,1.1999999,,,,,464.000000000,-2.3999999,
,,,464.200012207,-39.99999911E-3,,,,,464.200012207,-159.99999642E-3,,,,,464.200012207,1.1600000,,,,,464.200012207,-2.4400001,
,,,464.399993896,0.0,,,,,464.399993896,-199.99998808E-3,,,,,464.399993896,1.1999999,,,,,464.399993896,-2.3999999,
,,,464.600006104,0.0,,,,,464.600006104,-199.99998808E-3,,,,,464.600006104,1.1600000,,,,,464.600006104,-2.3599999,
,,,464.800018311,0.0,,,,,464.800018311,-239.99999464E-3,,,,,464.800018311,1.1600000,,,,,464.800018311,-2.4400001,
,,,465.000000000,0.0,,,,,465.000000000,-199.99998808E-3,,,,,465.000000000,1.1600000,,,,,465.000000000,-2.3999999,
,,,465.200012207,0.0,,,,,465.200012207,-280.00000119E-3,,,,,465.200012207,1.1600000,,,,,465.200012207,-2.3999999,
,,,465.399993896,0.0,,,,,465.399993896,-199.99998808E-3,,,,,465.399993896,1.1200000,,,,,465.399993896,-2.5200000,
,,,465.600006104,0.0,,,,,465.600006104,-239.99999464E-3,,,,,465.600006104,1.1600000,,,,,465.600006104,-2.4400001,
,,,465.800018311,-39.99999911E-3,,,,,465.800018311,-199.99998808E-3,,,,,465.800018311,1.1200000,,,,,465.800018311,-2.3999999,
,,,466.000000000,0.0,,,,,466.000000000,-239.99999464E-3,,,,,466.000000000,1.1200000,,,,,466.000000000,-2.4400001,
,,,466.200012207,0.0,,,,,466.200012207,-239.99999464E-3,,,,,466.200012207,1.1200000,,,,,466.200012207,-2.4400001,
,,,466.399993896,0.0,,,,,466.399993896,-239.99999464E-3,,,,,466.399993896,1.0799999,,,,,466.399993896,-2.3999999,
,,,466.600006104,-5.11999989,,,,,466.600006104,-5.11999989,,,,,466.600006104,-5.11999989,,,,,466.600006104,-5.27999973,
,,,466.800018311,-5.11999989,,,,,466.800018311,-5.11999989,,,,,466.800018311,-5.11999989,,,,,466.800018311,-5.27999973,
,,,467.000000000,-5.11999989,,,,,467.000000000,-5.11999989,,,,,467.000000000,-5.11999989,,,,,467.000000000,-5.27999973,
,,,467.200012207,-5.11999989,,,,,467.200012207,-5.11999989,,,,,467.200012207,-5.11999989,,,,,467.200012207,-5.27999973,
,,,467.399993896,-5.11999989,,,,,467.399993896,-5.11999989,,,,,467.399993896,-5.11999989,,,,,467.399993896,-5.27999973,
,,,467.600006104,-5.11999989,,,,,467.600006104,-5.11999989,,,,,467.600006104,-5.11999989,,,,,467.600006104,-5.27999973,
,,,467.800018311,-5.11999989,,,,,467.800018311,-5.11999989,,,,,467.800018311,-5.11999989,,,,,467.800018311,-5.27999973,
,,,468.000000000,-5.11999989,,,,,468.000000000,-5.11999989,,,,,468.000000000,-5.11999989,,,,,468.000000000,-5.27999973,
,,,468.200012207,-5.11999989,,,,,468.200012207,-5.11999989,,,,,468.200012207,-5.11999989,,,,,468.200012207,-5.27999973,
,,,468.399993896,-5.11999989,,,,,468.399993896,-5.11999989,,,,,468.399993896,-5.11999989,,,,,468.399993896,-5.27999973,
,,,468.600006104,-5.11999989,,,,,468.600006104,-5.11999989,,,,,468.600006104,-5.11999989,,,,,468.600006104,-5.27999973,
,,,468.800018311,-5.11999989,,,,,468.800018311,-5.11999989,,,,,468.800018311,-5.11999989,,,,,468.800018311,-5.27999973,
,,,469.000000000,-5.11999989,,,,,469.000000000,-5.11999989,,,,,469.000000000,-5.11999989,,,,,469.000000000,-5.27999973,
,,,469.200012207,-5.11999989,,,,,469.200012207,-5.11999989,,,,,469.200012207,-5.11999989,,,,,469.200012207,-5.27999973,
,,,469.399993896,-5.11999989,,,,,469.399993896,-5.11999989,,,,,469.399993896,-5.11999989,,,,,469.399993896,-5.27999973,
,,,469.600006104,-5.11999989,,,,,469.600006104,-5.11999989,,,,,469.600006104,-5.11999989,,,,,469.600006104,-5.27999973,
,,,469.800018311,-5.11999989,,,,,469.800018311,-5.11999989,,,,,469.800018311,-5.11999989,,,,,469.800018311,-5.27999973,
,,,470.000000000,-5.11999989,,,,,470.000000000,-5.11999989,,,,,470.000000000,-5.11999989,,,,,470.000000000,-5.27999973,
,,,470.200012207,-5.11999989,,,,,470.200012207,-5.11999989,,,,,470.200012207,-5.11999989,,,,,470.200012207,-5.27999973,
,,,470.399993896,-5.11999989,,,,,470.399993896,-5.11999989,,,,,470.399993896,-5.11999989,,,,,470.399993896,-5.27999973,
,,,470.600006104,-5.11999989,,,,,470.600006104,-5.11999989,,,,,470.600006104,-5.11999989,,,,,470.600006104,-5.27999973,
,,,470.800018311,-5.11999989,,,,,470.800018311,-5.11999989,,,,,470.800018311,-5.11999989,,,,,470.800018311,-5.27999973,
,,,471.000000000,-5.11999989,,,,,471.000000000,-5.11999989,,,,,471.000000000,-5.11999989,,,,,471.000000000,-5.27999973,
,,,471.200012207,-5.11999989,,,,,471.200012207,-5.11999989,,,,,471.200012207,-5.11999989,,,,,471.200012207,-5.27999973,
,,,471.399993896,-5.11999989,,,,,471.399993896,-5.11999989,,,,,471.399993896,-5.11999989,,,,,471.399993896,-5.27999973,
,,,471.600006104,-5.11999989,,,,,471.600006104,-5.11999989,,,,,471.600006104,-5.11999989,,,,,471.600006104,-5.27999973,
,,,471.800018311,-5.11999989,,,,,471.800018311,-5.11999989,,,,,471.800018311,-5.11999989,,,,,471.800018311,-5.27999973,
,,,472.000000000,-5.11999989,,,,,472.000000000,-5.11999989,,,,,472.000000000,-5.11999989,,,,,472.000000000,-5.27999973,
,,,472.200012207,-5.11999989,,,,,472.200012207,-5.11999989,,,,,472.200012207,-5.11999989,,,,,472.200012207,-5.27999973,
,,,472.399993896,-5.11999989,,,,,472.399993896,-5.11999989,,,,,472.399993896,-5.11999989,,,,,472.399993896,-5.27999973,
,,,472.600006104,-5.11999989,,,,,472.600006104,-5.11999989,,,,,472.600006104,-5.11999989,,,,,472.600006104,-5.27999973,
,,,472.800018311,-5.11999989,,,,,472.800018311,-5.11999989,,,,,472.800018311,-5.11999989,,,,,472.800018311,-5.27999973,
,,,473.000000000,-5.11999989,,,,,473.000000000,-5.11999989,,,,,473.000000000,-5.11999989,,,,,473.000000000,-5.27999973,
,,,473.200012207,-5.11999989,,,,,473.200012207,-5.11999989,,,,,473.200012207,-5.11999989,,,,,473.200012207,-5.27999973,
,,,473.399993896,-5.11999989,,,,,473.399993896,-5.11999989,,,,,473.399993896,-5.11999989,,,,,473.399993896,-5.27999973,
,,,473.600006104,-5.11999989,,,,,473.600006104,-5.11999989,,,,,473.600006104,-5.11999989,,,,,473.600006104,-5.27999973,
,,,473.800018311,-5.11999989,,,,,473.800018311,-5.11999989,,,,,473.800018311,-5.11999989,,,,,473.800018311,-5.27999973,
,,,474.000000000,-5.11999989,,,,,474.000000000,-5.11999989,,,,,474.000000000,-5.11999989,,,,,474.000000000,-5.27999973,
,,,474.200012207,-5.11999989,,,,,474.200012207,-5.11999989,,,,,474.200012207,-5.11999989,,,,,474.200012207,-5.27999973,
,,,474.399993896,-5.11999989,,,,,474.399993896,-5.11999989,,,,,474.399993896,-5.11999989,,,,,474.399993896,-5.27999973,
,,,474.600006104,-5.11999989,,,,,474.600006104,-5.11999989,,,,,474.600006104,-5.11999989,,,,,474.600006104,-5.27999973,
,,,474.800018311,-5.11999989,,,,,474.800018311,-5.11999989,,,,,474.800018311,-5.11999989,,,,,474.800018311,-5.27999973,
,,,475.000000000,-5.11999989,,,,,475.000000000,-5.11999989,,,,,475.000000000,-5.11999989,,,,,475.000000000,-5.27999973,
,,,475.200012207,-5.11999989,,,,,475.200012207,-5.11999989,,,,,475.200012207,-5.11999989,,,,,475.200012207,-5.27999973,
,,,475.399993896,-5.11999989,,,,,475.399993896,-5.11999989,,,,,475.399993896,-5.11999989,,,,,475.399993896,-5.27999973,
,,,475.600006104,-5.11999989,,,,,475.600006104,-5.11999989,,,,,475.600006104,-5.11999989,,,,,475.600006104,-5.27999973,
,,,475.800018311,-5.11999989,,,,,475.800018311,-5.11999989,,,,,475.800018311,-5.11999989,,,,,475.800018311,-5.27999973,
,,,476.000000000,-5.11999989,,,,,476.000000000,-5.11999989,,,,,476.000000000,-5.11999989,,,,,476.000000000,-5.27999973,
,,,476.200012207,-5.11999989,,,,,476.200012207,-5.11999989,,,,,476.200012207,-5.11999989,,,,,476.200012207,-5.27999973,
,,,476.399993896,-5.11999989,,,,,476.399993896,-5.11999989,,,,,476.399993896,-5.11999989,,,,,476.399993896,-5.27999973,
,,,476.600006104,-5.11999989,,,,,476.600006104,-5.11999989,,,,,476.600006104,-5.11999989,,,,,476.600006104,-5.27999973,
,,,476.800018311,-5.11999989,,,,,476.800018311,-5.11999989,,,,,476.800018311,-5.11999989,,,,,476.800018311,-5.27999973,
,,,477.000000000,-5.11999989,,,,,477.000000000,-5.11999989,,,,,477.000000000,-5.11999989,,,,,477.000000000,-5.27999973,
,,,477.200012207,-5.11999989,,,,,477.200012207,-5.11999989,,,,,477.200012207,-5.11999989,,,,,477.200012207,-5.27999973,
,,,477.399993896,-5.11999989,,,,,477.399993896,-5.11999989,,,,,477.399993896,-5.11999989,,,,,477.399993896,-5.27999973,
,,,477.600006104,-5.11999989,,,,,477.600006104,-5.11999989,,,,,477.600006104,-5.11999989,,,,,477.600006104,-5.27999973,
,,,477.800018311,-5.11999989,,,,,477.800018311,-5.11999989,,,,,477.800018311,-5.11999989,,,,,477.800018311,-5.27999973,
,,,478.000000000,-5.11999989,,,,,478.000000000,-5.11999989,,,,,478.000000000,-5.11999989,,,,,478.000000000,-5.27999973,
,,,478.200012207,-5.11999989,,,,,478.200012207,-5.11999989,,,,,478.200012207,-5.11999989,,,,,478.200012207,-5.27999973,
,,,478.399993896,-5.11999989,,,,,478.399993896,-5.11999989,,,,,478.399993896,-5.11999989,,,,,478.399993896,-5.27999973,
,,,478.600006104,-5.11999989,,,,,478.600006104,-5.11999989,,,,,478.600006104,-5.11999989,,,,,478.600006104,-5.27999973,
,,,478.800018311,-5.11999989,,,,,478.800018311,-5.11999989,,,,,478.800018311,-5.11999989,,,,,478.800018311,-5.27999973,
,,,479.000000000,-5.11999989,,,,,479.000000000,-5.11999989,,,,,479.000000000,-5.11999989,,,,,479.000000000,-5.27999973,
,,,479.200012207,-5.11999989,,,,,479.200012207,-5.11999989,,,,,479.200012207,-5.11999989,,,,,479.200012207,-5.27999973,
,,,479.399993896,-5.11999989,,,,,479.399993896,-5.11999989,,,,,479.399993896,-5.11999989,,,,,479.399993896,-5.27999973,
,,,479.600006104,-5.11999989,,,,,479.600006104,-5.11999989,,,,,479.600006104,-5.11999989,,,,,479.600006104,-5.27999973,
,,,479.800018311,-5.11999989,,,,,479.800018311,-5.11999989,,,,,479.800018311,-5.11999989,,,,,479.800018311,-5.27999973,
,,,480.000000000,-5.11999989,,,,,480.000000000,-5.11999989,,,,,480.000000000,-5.11999989,,,,,480.000000000,-5.27999973,
,,,480.200012207,-5.11999989,,,,,480.200012207,-5.11999989,,,,,480.200012207,-5.11999989,,,,,480.200012207,-5.27999973,
,,,480.399993896,-5.11999989,,,,,480.399993896,-5.11999989,,,,,480.399993896,-5.11999989,,,,,480.399993896,-5.27999973,
,,,480.600006104,-5.11999989,,,,,480.600006104,-5.11999989,,,,,480.600006104,-5.11999989,,,,,480.600006104,-5.27999973,
,,,480.800018311,-5.11999989,,,,,480.800018311,-5.11999989,,,,,480.800018311,-5.11999989,,,,,480.800018311,-5.27999973,
,,,481.000000000,-5.11999989,,,,,481.000000000,-5.11999989,,,,,481.000000000,-5.11999989,,,,,481.000000000,-5.27999973,
,,,481.200012207,-5.11999989,,,,,481.200012207,-5.11999989,,,,,481.200012207,-5.11999989,,,,,481.200012207,-5.27999973,
,,,481.399993896,-5.11999989,,,,,481.399993896,-5.11999989,,,,,481.399993896,-5.11999989,,,,,481.399993896,-5.27999973,
,,,481.600006104,-5.11999989,,,,,481.600006104,-5.11999989,,,,,481.600006104,-5.11999989,,,,,481.600006104,-5.27999973,
,,,481.800018311,-5.11999989,,,,,481.800018311,-5.11999989,,,,,481.800018311,-5.11999989,,,,,481.800018311,-5.27999973,
,,,482.000000000,-5.11999989,,,,,482.000000000,-5.11999989,,,,,482.000000000,-5.11999989,,,,,482.000000000,-5.27999973,
,,,482.200012207,-5.11999989,,,,,482.200012207,-5.11999989,,,,,482.200012207,-5.11999989,,,,,482.200012207,-5.27999973,
,,,482.399993896,-5.11999989,,,,,482.399993896,-5.11999989,,,,,482.399993896,-5.11999989,,,,,482.399993896,-5.27999973,
,,,482.600006104,-5.11999989,,,,,482.600006104,-5.11999989,,,,,482.600006104,-5.11999989,,,,,482.600006104,-5.27999973,
,,,482.800018311,-5.11999989,,,,,482.800018311,-5.11999989,,,,,482.800018311,-5.11999989,,,,,482.800018311,-5.27999973,
,,,483.000000000,-5.11999989,,,,,483.000000000,-5.11999989,,,,,483.000000000,-5.11999989,,,,,483.000000000,-5.27999973,
,,,483.200012207,-5.11999989,,,,,483.200012207,-5.11999989,,,,,483.200012207,-5.11999989,,,,,483.200012207,-5.27999973,
,,,483.399993896,-5.11999989,,,,,483.399993896,-5.11999989,,,,,483.399993896,-5.11999989,,,,,483.399993896,-5.27999973,
,,,483.600006104,-5.11999989,,,,,483.600006104,-5.11999989,,,,,483.600006104,-5.11999989,,,,,483.600006104,-5.27999973,
,,,483.800018311,-5.11999989,,,,,483.800018311,-5.11999989,,,,,483.800018311,-5.11999989,,,,,483.800018311,-5.27999973,
,,,484.000000000,-5.11999989,,,,,484.000000000,-5.11999989,,,,,484.000000000,-5.11999989,,,,,484.000000000,-5.27999973,
,,,484.200012207,-5.11999989,,,,,484.200012207,-5.11999989,,,,,484.200012207,-5.11999989,,,,,484.200012207,-5.27999973,
,,,484.399993896,-5.11999989,,,,,484.399993896,-5.11999989,,,,,484.399993896,-5.11999989,,,,,484.399993896,-5.27999973,
,,,484.600006104,-5.11999989,,,,,484.600006104,-5.11999989,,,,,484.600006104,-5.11999989,,,,,484.600006104,-5.27999973,
,,,484.800018311,-5.11999989,,,,,484.800018311,-5.11999989,,,,,484.800018311,-5.11999989,,,,,484.800018311,-5.27999973,
,,,485.000000000,-5.11999989,,,,,485.000000000,-5.11999989,,,,,485.000000000,-5.11999989,,,,,485.000000000,-5.27999973,
,,,485.200012207,-5.11999989,,,,,485.200012207,-5.11999989,,,,,485.200012207,-5.11999989,,,,,485.200012207,-5.27999973,
,,,485.399993896,-5.11999989,,,,,485.399993896,-5.11999989,,,,,485.399993896,-5.11999989,,,,,485.399993896,-5.27999973,
,,,485.600006104,-5.11999989,,,,,485.600006104,-5.11999989,,,,,485.600006104,-5.11999989,,,,,485.600006104,-5.27999973,
,,,485.800018311,-5.11999989,,,,,485.800018311,-5.11999989,,,,,485.800018311,-5.11999989,,,,,485.800018311,-5.27999973,
,,,486.000000000,-5.11999989,,,,,486.000000000,-5.11999989,,,,,486.000000000,-5.11999989,,,,,486.000000000,-5.27999973,
,,,486.200012207,-5.11999989,,,,,486.200012207,-5.11999989,,,,,486.200012207,-5.11999989,,,,,486.200012207,-5.27999973,
,,,486.399993896,-5.11999989,,,,,486.399993896,-5.11999989,,,,,486.399993896,-5.11999989,,,,,486.399993896,-5.27999973,
,,,486.600006104,-5.11999989,,,,,486.600006104,-5.11999989,,,,,486.600006104,-5.11999989,,,,,486.600006104,-5.27999973,
,,,486.800018311,-5.11999989,,,,,486.800018311,-5.11999989,,,,,486.800018311,-5.11999989,,,,,486.800018311,-5.27999973,
,,,487.000000000,-5.11999989,,,,,487.000000000,-5.11999989,,,,,487.000000000,-5.11999989,,,,,487.000000000,-5.27999973,
,,,487.200012207,-5.11999989,,,,,487.200012207,-5.11999989,,,,,487.200012207,-5.11999989,,,,,487.200012207,-5.27999973,
,,,487.399993896,-5.11999989,,,,,487.399993896,-5.11999989,,,,,487.399993896,-5.11999989,,,,,487.399993896,-5.27999973,
,,,487.600006104,-5.11999989,,,,,487.600006104,-5.11999989,,,,,487.600006104,-5.11999989,,,,,487.600006104,-5.27999973,
,,,487.800018311,-5.11999989,,,,,487.800018311,-5.11999989,,,,,487.800018311,-5.11999989,,,,,487.800018311,-5.27999973,
,,,488.000000000,-5.11999989,,,,,488.000000000,-5.11999989,,,,,488.000000000,-5.11999989,,,,,488.000000000,-5.27999973,
,,,488.200012207,-5.11999989,,,,,488.200012207,-5.11999989,,,,,488.200012207,-5.11999989,,,,,488.200012207,-5.27999973,
,,,488.399993896,-5.11999989,,,,,488.399993896,-5.11999989,,,,,488.399993896,-5.11999989,,,,,488.399993896,-5.27999973,
,,,488.600006104,-5.11999989,,,,,488.600006104,-5.11999989,,,,,488.600006104,-5.11999989,,,,,488.600006104,-5.27999973,
,,,488.800018311,-5.11999989,,,,,488.800018311,-5.11999989,,,,,488.800018311,-5.11999989,,,,,488.800018311,-5.27999973,
,,,489.000000000,-5.11999989,,,,,489.000000000,-5.11999989,,,,,489.000000000,-5.11999989,,,,,489.000000000,-5.27999973,
,,,489.200012207,-5.11999989,,,,,489.200012207,-5.11999989,,,,,489.200012207,-5.11999989,,,,,489.200012207,-5.27999973,
,,,489.399993896,-5.11999989,,,,,489.399993896,-5.11999989,,,,,489.399993896,-5.11999989,,,,,489.399993896,-5.27999973,
,,,489.600006104,-5.11999989,,,,,489.600006104,-5.11999989,,,,,489.600006104,-5.11999989,,,,,489.600006104,-5.27999973,
,,,489.800018311,-5.11999989,,,,,489.800018311,-5.11999989,,,,,489.800018311,-5.11999989,,,,,489.800018311,-5.27999973,
,,,490.000000000,-5.11999989,,,,,490.000000000,-5.11999989,,,,,490.000000000,-5.11999989,,,,,490.000000000,-5.27999973,
,,,490.200012207,-5.11999989,,,,,490.200012207,-5.11999989,,,,,490.200012207,-5.11999989,,,,,490.200012207,-5.27999973,
,,,490.399993896,-5.11999989,,,,,490.399993896,-5.11999989,,,,,490.399993896,-5.11999989,,,,,490.399993896,-5.27999973,
,,,490.600006104,-5.11999989,,,,,490.600006104,-5.11999989,,,,,490.600006104,-5.11999989,,,,,490.600006104,-5.27999973,
,,,490.800018311,-5.11999989,,,,,490.800018311,-5.11999989,,,,,490.800018311,-5.11999989,,,,,490.800018311,-5.27999973,
,,,491.000000000,-5.11999989,,,,,491.000000000,-5.11999989,,,,,491.000000000,-5.11999989,,,,,491.000000000,-5.27999973,
,,,491.200012207,-5.11999989,,,,,491.200012207,-5.11999989,,,,,491.200012207,-5.11999989,,,,,491.200012207,-5.27999973,
,,,491.399993896,-5.11999989,,,,,491.399993896,-5.11999989,,,,,491.399993896,-5.11999989,,,,,491.399993896,-5.27999973,
,,,491.600006104,-5.11999989,,,,,491.600006104,-5.11999989,,,,,491.600006104,-5.11999989,,,,,491.600006104,-5.27999973,
,,,491.800018311,-5.11999989,,,,,491.800018311,-5.11999989,,,,,491.800018311,-5.11999989,,,,,491.800018311,-5.27999973,
,,,492.000000000,-5.11999989,,,,,492.000000000,-5.11999989,,,,,492.000000000,-5.11999989,,,,,492.000000000,-5.27999973,
,,,492.200012207,-5.11999989,,,,,492.200012207,-5.11999989,,,,,492.200012207,-5.11999989,,,,,492.200012207,-5.27999973,
,,,492.399993896,-5.11999989,,,,,492.399993896,-5.11999989,,,,,492.399993896,-5.11999989,,,,,492.399993896,-5.27999973,
,,,492.600006104,-5.11999989,,,,,492.600006104,-5.11999989,,,,,492.600006104,-5.11999989,,,,,492.600006104,-5.27999973,
,,,492.800018311,-5.11999989,,,,,492.800018311,-5.11999989,,,,,492.800018311,-5.11999989,,,,,492.800018311,-5.27999973,
,,,493.000000000,-5.11999989,,,,,493.000000000,-5.11999989,,,,,493.000000000,-5.11999989,,,,,493.000000000,-5.27999973,
,,,493.200012207,-5.11999989,,,,,493.200012207,-5.11999989,,,,,493.200012207,-5.11999989,,,,,493.200012207,-5.27999973,
,,,493.399993896,-5.11999989,,,,,493.399993896,-5.11999989,,,,,493.399993896,-5.11999989,,,,,493.399993896,-5.27999973,
,,,493.600006104,-5.11999989,,,,,493.600006104,-5.11999989,,,,,493.600006104,-5.11999989,,,,,493.600006104,-5.27999973,
,,,493.800018311,-5.11999989,,,,,493.800018311,-5.11999989,,,,,493.800018311,-5.11999989,,,,,493.800018311,-5.27999973,
,,,494.000000000,-5.11999989,,,,,494.000000000,-5.11999989,,,,,494.000000000,-5.11999989,,,,,494.000000000,-5.27999973,
,,,494.200012207,-5.11999989,,,,,494.200012207,-5.11999989,,,,,494.200012207,-5.11999989,,,,,494.200012207,-5.27999973,
,,,494.399993896,-5.11999989,,,,,494.399993896,-5.11999989,,,,,494.399993896,-5.11999989,,,,,494.399993896,-5.27999973,
,,,494.600006104,-5.11999989,,,,,494.600006104,-5.11999989,,,,,494.600006104,-5.11999989,,,,,494.600006104,-5.27999973,
,,,494.800018311,-5.11999989,,,,,494.800018311,-5.11999989,,,,,494.800018311,-5.11999989,,,,,494.800018311,-5.27999973,
,,,495.000000000,-5.11999989,,,,,495.000000000,-5.11999989,,,,,495.000000000,-5.11999989,,,,,495.000000000,-5.27999973,
,,,495.200012207,-5.11999989,,,,,495.200012207,-5.11999989,,,,,495.200012207,-5.11999989,,,,,495.200012207,-5.27999973,
,,,495.399993896,-5.11999989,,,,,495.399993896,-5.11999989,,,,,495.399993896,-5.11999989,,,,,495.399993896,-5.27999973,
,,,495.600006104,-5.11999989,,,,,495.600006104,-5.11999989,,,,,495.600006104,-5.11999989,,,,,495.600006104,-5.27999973,
,,,495.800018311,-5.11999989,,,,,495.800018311,-5.11999989,,,,,495.800018311,-5.11999989,,,,,495.800018311,-5.27999973,
,,,496.000000000,-5.11999989,,,,,496.000000000,-5.11999989,,,,,496.000000000,-5.11999989,,,,,496.000000000,-5.27999973,
,,,496.200012207,-5.11999989,,,,,496.200012207,-5.11999989,,,,,496.200012207,-5.11999989,,,,,496.200012207,-5.27999973,
,,,496.399993896,-5.11999989,,,,,496.399993896,-5.11999989,,,,,496.399993896,-5.11999989,,,,,496.399993896,-5.27999973,
,,,496.600006104,-5.11999989,,,,,496.600006104,-5.11999989,,,,,496.600006104,-5.11999989,,,,,496.600006104,-5.27999973,
,,,496.800018311,-5.11999989,,,,,496.800018311,-5.11999989,,,,,496.800018311,-5.11999989,,,,,496.800018311,-5.27999973,
,,,497.000000000,-5.11999989,,,,,497.000000000,-5.11999989,,,,,497.000000000,-5.11999989,,,,,497.000000000,-5.27999973,
,,,497.200012207,-5.11999989,,,,,497.200012207,-5.11999989,,,,,497.200012207,-5.11999989,,,,,497.200012207,-5.27999973,
,,,497.399993896,-5.11999989,,,,,497.399993896,-5.11999989,,,,,497.399993896,-5.11999989,,,,,497.399993896,-5.27999973,
,,,497.600006104,-5.11999989,,,,,497.600006104,-5.11999989,,,,,497.600006104,-5.11999989,,,,,497.600006104,-5.27999973,
,,,497.800018311,-5.11999989,,,,,497.800018311,-5.11999989,,,,,497.800018311,-5.11999989,,,,,497.800018311,-5.27999973,
,,,498.000000000,-5.11999989,,,,,498.000000000,-5.11999989,,,,,498.000000000,-5.11999989,,,,,498.000000000,-5.27999973,
,,,498.200012207,-5.11999989,,,,,498.200012207,-5.11999989,,,,,498.200012207,-5.11999989,,,,,498.200012207,-5.27999973,
,,,498.399993896,-5.11999989,,,,,498.399993896,-5.11999989,,,,,498.399993896,-5.11999989,,,,,498.399993896,-5.27999973,
,,,498.600006104,-5.11999989,,,,,498.600006104,-5.11999989,,,,,498.600006104,-5.11999989,,,,,498.600006104,-5.27999973,
,,,498.800018311,-5.11999989,,,,,498.800018311,-5.11999989,,,,,498.800018311,-5.11999989,,,,,498.800018311,-5.27999973,
,,,499.000000000,-5.11999989,,,,,499.000000000,-5.11999989,,,,,499.000000000,-5.11999989,,,,,499.000000000,-5.27999973,
,,,499.200012207,-5.11999989,,,,,499.200012207,-5.11999989,,,,,499.200012207,-5.11999989,,,,,499.200012207,-5.27999973,
,,,499.399993896,-5.11999989,,,,,499.399993896,-5.11999989,,,,,499.399993896,-5.11999989,,,,,499.399993896,-5.27999973,
,,,499.600006104,-5.11999989,,,,,499.600006104,-5.11999989,,,,,499.600006104,-5.11999989,,,,,499.600006104,-5.27999973,
,,,499.800018311,-5.11999989,,,,,499.800018311,-5.11999989,,,,,499.800018311,-5.11999989,,,,,499.800018311,-5.27999973,
