Record Length,2500,Points,0.0,-2.1199999,,Record Length,2500,Points,0.0,-2.1199999,,Record Length,2500,Points,0.0,-2.1199999,,Record Length,2500,Points,0.0,-2.1199999,
Sample Interval,4.00000019E-3,s,4.00000019E-3,-2.1199999,,Sample Interval,4.00000019E-3,s,4.00000019E-3,-2.1199999,,Sample Interval,4.00000019E-3,s,4.00000019E-3,-2.1199999,,Sample Interval,4.00000019E-3,s,4.00000019E-3,-2.1199999,
Trigger Point,0.0,Samples,8.000000380E-3,-2.1199999,,Trigger Point,0.0,Samples,8.000000380E-3,-2.1199999,,Trigger Point,0.0,Samples,8.000000380E-3,-2.1199999,,Trigger Point,0.0,Samples,8.000000380E-3,-2.1199999,
,,,12.0000001E-3,-2.1199999,,,,,12.0000001E-3,-2.1199999,,,,,12.0000001E-3,-2.1199999,,,,,12.0000001E-3,-2.1199999,
,,,16.0000008E-3,-2.1199999,,,,,16.0000008E-3,-2.1199999,,,,,16.0000008E-3,-2.1199999,,,,,16.0000008E-3,-2.1199999,
,,,20.0000014E-3,-2.1199999,,,,,20.0000014E-3,-2.1199999,,,,,20.0000014E-3,-2.1199999,,,,,20.0000014E-3,-2.1199999,
Source,CH1,,24.00000021E-3,-2.1199999,,Source,CH2,,24.00000021E-3,-2.1199999,,Source,CH3,,24.00000021E-3,-2.1199999,,Source,CH4,,24.00000021E-3,-2.1199999,
Vertical Units,Volts,,28.00000086E-3,-2.1199999,,Vertical Units,Volts,,28.00000086E-3,-2.1199999,,Vertical Units,Volts,,28.00000086E-3,-2.1199999,,Vertical Units,Volts,,28.00000086E-3,-2.1199999,
Vertical Scale,999.999977648E-3,,32.00000152E-3,-2.1199999,,Vertical Scale,999.999977648E-3,,32.00000152E-3,-2.1199999,,Vertical Scale,999.999977648E-3,,32.00000152E-3,-2.1199999,,Vertical Scale,999.999977648E-3,,32.00000152E-3,-2.1199999,
Vertical Offset,0,,36.00000218E-3,-2.1199999,,Vertical Offset,0,,36.00000218E-3,-2.1199999,,Vertical Offset,0,,36.00000218E-3,-2.1199999,,Vertical Offset,0,,36.00000218E-3,-2.1199999,
Horizontal Units,s,,40.00000283E-3,-2.1199999,,Horizontal Units,s,,40.00000283E-3,-2.1199999,,Horizontal Units,s,,40.00000283E-3,-2.1199999,,Horizontal Units,s,,40.00000283E-3,-2.1199999,
Horizontal Scale,1.0000000,,44.00000349E-3,-2.1199999,,Horizontal Scale,1.0000000,,44.00000349E-3,-2.1199999,,Horizontal Scale,1.0000000,,44.00000349E-3,-2.1199999,,Horizontal Scale,1.0000000,,44.00000349E-3,-2.1199999,
Pt Fmt,Y,,48.00000042E-3,-2.1199999,,Pt Fmt,Y,,48.00000042E-3,-2.1199999,,Pt Fmt,Y,,48.00000042E-3,-2.1199999,,Pt Fmt,Y,,48.00000042E-3,-2.1199999,
Yzero,-3.00000000,,52.00000107E-3,-2.1199999,,Yzero,-3.00000000,,52.00000107E-3,-2.1199999,,Yzero,-3.00000000,,52.00000107E-3,-2.1199999,,Yzero,-3.00000000,,52.00000107E-3,-2.1199999,
Probe Atten,1.000000,,56.000001729E-3,-2.1199999,,Probe Atten,1.000000,,56.000001729E-3,-2.1199999,,Probe Atten,1.000000,,56.000001729E-3,-2.1199999,,Probe Atten,1.000000,,56.000001729E-3,-2.1199999,
,,,60.000002384E-3,-2.1199999,,,,,60.000002384E-3,-2.1199999,,,,,60.000002384E-3,-2.1199999,,,,,60.000002384E-3,-2.1199999,
Note,TDS 2004B - 3:16:43 PM   9/16/2026,,64.000003040E-3,-2.1199999,,Note,TDS 2004B - 3:16:43 PM   9/16/2026,,64.000003040E-3,-2.1199999,,Note,TDS 2004B - 3:16:43 PM   9/16/2026,,64.000003040E-3,-2.1199999,,Note,TDS 2004B - 3:16:43 PM   9/16/2026,,64.000003040E-3,-2.1199999,
,,,68.000003695E-3,-2.1199999,,,,,68.000003695E-3,-2.1199999,,,,,68.000003695E-3,-2.1199999,,,,,68.000003695E-3,-2.1199999,
,,,72.000004351E-3,-2.1199999,,,,,72.000004351E-3,-2.1199999,,,,,72.000004351E-3,-2.1199999,,,,,72.000004351E-3,-2.1199999,
,,,76.000005007E-3,-2.1199999,,,,,76.000005007E-3,-2.1199999,,,,,76.000005007E-3,-2.1199999,,,,,76.000005007E-3,-2.1199999,
,,,80.000005662E-3,-2.1199999,,,,,80.000005662E-3,-2.1199999,,,,,80.000005662E-3,-2.1199999,,,,,80.000005662E-3,-2.1199999,
,,,84.000006318E-3,-2.1199999,,,,,84.000006318E-3,-2.1199999,,,,,84.000006318E-3,-2.1199999,,,,,84.000006318E-3,-2.1199999,
,,,88.000006974E-3,-2.1199999,,,,,88.000006974E-3,-2.1199999,,,,,88.000006974E-3,-2.1199999,,,,,88.000006974E-3,-2.1199999,
,,,92.000007629E-3,-2.1199999,,,,,92.000007629E-3,-2.1199999,,,,,92.000007629E-3,-2.1199999,,,,,92.000007629E-3,-2.1199999,
,,,96.000000834E-3,-2.1199999,,,,,96.000000834E-3,-2.1199999,,,,,96.000000834E-3,-2.1199999,,,,,96.000000834E-3,-2.1199999,
,,,100.0000015E-3,-2.1199999,,,,,100.0000015E-3,-2.1199999,,,,,100.0000015E-3,-2.1199999,,,,,100.0000015E-3,-2.1199999,
,,,104.0000021E-3,-2.1199999,,,,,104.0000021E-3,-2.1199999,,,,,104.0000021E-3,-2.1199999,,,,,104.0000021E-3,-2.1199999,
,,,108.0000028E-3,-2.1199999,,,,,108.0000028E-3,-2.1199999,,,,,108.0000028E-3,-2.1199999,,,,,108.0000028E-3,-2.1199999,
,,,112.0000035E-3,-2.1199999,,,,,112.0000035E-3,-2.1199999,,,,,112.0000035E-3,-2.1199999,,,,,112.0000035E-3,-2.1199999,
,,,116.0000041E-3,-2.1199999,,,,,116.0000041E-3,-2.1199999,,,,,116.0000041E-3,-2.1199999,,,,,116.0000041E-3,-2.1199999,
,,,120.0000048E-3,-2.1199999,,,,,120.0000048E-3,-2.1199999,,,,,120.0000048E-3,-2.1199999,,,,,120.0000048E-3,-2.1199999,
,,,124.0000054E-3,-2.1199999,,,,,124.0000054E-3,-2.1199999,,,,,124.0000054E-3,-2.1199999,,,,,124.0000054E-3,-2.1199999,
,,,128.0000061E-3,-2.1199999,,,,,128.0000061E-3,-2.1199999,,,,,128.0000061E-3,-2.1199999,,,,,128.0000061E-3,-2.1199999,
,,,131.9999993E-3,-2.1199999,,,,,131.9999993E-3,-2.1199999,,,,,131.9999993E-3,-2.1199999,,,,,131.9999993E-3,-2.1199999,
,,,136.0000074E-3,-2.1199999,,,,,136.0000074E-3,-2.1199999,,,,,136.0000074E-3,-2.1199999,,,,,136.0000074E-3,-2.1199999,
,,,140.0000006E-3,-2.1199999,,,,,140.0000006E-3,-2.1199999,,,,,140.0000006E-3,-2.1199999,,,,,140.0000006E-3,-2.1199999,
,,,144.0000087E-3,-2.1199999,,,,,144.0000087E-3,-2.1199999,,,,,144.0000087E-3,-2.1199999,,,,,144.0000087E-3,-2.1199999,
,,,148.0000019E-3,-2.1199999,,,,,148.0000019E-3,-2.1199999,,,,,148.0000019E-3,-2.1199999,,,,,148.0000019E-3,-2.1199999,
,,,152.00001001E-3,-2.1199999,,,,,152.00001001E-3,-2.1199999,,,,,152.00001001E-3,-2.1199999,,,,,152.00001001E-3,-2.1199999,
,,,156.00000322E-3,-2.1199999,,,,,156.00000322E-3,-2.1199999,,,,,156.00000322E-3,-2.1199999,,,,,156.00000322E-3,-2.1199999,
,,,160.00001132E-3,-2.1199999,,,,,160.00001132E-3,-2.1199999,,,,,160.00001132E-3,-2.1199999,,,,,160.00001132E-3,-2.1199999,
,,,164.00000453E-3,-2.1199999,,,,,164.00000453E-3,-2.1199999,,,,,164.00000453E-3,-2.1199999,,,,,164.00000453E-3,-2.1199999,
,,,168.00001264E-3,-2.1199999,,,,,168.00001264E-3,-2.1199999,,,,,168.00001264E-3,-2.1199999,,,,,168.00001264E-3,-2.1199999,
,,,172.00000584E-3,-2.1199999,,,,,172.00000584E-3,-2.1199999,,,,,172.00000584E-3,-2.1199999,,,,,172.00000584E-3,-2.1199999,
,,,176.00001395E-3,-2.1199999,,,,,176.00001395E-3,-2.1199999,,,,,176.00001395E-3,-2.1199999,,,,,176.00001395E-3,-2.1199999,
,,,180.00000715E-3,-2.1199999,,,,,180.00000715E-3,-2.1199999,,,,,180.00000715E-3,-2.1199999,,,,,180.00000715E-3,-2.1199999,
,,,184.00001526E-3,-2.1199999,,,,,184.00001526E-3,-2.1199999,,,,,184.00001526E-3,-2.1199999,,,,,184.00001526E-3,-2.1199999,
,,,188.00000846E-3,-2.1199999,,,,,188.00000846E-3,-2.1199999,,,,,188.00000846E-3,-2.1199999,,,,,188.00000846E-3,-2.1199999,
,,,192.00000167E-3,-2.1199999,,,,,192.00000167E-3,-2.1199999,,,,,192.00000167E-3,-2.1199999,,,,,192.00000167E-3,-2.1199999,
,,,196.00000978E-3,-2.1199999,,,,,196.00000978E-3,-2.1199999,,,,,196.00000978E-3,-2.1199999,,,,,196.00000978E-3,-2.1199999,
,,,200.00000298E-3,-2.1199999,,,,,200.00000298E-3,-2.1199999,,,,,200.00000298E-3,-2.1199999,,,,,200.00000298E-3,-2.1199999,
,,,204.00001109E-3,-2.1199999,,,,,204.00001109E-3,-2.1199999,,,,,204.00001109E-3,-2.1199999,,,,,204.00001109E-3,-2.1199999,
,,,208.00000429E-3,-2.1199999,,,,,208.00000429E-3,-2.1199999,,,,,208.00000429E-3,-2.1199999,,,,,208.00000429E-3,-2.1199999,
,,,212.00001240E-3,-2.1199999,,,,,212.00001240E-3,-2.1199999,,,,,212.00001240E-3,-2.1199999,,,,,212.00001240E-3,-2.1199999,
,,,216.00000560E-3,-2.1199999,,,,,216.00000560E-3,-2.1199999,,,,,216.00000560E-3,-2.1199999,,,,,216.00000560E-3,-2.1199999,
,,,220.00001371E-3,-2.1199999,,,,,220.00001371E-3,-2.1199999,,,,,220.00001371E-3,-2.1199999,,,,,220.00001371E-3,-2.1199999,
,,,224.00000691E-3,-2.1199999,,,,,224.00000691E-3,-2.1199999,,,,,224.00000691E-3,-2.1199999,,,,,224.00000691E-3,-2.1199999,
,,,228.00001502E-3,-2.1199999,,,,,228.00001502E-3,-2.1199999,,,,,228.00001502E-3,-2.1199999,,,,,228.00001502E-3,-2.1199999,
,,,232.00000823E-3,-2.1199999,,,,,232.00000823E-3,-2.1199999,,,,,232.00000823E-3,-2.1199999,,,,,232.00000823E-3,-2.1199999,
,,,236.00001633E-3,-2.1199999,,,,,236.00001633E-3,-2.1199999,,,,,236.00001633E-3,-2.1199999,,,,,236.00001633E-3,-2.1199999,
,,,240.00000954E-3,-2.1199999,,,,,240.00000954E-3,-2.1199999,,,,,240.00000954E-3,-2.1199999,,,,,240.00000954E-3,-2.1199999,
,,,244.00001764E-3,-2.1199999,,,,,244.00001764E-3,-2.1199999,,,,,244.00001764E-3,-2.1199999,,,,,244.00001764E-3,-2.1199999,
,,,248.00001085E-3,-2.1199999,,,,,248.00001085E-3,-2.1199999,,,,,248.00001085E-3,-2.1199999,,,,,248.00001085E-3,-2.1199999,
,,,252.00000405E-3,-2.1199999,,,,,252.00000405E-3,-2.1199999,,,,,252.00000405E-3,-2.1199999,,,,,252.00000405E-3,-2.1199999,
,,,256.00001216E-3,-2.1199999,,,,,256.00001216E-3,-2.1199999,,,,,256.00001216E-3,-2.1199999,,,,,256.00001216E-3,-2.1199999,
,,,260.00002027E-3,-2.1199999,,,,,260.00002027E-3,-2.1199999,,,,,260.00002027E-3,-2.1199999,,,,,260.00002027E-3,-2.1199999,
,,,263.99999857E-3,-2.1199999,,,,,263.99999857E-3,-2.1199999,,,,,263.99999857E-3,-2.1199999,,,,,263.99999857E-3,-2.1199999,
,,,268.00000668E-3,-2.1199999,,,,,268.00000668E-3,-2.1199999,,,,,268.00000668E-3,-2.1199999,,,,,268.00000668E-3,-2.1199999,
,,,272.00001478E-3,-2.1199999,,,,,272.00001478E-3,-2.1199999,,,,,272.00001478E-3,-2.1199999,,,,,272.00001478E-3,-2.1199999,
,,,276.00002289E-3,-2.1199999,,,,,276.00002289E-3,-2.1199999,,,,,276.00002289E-3,-2.1199999,,,,,276.00002289E-3,-2.1199999,
,,,280.00000119E-3,-2.1199999,,,,,280.00000119E-3,-2.1199999,,,,,280.00000119E-3,-2.1199999,,,,,280.00000119E-3,-2.1199999,
,,,284.00000930E-3,-2.1199999,,,,,284.00000930E-3,-2.1199999,,,,,284.00000930E-3,-2.1199999,,,,,284.00000930E-3,-2.1199999,
,,,288.00001740E-3,-2.1199999,,,,,288.00001740E-3,-2.1199999,,,,,288.00001740E-3,-2.1199999,,,,,288.00001740E-3,-2.1199999,
,,,292.00002551E-3,-2.1199999,,,,,292.00002551E-3,-2.1199999,,,,,292.00002551E-3,-2.1199999,,,,,292.00002551E-3,-2.1199999,
,,,296.00000381E-3,-2.1199999,,,,,296.00000381E-3,-2.1199999,,,,,296.00000381E-3,-2.1199999,,,,,296.00000381E-3,-2.1199999,
,,,300.00001192E-3,-2.1199999,,,,,300.00001192E-3,-2.1199999,,,,,300.00001192E-3,-2.1199999,,,,,300.00001192E-3,-2.1199999,
,,,304.00002003E-3,-2.1199999,,,,,304.00002003E-3,-2.1199999,,,,,304.00002003E-3,-2.1199999,,,,,304.00002003E-3,-2.1199999,
,,,308.00002813E-3,-2.1199999,,,,,308.00002813E-3,-2.1199999,,,,,308.00002813E-3,-2.1199999,,,,,308.00002813E-3,-2.1199999,
,,,312.00000644E-3,-2.1199999,,,,,312.00000644E-3,-2.1199999,,,,,312.00000644E-3,-2.1199999,,,,,312.00000644E-3,-2.1199999,
,,,316.00001454E-3,-2.1199999,,,,,316.00001454E-3,-2.1199999,,,,,316.00001454E-3,-2.1199999,,,,,316.00001454E-3,-2.1199999,
,,,320.00002265E-3,-2.1199999,,,,,320.00002265E-3,-2.1199999,,,,,320.00002265E-3,-2.1199999,,,,,320.00002265E-3,-2.1199999,
,,,324.00000095E-3,-2.1199999,,,,,324.00000095E-3,-2.1199999,,,,,324.00000095E-3,-2.1199999,,,,,324.00000095E-3,-2.1199999,
,,,328.00000906E-3,-2.1199999,,,,,328.00000906E-3,-2.1199999,,,,,328.00000906E-3,-2.1199999,,,,,328.00000906E-3,-2.1199999,
,,,332.00001717E-3,-2.1199999,,,,,332.00001717E-3,-2.1199999,,,,,332.00001717E-3,-2.1199999,,,,,332.00001717E-3,-2.1199999,
,,,336.00002527E-3,-2.1199999,,,,,336.00002527E-3,-2.1199999,,,,,336.00002527E-3,-2.1199999,,,,,336.00002527E-3,-2.1199999,
,,,340.00000358E-3,-2.1199999,,,,,340.00000358E-3,-2.1199999,,,,,340.00000358E-3,-2.1199999,,,,,340.00000358E-3,-2.1199999,
,,,344.00001168E-3,-2.1199999,,,,,344.00001168E-3,-2.1199999,,,,,344.00001168E-3,-2.1199999,,,,,344.00001168E-3,-2.1199999,
,,,348.00001979E-3,-2.1199999,,,,,348.00001979E-3,-2.1199999,,,,,348.00001979E-3,-2.1199999,,,,,348.00001979E-3,-2.1199999,
,,,352.00002789E-3,-2.1199999,,,,,352.00002789E-3,-2.1199999,,,,,352.00002789E-3,-2.1199999,,,,,352.00002789E-3,-2.1199999,
,,,356.00000620E-3,-2.1199999,,,,,356.00000620E-3,-2.1199999,,,,,356.00000620E-3,-2.1199999,,,,,356.00000620E-3,-2.1199999,
,,,360.00001431E-3,-2.1199999,,,,,360.00001431E-3,-2.1199999,,,,,360.00001431E-3,-2.1199999,,,,,360.00001431E-3,-2.1199999,
,,,364.00002241E-3,-2.1199999,,,,,364.00002241E-3,-2.1199999,,,,,364.00002241E-3,-2.1199999,,,,,364.00002241E-3,-2.1199999,
,,,368.00003052E-3,-2.1199999,,,,,368.00003052E-3,-2.1199999,,,,,368.00003052E-3,-2.1199999,,,,,368.00003052E-3,-2.1199999,
,,,372.00000882E-3,-2.1199999,,,,,372.00000882E-3,-2.1199999,,,,,372.00000882E-3,-2.1199999,,,,,372.00000882E-3,-2.1199999,
,,,376.00001693E-3,-2.1199999,,,,,376.00001693E-3,-2.1199999,,,,,376.00001693E-3,-2.1199999,,,,,376.00001693E-3,-2.1199999,
,,,380.00002503E-3,-2.1199999,,,,,380.00002503E-3,-2.1199999,,,,,380.00002503E-3,-2.1199999,,,,,380.00002503E-3,-2.1199999,
,,,384.00000334E-3,-2.1199999,,,,,384.00000334E-3,-2.1199999,,,,,384.00000334E-3,-2.1199999,,,,,384.00000334E-3,-2.1199999,
,,,388.00001144E-3,-2.1199999,,,,,388.00001144E-3,-2.1199999,,,,,388.00001144E-3,-2.1199999,,,,,388.00001144E-3,-2.1199999,
,,,392.00001955E-3,-2.1199999,,,,,392.00001955E-3,-2.1199999,,,,,392.00001955E-3,-2.1199999,,,,,392.00001955E-3,-2.1199999,
,,,396.00002766E-3,-2.1199999,,,,,396.00002766E-3,-2.1199999,,,,,396.00002766E-3,-2.1199999,,,,,396.00002766E-3,-2.1199999,
,,,400.00000596E-3,-2.1199999,,,,,400.00000596E-3,-2.1199999,,,,,400.00000596E-3,-2.1199999,,,,,400.00000596E-3,-2.1199999,
,,,404.000014067E-3,-2.1199999,,,,,404.000014067E-3,-2.1199999,,,,,404.000014067E-3,-2.1199999,,,,,404.000014067E-3,-2.1199999,
,,,408.000022173E-3,-2.1199999,,,,,408.000022173E-3,-2.1199999,,,,,408.000022173E-3,-2.1199999,,,,,408.000022173E-3,-2.1199999,
,,,412.000030279E-3,-2.1199999,,,,,412.000030279E-3,-2.1199999,,,,,412.000030279E-3,-2.1199999,,,,,412.000030279E-3,-2.1199999,
,,,416.000008583E-3,-2.1199999,,,,,416.000008583E-3,-2.1199999,,,,,416.000008583E-3,-2.1199999,,,,,416.000008583E-3,-2.1199999,
,,,420.000016689E-3,-2.1199999,,,,,420.000016689E-3,-2.1199999,,,,,420.000016689E-3,-2.1199999,,,,,420.000016689E-3,-2.1199999,
,,,424.000024796E-3,-2.1199999,,,,,424.000024796E-3,-2.1199999,,,,,424.000024796E-3,-2.1199999,,,,,424.000024796E-3,-2.1199999,
,,,428.000032902E-3,-2.1199999,,,,,428.000032902E-3,-2.1199999,,,,,428.000032902E-3,-2.1199999,,,,,428.000032902E-3,-2.1199999,
,,,432.000011206E-3,-2.1199999,,,,,432.000011206E-3,-2.1199999,,,,,432.000011206E-3,-2.1199999,,,,,432.000011206E-3,-2.1199999,
,,,436.000019312E-3,-2.1199999,,,,,436.000019312E-3,-2.1199999,,,,,436.000019312E-3,-2.1199999,,,,,436.000019312E-3,-2.1199999,
,,,440.000027418E-3,-2.1199999,,,,,440.000027418E-3,-2.1199999,,,,,440.000027418E-3,-2.1199999,,,,,440.000027418E-3,-2.1199999,
,,,444.000035524E-3,-2.1199999,,,,,444.000035524E-3,-2.1199999,,,,,444.000035524E-3,-2.1199999,,,,,444.000035524E-3,-2.1199999,
,,,448.000013828E-3,-2.1199999,,,,,448.000013828E-3,-2.1199999,,,,,448.000013828E-3,-2.1199999,,,,,448.000013828E-3,-2.1199999,
,,,452.000021935E-3,-2.1199999,,,,,452.000021935E-3,-2.1199999,,,,,452.000021935E-3,-2.1199999,,,,,452.000021935E-3,-2.1199999,
,,,456.000030041E-3,-2.1199999,,,,,456.000030041E-3,-2.1199999,,,,,456.000030041E-3,-2.1199999,,,,,456.000030041E-3,-2.1199999,
,,,460.000008345E-3,-2.1199999,,,,,460.000008345E-3,-2.1199999,,,,,460.000008345E-3,-2.1199999,,,,,460.000008345E-3,-2.1199999,
,,,464.000016451E-3,-2.1199999,,,,,464.000016451E-3,-2.1199999,,,,,464.000016451E-3,-2.1199999,,,,,464.000016451E-3,-2.1199999,
,,,468.000024557E-3,-2.1199999,,,,,468.000024557E-3,-2.1199999,,,,,468.000024557E-3,-2.1199999,,,,,468.000024557E-3,-2.1199999,
,,,472.000032663E-3,-2.1199999,,,,,472.000032663E-3,-2.1199999,,,,,472.000032663E-3,-2.1199999,,,,,472.000032663E-3,-2.1199999,
,,,476.000010967E-3,-2.1199999,,,,,476.000010967E-3,-2.1199999,,,,,476.000010967E-3,-2.1199999,,,,,476.000010967E-3,-2.1199999,
,,,480.000019073E-3,-2.1199999,,,,,480.000019073E-3,-2.1199999,,,,,480.000019073E-3,-2.1199999,,,,,480.000019073E-3,-2.1199999,
,,,484.000027180E-3,-2.1199999,,,,,484.000027180E-3,-2.1199999,,,,,484.000027180E-3,-2.1199999,,,,,484.000027180E-3,-2.1199999,
,,,488.000035286E-3,-2.1199999,,,,,488.000035286E-3,-2.1199999,,,,,488.000035286E-3,-2.1199999,,,,,488.000035286E-3,-2.1199999,
,,,492.000013590E-3,-2.1199999,,,,,492.000013590E-3,-2.1199999,,,,,492.000013590E-3,-2.1199999,,,,,492.000013590E-3,-2.1199999,
,,,496.000021696E-3,-2.1199999,,,,,496.000021696E-3,-2.1199999,,,,,496.000021696E-3,-2.1199999,,,,,496.000021696E-3,-2.1199999,
,,,500.000000000E-3,-2.1199999,,,,,500.000000000E-3,-2.1199999,,,,,500.000000000E-3,-2.1199999,,,,,500.000000000E-3,-2.1199999,
,,,504.000008106E-3,-2.1199999,,,,,504.000008106E-3,-2.1199999,,,,,504.000008106E-3,-2.1199999,,,,,504.000008106E-3,-2.1199999,
,,,508.000016212E-3,-2.1199999,,,,,508.000016212E-3,-2.1199999,,,,,508.000016212E-3,-2.1199999,,,,,508.000016212E-3,-2.1199999,
,,,512.000024319E-3,-2.1199999,,,,,512.000024319E-3,-2.1199999,,,,,512.000024319E-3,-2.1199999,,,,,512.000024319E-3,-2.1199999,
,,,516.000032425E-3,-2.1199999,,,,,516.000032425E-3,-2.1199999,,,,,516.000032425E-3,-2.1199999,,,,,516.000032425E-3,-2.1199999,
,,,520.000040531E-3,-2.1199999,,,,,520.000040531E-3,-2.1199999,,,,,520.000040531E-3,-2.1199999,,,,,520.000040531E-3,-2.1199999,
,,,524.000048637E-3,-2.1199999,,,,,524.000048637E-3,-2.1199999,,,,,524.000048637E-3,-2.1199999,,,,,524.000048637E-3,-2.1199999,
,,,527.999997139E-3,-2.1199999,,,,,527.999997139E-3,-2.1199999,,,,,527.999997139E-3,-2.1199999,,,,,527.999997139E-3,-2.1199999,
,,,532.000005245E-3,-2.1199999,,,,,532.000005245E-3,-2.1199999,,,,,532.000005245E-3,-2.1199999,,,,,532.000005245E-3,-2.1199999,
,,,536.000013351E-3,-2.1199999,,,,,536.000013351E-3,-2.1199999,,,,,536.000013351E-3,-2.1199999,,,,,536.000013351E-3,-2.1199999,
,,,540.000021458E-3,-2.1199999,,,,,540.000021458E-3,-2.1199999,,,,,540.000021458E-3,-2.1199999,,,,,540.000021458E-3,-2.1199999,
,,,544.000029564E-3,-2.1199999,,,,,544.000029564E-3,-2.1199999,,,,,544.000029564E-3,-2.1199999,,,,,544.000029564E-3,-2.1199999,
,,,548.000037670E-3,-2.1199999,,,,,548.000037670E-3,-2.1199999,,,,,548.000037670E-3,-2.1199999,,,,,548.000037670E-3,-2.1199999,
,,,552.000045776E-3,-2.1199999,,,,,552.000045776E-3,-2.1199999,,,,,552.000045776E-3,-2.1199999,,,,,552.000045776E-3,-2.1199999,
,,,556.000053883E-3,-2.1199999,,,,,556.000053883E-3,-2.1199999,,,,,556.000053883E-3,-2.1199999,,,,,556.000053883E-3,-2.1199999,
,,,560.000002384E-3,-2.1199999,,,,,560.000002384E-3,-2.1199999,,,,,560.000002384E-3,-2.1199999,,,,,560.000002384E-3,-2.1199999,
,,,564.000010490E-3,-2.1199999,,,,,564.000010490E-3,-2.1199999,,,,,564.000010490E-3,-2.1199999,,,,,564.000010490E-3,-2.1199999,
,,,568.000018597E-3,-2.1199999,,,,,568.000018597E-3,-2.1199999,,,,,568.000018597E-3,-2.1199999,,,,,568.000018597E-3,-2.1199999,
,,,572.000026703E-3,-2.1199999,,,,,572.000026703E-3,-2.1199999,,,,,572.000026703E-3,-2.1199999,,,,,572.000026703E-3,-2.1199999,
,,,576.000034809E-3,-2.1199999,,,,,576.000034809E-3,-2.1199999,,,,,576.000034809E-3,-2.1199999,,,,,576.000034809E-3,-2.1199999,
,,,580.000042915E-3,-2.1199999,,,,,580.000042915E-3,-2.1199999,,,,,580.000042915E-3,-2.1199999,,,,,580.000042915E-3,-2.1199999,
,,,584.000051022E-3,-2.1199999,,,,,584.000051022E-3,-2.1199999,,,,,584.000051022E-3,-2.1199999,,,,,584.000051022E-3,-2.1199999,
,,,587.999999523E-3,-2.1199999,,,,,587.999999523E-3,-2.1199999,,,,,587.999999523E-3,-2.1199999,,,,,587.999999523E-3,-2.1199999,
,,,592.000007629E-3,-2.1199999,,,,,592.000007629E-3,-2.1199999,,,,,592.000007629E-3,-2.1199999,,,,,592.000007629E-3,-2.1199999,
,,,596.000015736E-3,-2.1199999,,,,,596.000015736E-3,-2.1199999,,,,,596.000015736E-3,-2.1199999,,,,,596.000015736E-3,-2.1199999,
,,,600.000023842E-3,-2.1199999,,,,,600.000023842E-3,-2.1199999,,,,,600.000023842E-3,-2.1199999,,,,,600.000023842E-3,-2.1199999,
,,,604.000031948E-3,-2.1199999,,,,,604.000031948E-3,-2.1199999,,,,,604.000031948E-3,-2.1199999,,,,,604.000031948E-3,-2.1199999,
,,,608.000040054E-3,-2.1199999,,,,,608.000040054E-3,-2.1199999,,,,,608.000040054E-3,-2.1199999,,,,,608.000040054E-3,-2.1199999,
,,,612.000048161E-3,-2.1199999,,,,,612.000048161E-3,-2.1199999,,,,,612.000048161E-3,-2.1199999,,,,,612.000048161E-3,-2.1199999,
,,,616.000056267E-3,-2.1199999,,,,,616.000056267E-3,-2.1199999,,,,,616.000056267E-3,-2.1199999,,,,,616.000056267E-3,-2.1199999,
,,,620.000004768E-3,-2.1199999,,,,,620.000004768E-3,-2.1199999,,,,,620.000004768E-3,-2.1199999,,,,,620.000004768E-3,-2.1199999,
,,,624.000012875E-3,-2.1199999,,,,,624.000012875E-3,-2.1199999,,,,,624.000012875E-3,-2.1199999,,,,,624.000012875E-3,-2.1199999,
,,,628.000020981E-3,-2.1199999,,,,,628.000020981E-3,-2.1199999,,,,,628.000020981E-3,-2.1199999,,,,,628.000020981E-3,-2.1199999,
,,,632.000029087E-3,-2.1199999,,,,,632.000029087E-3,-2.1199999,,,,,632.000029087E-3,-2.1199999,,,,,632.000029087E-3,-2.1199999,
,,,636.000037193E-3,-2.1199999,,,,,636.000037193E-3,-2.1199999,,,,,636.000037193E-3,-2.1199999,,,,,636.000037193E-3,-2.1199999,
,,,640.000045300E-3,-2.1199999,,,,,640.000045300E-3,-2.1199999,,,,,640.000045300E-3,-2.1199999,,,,,640.000045300E-3,-2.1199999,
,,,644.000053406E-3,-2.1199999,,,,,644.000053406E-3,-2.1199999,,,,,644.000053406E-3,-2.1199999,,,,,644.000053406E-3,-2.1199999,
,,,648.000001907E-3,-2.1199999,,,,,648.000001907E-3,-2.1199999,,,,,648.000001907E-3,-2.1199999,,,,,648.000001907E-3,-2.1199999,
,,,652.000010014E-3,-2.1199999,,,,,652.000010014E-3,-2.1199999,,,,,652.000010014E-3,-2.1199999,,,,,652.000010014E-3,-2.1199999,
,,,656.000018120E-3,-2.1199999,,,,,656.000018120E-3,-2.1199999,,,,,656.000018120E-3,-2.1199999,,,,,656.000018120E-3,-2.1199999,
,,,660.000026226E-3,-2.1199999,,,,,660.000026226E-3,-2.1199999,,,,,660.000026226E-3,-2.1199999,,,,,660.000026226E-3,-2.1199999,
,,,664.000034332E-3,-2.1199999,,,,,664.000034332E-3,-2.1199999,,,,,664.000034332E-3,-2.1199999,,,,,664.000034332E-3,-2.1199999,
,,,668.000042439E-3,-2.1199999,,,,,668.000042439E-3,-2.1199999,,,,,668.000042439E-3,-2.1199999,,,,,668.000042439E-3,-2.1199999,
,,,672.000050545E-3,-2.1199999,,,,,672.000050545E-3,-2.1199999,,,,,672.000050545E-3,-2.1199999,,,,,672.000050545E-3,-2.1199999,
,,,676.000058651E-3,-2.1199999,,,,,676.000058651E-3,-2.1199999,,,,,676.000058651E-3,-2.1199999,,,,,676.000058651E-3,-2.1199999,
,,,680.000007153E-3,-2.1199999,,,,,680.000007153E-3,-2.1199999,,,,,680.000007153E-3,-2.1199999,,,,,680.000007153E-3,-2.1199999,
,,,684.000015259E-3,-2.1199999,,,,,684.000015259E-3,-2.1199999,,,,,684.000015259E-3,-2.1199999,,,,,684.000015259E-3,-2.1199999,
,,,688.000023365E-3,-2.1199999,,,,,688.000023365E-3,-2.1199999,,,,,688.000023365E-3,-2.1199999,,,,,688.000023365E-3,-2.1199999,
,,,692.000031471E-3,-2.1199999,,,,,692.000031471E-3,-2.1199999,,,,,692.000031471E-3,-2.1199999,,,,,692.000031471E-3,-2.1199999,
,,,696.000039577E-3,-2.1199999,,,,,696.000039577E-3,-2.1199999,,,,,696.000039577E-3,-2.1199999,,,,,696.000039577E-3,-2.1199999,
,,,700.000047684E-3,-2.1199999,,,,,700.000047684E-3,-2.1199999,,,,,700.000047684E-3,-2.1199999,,,,,700.000047684E-3,-2.1199999,
,,,704.000055790E-3,-2.1199999,,,,,704.000055790E-3,-2.1199999,,,,,704.000055790E-3,-2.1199999,,,,,704.000055790E-3,-2.1199999,
,,,708.000004292E-3,-2.1199999,,,,,708.000004292E-3,-2.1199999,,,,,708.000004292E-3,-2.1199999,,,,,708.000004292E-3,-2.1199999,
,,,712.000012398E-3,-2.1199999,,,,,712.000012398E-3,-2.1199999,,,,,712.000012398E-3,-2.1199999,,,,,712.000012398E-3,-2.1199999,
,,,716.000020504E-3,-2.1199999,,,,,716.000020504E-3,-2.1199999,,,,,716.000020504E-3,-2.1199999,,,,,716.000020504E-3,-2.1199999,
,,,720.000028610E-3,-2.1199999,,,,,720.000028610E-3,-2.1199999,,,,,720.000028610E-3,-2.1199999,,,,,720.000028610E-3,-2.1199999,
,,,724.000036716E-3,-2.1199999,,,,,724.000036716E-3,-2.1199999,,,,,724.000036716E-3,-2.1199999,,,,,724.000036716E-3,-2.1199999,
,,,728.000044823E-3,-2.1199999,,,,,728.000044823E-3,-2.1199999,,,,,728.000044823E-3,-2.1199999,,,,,728.000044823E-3,-2.1199999,
,,,732.000052929E-3,-2.1199999,,,,,732.000052929E-3,-2.1199999,,,,,732.000052929E-3,-2.1199999,,,,,732.000052929E-3,-2.1199999,
,,,736.000061035E-3,-2.1199999,,,,,736.000061035E-3,-2.1199999,,,,,736.000061035E-3,-2.1199999,,,,,736.000061035E-3,-2.1199999,
,,,740.000009537E-3,-2.1199999,,,,,740.000009537E-3,-2.1199999,,,,,740.000009537E-3,-2.1199999,,,,,740.000009537E-3,-2.1199999,
,,,744.000017643E-3,-2.1199999,,,,,744.000017643E-3,-2.1199999,,,,,744.000017643E-3,-2.1199999,,,,,744.000017643E-3,-2.1199999,
,,,748.000025749E-3,-2.1199999,,,,,748.000025749E-3,-2.1199999,,,,,748.000025749E-3,-2.1199999,,,,,748.000025749E-3,-2.1199999,
,,,752.000033855E-3,-2.1199999,,,,,752.000033855E-3,-2.1199999,,,,,752.000033855E-3,-2.1199999,,,,,752.000033855E-3,-2.1199999,
,,,756.000041962E-3,-2.1199999,,,,,756.000041962E-3,-2.1199999,,,,,756.000041962E-3,-2.1199999,,,,,756.000041962E-3,-2.1199999,
,,,760.000050068E-3,2.3999999,,,,,760.000050068E-3,2.4400001,,,,,760.000050068E-3,-2.1199999,,,,,760.000050068E-3,-2.1199999,
,,,764.000058174E-3,2.3599999,,,,,764.000058174E-3,2.3999999,,,,,764.000058174E-3,-2.1199999,,,,,764.000058174E-3,-2.1199999,
,,,768.000006676E-3,2.3599999,,,,,768.000006676E-3,2.3999999,,,,,768.000006676E-3,2.4800000,,,,,768.000006676E-3,2.96000004,
,,,772.000014782E-3,2.3599999,,,,,772.000014782E-3,2.4400001,,,,,772.000014782E-3,2.5200000,,,,,772.000014782E-3,2.91999984,
,,,776.000022888E-3,2.3599999,,,,,776.000022888E-3,2.3999999,,,,,776.000022888E-3,2.3999999,,,,,776.000022888E-3,3.11999989,
,,,780.000030994E-3,2.3999999,,,,,780.000030994E-3,2.4400001,,,,,780.000030994E-3,2.3999999,,,,,780.000030994E-3,3.03999996,
,,,784.000039101E-3,2.3599999,,,,,784.000039101E-3,2.3999999,,,,,784.000039101E-3,2.3999999,,,,,784.000039101E-3,3.15999985,
,,,788.000047207E-3,2.3999999,,,,,788.000047207E-3,2.3599999,,,,,788.000047207E-3,2.3599999,,,,,788.000047207E-3,3.03999996,
,,,792.000055313E-3,2.3599999,,,,,792.000055313E-3,2.3599999,,,,,792.000055313E-3,2.3599999,,,,,792.000055313E-3,3.11999989,
,,,796.000063419E-3,2.3599999,,,,,796.000063419E-3,2.3999999,,,,,796.000063419E-3,2.4400001,,,,,796.000063419E-3,3.24000001,
,,,800.000011921E-3,2.3599999,,,,,800.000011921E-3,2.4400001,,,,,800.000011921E-3,2.2800000,,,,,800.000011921E-3,3.15999985,
,,,804.000020027E-3,2.3599999,,,,,804.000020027E-3,2.3999999,,,,,804.000020027E-3,2.2800000,,,,,804.000020027E-3,3.24000001,
,,,808.000028133E-3,2.3599999,,,,,808.000028133E-3,2.4400001,,,,,808.000028133E-3,2.3199999,,,,,808.000028133E-3,3.19999981,
,,,812.000036240E-3,2.3599999,,,,,812.000036240E-3,2.3999999,,,,,812.000036240E-3,2.3599999,,,,,812.000036240E-3,3.24000001,
,,,816.000044346E-3,2.3599999,,,,,816.000044346E-3,2.4400001,,,,,816.000044346E-3,2.3999999,,,,,816.000044346E-3,3.11999989,
,,,820.000052452E-3,2.3599999,,,,,820.000052452E-3,2.4800000,,,,,820.000052452E-3,2.3599999,,,,,820.000052452E-3,3.35999990,
,,,824.000060558E-3,2.3199999,,,,,824.000060558E-3,2.3999999,,,,,824.000060558E-3,2.3999999,,,,,824.000060558E-3,3.27999997,
,,,828.000068665E-3,2.3599999,,,,,828.000068665E-3,2.3999999,,,,,828.000068665E-3,2.3199999,,,,,828.000068665E-3,3.31999993,
,,,832.000017166E-3,2.3599999,,,,,832.000017166E-3,2.3999999,,,,,832.000017166E-3,2.3199999,,,,,832.000017166E-3,3.39999986,
,,,836.000025272E-3,2.3599999,,,,,836.000025272E-3,2.3999999,,,,,836.000025272E-3,2.2800000,,,,,836.000025272E-3,3.15999985,
,,,840.000033379E-3,2.3599999,,,,,840.000033379E-3,2.4400001,,,,,840.000033379E-3,2.3199999,,,,,840.000033379E-3,3.35999990,
,,,844.000041485E-3,2.3999999,,,,,844.000041485E-3,2.4400001,,,,,844.000041485E-3,2.4400001,,,,,844.000041485E-3,3.39999986,
,,,848.000049591E-3,2.3599999,,,,,848.000049591E-3,2.4400001,,,,,848.000049591E-3,2.3599999,,,,,848.000049591E-3,3.31999993,
,,,852.000057697E-3,2.3599999,,,,,852.000057697E-3,2.4400001,,,,,852.000057697E-3,2.2800000,,,,,852.000057697E-3,3.27999997,
,,,856.000065804E-3,2.3599999,,,,,856.000065804E-3,2.4400001,,,,,856.000065804E-3,2.3999999,,,,,856.000065804E-3,3.35999990,
,,,860.000014305E-3,2.3599999,,,,,860.000014305E-3,2.4400001,,,,,860.000014305E-3,2.3199999,,,,,860.000014305E-3,3.35999990,
,,,864.000022411E-3,2.3599999,,,,,864.000022411E-3,2.4400001,,,,,864.000022411E-3,2.3199999,,,,,864.000022411E-3,3.31999993,
,,,868.000030518E-3,2.3599999,,,,,868.000030518E-3,2.4400001,,,,,868.000030518E-3,2.1599998,,,,,868.000030518E-3,3.24000001,
,,,872.000038624E-3,2.3599999,,,,,872.000038624E-3,2.3999999,,,,,872.000038624E-3,2.3999999,,,,,872.000038624E-3,3.48000002,
,,,876.000046730E-3,2.3999999,,,,,876.000046730E-3,2.4400001,,,,,876.000046730E-3,2.3599999,,,,,876.000046730E-3,3.24000001,
,,,880.000054836E-3,2.3599999,,,,,880.000054836E-3,2.4400001,,,,,880.000054836E-3,2.2000000,,,,,880.000054836E-3,3.43999982,
,,,884.000062943E-3,2.3599999,,,,,884.000062943E-3,2.4400001,,,,,884.000062943E-3,2.4400001,,,,,884.000062943E-3,3.43999982,
,,,888.000071049E-3,2.3599999,,,,,888.000071049E-3,2.4400001,,,,,888.000071049E-3,2.3199999,,,,,888.000071049E-3,3.48000002,
,,,892.000019550E-3,2.3599999,,,,,892.000019550E-3,2.4400001,,,,,892.000019550E-3,2.2800000,,,,,892.000019550E-3,3.31999993,
,,,896.000027657E-3,2.3599999,,,,,896.000027657E-3,2.4400001,,,,,896.000027657E-3,2.2800000,,,,,896.000027657E-3,3.39999986,
,,,900.000035763E-3,2.3599999,,,,,900.000035763E-3,2.4400001,,,,,900.000035763E-3,2.3599999,,,,,900.000035763E-3,3.51999998,
,,,904.000043869E-3,2.3599999,,,,,904.000043869E-3,2.4400001,,,,,904.000043869E-3,2.3599999,,,,,904.000043869E-3,3.43999982,
,,,908.000051975E-3,2.3599999,,,,,908.000051975E-3,2.4400001,,,,,908.000051975E-3,2.4800000,,,,,908.000051975E-3,3.51999998,
,,,912.000060081E-3,2.3599999,,,,,912.000060081E-3,2.4400001,,,,,912.000060081E-3,2.3599999,,,,,912.000060081E-3,3.39999986,
,,,916.000068188E-3,2.3599999,,,,,916.000068188E-3,2.3999999,,,,,916.000068188E-3,2.3599999,,,,,916.000068188E-3,3.35999990,
,,,920.000016689E-3,2.3999999,,,,,920.000016689E-3,2.4400001,,,,,920.000016689E-3,2.3999999,,,,,920.000016689E-3,3.39999986,
,,,924.000024796E-3,2.3599999,,,,,924.000024796E-3,2.4400001,,,,,924.000024796E-3,2.2800000,,,,,924.000024796E-3,3.43999982,
,,,928.000032902E-3,2.3599999,,,,,928.000032902E-3,2.4400001,,,,,928.000032902E-3,2.3999999,,,,,928.000032902E-3,3.39999986,
,,,932.000041008E-3,2.3599999,,,,,932.000041008E-3,2.4400001,,,,,932.000041008E-3,2.3199999,,,,,932.000041008E-3,3.51999998,
,,,936.000049114E-3,2.3599999,,,,,936.000049114E-3,2.4800000,,,,,936.000049114E-3,2.2800000,,,,,936.000049114E-3,3.27999997,
,,,940.000057220E-3,2.3999999,,,,,940.000057220E-3,2.4400001,,,,,940.000057220E-3,2.2000000,,,,,940.000057220E-3,3.39999986,
,,,944.000065327E-3,2.3599999,,,,,944.000065327E-3,2.4400001,,,,,944.000065327E-3,2.2800000,,,,,944.000065327E-3,3.39999986,
,,,948.000073433E-3,2.3599999,,,,,948.000073433E-3,2.4400001,,,,,948.000073433E-3,2.1199999,,,,,948.000073433E-3,3.39999986,
,,,952.000021935E-3,2.3599999,,,,,952.000021935E-3,2.4400001,,,,,952.000021935E-3,2.2400000,,,,,952.000021935E-3,3.39999986,
,,,956.000030041E-3,2.3599999,,,,,956.000030041E-3,2.4400001,,,,,956.000030041E-3,2.2400000,,,,,956.000030041E-3,3.35999990,
,,,960.000038147E-3,2.3599999,,,,,960.000038147E-3,2.4400001,,,,,960.000038147E-3,2.3199999,,,,,960.000038147E-3,3.35999990,
,,,964.000046253E-3,2.3599999,,,,,964.000046253E-3,2.4400001,,,,,964.000046253E-3,2.3199999,,,,,964.000046253E-3,3.48000002,
,,,968.000054359E-3,2.3599999,,,,,968.000054359E-3,2.2400000,,,,,968.000054359E-3,2.2800000,,,,,968.000054359E-3,3.51999998,
,,,972.000062466E-3,2.3599999,,,,,972.000062466E-3,2.4400001,,,,,972.000062466E-3,2.3199999,,,,,972.000062466E-3,3.31999993,
,,,976.000070572E-3,2.3599999,,,,,976.000070572E-3,2.3999999,,,,,976.000070572E-3,2.3999999,,,,,976.000070572E-3,3.43999982,
,,,980.000019073E-3,2.3599999,,,,,980.000019073E-3,2.3999999,,,,,980.000019073E-3,2.5200000,,,,,980.000019073E-3,3.43999982,
,,,984.000027180E-3,2.3599999,,,,,984.000027180E-3,2.3999999,,,,,984.000027180E-3,2.2000000,,,,,984.000027180E-3,3.43999982,
,,,988.000035286E-3,2.3599999,,,,,988.000035286E-3,2.3999999,,,,,988.000035286E-3,2.2800000,,,,,988.000035286E-3,3.48000002,
,,,992.000043392E-3,2.3599999,,,,,992.000043392E-3,2.4400001,,,,,992.000043392E-3,2.3999999,,,,,992.000043392E-3,3.35999990,
,,,996.000051498E-3,2.3599999,,,,,996.000051498E-3,2.4400001,,,,,996.000051498E-3,2.3199999,,,,,996.000051498E-3,3.51999998,
,,,1.000000,2.3599999,,,,,1.000000,2.3599999,,,,,1.000000,2.2800000,,,,,1.000000,3.43999982,
,,,1.0040001,2.3599999,,,,,1.0040001,2.4400001,,,,,1.0040001,2.2000000,,,,,1.0040001,3.31999993,
,,,1.0080000,2.3599999,,,,,1.0080000,2.3999999,,,,,1.0080000,2.3599999,,,,,1.0080000,3.67999983,
,,,1.0120001,2.3599999,,,,,1.0120001,2.3999999,,,,,1.0120001,2.2400000,,,,,1.0120001,3.35999990,
,,,1.0160000,2.3599999,,,,,1.0160000,2.4400001,,,,,1.0160000,2.3199999,,,,,1.0160000,3.43999982,
,,,1.0200001,2.3599999,,,,,1.0200001,2.3999999,,,,,1.0200001,2.1599998,,,,,1.0200001,3.43999982,
,,,1.0240000,2.3599999,,,,,1.0240000,2.4400001,,,,,1.0240000,2.3999999,,,,,1.0240000,3.39999986,
,,,1.0280000,2.3599999,,,,,1.0280000,2.3999999,,,,,1.0280000,2.3199999,,,,,1.0280000,3.51999998,
,,,1.0320001,2.3599999,,,,,1.0320001,2.4400001,,,,,1.0320001,2.3599999,,,,,1.0320001,3.51999998,
,,,1.0360000,2.3599999,,,,,1.0360000,2.4400001,,,,,1.0360000,2.2800000,,,,,1.0360000,3.39999986,
,,,1.0400001,2.3599999,,,,,1.0400001,2.3999999,,,,,1.0400001,2.2800000,,,,,1.0400001,3.55999994,
,,,1.0440000,2.3599999,,,,,1.0440000,2.4400001,,,,,1.0440000,2.2400000,,,,,1.0440000,3.51999998,
,,,1.0480001,2.3599999,,,,,1.0480001,2.4400001,,,,,1.0480001,2.3199999,,,,,1.0480001,3.51999998,
,,,1.0520000,2.3599999,,,,,1.0520000,2.4400001,,,,,1.0520000,2.5200000,,,,,1.0520000,3.48000002,
,,,1.0560000,2.3999999,,,,,1.0560000,2.3999999,,,,,1.0560000,2.4800000,,,,,1.0560000,3.55999994,
,,,1.0600001,2.3599999,,,,,1.0600001,2.4400001,,,,,1.0600001,2.3599999,,,,,1.0600001,3.35999990,
,,,1.0640000,2.3999999,,,,,1.0640000,2.4400001,,,,,1.0640000,2.2400000,,,,,1.0640000,3.59999990,
,,,1.0680001,2.3599999,,,,,1.0680001,2.4400001,,,,,1.0680001,2.3999999,,,,,1.0680001,3.51999998,
,,,1.0720000,2.3599999,,,,,1.0720000,2.4400001,,,,,1.0720000,2.4400001,,,,,1.0720000,3.43999982,
,,,1.0760001,2.3599999,,,,,1.0760001,2.3999999,,,,,1.0760001,2.5200000,,,,,1.0760001,3.48000002,
,,,1.0800000,2.3599999,,,,,1.0800000,2.4400001,,,,,1.0800000,2.2800000,,,,,1.0800000,3.48000002,
,,,1.0840001,2.3599999,,,,,1.0840001,2.4400001,,,,,1.0840001,2.3199999,,,,,1.0840001,3.59999990,
,,,1.0880001,2.3599999,,,,,1.0880001,2.4400001,,,,,1.0880001,2.4400001,,,,,1.0880001,3.39999986,
,,,1.0920000,2.3599999,,,,,1.0920000,2.4400001,,,,,1.0920000,2.3599999,,,,,1.0920000,3.51999998,
,,,1.0960001,2.3599999,,,,,1.0960001,2.3999999,,,,,1.0960001,2.4400001,,,,,1.0960001,3.48000002,
,,,1.1000000,2.3599999,,,,,1.1000000,2.4400001,,,,,1.1000000,2.3999999,,,,,1.1000000,3.48000002,
,,,1.1040001,2.3599999,,,,,1.1040001,2.4400001,,,,,1.1040001,2.3999999,,,,,1.1040001,3.51999998,
,,,1.1080000,2.3599999,,,,,1.1080000,2.3999999,,,,,1.1080000,2.4800000,,,,,1.1080000,3.55999994,
,,,1.1120001,2.3599999,,,,,1.1120001,2.4400001,,,,,1.1120001,2.4800000,,,,,1.1120001,3.48000002,
,,,1.1160001,2.3599999,,,,,1.1160001,2.4400001,,,,,1.1160001,2.4400001,,,,,1.1160001,3.39999986,
,,,1.1200000,2.3599999,,,,,1.1200000,2.4400001,,,,,1.1200000,2.3599999,,,,,1.1200000,3.43999982,
,,,1.1240001,2.3599999,,,,,1.1240001,2.4400001,,,,,1.1240001,2.2800000,,,,,1.1240001,3.59999990,
,,,1.1280000,2.3599999,,,,,1.1280000,2.4400001,,,,,1.1280000,2.4800000,,,,,1.1280000,3.55999994,
,,,1.1320001,2.3599999,,,,,1.1320001,2.4400001,,,,,1.1320001,2.4400001,,,,,1.1320001,3.55999994,
,,,1.1360000,2.3599999,,,,,1.1360000,2.3999999,,,,,1.1360000,2.4800000,,,,,1.1360000,3.39999986,
,,,1.1400001,2.3599999,,,,,1.1400001,2.4400001,,,,,1.1400001,2.4800000,,,,,1.1400001,3.51999998,
,,,1.1440001,2.3599999,,,,,1.1440001,2.3599999,,,,,1.1440001,2.3999999,,,,,1.1440001,3.59999990,
,,,1.1480000,2.3599999,,,,,1.1480000,2.4400001,,,,,1.1480000,2.5599999,,,,,1.1480000,3.39999986,
,,,1.1520001,2.3999999,,,,,1.1520001,2.4400001,,,,,1.1520001,2.5599999,,,,,1.1520001,3.51999998,
,,,1.1560000,2.3599999,,,,,1.1560000,2.4400001,,,,,1.1560000,2.3999999,,,,,1.1560000,3.48000002,
,,,1.1600001,2.3599999,,,,,1.1600001,2.3999999,,,,,1.1600001,2.6399999,,,,,1.1600001,3.39999986,
,,,1.1640000,2.3599999,,,,,1.1640000,2.4400001,,,,,1.1640000,2.5599999,,,,,1.1640000,3.55999994,
,,,1.1680001,2.3599999,,,,,1.1680001,2.4400001,,,,,1.1680001,2.3999999,,,,,1.1680001,3.35999990,
,,,1.1720001,2.3999999,,,,,1.1720001,2.4400001,,,,,1.1720001,2.4400001,,,,,1.1720001,3.55999994,
,,,1.1760000,2.3599999,,,,,1.1760000,2.4400001,,,,,1.1760000,2.3599999,,,,,1.1760000,3.31999993,
,,,1.1800001,2.3599999,,,,,1.1800001,2.4800000,,,,,1.1800001,2.3999999,,,,,1.1800001,3.51999998,
,,,1.1840000,2.3599999,,,,,1.1840000,2.4400001,,,,,1.1840000,2.5200000,,,,,1.1840000,3.51999998,
,,,1.1880001,2.3599999,,,,,1.1880001,2.4400001,,,,,1.1880001,2.3599999,,,,,1.1880001,3.51999998,
,,,1.1920000,2.3599999,,,,,1.1920000,2.3599999,,,,,1.1920000,2.3999999,,,,,1.1920000,3.51999998,
,,,1.1960001,2.3599999,,,,,1.1960001,2.4400001,,,,,1.1960001,2.3999999,,,,,1.1960001,3.39999986,
,,,1.2000000,2.3599999,,,,,1.2000000,2.4400001,,,,,1.2000000,2.3999999,,,,,1.2000000,3.43999982,
,,,1.2040001,2.3999999,,,,,1.2040001,2.4400001,,,,,1.2040001,2.3199999,,,,,1.2040001,4.11999989,
,,,1.2080001,2.3599999,,,,,1.2080001,2.4400001,,,,,1.2080001,2.5200000,,,,,1.2080001,3.43999982,
,,,1.2120000,2.3599999,,,,,1.2120000,2.4400001,,,,,1.2120000,2.4400001,,,,,1.2120000,3.35999990,
,,,1.2160001,2.3599999,,,,,1.2160001,2.4400001,,,,,1.2160001,2.4800000,,,,,1.2160001,3.31999993,
,,,1.2200000,2.3599999,,,,,1.2200000,2.4400001,,,,,1.2200000,2.4800000,,,,,1.2200000,3.48000002,
,,,1.2240001,2.3599999,,,,,1.2240001,2.4400001,,,,,1.2240001,2.3199999,,,,,1.2240001,3.43999982,
,,,1.2280000,2.3599999,,,,,1.2280000,2.4400001,,,,,1.2280000,2.4400001,,,,,1.2280000,3.59999990,
,,,1.2320001,2.3599999,,,,,1.2320001,2.3999999,,,,,1.2320001,2.3199999,,,,,1.2320001,3.39999986,
,,,1.2360001,2.3599999,,,,,1.2360001,2.4400001,,,,,1.2360001,2.3999999,,,,,1.2360001,3.43999982,
,,,1.2400000,2.3599999,,,,,1.2400000,2.4400001,,,,,1.2400000,2.3599999,,,,,1.2400000,3.39999986,
,,,1.2440001,2.3599999,,,,,1.2440001,2.4400001,,,,,1.2440001,2.3199999,,,,,1.2440001,3.43999982,
,,,1.2480000,2.3599999,,,,,1.2480000,2.4400001,,,,,1.2480000,2.4800000,,,,,1.2480000,3.55999994,
,,,1.2520001,2.3599999,,,,,1.2520001,2.4400001,,,,,1.2520001,2.3599999,,,,,1.2520001,3.39999986,
,,,1.2560000,2.3999999,,,,,1.2560000,2.4400001,,,,,1.2560000,2.2000000,,,,,1.2560000,3.48000002,
,,,1.2600001,2.3599999,,,,,1.2600001,2.4400001,,,,,1.2600001,2.4400001,,,,,1.2600001,3.51999998,
,,,1.2640001,2.3599999,,,,,1.2640001,2.4400001,,,,,1.2640001,2.2400000,,,,,1.2640001,3.55999994,
,,,1.2680000,2.3599999,,,,,1.2680000,2.4400001,,,,,1.2680000,2.3199999,,,,,1.2680000,3.48000002,
,,,1.2720001,2.3599999,,,,,1.2720001,2.3999999,,,,,1.2720001,2.3599999,,,,,1.2720001,3.39999986,
,,,1.2760000,2.3599999,,,,,1.2760000,2.3999999,,,,,1.2760000,2.3999999,,,,,1.2760000,3.55999994,
,,,1.2800001,2.3599999,,,,,1.2800001,2.4400001,,,,,1.2800001,2.3199999,,,,,1.2800001,3.48000002,
,,,1.2840000,2.3599999,,,,,1.2840000,2.3999999,,,,,1.2840000,2.2000000,,,,,1.2840000,3.55999994,
,,,1.2880001,2.3599999,,,,,1.2880001,2.3999999,,,,,1.2880001,2.4800000,,,,,1.2880001,3.35999990,
,,,1.2920001,2.3599999,,,,,1.2920001,2.3999999,,,,,1.2920001,2.3599999,,,,,1.2920001,3.51999998,
,,,1.2960000,2.3599999,,,,,1.2960000,2.3999999,,,,,1.2960000,2.2800000,,,,,1.2960000,3.35999990,
,,,1.3000001,2.3199999,,,,,1.3000001,2.3999999,,,,,1.3000001,2.2800000,,,,,1.3000001,3.51999998,
,,,1.3040000,2.3599999,,,,,1.3040000,2.3999999,,,,,1.3040000,2.3599999,,,,,1.3040000,3.48000002,
,,,1.3080001,2.3599999,,,,,1.3080001,2.4400001,,,,,1.3080001,2.4800000,,,,,1.3080001,3.51999998,
,,,1.3120000,2.3599999,,,,,1.3120000,2.4400001,,,,,1.3120000,2.3199999,,,,,1.3120000,3.39999986,
,,,1.3160001,2.3599999,,,,,1.3160001,2.3999999,,,,,1.3160001,2.3999999,,,,,1.3160001,3.51999998,
,,,1.3200001,2.3999999,,,,,1.3200001,2.3999999,,,,,1.3200001,2.3599999,,,,,1.3200001,3.55999994,
,,,1.3240001,2.3999999,,,,,1.3240001,2.3999999,,,,,1.3240001,2.3599999,,,,,1.3240001,3.55999994,
,,,1.3280001,2.3599999,,,,,1.3280001,2.4400001,,,,,1.3280001,2.4800000,,,,,1.3280001,3.51999998,
,,,1.3320000,2.3599999,,,,,1.3320000,2.4400001,,,,,1.3320000,2.3599999,,,,,1.3320000,3.51999998,
,,,1.3360001,2.3599999,,,,,1.3360001,2.4400001,,,,,1.3360001,2.2800000,,,,,1.3360001,3.48000002,
,,,1.3400000,2.3599999,,,,,1.3400000,2.3599999,,,,,1.3400000,2.3599999,,,,,1.3400000,3.48000002,
,,,1.3440001,2.3599999,,,,,1.3440001,2.4400001,,,,,1.3440001,2.3199999,,,,,1.3440001,3.51999998,
,,,1.3480000,2.3599999,,,,,1.3480000,2.3999999,,,,,1.3480000,2.2000000,,,,,1.3480000,3.48000002,
,,,1.3520001,2.3599999,,,,,1.3520001,2.4400001,,,,,1.3520001,2.3199999,,,,,1.3520001,3.48000002,
,,,1.3560001,2.3599999,,,,,1.3560001,2.3999999,,,,,1.3560001,2.3999999,,,,,1.3560001,3.55999994,
,,,1.3600000,2.3599999,,,,,1.3600000,2.3999999,,,,,1.3600000,2.3599999,,,,,1.3600000,3.48000002,
,,,1.3640001,2.3599999,,,,,1.3640001,2.4400001,,,,,1.3640001,2.3599999,,,,,1.3640001,3.51999998,
,,,1.3680000,2.3599999,,,,,1.3680000,2.4400001,,,,,1.3680000,2.3199999,,,,,1.3680000,3.59999990,
,,,1.3720001,2.3599999,,,,,1.3720001,2.4400001,,,,,1.3720001,2.3199999,,,,,1.3720001,3.51999998,
,,,1.3760000,2.3599999,,,,,1.3760000,2.4400001,,,,,1.3760000,2.3199999,,,,,1.3760000,3.48000002,
,,,1.3800001,2.3599999,,,,,1.3800001,2.4400001,,,,,1.3800001,2.2800000,,,,,1.3800001,3.55999994,
,,,1.3840001,2.3599999,,,,,1.3840001,2.3999999,,,,,1.3840001,2.2400000,,,,,1.3840001,3.55999994,
,,,1.3880000,2.3599999,,,,,1.3880000,2.3999999,,,,,1.3880000,2.2000000,,,,,1.3880000,3.59999990,
,,,1.3920001,2.3599999,,,,,1.3920001,2.3999999,,,,,1.3920001,2.3599999,,,,,1.3920001,3.59999990,
,,,1.3960000,2.3599999,,,,,1.3960000,2.3999999,,,,,1.3960000,2.2800000,,,,,1.3960000,3.43999982,
,,,1.4000001,2.3599999,,,,,1.4000001,2.4400001,,,,,1.4000001,2.2000000,,,,,1.4000001,3.55999994,
,,,1.4040000,2.3599999,,,,,1.4040000,2.3999999,,,,,1.4040000,2.2400000,,,,,1.4040000,3.55999994,
,,,1.4080001,2.3599999,,,,,1.4080001,2.3999999,,,,,1.4080001,2.3199999,,,,,1.4080001,3.55999994,
,,,1.4120001,2.3199999,,,,,1.4120001,2.3999999,,,,,1.4120001,2.2000000,,,,,1.4120001,3.59999990,
,,,1.4160000,2.3599999,,,,,1.4160000,2.3999999,,,,,1.4160000,2.2000000,,,,,1.4160000,3.43999982,
,,,1.4200001,2.3599999,,,,,1.4200001,2.4400001,,,,,1.4200001,2.0400000,,,,,1.4200001,3.59999990,
,,,1.4240000,2.3599999,,,,,1.4240000,2.3999999,,,,,1.4240000,2.3999999,,,,,1.4240000,3.51999998,
,,,1.4280001,2.3599999,,,,,1.4280001,2.3599999,,,,,1.4280001,2.0799999,,,,,1.4280001,3.55999994,
,,,1.4320000,2.3599999,,,,,1.4320000,2.4400001,,,,,1.4320000,2.3999999,,,,,1.4320000,3.55999994,
,,,1.4360001,2.3999999,,,,,1.4360001,2.3999999,,,,,1.4360001,2.3599999,,,,,1.4360001,3.51999998,
,,,1.4400001,2.3599999,,,,,1.4400001,2.3999999,,,,,1.4400001,2.2400000,,,,,1.4400001,3.63999987,
,,,1.4440001,2.3599999,,,,,1.4440001,2.4400001,,,,,1.4440001,2.3999999,,,,,1.4440001,3.55999994,
,,,1.4480001,2.3999999,,,,,1.4480001,2.4400001,,,,,1.4480001,2.2400000,,,,,1.4480001,3.72000003,
,,,1.4520000,2.3599999,,,,,1.4520000,2.3999999,,,,,1.4520000,2.3199999,,,,,1.4520000,3.35999990,
,,,1.4560001,2.3599999,,,,,1.4560001,2.3999999,,,,,1.4560001,2.2800000,,,,,1.4560001,3.51999998,
,,,1.4600000,2.3599999,,,,,1.4600000,2.4400001,,,,,1.4600000,2.3199999,,,,,1.4600000,3.55999994,
,,,1.4640001,2.3599999,,,,,1.4640001,2.3999999,,,,,1.4640001,2.4400001,,,,,1.4640001,3.43999982,
,,,1.4680001,2.3599999,,,,,1.4680001,2.3599999,,,,,1.4680001,2.3199999,,,,,1.4680001,3.59999990,
,,,1.4720001,2.3599999,,,,,1.4720001,2.4400001,,,,,1.4720001,2.3199999,,,,,1.4720001,3.39999986,
,,,1.4760001,2.3599999,,,,,1.4760001,2.3999999,,,,,1.4760001,2.3599999,,,,,1.4760001,3.43999982,
,,,1.4800000,2.3599999,,,,,1.4800000,2.4400001,,,,,1.4800000,2.3199999,,,,,1.4800000,3.63999987,
,,,1.4840001,2.3599999,,,,,1.4840001,2.4400001,,,,,1.4840001,2.3199999,,,,,1.4840001,3.51999998,
,,,1.4880000,2.3599999,,,,,1.4880000,2.4400001,,,,,1.4880000,2.3599999,,,,,1.4880000,3.43999982,
,,,1.4920001,2.3599999,,,,,1.4920001,2.3999999,,,,,1.4920001,2.3599999,,,,,1.4920001,3.59999990,
,,,1.4960001,2.3599999,,,,,1.4960001,2.3999999,,,,,1.4960001,2.4800000,,,,,1.4960001,3.35999990,
,,,1.5000001,2.3599999,,,,,1.5000001,2.4400001,,,,,1.5000001,2.4800000,,,,,1.5000001,3.55999994,
,,,1.5040001,2.3599999,,,,,1.5040001,2.4400001,,,,,1.5040001,2.2800000,,,,,1.5040001,3.51999998,
,,,1.5080000,2.3599999,,,,,1.5080000,2.4400001,,,,,1.5080000,2.3999999,,,,,1.5080000,3.51999998,
,,,1.5120001,2.3599999,,,,,1.5120001,2.3999999,,,,,1.5120001,2.3599999,,,,,1.5120001,3.43999982,
,,,1.5160000,2.3599999,,,,,1.5160000,2.3999999,,,,,1.5160000,2.3999999,,,,,1.5160000,3.48000002,
,,,1.5200001,2.3599999,,,,,1.5200001,2.3999999,,,,,1.5200001,2.3599999,,,,,1.5200001,3.63999987,
,,,1.5240000,2.3599999,,,,,1.5240000,2.4400001,,,,,1.5240000,2.2000000,,,,,1.5240000,3.59999990,
,,,1.5280001,2.3599999,,,,,1.5280001,2.4400001,,,,,1.5280001,2.2800000,,,,,1.5280001,3.51999998,
,,,1.5320001,2.3999999,,,,,1.5320001,2.4400001,,,,,1.5320001,2.3199999,,,,,1.5320001,3.63999987,
,,,1.5360000,2.3599999,,,,,1.5360000,2.3999999,,,,,1.5360000,2.3599999,,,,,1.5360000,3.51999998,
,,,1.5400001,2.3599999,,,,,1.5400001,2.4400001,,,,,1.5400001,2.3999999,,,,,1.5400001,3.75999999,
,,,1.5440000,2.3599999,,,,,1.5440000,2.4400001,,,,,1.5440000,2.3999999,,,,,1.5440000,3.63999987,
,,,1.5480001,2.3599999,,,,,1.5480001,2.3999999,,,,,1.5480001,2.3599999,,,,,1.5480001,3.63999987,
,,,1.5520000,2.3599999,,,,,1.5520000,2.4400001,,,,,1.5520000,2.4800000,,,,,1.5520000,3.51999998,
,,,1.5560001,2.3599999,,,,,1.5560001,2.3999999,,,,,1.5560001,2.2800000,,,,,1.5560001,3.51999998,
,,,1.5600001,2.3999999,,,,,1.5600001,2.4400001,,,,,1.5600001,2.3199999,,,,,1.5600001,3.48000002,
,,,1.5640001,2.3599999,,,,,1.5640001,2.4400001,,,,,1.5640001,2.3199999,,,,,1.5640001,3.59999990,
,,,1.5680001,2.3599999,,,,,1.5680001,2.4400001,,,,,1.5680001,2.3199999,,,,,1.5680001,3.63999987,
,,,1.5720000,2.3599999,,,,,1.5720000,2.4400001,,,,,1.5720000,2.3599999,,,,,1.5720000,3.63999987,
,,,1.5760001,2.3599999,,,,,1.5760001,2.4400001,,,,,1.5760001,2.4400001,,,,,1.5760001,3.51999998,
,,,1.5800000,2.3599999,,,,,1.5800000,2.4400001,,,,,1.5800000,2.3199999,,,,,1.5800000,3.51999998,
,,,1.5840001,2.3999999,,,,,1.5840001,2.4400001,,,,,1.5840001,2.3599999,,,,,1.5840001,3.55999994,
,,,1.5880001,2.3599999,,,,,1.5880001,2.4400001,,,,,1.5880001,2.4400001,,,,,1.5880001,3.55999994,
,,,1.5920001,2.3599999,,,,,1.5920001,2.4400001,,,,,1.5920001,2.3599999,,,,,1.5920001,3.43999982,
,,,1.5960001,2.3599999,,,,,1.5960001,2.4400001,,,,,1.5960001,2.3199999,,,,,1.5960001,3.48000002,
,,,1.6000000,2.3599999,,,,,1.6000000,2.4400001,,,,,1.6000000,2.3999999,,,,,1.6000000,3.48000002,
,,,1.6040001,2.3599999,,,,,1.6040001,2.4400001,,,,,1.6040001,2.3199999,,,,,1.6040001,3.59999990,
,,,1.6080000,2.3599999,,,,,1.6080000,2.4400001,,,,,1.6080000,2.3599999,,,,,1.6080000,3.55999994,
,,,1.6120001,2.3599999,,,,,1.6120001,2.4400001,,,,,1.6120001,2.2400000,,,,,1.6120001,3.48000002,
,,,1.6160001,2.3599999,,,,,1.6160001,2.3999999,,,,,1.6160001,2.3199999,,,,,1.6160001,3.55999994,
,,,1.6200001,2.3599999,,,,,1.6200001,2.4400001,,,,,1.6200001,2.4800000,,,,,1.6200001,3.51999998,
,,,1.6240001,2.3599999,,,,,1.6240001,2.4400001,,,,,1.6240001,2.3599999,,,,,1.6240001,3.59999990,
,,,1.6280000,2.3999999,,,,,1.6280000,2.4400001,,,,,1.6280000,2.3999999,,,,,1.6280000,3.51999998,
,,,1.6320001,2.3599999,,,,,1.6320001,2.4800000,,,,,1.6320001,2.3199999,,,,,1.6320001,3.63999987,
,,,1.6360000,2.3599999,,,,,1.6360000,2.4400001,,,,,1.6360000,2.2000000,,,,,1.6360000,3.72000003,
,,,1.6400001,2.3599999,,,,,1.6400001,2.3999999,,,,,1.6400001,2.3199999,,,,,1.6400001,4.48000002,
,,,1.6440001,2.3199999,,,,,1.6440001,2.4400001,,,,,1.6440001,2.3599999,,,,,1.6440001,4.59999990,
,,,1.6480001,2.3199999,,,,,1.6480001,2.4400001,,,,,1.6480001,2.2400000,,,,,1.6480001,4.36000013,
,,,1.6520001,2.3199999,,,,,1.6520001,2.4400001,,,,,1.6520001,2.2000000,,,,,1.6520001,4.79999971,
,,,1.6560001,2.3199999,,,,,1.6560001,2.4400001,,,,,1.6560001,1.9599999,,,,,1.6560001,4.83999968,
,,,1.6600001,2.3599999,,,,,1.6600001,2.3999999,,,,,1.6600001,2.0000000,,,,,1.6600001,4.83999968,
,,,1.6640000,2.3599999,,,,,1.6640000,2.4400001,,,,,1.6640000,2.0000000,,,,,1.6640000,4.88000011,
,,,1.6680001,2.3999999,,,,,1.6680001,2.4400001,,,,,1.6680001,1.9200000,,,,,1.6680001,4.83999968,
,,,1.6720001,2.3599999,,,,,1.6720001,2.3599999,,,,,1.6720001,2.1599998,,,,,1.6720001,4.83999968,
,,,1.6760001,2.3599999,,,,,1.6760001,2.3999999,,,,,1.6760001,2.0400000,,,,,1.6760001,4.63999987,
,,,1.6800001,2.3599999,,,,,1.6800001,2.4400001,,,,,1.6800001,2.0400000,,,,,1.6800001,4.63999987,
,,,1.6840001,2.3599999,,,,,1.6840001,2.4400001,,,,,1.6840001,2.1599998,,,,,1.6840001,4.48000002,
,,,1.6880001,2.3599999,,,,,1.6880001,2.4400001,,,,,1.6880001,2.0400000,,,,,1.6880001,4.51999998,
,,,1.6920000,2.3599999,,,,,1.6920000,2.3999999,,,,,1.6920000,2.1599998,,,,,1.6920000,3.83999991,
,,,1.6960001,2.3599999,,,,,1.6960001,2.4400001,,,,,1.6960001,2.0400000,,,,,1.6960001,4.27999973,
,,,1.7000000,2.3599999,,,,,1.7000000,2.4400001,,,,,1.7000000,2.1199999,,,,,1.7000000,4.31999969,
,,,1.7040001,2.3599999,,,,,1.7040001,2.4400001,,,,,1.7040001,2.1599998,,,,,1.7040001,4.11999989,
,,,1.7080001,2.3599999,,,,,1.7080001,2.3999999,,,,,1.7080001,2.1199999,,,,,1.7080001,4.11999989,
,,,1.7120001,2.3599999,,,,,1.7120001,2.4400001,,,,,1.7120001,2.0400000,,,,,1.7120001,4.15999985,
,,,1.7160001,2.3999999,,,,,1.7160001,2.3999999,,,,,1.7160001,2.1199999,,,,,1.7160001,4.00000000,
,,,1.7200000,2.3599999,,,,,1.7200000,2.3599999,,,,,1.7200000,2.0799999,,,,,1.7200000,4.07999992,
,,,1.7240001,2.3999999,,,,,1.7240001,2.3999999,,,,,1.7240001,2.3999999,,,,,1.7240001,3.19999981,
,,,1.7280000,2.3599999,,,,,1.7280000,2.4400001,,,,,1.7280000,2.3199999,,,,,1.7280000,2.3599999,
,,,1.7320001,2.3999999,,,,,1.7320001,2.3999999,,,,,1.7320001,2.4800000,,,,,1.7320001,2.3999999,
,,,1.7360001,2.3999999,,,,,1.7360001,2.4400001,,,,,1.7360001,2.5200000,,,,,1.7360001,2.4400001,
,,,1.7400001,2.3599999,,,,,1.7400001,2.3999999,,,,,1.7400001,2.5599999,,,,,1.7400001,2.4800000,
,,,1.7440001,2.3999999,,,,,1.7440001,2.4400001,,,,,1.7440001,2.3999999,,,,,1.7440001,2.4800000,
,,,1.7480000,2.3599999,,,,,1.7480000,2.4400001,,,,,1.7480000,2.5200000,,,,,1.7480000,2.5200000,
,,,1.7520001,2.3599999,,,,,1.7520001,2.4400001,,,,,1.7520001,2.4800000,,,,,1.7520001,2.5999999,
,,,1.7560000,2.3999999,,,,,1.7560000,2.4400001,,,,,1.7560000,2.3599999,,,,,1.7560000,2.5200000,
,,,1.7600001,2.3599999,,,,,1.7600001,2.3999999,,,,,1.7600001,2.3999999,,,,,1.7600001,2.75999999,
,,,1.7640001,2.3599999,,,,,1.7640001,2.3999999,,,,,1.7640001,2.2400000,,,,,1.7640001,2.6799998,
,,,1.7680001,2.3999999,,,,,1.7680001,2.3999999,,,,,1.7680001,2.2000000,,,,,1.7680001,2.5999999,
,,,1.7720001,2.3599999,,,,,1.7720001,2.3999999,,,,,1.7720001,2.4400001,,,,,1.7720001,2.75999999,
,,,1.7760001,2.3999999,,,,,1.7760001,2.4800000,,,,,1.7760001,2.5999999,,,,,1.7760001,2.72000003,
,,,1.7800001,2.3599999,,,,,1.7800001,2.4400001,,,,,1.7800001,2.3199999,,,,,1.7800001,2.96000004,
,,,1.7840000,2.3599999,,,,,1.7840000,2.3999999,,,,,1.7840000,2.5599999,,,,,1.7840000,2.83999991,
,,,1.7880001,2.3999999,,,,,1.7880001,2.4400001,,,,,1.7880001,2.3999999,,,,,1.7880001,2.91999984,
,,,1.7920001,2.3599999,,,,,1.7920001,2.3999999,,,,,1.7920001,2.2800000,,,,,1.7920001,2.91999984,
,,,1.7960001,2.3599999,,,,,1.7960001,2.3999999,,,,,1.7960001,2.5599999,,,,,1.7960001,2.96000004,
,,,1.8000001,2.3999999,,,,,1.8000001,2.4400001,,,,,1.8000001,2.2800000,,,,,1.8000001,3.07999992,
,,,1.8040001,2.3999999,,,,,1.8040001,2.4400001,,,,,1.8040001,2.3199999,,,,,1.8040001,3.00000000,
,,,1.8080001,2.3999999,,,,,1.8080001,2.3999999,,,,,1.8080001,2.3199999,,,,,1.8080001,3.00000000,
,,,1.8120000,2.3599999,,,,,1.8120000,2.4400001,,,,,1.8120000,2.3999999,,,,,1.8120000,3.00000000,
,,,1.8160001,2.3999999,,,,,1.8160001,2.4400001,,,,,1.8160001,2.3199999,,,,,1.8160001,3.00000000,
,,,1.8200001,2.3599999,,,,,1.8200001,2.4400001,,,,,1.8200001,2.3199999,,,,,1.8200001,3.15999985,
,,,1.8240001,2.3599999,,,,,1.8240001,2.3599999,,,,,1.8240001,2.4800000,,,,,1.8240001,3.07999992,
,,,1.8280001,2.3999999,,,,,1.8280001,2.3999999,,,,,1.8280001,2.2800000,,,,,1.8280001,3.15999985,
,,,1.8320001,2.3599999,,,,,1.8320001,2.3599999,,,,,1.8320001,2.3599999,,,,,1.8320001,3.15999985,
,,,1.8360001,2.3599999,,,,,1.8360001,2.4400001,,,,,1.8360001,2.3599999,,,,,1.8360001,3.15999985,
,,,1.8400000,2.3599999,,,,,1.8400000,2.3999999,,,,,1.8400000,2.2000000,,,,,1.8400000,3.27999997,
,,,1.8440001,2.3999999,,,,,1.8440001,2.3599999,,,,,1.8440001,2.3599999,,,,,1.8440001,3.19999981,
,,,1.8480000,2.3599999,,,,,1.8480000,2.3999999,,,,,1.8480000,2.1599998,,,,,1.8480000,3.24000001,
,,,1.8520001,2.3599999,,,,,1.8520001,2.4400001,,,,,1.8520001,2.2400000,,,,,1.8520001,3.24000001,
,,,1.8560001,2.3999999,,,,,1.8560001,2.4400001,,,,,1.8560001,2.2800000,,,,,1.8560001,3.15999985,
,,,1.8600001,2.3999999,,,,,1.8600001,2.4400001,,,,,1.8600001,2.3599999,,,,,1.8600001,3.31999993,
,,,1.8640001,2.3599999,,,,,1.8640001,2.3999999,,,,,1.8640001,2.3199999,,,,,1.8640001,3.27999997,
,,,1.8680000,2.3599999,,,,,1.8680000,2.3999999,,,,,1.8680000,2.3199999,,,,,1.8680000,3.35999990,
,,,1.8720001,2.3599999,,,,,1.8720001,2.3999999,,,,,1.8720001,2.3199999,,,,,1.8720001,3.07999992,
,,,1.8760000,2.3599999,,,,,1.8760000,2.3999999,,,,,1.8760000,2.2800000,,,,,1.8760000,3.11999989,
,,,1.8800001,2.3599999,,,,,1.8800001,2.3999999,,,,,1.8800001,2.3999999,,,,,1.8800001,3.24000001,
,,,1.8840001,2.3999999,,,,,1.8840001,2.3999999,,,,,1.8840001,2.2400000,,,,,1.8840001,3.39999986,
,,,1.8880001,2.3599999,,,,,1.8880001,2.4400001,,,,,1.8880001,2.3199999,,,,,1.8880001,3.35999990,
,,,1.8920001,2.3599999,,,,,1.8920001,2.4400001,,,,,1.8920001,2.2000000,,,,,1.8920001,3.35999990,
,,,1.8960001,2.3599999,,,,,1.8960001,2.3999999,,,,,1.8960001,2.2800000,,,,,1.8960001,3.24000001,
,,,1.9000001,2.3599999,,,,,1.9000001,2.3999999,,,,,1.9000001,2.2000000,,,,,1.9000001,3.24000001,
,,,1.9040000,2.3599999,,,,,1.9040000,2.3999999,,,,,1.9040000,2.3199999,,,,,1.9040000,3.35999990,
,,,1.9080001,2.3599999,,,,,1.9080001,2.3999999,,,,,1.9080001,2.1599998,,,,,1.9080001,3.35999990,
,,,1.9120001,2.3599999,,,,,1.9120001,2.4400001,,,,,1.9120001,2.1199999,,,,,1.9120001,3.31999993,
,,,1.9160001,2.3599999,,,,,1.9160001,2.3599999,,,,,1.9160001,2.3199999,,,,,1.9160001,3.35999990,
,,,1.9200001,2.3599999,,,,,1.9200001,2.3999999,,,,,1.9200001,2.2400000,,,,,1.9200001,3.39999986,
,,,1.9240001,2.3999999,,,,,1.9240001,2.3999999,,,,,1.9240001,2.3999999,,,,,1.9240001,3.48000002,
,,,1.9280001,2.3599999,,,,,1.9280001,2.3999999,,,,,1.9280001,2.2800000,,,,,1.9280001,3.35999990,
,,,1.9320000,2.3599999,,,,,1.9320000,2.4400001,,,,,1.9320000,2.2800000,,,,,1.9320000,3.27999997,
,,,1.9360001,2.3599999,,,,,1.9360001,2.3999999,,,,,1.9360001,2.3599999,,,,,1.9360001,3.35999990,
,,,1.9400001,2.3599999,,,,,1.9400001,2.4400001,,,,,1.9400001,2.2000000,,,,,1.9400001,3.39999986,
,,,1.9440001,2.3599999,,,,,1.9440001,2.3999999,,,,,1.9440001,2.1599998,,,,,1.9440001,3.35999990,
,,,1.9480001,2.3599999,,,,,1.9480001,2.3999999,,,,,1.9480001,2.3999999,,,,,1.9480001,3.43999982,
,,,1.9520001,2.3599999,,,,,1.9520001,2.4400001,,,,,1.9520001,2.0799999,,,,,1.9520001,3.48000002,
,,,1.9560001,2.3599999,,,,,1.9560001,2.4400001,,,,,1.9560001,2.3199999,,,,,1.9560001,3.35999990,
,,,1.9600000,2.3599999,,,,,1.9600000,2.3999999,,,,,1.9600000,2.2000000,,,,,1.9600000,3.48000002,
,,,1.9640001,2.3599999,,,,,1.9640001,2.3999999,,,,,1.9640001,2.3999999,,,,,1.9640001,3.51999998,
,,,1.9680001,2.3599999,,,,,1.9680001,2.4400001,,,,,1.9680001,2.1599998,,,,,1.9680001,3.48000002,
,,,1.9720001,2.3599999,,,,,1.9720001,2.4400001,,,,,1.9720001,2.2000000,,,,,1.9720001,3.35999990,
,,,1.9760001,2.3599999,,,,,1.9760001,2.3999999,,,,,1.9760001,2.2800000,,,,,1.9760001,3.63999987,
,,,1.9800001,2.3599999,,,,,1.9800001,2.3999999,,,,,1.9800001,2.2800000,,,,,1.9800001,3.43999982,
,,,1.9840001,2.3599999,,,,,1.9840001,2.4400001,,,,,1.9840001,2.3199999,,,,,1.9840001,3.48000002,
,,,1.9880000,2.3599999,,,,,1.9880000,2.3999999,,,,,1.9880000,2.2000000,,,,,1.9880000,3.43999982,
,,,1.9920001,2.3599999,,,,,1.9920001,2.3999999,,,,,1.9920001,2.2000000,,,,,1.9920001,3.31999993,
,,,1.9960001,2.3599999,,,,,1.9960001,2.4400001,,,,,1.9960001,2.2400000,,,,,1.9960001,3.51999998,
,,,2.0000000,2.3599999,,,,,2.0000000,2.4400001,,,,,2.0000000,2.3199999,,,,,2.0000000,3.35999990,
,,,2.0040002,2.3599999,,,,,2.0040002,2.4400001,,,,,2.0040002,2.2800000,,,,,2.0040002,3.39999986,
,,,2.0080001,2.3599999,,,,,2.0080001,2.4400001,,,,,2.0080001,2.3199999,,,,,2.0080001,3.43999982,
,,,2.0120001,2.3599999,,,,,2.0120001,2.4400001,,,,,2.0120001,2.2800000,,,,,2.0120001,3.35999990,
,,,2.0160000,2.3599999,,,,,2.0160000,2.4400001,,,,,2.0160000,2.3999999,,,,,2.0160000,3.43999982,
,,,2.0200000,2.3999999,,,,,2.0200000,2.4400001,,,,,2.0200000,2.3199999,,,,,2.0200000,3.48000002,
,,,2.0240002,2.3999999,,,,,2.0240002,2.3999999,,,,,2.0240002,2.3599999,,,,,2.0240002,3.43999982,
,,,2.0280001,2.3999999,,,,,2.0280001,2.3999999,,,,,2.0280001,2.3199999,,,,,2.0280001,3.48000002,
,,,2.0320001,2.3599999,,,,,2.0320001,2.4400001,,,,,2.0320001,2.2800000,,,,,2.0320001,3.43999982,
,,,2.0360000,2.3599999,,,,,2.0360000,2.3999999,,,,,2.0360000,2.1599998,,,,,2.0360000,3.43999982,
,,,2.0400002,2.3999999,,,,,2.0400002,2.3999999,,,,,2.0400002,2.2800000,,,,,2.0400002,3.51999998,
,,,2.0440001,2.3599999,,,,,2.0440001,2.4400001,,,,,2.0440001,2.1199999,,,,,2.0440001,3.59999990,
,,,2.0480001,2.3599999,,,,,2.0480001,2.3999999,,,,,2.0480001,2.3999999,,,,,2.0480001,3.51999998,
,,,2.0520000,2.3599999,,,,,2.0520000,2.4400001,,,,,2.0520000,2.2400000,,,,,2.0520000,3.55999994,
,,,2.0560000,2.3599999,,,,,2.0560000,2.3999999,,,,,2.0560000,2.0799999,,,,,2.0560000,3.48000002,
,,,2.0600002,2.3599999,,,,,2.0600002,2.3999999,,,,,2.0600002,2.2400000,,,,,2.0600002,3.39999986,
,,,2.0640001,2.3599999,,,,,2.0640001,2.4400001,,,,,2.0640001,2.3199999,,,,,2.0640001,3.55999994,
,,,2.0680001,2.3599999,,,,,2.0680001,2.4400001,,,,,2.0680001,2.1199999,,,,,2.0680001,3.39999986,
,,,2.0720000,2.3599999,,,,,2.0720000,2.4400001,,,,,2.0720000,2.3199999,,,,,2.0720000,3.51999998,
,,,2.0760002,2.3599999,,,,,2.0760002,2.3999999,,,,,2.0760002,2.2000000,,,,,2.0760002,3.48000002,
,,,2.0800002,2.3999999,,,,,2.0800002,2.4400001,,,,,2.0800002,2.3599999,,,,,2.0800002,3.59999990,
,,,2.0840001,2.3599999,,,,,2.0840001,2.4400001,,,,,2.0840001,2.1599998,,,,,2.0840001,3.48000002,
,,,2.0880001,2.3599999,,,,,2.0880001,2.3999999,,,,,2.0880001,2.2000000,,,,,2.0880001,3.48000002,
,,,2.0920000,2.3599999,,,,,2.0920000,2.3999999,,,,,2.0920000,2.1599998,,,,,2.0920000,3.48000002,
,,,2.0960002,2.3999999,,,,,2.0960002,2.3999999,,,,,2.0960002,2.1199999,,,,,2.0960002,3.43999982,
,,,2.1000001,2.3599999,,,,,2.1000001,2.3999999,,,,,2.1000001,2.2400000,,,,,2.1000001,3.48000002,
,,,2.1040001,2.3599999,,,,,2.1040001,2.3999999,,,,,2.1040001,2.1599998,,,,,2.1040001,3.59999990,
,,,2.1080000,2.3599999,,,,,2.1080000,2.3999999,,,,,2.1080000,2.1599998,,,,,2.1080000,3.55999994,
,,,2.1120000,2.3599999,,,,,2.1120000,2.3999999,,,,,2.1120000,2.1599998,,,,,2.1120000,3.55999994,
,,,2.1160002,2.3999999,,,,,2.1160002,2.3999999,,,,,2.1160002,2.2000000,,,,,2.1160002,3.35999990,
,,,2.1200001,2.3599999,,,,,2.1200001,2.3999999,,,,,2.1200001,2.1199999,,,,,2.1200001,3.51999998,
,,,2.1240001,2.3599999,,,,,2.1240001,2.4400001,,,,,2.1240001,2.0799999,,,,,2.1240001,3.55999994,
,,,2.1280000,2.3999999,,,,,2.1280000,2.3999999,,,,,2.1280000,2.1199999,,,,,2.1280000,3.51999998,
,,,2.1320002,2.3599999,,,,,2.1320002,2.4400001,,,,,2.1320002,2.2400000,,,,,2.1320002,3.51999998,
,,,2.1360002,2.3599999,,,,,2.1360002,2.4400001,,,,,2.1360002,2.1599998,,,,,2.1360002,3.48000002,
,,,2.1400001,2.3599999,,,,,2.1400001,2.3999999,,,,,2.1400001,2.0400000,,,,,2.1400001,3.43999982,
,,,2.1440001,2.3999999,,,,,2.1440001,2.3999999,,,,,2.1440001,2.0799999,,,,,2.1440001,3.51999998,
,,,2.1480000,2.3599999,,,,,2.1480000,2.4400001,,,,,2.1480000,2.0799999,,,,,2.1480000,3.51999998,
,,,2.1520002,2.3599999,,,,,2.1520002,2.3999999,,,,,2.1520002,2.2400000,,,,,2.1520002,3.43999982,
,,,2.1560001,2.3599999,,,,,2.1560001,2.3999999,,,,,2.1560001,2.3199999,,,,,2.1560001,3.39999986,
,,,2.1600001,2.3599999,,,,,2.1600001,2.4400001,,,,,2.1600001,2.1199999,,,,,2.1600001,3.79999995,
,,,2.1640000,2.3599999,,,,,2.1640000,2.3999999,,,,,2.1640000,1.9599999,,,,,2.1640000,3.51999998,
,,,2.1680002,2.3599999,,,,,2.1680002,2.4400001,,,,,2.1680002,2.2800000,,,,,2.1680002,3.63999987,
,,,2.1720002,2.3599999,,,,,2.1720002,2.3999999,,,,,2.1720002,2.1599998,,,,,2.1720002,3.51999998,
,,,2.1760001,2.3599999,,,,,2.1760001,2.4400001,,,,,2.1760001,2.2400000,,,,,2.1760001,3.43999982,
,,,2.1800001,2.3599999,,,,,2.1800001,2.4400001,,,,,2.1800001,2.0799999,,,,,2.1800001,3.43999982,
,,,2.1840000,2.3999999,,,,,2.1840000,2.3999999,,,,,2.1840000,2.2000000,,,,,2.1840000,3.51999998,
,,,2.1880002,2.3599999,,,,,2.1880002,2.3999999,,,,,2.1880002,2.1599998,,,,,2.1880002,3.55999994,
,,,2.1920002,2.3599999,,,,,2.1920002,2.4400001,,,,,2.1920002,2.2000000,,,,,2.1920002,3.48000002,
,,,2.1960001,2.3999999,,,,,2.1960001,2.3999999,,,,,2.1960001,2.3199999,,,,,2.1960001,3.59999990,
,,,2.2000000,2.3599999,,,,,2.2000000,2.4400001,,,,,2.2000000,2.1599998,,,,,2.2000000,3.51999998,
,,,2.2040000,2.3599999,,,,,2.2040000,2.3999999,,,,,2.2040000,2.2400000,,,,,2.2040000,3.51999998,
,,,2.2080002,2.3199999,,,,,2.2080002,2.3999999,,,,,2.2080002,2.3599999,,,,,2.2080002,3.51999998,
,,,2.2120001,2.3599999,,,,,2.2120001,2.3999999,,,,,2.2120001,2.1599998,,,,,2.2120001,3.48000002,
,,,2.2160001,2.3599999,,,,,2.2160001,2.4400001,,,,,2.2160001,2.1199999,,,,,2.2160001,3.48000002,
,,,2.2200000,2.3599999,,,,,2.2200000,2.3599999,,,,,2.2200000,2.3999999,,,,,2.2200000,3.48000002,
,,,2.2240002,2.3599999,,,,,2.2240002,2.4400001,,,,,2.2240002,2.1199999,,,,,2.2240002,3.91999984,
,,,2.2280002,2.3599999,,,,,2.2280002,2.3999999,,,,,2.2280002,2.3199999,,,,,2.2280002,3.51999998,
,,,2.2320001,2.3599999,,,,,2.2320001,2.3999999,,,,,2.2320001,2.1199999,,,,,2.2320001,3.51999998,
,,,2.2360001,2.3599999,,,,,2.2360001,2.4400001,,,,,2.2360001,2.2800000,,,,,2.2360001,3.48000002,
,,,2.2400000,2.3599999,,,,,2.2400000,2.4400001,,,,,2.2400000,2.3599999,,,,,2.2400000,3.51999998,
,,,2.2440002,2.3599999,,,,,2.2440002,2.3999999,,,,,2.2440002,2.3999999,,,,,2.2440002,3.55999994,
,,,2.2480001,2.3599999,,,,,2.2480001,2.4400001,,,,,2.2480001,2.3199999,,,,,2.2480001,3.51999998,
,,,2.2520001,2.3599999,,,,,2.2520001,2.4400001,,,,,2.2520001,2.3199999,,,,,2.2520001,3.51999998,
,,,2.2560000,2.3599999,,,,,2.2560000,2.3999999,,,,,2.2560000,2.1199999,,,,,2.2560000,3.63999987,
,,,2.2600000,2.3599999,,,,,2.2600000,2.3999999,,,,,2.2600000,2.3999999,,,,,2.2600000,3.39999986,
,,,2.2640002,2.3599999,,,,,2.2640002,2.4400001,,,,,2.2640002,2.4400001,,,,,2.2640002,3.51999998,
,,,2.2680001,2.3599999,,,,,2.2680001,2.4400001,,,,,2.2680001,2.2000000,,,,,2.2680001,3.48000002,
,,,2.2720001,2.3599999,,,,,2.2720001,2.3999999,,,,,2.2720001,2.2000000,,,,,2.2720001,3.39999986,
,,,2.2760000,2.3599999,,,,,2.2760000,2.4400001,,,,,2.2760000,2.3199999,,,,,2.2760000,3.31999993,
,,,2.2800002,2.3599999,,,,,2.2800002,2.4400001,,,,,2.2800002,2.1599998,,,,,2.2800002,3.39999986,
,,,2.2840002,2.3599999,,,,,2.2840002,2.4400001,,,,,2.2840002,2.3999999,,,,,2.2840002,3.72000003,
,,,2.2880001,2.3599999,,,,,2.2880001,2.4400001,,,,,2.2880001,2.1599998,,,,,2.2880001,3.43999982,
,,,2.2920001,2.3999999,,,,,2.2920001,2.4400001,,,,,2.2920001,2.3999999,,,,,2.2920001,3.51999998,
,,,2.2960000,2.3599999,,,,,2.2960000,2.3999999,,,,,2.2960000,2.3199999,,,,,2.2960000,3.48000002,
,,,2.3000002,2.3599999,,,,,2.3000002,2.4400001,,,,,2.3000002,2.2400000,,,,,2.3000002,3.39999986,
,,,2.3040001,2.3999999,,,,,2.3040001,2.3999999,,,,,2.3040001,2.2800000,,,,,2.3040001,3.55999994,
,,,2.3080001,2.3599999,,,,,2.3080001,2.4400001,,,,,2.3080001,2.2000000,,,,,2.3080001,3.43999982,
,,,2.3120000,2.3599999,,,,,2.3120000,2.4400001,,,,,2.3120000,2.4400001,,,,,2.3120000,3.48000002,
,,,2.3160002,2.3599999,,,,,2.3160002,2.3999999,,,,,2.3160002,2.3199999,,,,,2.3160002,3.39999986,
,,,2.3200002,2.3599999,,,,,2.3200002,2.4400001,,,,,2.3200002,2.1199999,,,,,2.3200002,3.51999998,
,,,2.3240001,2.3599999,,,,,2.3240001,2.4400001,,,,,2.3240001,2.1199999,,,,,2.3240001,3.48000002,
,,,2.3280001,2.3599999,,,,,2.3280001,2.4400001,,,,,2.3280001,2.2400000,,,,,2.3280001,3.48000002,
,,,2.3320000,2.3599999,,,,,2.3320000,2.4400001,,,,,2.3320000,2.3999999,,,,,2.3320000,3.55999994,
,,,2.3360002,2.3999999,,,,,2.3360002,2.3999999,,,,,2.3360002,2.4400001,,,,,2.3360002,3.55999994,
,,,2.3400002,2.3599999,,,,,2.3400002,2.4400001,,,,,2.3400002,2.3199999,,,,,2.3400002,3.43999982,
,,,2.3440001,2.3599999,,,,,2.3440001,2.3999999,,,,,2.3440001,2.3199999,,,,,2.3440001,3.63999987,
,,,2.3480000,2.3599999,,,,,2.3480000,2.4400001,,,,,2.3480000,2.2400000,,,,,2.3480000,3.51999998,
,,,2.3520000,2.3599999,,,,,2.3520000,2.4400001,,,,,2.3520000,2.4400001,,,,,2.3520000,3.55999994,
,,,2.3560002,2.3599999,,,,,2.3560002,2.4400001,,,,,2.3560002,2.2400000,,,,,2.3560002,3.51999998,
,,,2.3600001,2.3599999,,,,,2.3600001,2.3999999,,,,,2.3600001,2.2800000,,,,,2.3600001,3.55999994,
,,,2.3640001,2.3999999,,,,,2.3640001,2.4400001,,,,,2.3640001,2.2000000,,,,,2.3640001,3.55999994,
,,,2.3680000,2.3999999,,,,,2.3680000,2.4400001,,,,,2.3680000,2.2800000,,,,,2.3680000,3.51999998,
,,,2.3720002,2.3599999,,,,,2.3720002,2.4400001,,,,,2.3720002,2.2400000,,,,,2.3720002,3.55999994,
,,,2.3760002,2.3599999,,,,,2.3760002,2.3999999,,,,,2.3760002,2.4800000,,,,,2.3760002,3.48000002,
,,,2.3800001,2.3599999,,,,,2.3800001,2.4400001,,,,,2.3800001,2.4800000,,,,,2.3800001,3.55999994,
,,,2.3840001,2.3599999,,,,,2.3840001,2.3999999,,,,,2.3840001,2.3199999,,,,,2.3840001,3.51999998,
,,,2.3880000,2.3199999,,,,,2.3880000,2.4400001,,,,,2.3880000,2.4400001,,,,,2.3880000,3.43999982,
,,,2.3920002,2.3599999,,,,,2.3920002,2.4400001,,,,,2.3920002,2.3199999,,,,,2.3920002,3.48000002,
,,,2.3960001,2.3599999,,,,,2.3960001,2.4400001,,,,,2.3960001,2.4400001,,,,,2.3960001,3.48000002,
,,,2.4000001,2.3599999,,,,,2.4000001,2.4400001,,,,,2.4000001,2.2400000,,,,,2.4000001,3.55999994,
,,,2.4040000,2.3599999,,,,,2.4040000,2.4400001,,,,,2.4040000,2.3999999,,,,,2.4040000,3.55999994,
,,,2.4080002,2.3999999,,,,,2.4080002,2.3999999,,,,,2.4080002,2.4400001,,,,,2.4080002,3.72000003,
,,,2.4120002,2.3599999,,,,,2.4120002,2.4400001,,,,,2.4120002,2.3999999,,,,,2.4120002,3.51999998,
,,,2.4160001,2.3599999,,,,,2.4160001,2.4400001,,,,,2.4160001,2.4800000,,,,,2.4160001,3.39999986,
,,,2.4200001,2.3599999,,,,,2.4200001,2.4800000,,,,,2.4200001,2.4400001,,,,,2.4200001,3.51999998,
,,,2.4240000,2.3599999,,,,,2.4240000,2.4400001,,,,,2.4240000,2.3599999,,,,,2.4240000,3.55999994,
,,,2.4280002,2.3599999,,,,,2.4280002,2.3999999,,,,,2.4280002,2.3999999,,,,,2.4280002,3.59999990,
,,,2.4320002,2.3599999,,,,,2.4320002,2.4400001,,,,,2.4320002,2.3599999,,,,,2.4320002,3.63999987,
,,,2.4360001,2.3599999,,,,,2.4360001,2.3999999,,,,,2.4360001,2.3199999,,,,,2.4360001,3.55999994,
,,,2.4400001,2.3599999,,,,,2.4400001,2.4400001,,,,,2.4400001,2.4400001,,,,,2.4400001,3.51999998,
,,,2.4440000,2.3599999,,,,,2.4440000,2.3999999,,,,,2.4440000,2.3199999,,,,,2.4440000,3.55999994,
,,,2.4480002,2.3599999,,,,,2.4480002,2.4400001,,,,,2.4480002,2.4800000,,,,,2.4480002,3.51999998,
,,,2.4520001,2.3599999,,,,,2.4520001,2.4400001,,,,,2.4520001,2.4800000,,,,,2.4520001,3.55999994,
,,,2.4560001,2.3599999,,,,,2.4560001,2.4400001,,,,,2.4560001,2.3599999,,,,,2.4560001,3.55999994,
,,,2.4600000,2.3599999,,,,,2.4600000,2.4400001,,,,,2.4600000,2.4400001,,,,,2.4600000,3.59999990,
,,,2.4640002,2.3599999,,,,,2.4640002,2.3999999,,,,,2.4640002,2.4800000,,,,,2.4640002,3.51999998,
,,,2.4680002,2.3599999,,,,,2.4680002,2.3999999,,,,,2.4680002,2.5999999,,,,,2.4680002,3.51999998,
,,,2.4720001,2.3599999,,,,,2.4720001,2.4400001,,,,,2.4720001,2.2800000,,,,,2.4720001,3.51999998,
,,,2.4760001,2.3599999,,,,,2.4760001,2.4400001,,,,,2.4760001,2.5200000,,,,,2.4760001,3.75999999,
,,,2.4800000,2.3599999,,,,,2.4800000,2.4400001,,,,,2.4800000,2.3999999,,,,,2.4800000,3.51999998,
,,,2.4840002,2.3599999,,,,,2.4840002,2.4400001,,,,,2.4840002,2.2800000,,,,,2.4840002,3.48000002,
,,,2.4880002,2.3599999,,,,,2.4880002,2.4400001,,,,,2.4880002,2.3199999,,,,,2.4880002,3.51999998,
,,,2.4920001,2.3599999,,,,,2.4920001,2.4400001,,,,,2.4920001,2.3999999,,,,,2.4920001,3.43999982,
,,,2.4960001,2.3599999,,,,,2.4960001,2.3999999,,,,,2.4960001,2.3999999,,,,,2.4960001,3.63999987,
,,,2.5000000,2.3599999,,,,,2.5000000,2.4400001,,,,,2.5000000,2.3599999,,,,,2.5000000,3.59999990,
,,,2.5040002,2.3599999,,,,,2.5040002,2.4400001,,,,,2.5040002,2.3999999,,,,,2.5040002,3.59999990,
,,,2.5080001,2.3599999,,,,,2.5080001,2.4400001,,,,,2.5080001,2.4800000,,,,,2.5080001,3.55999994,
,,,2.5120001,2.3599999,,,,,2.5120001,2.4400001,,,,,2.5120001,2.4800000,,,,,2.5120001,3.51999998,
,,,2.5160000,2.3599999,,,,,2.5160000,2.4400001,,,,,2.5160000,2.4800000,,,,,2.5160000,3.55999994,
,,,2.5200002,2.3599999,,,,,2.5200002,2.3999999,,,,,2.5200002,2.3199999,,,,,2.5200002,3.63999987,
,,,2.5240002,2.3599999,,,,,2.5240002,2.4400001,,,,,2.5240002,2.4800000,,,,,2.5240002,3.48000002,
,,,2.5280001,2.3599999,,,,,2.5280001,2.3999999,,,,,2.5280001,2.3599999,,,,,2.5280001,3.59999990,
,,,2.5320001,2.3599999,,,,,2.5320001,2.3999999,,,,,2.5320001,2.3599999,,,,,2.5320001,3.55999994,
,,,2.5360000,2.3599999,,,,,2.5360000,2.3999999,,,,,2.5360000,2.3999999,,,,,2.5360000,3.51999998,
,,,2.5400002,2.3599999,,,,,2.5400002,2.3999999,,,,,2.5400002,2.2400000,,,,,2.5400002,3.59999990,
,,,2.5440001,2.3599999,,,,,2.5440001,2.3999999,,,,,2.5440001,2.3999999,,,,,2.5440001,3.63999987,
,,,2.5480001,2.3599999,,,,,2.5480001,2.3999999,,,,,2.5480001,2.2800000,,,,,2.5480001,3.59999990,
,,,2.5520000,2.3599999,,,,,2.5520000,2.3999999,,,,,2.5520000,2.3599999,,,,,2.5520000,3.72000003,
,,,2.5560002,2.3599999,,,,,2.5560002,2.3999999,,,,,2.5560002,2.2800000,,,,,2.5560002,3.59999990,
,,,2.5600002,2.3599999,,,,,2.5600002,2.4400001,,,,,2.5600002,2.3199999,,,,,2.5600002,3.51999998,
,,,2.5640001,2.3599999,,,,,2.5640001,2.4400001,,,,,2.5640001,2.2400000,,,,,2.5640001,3.51999998,
,,,2.5680001,2.3599999,,,,,2.5680001,2.4400001,,,,,2.5680001,2.5200000,,,,,2.5680001,3.55999994,
,,,2.5720000,2.3599999,,,,,2.5720000,2.3999999,,,,,2.5720000,2.3999999,,,,,2.5720000,3.51999998,
,,,2.5760002,2.3599999,,,,,2.5760002,2.3599999,,,,,2.5760002,2.2800000,,,,,2.5760002,3.59999990,
,,,2.5800002,2.3999999,,,,,2.5800002,2.4400001,,,,,2.5800002,2.3599999,,,,,2.5800002,3.51999998,
,,,2.5840001,2.3599999,,,,,2.5840001,2.3999999,,,,,2.5840001,2.3599999,,,,,2.5840001,3.48000002,
,,,2.5880001,2.3599999,,,,,2.5880001,2.4400001,,,,,2.5880001,2.3599999,,,,,2.5880001,3.59999990,
,,,2.5920000,2.3599999,,,,,2.5920000,2.3999999,,,,,2.5920000,2.3999999,,,,,2.5920000,3.51999998,
,,,2.5960002,2.3599999,,,,,2.5960002,2.3999999,,,,,2.5960002,2.4400001,,,,,2.5960002,3.59999990,
,,,2.6000001,2.3599999,,,,,2.6000001,2.3999999,,,,,2.6000001,2.3599999,,,,,2.6000001,3.43999982,
,,,2.6040001,2.3599999,,,,,2.6040001,2.3999999,,,,,2.6040001,2.5200000,,,,,2.6040001,3.67999983,
,,,2.6080000,2.3599999,,,,,2.6080000,2.3999999,,,,,2.6080000,2.2800000,,,,,2.6080000,3.43999982,
,,,2.6120002,2.3599999,,,,,2.6120002,2.4400001,,,,,2.6120002,2.3199999,,,,,2.6120002,3.43999982,
,,,2.6160002,2.3599999,,,,,2.6160002,2.4400001,,,,,2.6160002,2.3199999,,,,,2.6160002,3.35999990,
,,,2.6200001,2.3599999,,,,,2.6200001,2.4400001,,,,,2.6200001,2.2800000,,,,,2.6200001,3.55999994,
,,,2.6240001,2.3599999,,,,,2.6240001,2.3999999,,,,,2.6240001,2.2000000,,,,,2.6240001,3.63999987,
,,,2.6280000,2.3599999,,,,,2.6280000,2.3999999,,,,,2.6280000,2.3999999,,,,,2.6280000,3.51999998,
,,,2.6320002,2.3599999,,,,,2.6320002,2.4400001,,,,,2.6320002,2.2800000,,,,,2.6320002,3.59999990,
,,,2.6360002,2.3599999,,,,,2.6360002,2.4400001,,,,,2.6360002,2.3999999,,,,,2.6360002,3.48000002,
,,,2.6400001,2.3599999,,,,,2.6400001,2.4400001,,,,,2.6400001,2.5200000,,,,,2.6400001,3.51999998,
,,,2.6440001,2.3599999,,,,,2.6440001,2.4400001,,,,,2.6440001,2.4400001,,,,,2.6440001,3.63999987,
,,,2.6480002,2.3599999,,,,,2.6480002,2.4400001,,,,,2.6480002,2.5200000,,,,,2.6480002,3.48000002,
,,,2.6520002,2.3599999,,,,,2.6520002,2.3999999,,,,,2.6520002,2.5200000,,,,,2.6520002,3.59999990,
,,,2.6560001,2.3599999,,,,,2.6560001,2.3999999,,,,,2.6560001,2.3199999,,,,,2.6560001,3.51999998,
,,,2.6600001,2.3599999,,,,,2.6600001,2.4400001,,,,,2.6600001,1.8800000,,,,,2.6600001,4.27999973,
,,,2.6640000,2.3599999,,,,,2.6640000,2.3999999,,,,,2.6640000,1.8800000,,,,,2.6640000,4.63999987,
,,,2.6680002,2.3599999,,,,,2.6680002,2.4400001,,,,,2.6680002,1.8800000,,,,,2.6680002,4.48000002,
,,,2.6720002,2.3599999,,,,,2.6720002,2.4400001,,,,,2.6720002,1.8399999,,,,,2.6720002,4.31999969,
,,,2.6760001,2.3599999,,,,,2.6760001,2.4800000,,,,,2.6760001,2.0400000,,,,,2.6760001,4.83999968,
,,,2.6800001,2.3599999,,,,,2.6800001,2.4400001,,,,,2.6800001,2.1599998,,,,,2.6800001,4.83999968,
,,,2.6840000,2.3599999,,,,,2.6840000,2.4400001,,,,,2.6840000,2.0400000,,,,,2.6840000,4.83999968,
,,,2.6880002,2.3599999,,,,,2.6880002,2.4400001,,,,,2.6880002,2.0400000,,,,,2.6880002,4.79999971,
,,,2.6920002,2.3599999,,,,,2.6920002,2.4400001,,,,,2.6920002,2.1199999,,,,,2.6920002,4.55999994,
,,,2.6960001,2.3599999,,,,,2.6960001,2.4400001,,,,,2.6960001,2.0799999,,,,,2.6960001,4.55999994,
,,,2.7000000,2.3599999,,,,,2.7000000,2.4400001,,,,,2.7000000,2.2800000,,,,,2.7000000,4.59999990,
,,,2.7040002,2.3999999,,,,,2.7040002,2.4400001,,,,,2.7040002,2.2000000,,,,,2.7040002,4.31999969,
,,,2.7080002,2.3599999,,,,,2.7080002,2.4400001,,,,,2.7080002,2.2000000,,,,,2.7080002,4.48000002,
,,,2.7120001,2.3599999,,,,,2.7120001,2.4400001,,,,,2.7120001,2.1599998,,,,,2.7120001,4.51999998,
,,,2.7160001,2.3599999,,,,,2.7160001,2.4400001,,,,,2.7160001,2.1599998,,,,,2.7160001,4.23999977,
,,,2.72000003,2.3599999,,,,,2.72000003,2.4400001,,,,,2.72000003,2.2000000,,,,,2.72000003,4.31999969,
,,,2.72400022,2.3599999,,,,,2.72400022,2.4400001,,,,,2.72400022,2.3199999,,,,,2.72400022,3.75999999,
,,,2.72800016,2.3999999,,,,,2.72800016,2.4800000,,,,,2.72800016,2.3999999,,,,,2.72800016,4.15999985,
,,,2.73200011,2.3599999,,,,,2.73200011,2.4400001,,,,,2.73200011,2.3599999,,,,,2.73200011,4.11999989,
,,,2.73600006,2.3999999,,,,,2.73600006,2.4400001,,,,,2.73600006,2.3599999,,,,,2.73600006,3.91999984,
,,,2.74000025,2.3599999,,,,,2.74000025,2.3599999,,,,,2.74000025,2.1599998,,,,,2.74000025,4.07999992,
,,,2.74400020,2.3599999,,,,,2.74400020,2.3999999,,,,,2.74400020,2.2400000,,,,,2.74400020,4.00000000,
,,,2.74800014,2.3599999,,,,,2.74800014,2.4400001,,,,,2.74800014,4.59999990,,,,,2.74800014,1.7199999,
,,,2.75200009,2.3999999,,,,,2.75200009,2.3599999,,,,,2.75200009,2.5599999,,,,,2.75200009,239.99999464E-3,
,,,2.75600004,2.3999999,,,,,2.75600004,2.3999999,,,,,2.75600004,2.6399999,,,,,2.75600004,2.4800000,
,,,2.76000023,2.3599999,,,,,2.76000023,2.3999999,,,,,2.76000023,2.5200000,,,,,2.76000023,2.4400001,
,,,2.76400018,2.3599999,,,,,2.76400018,2.4400001,,,,,2.76400018,2.6399999,,,,,2.76400018,2.6799998,
,,,2.76800013,2.3599999,,,,,2.76800013,2.4400001,,,,,2.76800013,2.5200000,,,,,2.76800013,2.72000003,
,,,2.77200007,2.3599999,,,,,2.77200007,2.4400001,,,,,2.77200007,2.6399999,,,,,2.77200007,2.79999995,
,,,2.77600002,2.3599999,,,,,2.77600002,2.3999999,,,,,2.77600002,2.5599999,,,,,2.77600002,2.6399999,
,,,2.78000021,2.3599999,,,,,2.78000021,2.3999999,,,,,2.78000021,2.4800000,,,,,2.78000021,2.79999995,
,,,2.78400016,2.3599999,,,,,2.78400016,2.3999999,,,,,2.78400016,2.6399999,,,,,2.78400016,2.83999991,
,,,2.78800011,2.3599999,,,,,2.78800011,2.3999999,,,,,2.78800011,2.4400001,,,,,2.78800011,2.79999995,
,,,2.79200006,2.3599999,,,,,2.79200006,2.4400001,,,,,2.79200006,2.4400001,,,,,2.79200006,2.79999995,
,,,2.79600024,2.3599999,,,,,2.79600024,2.3999999,,,,,2.79600024,2.4400001,,,,,2.79600024,2.87999988,
,,,2.80000019,2.3599999,,,,,2.80000019,2.4400001,,,,,2.80000019,2.4800000,,,,,2.80000019,3.00000000,
,,,2.80400014,2.3999999,,,,,2.80400014,2.4400001,,,,,2.80400014,2.4800000,,,,,2.80400014,3.07999992,
,,,2.80800009,2.3599999,,,,,2.80800009,2.4400001,,,,,2.80800009,2.3599999,,,,,2.80800009,3.00000000,
,,,2.81200004,2.3599999,,,,,2.81200004,2.4400001,,,,,2.81200004,2.4800000,,,,,2.81200004,3.03999996,
,,,2.81600022,2.3599999,,,,,2.81600022,2.4400001,,,,,2.81600022,2.5200000,,,,,2.81600022,3.03999996,
,,,2.82000017,2.3599999,,,,,2.82000017,2.4400001,,,,,2.82000017,2.4800000,,,,,2.82000017,3.07999992,
,,,2.82400012,2.3599999,,,,,2.82400012,2.3999999,,,,,2.82400012,2.4800000,,,,,2.82400012,3.19999981,
,,,2.82800007,2.3599999,,,,,2.82800007,2.4400001,,,,,2.82800007,2.4800000,,,,,2.82800007,3.15999985,
,,,2.83200002,2.3599999,,,,,2.83200002,2.4400001,,,,,2.83200002,2.4400001,,,,,2.83200002,3.15999985,
,,,2.83600020,2.3599999,,,,,2.83600020,2.4400001,,,,,2.83600020,2.5200000,,,,,2.83600020,3.15999985,
,,,2.84000015,2.3599999,,,,,2.84000015,2.4400001,,,,,2.84000015,2.4400001,,,,,2.84000015,3.15999985,
,,,2.84400010,2.3599999,,,,,2.84400010,2.3999999,,,,,2.84400010,2.6399999,,,,,2.84400010,3.24000001,
,,,2.84800005,2.3599999,,,,,2.84800005,2.3999999,,,,,2.84800005,2.4800000,,,,,2.84800005,3.27999997,
,,,2.85200024,2.3599999,,,,,2.85200024,2.3999999,,,,,2.85200024,2.6399999,,,,,2.85200024,3.19999981,
,,,2.85600019,2.3599999,,,,,2.85600019,2.4400001,,,,,2.85600019,2.5599999,,,,,2.85600019,3.27999997,
,,,2.86000013,2.3599999,,,,,2.86000013,2.3599999,,,,,2.86000013,2.4800000,,,,,2.86000013,3.27999997,
,,,2.86400008,2.3599999,,,,,2.86400008,2.4400001,,,,,2.86400008,2.5200000,,,,,2.86400008,3.39999986,
,,,2.86800003,2.3599999,,,,,2.86800003,2.3999999,,,,,2.86800003,2.4400001,,,,,2.86800003,3.24000001,
,,,2.87200022,2.3599999,,,,,2.87200022,2.4400001,,,,,2.87200022,2.5200000,,,,,2.87200022,3.27999997,
,,,2.87600017,2.3599999,,,,,2.87600017,2.4400001,,,,,2.87600017,2.4800000,,,,,2.87600017,3.31999993,
,,,2.88000011,2.3599999,,,,,2.88000011,2.3999999,,,,,2.88000011,2.5999999,,,,,2.88000011,3.19999981,
,,,2.88400006,2.3599999,,,,,2.88400006,2.4400001,,,,,2.88400006,2.6399999,,,,,2.88400006,3.31999993,
,,,2.88800025,2.3599999,,,,,2.88800025,2.3999999,,,,,2.88800025,2.5200000,,,,,2.88800025,3.31999993,
,,,2.89200020,2.3599999,,,,,2.89200020,2.4400001,,,,,2.89200020,2.5200000,,,,,2.89200020,3.27999997,
,,,2.89600015,2.3999999,,,,,2.89600015,2.4400001,,,,,2.89600015,2.3999999,,,,,2.89600015,3.31999993,
,,,2.90000010,2.3599999,,,,,2.90000010,2.3999999,,,,,2.90000010,2.5999999,,,,,2.90000010,3.27999997,
,,,2.90400004,2.3599999,,,,,2.90400004,2.4400001,,,,,2.90400004,2.4800000,,,,,2.90400004,3.43999982,
,,,2.90800023,2.3599999,,,,,2.90800023,2.4400001,,,,,2.90800023,2.4800000,,,,,2.90800023,3.31999993,
,,,2.91200018,2.3599999,,,,,2.91200018,2.4400001,,,,,2.91200018,2.5999999,,,,,2.91200018,3.31999993,
,,,2.91600013,2.3999999,,,,,2.91600013,2.4400001,,,,,2.91600013,2.5599999,,,,,2.91600013,3.39999986,
,,,2.92000008,2.3599999,,,,,2.92000008,2.3999999,,,,,2.92000008,2.4400001,,,,,2.92000008,3.31999993,
,,,2.92400002,2.3599999,,,,,2.92400002,2.4400001,,,,,2.92400002,2.3199999,,,,,2.92400002,3.48000002,
,,,2.92800021,2.3599999,,,,,2.92800021,2.3999999,,,,,2.92800021,2.3599999,,,,,2.92800021,3.31999993,
,,,2.93200016,2.3599999,,,,,2.93200016,2.4400001,,,,,2.93200016,2.5200000,,,,,2.93200016,3.48000002,
,,,2.93600011,2.3599999,,,,,2.93600011,2.3999999,,,,,2.93600011,2.4400001,,,,,2.93600011,3.39999986,
,,,2.94000006,2.3599999,,,,,2.94000006,2.4800000,,,,,2.94000006,2.3999999,,,,,2.94000006,3.43999982,
,,,2.94400024,2.3599999,,,,,2.94400024,2.3999999,,,,,2.94400024,2.3599999,,,,,2.94400024,3.51999998,
,,,2.94800019,2.3599999,,,,,2.94800019,2.4400001,,,,,2.94800019,2.4400001,,,,,2.94800019,3.48000002,
,,,2.95200014,2.3599999,,,,,2.95200014,2.4400001,,,,,2.95200014,2.3999999,,,,,2.95200014,3.27999997,
,,,2.95600009,2.3599999,,,,,2.95600009,2.4400001,,,,,2.95600009,2.3599999,,,,,2.95600009,3.31999993,
,,,2.96000004,2.3599999,,,,,2.96000004,2.4400001,,,,,2.96000004,2.4800000,,,,,2.96000004,3.35999990,
,,,2.96400023,2.3599999,,,,,2.96400023,2.3999999,,,,,2.96400023,2.3599999,,,,,2.96400023,3.35999990,
,,,2.96800017,2.3599999,,,,,2.96800017,2.4400001,,,,,2.96800017,2.3999999,,,,,2.96800017,3.51999998,
,,,2.97200012,2.3599999,,,,,2.97200012,2.3999999,,,,,2.97200012,2.3199999,,,,,2.97200012,3.35999990,
,,,2.97600007,2.3599999,,,,,2.97600007,2.4400001,,,,,2.97600007,2.3599999,,,,,2.97600007,3.35999990,
,,,2.98000026,2.3599999,,,,,2.98000026,2.4400001,,,,,2.98000026,2.2400000,,,,,2.98000026,3.55999994,
,,,2.98400021,2.3999999,,,,,2.98400021,2.4400001,,,,,2.98400021,2.3199999,,,,,2.98400021,3.55999994,
,,,2.98800015,2.3599999,,,,,2.98800015,2.4400001,,,,,2.98800015,2.5999999,,,,,2.98800015,3.31999993,
,,,2.99200010,2.3599999,,,,,2.99200010,2.3999999,,,,,2.99200010,2.2800000,,,,,2.99200010,3.63999987,
,,,2.99600005,2.3599999,,,,,2.99600005,2.4400001,,,,,2.99600005,2.0400000,,,,,2.99600005,3.83999991,
,,,3.00000024,2.3599999,,,,,3.00000024,2.4400001,,,,,3.00000024,2.3599999,,,,,3.00000024,3.39999986,
,,,3.00400019,2.3599999,,,,,3.00400019,2.3999999,,,,,3.00400019,2.3199999,,,,,3.00400019,3.43999982,
,,,3.00800014,2.3599999,,,,,3.00800014,2.4400001,,,,,3.00800014,2.3999999,,,,,3.00800014,3.48000002,
,,,3.01200008,2.3599999,,,,,3.01200008,2.3999999,,,,,3.01200008,2.4800000,,,,,3.01200008,3.48000002,
,,,3.01600003,2.3599999,,,,,3.01600003,2.4400001,,,,,3.01600003,2.3999999,,,,,3.01600003,3.31999993,
,,,3.02000022,2.3599999,,,,,3.02000022,2.4400001,,,,,3.02000022,2.2800000,,,,,3.02000022,3.43999982,
,,,3.02400017,2.3599999,,,,,3.02400017,2.3999999,,,,,3.02400017,2.3199999,,,,,3.02400017,3.43999982,
,,,3.02800012,2.3599999,,,,,3.02800012,2.4400001,,,,,3.02800012,2.4400001,,,,,3.02800012,3.27999997,
,,,3.03200006,2.3599999,,,,,3.03200006,2.4400001,,,,,3.03200006,2.3199999,,,,,3.03200006,3.51999998,
,,,3.03600025,2.3599999,,,,,3.03600025,2.3999999,,,,,3.03600025,2.4800000,,,,,3.03600025,3.19999981,
,,,3.04000020,2.3999999,,,,,3.04000020,2.3999999,,,,,3.04000020,2.3999999,,,,,3.04000020,3.51999998,
,,,3.04400015,2.3599999,,,,,3.04400015,2.4400001,,,,,3.04400015,2.2400000,,,,,3.04400015,3.39999986,
,,,3.04800010,2.3999999,,,,,3.04800010,2.3999999,,,,,3.04800010,2.2400000,,,,,3.04800010,3.63999987,
,,,3.05200005,2.3599999,,,,,3.05200005,2.3599999,,,,,3.05200005,2.1599998,,,,,3.05200005,3.27999997,
,,,3.05600023,2.3599999,,,,,3.05600023,2.4400001,,,,,3.05600023,2.3599999,,,,,3.05600023,3.48000002,
,,,3.06000018,2.3599999,,,,,3.06000018,2.3599999,,,,,3.06000018,2.2800000,,,,,3.06000018,3.67999983,
,,,3.06400013,2.3599999,,,,,3.06400013,2.4400001,,,,,3.06400013,2.3599999,,,,,3.06400013,3.31999993,
,,,3.06800008,2.3599999,,,,,3.06800008,2.4400001,,,,,3.06800008,2.3199999,,,,,3.06800008,3.59999990,
,,,3.07200003,2.3599999,,,,,3.07200003,2.3999999,,,,,3.07200003,2.3199999,,,,,3.07200003,3.51999998,
,,,3.07600021,2.3599999,,,,,3.07600021,2.4400001,,,,,3.07600021,2.4400001,,,,,3.07600021,3.19999981,
,,,3.08000016,2.3599999,,,,,3.08000016,2.4400001,,,,,3.08000016,2.2000000,,,,,3.08000016,3.59999990,
,,,3.08400011,2.3599999,,,,,3.08400011,2.3999999,,,,,3.08400011,2.3199999,,,,,3.08400011,3.59999990,
,,,3.08800006,2.3599999,,,,,3.08800006,2.3999999,,,,,3.08800006,2.3199999,,,,,3.08800006,3.39999986,
,,,3.09200025,2.3599999,,,,,3.09200025,2.4400001,,,,,3.09200025,2.3199999,,,,,3.09200025,3.48000002,
,,,3.09600019,2.3599999,,,,,3.09600019,2.3999999,,,,,3.09600019,2.3199999,,,,,3.09600019,3.55999994,
,,,3.10000014,2.3599999,,,,,3.10000014,2.4400001,,,,,3.10000014,2.3199999,,,,,3.10000014,3.51999998,
,,,3.10400009,2.3599999,,,,,3.10400009,2.4400001,,,,,3.10400009,2.4400001,,,,,3.10400009,3.63999987,
,,,3.10800004,2.3599999,,,,,3.10800004,2.4400001,,,,,3.10800004,2.3199999,,,,,3.10800004,3.59999990,
,,,3.11200023,2.3599999,,,,,3.11200023,2.4400001,,,,,3.11200023,2.3199999,,,,,3.11200023,3.48000002,
,,,3.11600018,2.3599999,,,,,3.11600018,2.4400001,,,,,3.11600018,2.3199999,,,,,3.11600018,3.59999990,
,,,3.12000012,2.3599999,,,,,3.12000012,2.4400001,,,,,3.12000012,2.4400001,,,,,3.12000012,3.48000002,
,,,3.12400007,2.3599999,,,,,3.12400007,2.4400001,,,,,3.12400007,2.4800000,,,,,3.12400007,3.48000002,
,,,3.12800026,2.3599999,,,,,3.12800026,2.3999999,,,,,3.12800026,2.4400001,,,,,3.12800026,3.59999990,
,,,3.13200021,2.3599999,,,,,3.13200021,2.4400001,,,,,3.13200021,2.3999999,,,,,3.13200021,3.48000002,
,,,3.13600016,2.3599999,,,,,3.13600016,2.4400001,,,,,3.13600016,2.3599999,,,,,3.13600016,3.59999990,
,,,3.14000010,2.3599999,,,,,3.14000010,2.4400001,,,,,3.14000010,2.3599999,,,,,3.14000010,3.51999998,
,,,3.14400005,2.3599999,,,,,3.14400005,2.4400001,,,,,3.14400005,2.3599999,,,,,3.14400005,3.51999998,
,,,3.14800024,2.3599999,,,,,3.14800024,2.4400001,,,,,3.14800024,2.3199999,,,,,3.14800024,3.55999994,
,,,3.15200019,2.3599999,,,,,3.15200019,2.4400001,,,,,3.15200019,2.2400000,,,,,3.15200019,3.51999998,
,,,3.15600014,2.3599999,,,,,3.15600014,2.4400001,,,,,3.15600014,2.2400000,,,,,3.15600014,3.51999998,
,,,3.16000009,2.3999999,,,,,3.16000009,2.4400001,,,,,3.16000009,2.3999999,,,,,3.16000009,3.59999990,
,,,3.16400003,2.3599999,,,,,3.16400003,2.4400001,,,,,3.16400003,2.5200000,,,,,3.16400003,3.51999998,
,,,3.16800022,2.3599999,,,,,3.16800022,2.4400001,,,,,3.16800022,2.3999999,,,,,3.16800022,3.51999998,
,,,3.17200017,2.3599999,,,,,3.17200017,2.3999999,,,,,3.17200017,2.2800000,,,,,3.17200017,3.51999998,
,,,3.17600012,2.3599999,,,,,3.17600012,2.4400001,,,,,3.17600012,2.3199999,,,,,3.17600012,3.43999982,
,,,3.18000007,2.3999999,,,,,3.18000007,2.4400001,,,,,3.18000007,2.3199999,,,,,3.18000007,3.51999998,
,,,3.18400025,2.3599999,,,,,3.18400025,2.4400001,,,,,3.18400025,2.3999999,,,,,3.18400025,3.39999986,
,,,3.18800020,2.3599999,,,,,3.18800020,2.4400001,,,,,3.18800020,2.3599999,,,,,3.18800020,3.63999987,
,,,3.19200015,2.3599999,,,,,3.19200015,2.4400001,,,,,3.19200015,2.4400001,,,,,3.19200015,3.35999990,
,,,3.19600010,2.3599999,,,,,3.19600010,2.4400001,,,,,3.19600010,2.3599999,,,,,3.19600010,3.39999986,
,,,3.20000005,2.3999999,,,,,3.20000005,2.4400001,,,,,3.20000005,2.5200000,,,,,3.20000005,3.39999986,
,,,3.20400023,2.3599999,,,,,3.20400023,2.4400001,,,,,3.20400023,2.3199999,,,,,3.20400023,3.51999998,
,,,3.20800018,2.3999999,,,,,3.20800018,2.3599999,,,,,3.20800018,2.2400000,,,,,3.20800018,3.39999986,
,,,3.21200013,2.3599999,,,,,3.21200013,2.4400001,,,,,3.21200013,2.5200000,,,,,3.21200013,3.55999994,
,,,3.21600008,2.3599999,,,,,3.21600008,2.4400001,,,,,3.21600008,2.4800000,,,,,3.21600008,3.39999986,
,,,3.22000027,2.3599999,,,,,3.22000027,2.4400001,,,,,3.22000027,2.3999999,,,,,3.22000027,3.48000002,
,,,3.22400022,2.3599999,,,,,3.22400022,2.4400001,,,,,3.22400022,2.3199999,,,,,3.22400022,3.51999998,
,,,3.22800016,2.3599999,,,,,3.22800016,2.4400001,,,,,3.22800016,2.3999999,,,,,3.22800016,3.31999993,
,,,3.23200011,2.3599999,,,,,3.23200011,2.3999999,,,,,3.23200011,2.3599999,,,,,3.23200011,3.51999998,
,,,3.23600006,2.3599999,,,,,3.23600006,2.4400001,,,,,3.23600006,2.4800000,,,,,3.23600006,3.27999997,
,,,3.24000025,2.3599999,,,,,3.24000025,2.4400001,,,,,3.24000025,2.2800000,,,,,3.24000025,3.48000002,
,,,3.24400020,2.3599999,,,,,3.24400020,2.4400001,,,,,3.24400020,2.2800000,,,,,3.24400020,3.51999998,
,,,3.24800014,2.3599999,,,,,3.24800014,2.4400001,,,,,3.24800014,2.4400001,,,,,3.24800014,3.63999987,
,,,3.25200009,2.3599999,,,,,3.25200009,2.3999999,,,,,3.25200009,2.3599999,,,,,3.25200009,3.63999987,
,,,3.25600004,2.3599999,,,,,3.25600004,2.3999999,,,,,3.25600004,2.2000000,,,,,3.25600004,3.35999990,
,,,3.26000023,2.3599999,,,,,3.26000023,2.4400001,,,,,3.26000023,2.3599999,,,,,3.26000023,3.48000002,
,,,3.26400018,2.3599999,,,,,3.26400018,2.3999999,,,,,3.26400018,2.3999999,,,,,3.26400018,3.51999998,
,,,3.26800013,2.3999999,,,,,3.26800013,2.4400001,,,,,3.26800013,2.2000000,,,,,3.26800013,3.39999986,
,,,3.27200007,2.3599999,,,,,3.27200007,2.4400001,,,,,3.27200007,2.3199999,,,,,3.27200007,3.39999986,
,,,3.27600026,2.3599999,,,,,3.27600026,2.3999999,,,,,3.27600026,2.3199999,,,,,3.27600026,3.31999993,
,,,3.28000021,2.3599999,,,,,3.28000021,2.4400001,,,,,3.28000021,2.3199999,,,,,3.28000021,3.39999986,
,,,3.28400016,2.3599999,,,,,3.28400016,2.3999999,,,,,3.28400016,2.3199999,,,,,3.28400016,3.55999994,
,,,3.28800011,2.3999999,,,,,3.28800011,2.4400001,,,,,3.28800011,2.4400001,,,,,3.28800011,3.35999990,
,,,3.29200006,2.3599999,,,,,3.29200006,2.3999999,,,,,3.29200006,2.2800000,,,,,3.29200006,3.51999998,
,,,3.29600024,2.3599999,,,,,3.29600024,2.3999999,,,,,3.29600024,2.2400000,,,,,3.29600024,3.35999990,
,,,3.30000019,2.3599999,,,,,3.30000019,2.3999999,,,,,3.30000019,2.2000000,,,,,3.30000019,3.48000002,
,,,3.30400014,2.3599999,,,,,3.30400014,2.3999999,,,,,3.30400014,2.2400000,,,,,3.30400014,3.55999994,
,,,3.30800009,2.3599999,,,,,3.30800009,2.4400001,,,,,3.30800009,2.2400000,,,,,3.30800009,3.43999982,
,,,3.31200027,2.3599999,,,,,3.31200027,2.4400001,,,,,3.31200027,2.3199999,,,,,3.31200027,3.48000002,
,,,3.31600022,2.3599999,,,,,3.31600022,2.3999999,,,,,3.31600022,2.2800000,,,,,3.31600022,3.51999998,
,,,3.32000017,2.3599999,,,,,3.32000017,2.3999999,,,,,3.32000017,2.2400000,,,,,3.32000017,3.43999982,
,,,3.32400012,2.3599999,,,,,3.32400012,2.3999999,,,,,3.32400012,2.2800000,,,,,3.32400012,3.59999990,
,,,3.32800007,2.3599999,,,,,3.32800007,2.4400001,,,,,3.32800007,2.0799999,,,,,3.32800007,3.59999990,
,,,3.33200026,2.3599999,,,,,3.33200026,2.4400001,,,,,3.33200026,2.4800000,,,,,3.33200026,3.55999994,
,,,3.33600020,2.3199999,,,,,3.33600020,2.4400001,,,,,3.33600020,2.1599998,,,,,3.33600020,3.39999986,
,,,3.34000015,2.3599999,,,,,3.34000015,2.4400001,,,,,3.34000015,2.2400000,,,,,3.34000015,3.59999990,
,,,3.34400010,2.3599999,,,,,3.34400010,2.3999999,,,,,3.34400010,2.2800000,,,,,3.34400010,3.51999998,
,,,3.34800005,2.3599999,,,,,3.34800005,2.4400001,,,,,3.34800005,2.2400000,,,,,3.34800005,3.51999998,
,,,3.35200024,2.3599999,,,,,3.35200024,2.4400001,,,,,3.35200024,2.2000000,,,,,3.35200024,3.59999990,
,,,3.35600019,2.3599999,,,,,3.35600019,2.4400001,,,,,3.35600019,2.3199999,,,,,3.35600019,3.48000002,
,,,3.36000013,2.3999999,,,,,3.36000013,2.4400001,,,,,3.36000013,2.1599998,,,,,3.36000013,3.51999998,
,,,3.36400008,2.3599999,,,,,3.36400008,2.3999999,,,,,3.36400008,2.2400000,,,,,3.36400008,3.55999994,
,,,3.36800027,2.3599999,,,,,3.36800027,2.4400001,,,,,3.36800027,2.3599999,,,,,3.36800027,3.55999994,
,,,3.37200022,2.3599999,,,,,3.37200022,2.3999999,,,,,3.37200022,2.2000000,,,,,3.37200022,3.59999990,
,,,3.37600017,2.3599999,,,,,3.37600017,2.3999999,,,,,3.37600017,2.3199999,,,,,3.37600017,3.59999990,
,,,3.38000011,2.3199999,,,,,3.38000011,2.4400001,,,,,3.38000011,2.0799999,,,,,3.38000011,3.51999998,
,,,3.38400006,2.3599999,,,,,3.38400006,2.4400001,,,,,3.38400006,2.3199999,,,,,3.38400006,3.55999994,
,,,3.38800025,2.3599999,,,,,3.38800025,2.3999999,,,,,3.38800025,2.2800000,,,,,3.38800025,3.55999994,
,,,3.39200020,2.3599999,,,,,3.39200020,2.4400001,,,,,3.39200020,2.2800000,,,,,3.39200020,3.59999990,
,,,3.39600015,2.3599999,,,,,3.39600015,2.4400001,,,,,3.39600015,2.1599998,,,,,3.39600015,3.48000002,
,,,3.40000010,2.3599999,,,,,3.40000010,2.3999999,,,,,3.40000010,2.1599998,,,,,3.40000010,3.51999998,
,,,3.40400004,2.3599999,,,,,3.40400004,2.4400001,,,,,3.40400004,2.2400000,,,,,3.40400004,3.63999987,
,,,3.40800023,2.3599999,,,,,3.40800023,2.4400001,,,,,3.40800023,2.1599998,,,,,3.40800023,3.51999998,
,,,3.41200018,2.3599999,,,,,3.41200018,2.4400001,,,,,3.41200018,2.2800000,,,,,3.41200018,3.59999990,
,,,3.41600013,2.3599999,,,,,3.41600013,2.4400001,,,,,3.41600013,2.0799999,,,,,3.41600013,3.51999998,
,,,3.42000008,2.3599999,,,,,3.42000008,2.4400001,,,,,3.42000008,2.2800000,,,,,3.42000008,3.59999990,
,,,3.42400026,2.3599999,,,,,3.42400026,2.4400001,,,,,3.42400026,2.2800000,,,,,3.42400026,3.63999987,
,,,3.42800021,2.3599999,,,,,3.42800021,2.3999999,,,,,3.42800021,2.2400000,,,,,3.42800021,3.59999990,
,,,3.43200016,2.3599999,,,,,3.43200016,2.3999999,,,,,3.43200016,2.1599998,,,,,3.43200016,3.51999998,
,,,3.43600011,2.3599999,,,,,3.43600011,2.3999999,,,,,3.43600011,2.2400000,,,,,3.43600011,3.51999998,
,,,3.44000006,2.3599999,,,,,3.44000006,2.4400001,,,,,3.44000006,2.2000000,,,,,3.44000006,3.51999998,
,,,3.44400024,2.3599999,,,,,3.44400024,2.3999999,,,,,3.44400024,2.0400000,,,,,3.44400024,3.67999983,
,,,3.44800019,2.3599999,,,,,3.44800019,2.3999999,,,,,3.44800019,2.2400000,,,,,3.44800019,3.63999987,
,,,3.45200014,2.3599999,,,,,3.45200014,2.3999999,,,,,3.45200014,2.0799999,,,,,3.45200014,3.51999998,
,,,3.45600009,2.3599999,,,,,3.45600009,2.4400001,,,,,3.45600009,2.1599998,,,,,3.45600009,3.51999998,
,,,3.46000028,2.3599999,,,,,3.46000028,2.3999999,,,,,3.46000028,2.2000000,,,,,3.46000028,3.55999994,
,,,3.46400023,2.3599999,,,,,3.46400023,2.3999999,,,,,3.46400023,2.0400000,,,,,3.46400023,3.48000002,
,,,3.46800017,2.3599999,,,,,3.46800017,2.4400001,,,,,3.46800017,2.2400000,,,,,3.46800017,3.59999990,
,,,3.47200012,2.3599999,,,,,3.47200012,2.4400001,,,,,3.47200012,2.0799999,,,,,3.47200012,3.51999998,
,,,3.47600007,2.3599999,,,,,3.47600007,2.4400001,,,,,3.47600007,1.8399999,,,,,3.47600007,3.51999998,
,,,3.48000026,2.3599999,,,,,3.48000026,2.3999999,,,,,3.48000026,2.1599998,,,,,3.48000026,3.55999994,
,,,3.48400021,2.3599999,,,,,3.48400021,2.3999999,,,,,3.48400021,2.1599998,,,,,3.48400021,3.55999994,
,,,3.48800015,2.3599999,,,,,3.48800015,2.4400001,,,,,3.48800015,2.1599998,,,,,3.48800015,3.59999990,
,,,3.49200010,2.3599999,,,,,3.49200010,2.4400001,,,,,3.49200010,2.1199999,,,,,3.49200010,3.51999998,
,,,3.49600005,2.3599999,,,,,3.49600005,2.4400001,,,,,3.49600005,2.2000000,,,,,3.49600005,3.91999984,
,,,3.50000024,2.3599999,,,,,3.50000024,2.4400001,,,,,3.50000024,2.1599998,,,,,3.50000024,3.48000002,
,,,3.50400019,2.3599999,,,,,3.50400019,2.4400001,,,,,3.50400019,2.0000000,,,,,3.50400019,3.63999987,
,,,3.50800014,2.3599999,,,,,3.50800014,2.3999999,,,,,3.50800014,2.2400000,,,,,3.50800014,3.51999998,
,,,3.51200008,2.3599999,,,,,3.51200008,2.4400001,,,,,3.51200008,2.3199999,,,,,3.51200008,3.51999998,
,,,3.51600027,2.3599999,,,,,3.51600027,2.4400001,,,,,3.51600027,2.2400000,,,,,3.51600027,3.39999986,
,,,3.52000022,2.3599999,,,,,3.52000022,2.4400001,,,,,3.52000022,2.2000000,,,,,3.52000022,3.51999998,
,,,3.52400017,2.3599999,,,,,3.52400017,2.4400001,,,,,3.52400017,2.2000000,,,,,3.52400017,3.63999987,
,,,3.52800012,2.3599999,,,,,3.52800012,2.4400001,,,,,3.52800012,2.3199999,,,,,3.52800012,3.59999990,
,,,3.53200006,2.3999999,,,,,3.53200006,2.4400001,,,,,3.53200006,2.2800000,,,,,3.53200006,3.51999998,
,,,3.53600025,2.3599999,,,,,3.53600025,2.4400001,,,,,3.53600025,2.2800000,,,,,3.53600025,3.48000002,
,,,3.54000020,2.3599999,,,,,3.54000020,2.3999999,,,,,3.54000020,2.1199999,,,,,3.54000020,3.39999986,
,,,3.54400015,2.3599999,,,,,3.54400015,2.4400001,,,,,3.54400015,2.2400000,,,,,3.54400015,3.63999987,
,,,3.54800010,2.3599999,,,,,3.54800010,2.4400001,,,,,3.54800010,2.2800000,,,,,3.54800010,3.43999982,
,,,3.55200028,2.3599999,,,,,3.55200028,2.4400001,,,,,3.55200028,2.2000000,,,,,3.55200028,3.59999990,
,,,3.55600023,2.3999999,,,,,3.55600023,2.4400001,,,,,3.55600023,2.3199999,,,,,3.55600023,3.48000002,
,,,3.56000018,2.3599999,,,,,3.56000018,2.3999999,,,,,3.56000018,2.1599998,,,,,3.56000018,3.51999998,
,,,3.56400013,2.3599999,,,,,3.56400013,2.4400001,,,,,3.56400013,2.2800000,,,,,3.56400013,3.51999998,
,,,3.56800008,2.3599999,,,,,3.56800008,2.3999999,,,,,3.56800008,2.2400000,,,,,3.56800008,3.55999994,
,,,3.57200027,2.3599999,,,,,3.57200027,2.3999999,,,,,3.57200027,2.2400000,,,,,3.57200027,3.51999998,
,,,3.57600021,2.3599999,,,,,3.57600021,2.3999999,,,,,3.57600021,2.1599998,,,,,3.57600021,3.43999982,
,,,3.58000016,2.3599999,,,,,3.58000016,2.3999999,,,,,3.58000016,2.2000000,,,,,3.58000016,3.59999990,
,,,3.58400011,2.3599999,,,,,3.58400011,2.3999999,,,,,3.58400011,2.3199999,,,,,3.58400011,3.63999987,
,,,3.58800006,2.3599999,,,,,3.58800006,2.4400001,,,,,3.58800006,2.3199999,,,,,3.58800006,3.59999990,
,,,3.59200025,2.3999999,,,,,3.59200025,2.4400001,,,,,3.59200025,2.2800000,,,,,3.59200025,3.55999994,
,,,3.59600019,2.3599999,,,,,3.59600019,2.4400001,,,,,3.59600019,2.4400001,,,,,3.59600019,3.51999998,
,,,3.60000014,2.3599999,,,,,3.60000014,2.4400001,,,,,3.60000014,2.4800000,,,,,3.60000014,3.67999983,
,,,3.60400009,2.3599999,,,,,3.60400009,2.4400001,,,,,3.60400009,2.2000000,,,,,3.60400009,3.55999994,
,,,3.60800028,2.3599999,,,,,3.60800028,2.4400001,,,,,3.60800028,2.3199999,,,,,3.60800028,3.55999994,
,,,3.61200023,2.3599999,,,,,3.61200023,2.4400001,,,,,3.61200023,2.3199999,,,,,3.61200023,3.63999987,
,,,3.61600018,2.3599999,,,,,3.61600018,2.4400001,,,,,3.61600018,2.3199999,,,,,3.61600018,3.51999998,
,,,3.62000012,2.3599999,,,,,3.62000012,2.4400001,,,,,3.62000012,2.2400000,,,,,3.62000012,3.59999990,
,,,3.62400007,2.3599999,,,,,3.62400007,2.3999999,,,,,3.62400007,2.3599999,,,,,3.62400007,3.59999990,
,,,3.62800026,2.3599999,,,,,3.62800026,2.3999999,,,,,3.62800026,2.3599999,,,,,3.62800026,3.51999998,
,,,3.63200021,2.3599999,,,,,3.63200021,2.3999999,,,,,3.63200021,2.2400000,,,,,3.63200021,3.67999983,
,,,3.63600016,2.3599999,,,,,3.63600016,2.4400001,,,,,3.63600016,2.2800000,,,,,3.63600016,3.39999986,
,,,3.64000010,2.3999999,,,,,3.64000010,2.4400001,,,,,3.64000010,2.1599998,,,,,3.64000010,3.55999994,
,,,3.64400029,2.3599999,,,,,3.64400029,2.4400001,,,,,3.64400029,2.2000000,,,,,3.64400029,3.55999994,
,,,3.64800024,2.3599999,,,,,3.64800024,2.4400001,,,,,3.64800024,2.3599999,,,,,3.64800024,3.55999994,
,,,3.65200019,2.3599999,,,,,3.65200019,2.3999999,,,,,3.65200019,2.2800000,,,,,3.65200019,3.63999987,
,,,3.65600014,2.3599999,,,,,3.65600014,2.4400001,,,,,3.65600014,2.3199999,,,,,3.65600014,3.43999982,
,,,3.66000009,2.3599999,,,,,3.66000009,2.4400001,,,,,3.66000009,2.3199999,,,,,3.66000009,3.48000002,
,,,3.66400027,2.3599999,,,,,3.66400027,2.4400001,,,,,3.66400027,2.3199999,,,,,3.66400027,3.51999998,
,,,3.66800022,2.3599999,,,,,3.66800022,2.4400001,,,,,3.66800022,2.3599999,,,,,3.66800022,3.51999998,
,,,3.67200017,2.3599999,,,,,3.67200017,2.4800000,,,,,3.67200017,2.2800000,,,,,3.67200017,3.59999990,
,,,3.67600012,2.3599999,,,,,3.67600012,2.4400001,,,,,3.67600012,2.1199999,,,,,3.67600012,3.51999998,
,,,3.68000007,2.3599999,,,,,3.68000007,2.3599999,,,,,3.68000007,2.3199999,,,,,3.68000007,3.91999984,
,,,3.68400025,2.3599999,,,,,3.68400025,2.3599999,,,,,3.68400025,2.1199999,,,,,3.68400025,4.63999987,
,,,3.68800020,2.3199999,,,,,3.68800020,2.3999999,,,,,3.68800020,1.9200000,,,,,3.68800020,4.51999998,
,,,3.69200015,2.3599999,,,,,3.69200015,2.4400001,,,,,3.69200015,1.8000000,,,,,3.69200015,4.00000000,
,,,3.69600010,2.3599999,,,,,3.69600010,2.4400001,,,,,3.69600010,1.9599999,,,,,3.69600010,4.83999968,
,,,3.70000029,2.3599999,,,,,3.70000029,2.3999999,,,,,3.70000029,2.0000000,,,,,3.70000029,4.83999968,
,,,3.70400023,2.3599999,,,,,3.70400023,2.3999999,,,,,3.70400023,1.9599999,,,,,3.70400023,4.79999971,
,,,3.70800018,2.3599999,,,,,3.70800018,2.4400001,,,,,3.70800018,2.0400000,,,,,3.70800018,4.83999968,
,,,3.71200013,2.3599999,,,,,3.71200013,2.4400001,,,,,3.71200013,2.0400000,,,,,3.71200013,4.83999968,
,,,3.71600008,2.3599999,,,,,3.71600008,2.4400001,,,,,3.71600008,2.2000000,,,,,3.71600008,4.67999983,
,,,3.72000027,2.3599999,,,,,3.72000027,2.4400001,,,,,3.72000027,2.0799999,,,,,3.72000027,4.63999987,
,,,3.72400022,2.3599999,,,,,3.72400022,2.4400001,,,,,3.72400022,2.0400000,,,,,3.72400022,4.11999989,
,,,3.72800016,2.3599999,,,,,3.72800016,2.4400001,,,,,3.72800016,2.1199999,,,,,3.72800016,4.48000002,
,,,3.73200011,2.3599999,,,,,3.73200011,2.4400001,,,,,3.73200011,2.1599998,,,,,3.73200011,4.44000006,
,,,3.73600006,2.3599999,,,,,3.73600006,2.3999999,,,,,3.73600006,2.1599998,,,,,3.73600006,4.07999992,
,,,3.74000025,2.3599999,,,,,3.74000025,2.3999999,,,,,3.74000025,2.0000000,,,,,3.74000025,4.27999973,
,,,3.74400020,2.3599999,,,,,3.74400020,2.4400001,,,,,3.74400020,2.0400000,,,,,3.74400020,4.27999973,
,,,3.74800014,2.3599999,,,,,3.74800014,2.4400001,,,,,3.74800014,2.1199999,,,,,3.74800014,4.23999977,
,,,3.75200009,2.3599999,,,,,3.75200009,2.4400001,,,,,3.75200009,1.9599999,,,,,3.75200009,4.19999981,
,,,3.75600028,2.3599999,,,,,3.75600028,2.4400001,,,,,3.75600028,2.2400000,,,,,3.75600028,3.67999983,
,,,3.76000023,2.3599999,,,,,3.76000023,2.3999999,,,,,3.76000023,2.1199999,,,,,3.76000023,4.11999989,
,,,3.76400018,2.3999999,,,,,3.76400018,2.4400001,,,,,3.76400018,2.2000000,,,,,3.76400018,4.19999981,
,,,3.76800013,2.3999999,,,,,3.76800013,2.3999999,,,,,3.76800013,2.3999999,,,,,3.76800013,2.83999991,
,,,3.77200007,2.3599999,,,,,3.77200007,2.3599999,,,,,3.77200007,2.5999999,,,,,3.77200007,2.2400000,
,,,3.77600026,2.3599999,,,,,3.77600026,2.3999999,,,,,3.77600026,2.4800000,,,,,3.77600026,2.3599999,
,,,3.78000021,2.3599999,,,,,3.78000021,2.3999999,,,,,3.78000021,2.5599999,,,,,3.78000021,2.3599999,
,,,3.78400016,2.3999999,,,,,3.78400016,2.3599999,,,,,3.78400016,2.4400001,,,,,3.78400016,2.5599999,
,,,3.78800011,2.3599999,,,,,3.78800011,2.3999999,,,,,3.78800011,2.5999999,,,,,3.78800011,2.4800000,
,,,3.79200029,2.3599999,,,,,3.79200029,2.3999999,,,,,3.79200029,2.5200000,,,,,3.79200029,2.5200000,
,,,3.79600024,2.3599999,,,,,3.79600024,2.4400001,,,,,3.79600024,2.5599999,,,,,3.79600024,2.4800000,
,,,3.80000019,2.3599999,,,,,3.80000019,2.3999999,,,,,3.80000019,2.5200000,,,,,3.80000019,2.5999999,
,,,3.80400014,2.3599999,,,,,3.80400014,2.4400001,,,,,3.80400014,2.5999999,,,,,3.80400014,2.75999999,
,,,3.80800009,2.3599999,,,,,3.80800009,2.3999999,,,,,3.80800009,2.5999999,,,,,3.80800009,2.75999999,
,,,3.81200027,2.3599999,,,,,3.81200027,2.3599999,,,,,3.81200027,2.4400001,,,,,3.81200027,2.6799998,
,,,3.81600022,2.3999999,,,,,3.81600022,2.4400001,,,,,3.81600022,2.5999999,,,,,3.81600022,2.75999999,
,,,3.82000017,2.3599999,,,,,3.82000017,2.3199999,,,,,3.82000017,2.4800000,,,,,3.82000017,2.79999995,
,,,3.82400012,2.3599999,,,,,3.82400012,2.4400001,,,,,3.82400012,2.4400001,,,,,3.82400012,3.00000000,
,,,3.82800007,2.3599999,,,,,3.82800007,2.3999999,,,,,3.82800007,2.2400000,,,,,3.82800007,2.79999995,
,,,3.83200026,2.3599999,,,,,3.83200026,2.4400001,,,,,3.83200026,2.3599999,,,,,3.83200026,2.75999999,
,,,3.83600020,2.3599999,,,,,3.83600020,2.3999999,,,,,3.83600020,2.3199999,,,,,3.83600020,2.91999984,
,,,3.84000015,2.3599999,,,,,3.84000015,2.3999999,,,,,3.84000015,2.3599999,,,,,3.84000015,2.91999984,
,,,3.84400010,2.3599999,,,,,3.84400010,2.3999999,,,,,3.84400010,2.2000000,,,,,3.84400010,3.00000000,
,,,3.84800029,2.3599999,,,,,3.84800029,2.3999999,,,,,3.84800029,2.3199999,,,,,3.84800029,3.03999996,
,,,3.85200024,2.3599999,,,,,3.85200024,2.3599999,,,,,3.85200024,2.3199999,,,,,3.85200024,3.00000000,
,,,3.85600019,2.3599999,,,,,3.85600019,2.3999999,,,,,3.85600019,2.3599999,,,,,3.85600019,3.07999992,
,,,3.86000013,2.3599999,,,,,3.86000013,2.3999999,,,,,3.86000013,2.2400000,,,,,3.86000013,3.07999992,
,,,3.86400008,2.3599999,,,,,3.86400008,2.3999999,,,,,3.86400008,2.3199999,,,,,3.86400008,3.11999989,
,,,3.86800027,2.3599999,,,,,3.86800027,2.3599999,,,,,3.86800027,2.3199999,,,,,3.86800027,3.11999989,
,,,3.87200022,2.3599999,,,,,3.87200022,2.3999999,,,,,3.87200022,2.3199999,,,,,3.87200022,3.15999985,
,,,3.87600017,2.3999999,,,,,3.87600017,2.3999999,,,,,3.87600017,2.2800000,,,,,3.87600017,3.27999997,
,,,3.88000011,2.3999999,,,,,3.88000011,2.4400001,,,,,3.88000011,2.2000000,,,,,3.88000011,3.11999989,
,,,3.88400030,2.3599999,,,,,3.88400030,2.4400001,,,,,3.88400030,2.2000000,,,,,3.88400030,3.15999985,
,,,3.88800025,2.3999999,,,,,3.88800025,2.3999999,,,,,3.88800025,2.4400001,,,,,3.88800025,3.27999997,
,,,3.89200020,2.3599999,,,,,3.89200020,2.4400001,,,,,3.89200020,2.3599999,,,,,3.89200020,3.31999993,
,,,3.89600015,2.3599999,,,,,3.89600015,2.3999999,,,,,3.89600015,2.1599998,,,,,3.89600015,3.15999985,
,,,3.90000010,2.3999999,,,,,3.90000010,2.3999999,,,,,3.90000010,2.4400001,,,,,3.90000010,3.24000001,
,,,3.90400028,2.3599999,,,,,3.90400028,2.3999999,,,,,3.90400028,2.3199999,,,,,3.90400028,3.19999981,
,,,3.90800023,2.3599999,,,,,3.90800023,2.3999999,,,,,3.90800023,2.2800000,,,,,3.90800023,3.35999990,
,,,3.91200018,2.3599999,,,,,3.91200018,2.4400001,,,,,3.91200018,2.1199999,,,,,3.91200018,3.35999990,
,,,3.91600013,2.3599999,,,,,3.91600013,2.4400001,,,,,3.91600013,2.2800000,,,,,3.91600013,3.15999985,
,,,3.92000008,2.3599999,,,,,3.92000008,2.3999999,,,,,3.92000008,2.3999999,,,,,3.92000008,3.31999993,
,,,3.92400026,2.3599999,,,,,3.92400026,2.3999999,,,,,3.92400026,2.3999999,,,,,3.92400026,3.39999986,
,,,3.92800021,2.3999999,,,,,3.92800021,2.3999999,,,,,3.92800021,2.3999999,,,,,3.92800021,3.27999997,
,,,3.93200016,2.3599999,,,,,3.93200016,2.4400001,,,,,3.93200016,2.3599999,,,,,3.93200016,3.31999993,
,,,3.93600011,2.3599999,,,,,3.93600011,2.3999999,,,,,3.93600011,2.2000000,,,,,3.93600011,3.31999993,
,,,3.94000030,2.3599999,,,,,3.94000030,2.3599999,,,,,3.94000030,2.3599999,,,,,3.94000030,3.48000002,
,,,3.94400024,2.3599999,,,,,3.94400024,2.3999999,,,,,3.94400024,2.2400000,,,,,3.94400024,3.43999982,
,,,3.94800019,2.3599999,,,,,3.94800019,2.3999999,,,,,3.94800019,2.2800000,,,,,3.94800019,3.48000002,
,,,3.95200014,2.3599999,,,,,3.95200014,2.3999999,,,,,3.95200014,2.4800000,,,,,3.95200014,3.35999990,
,,,3.95600009,2.3599999,,,,,3.95600009,2.3999999,,,,,3.95600009,2.3599999,,,,,3.95600009,3.31999993,
,,,3.96000028,2.3599999,,,,,3.96000028,2.4400001,,,,,3.96000028,2.3199999,,,,,3.96000028,3.43999982,
,,,3.96400023,2.3599999,,,,,3.96400023,2.3999999,,,,,3.96400023,2.2000000,,,,,3.96400023,3.31999993,
,,,3.96800017,2.3599999,,,,,3.96800017,2.4400001,,,,,3.96800017,2.4400001,,,,,3.96800017,3.35999990,
,,,3.97200012,2.3599999,,,,,3.97200012,2.3999999,,,,,3.97200012,2.2400000,,,,,3.97200012,3.43999982,
,,,3.97600007,2.3599999,,,,,3.97600007,2.3999999,,,,,3.97600007,2.3999999,,,,,3.97600007,3.19999981,
,,,3.98000026,2.3599999,,,,,3.98000026,2.3999999,,,,,3.98000026,2.2400000,,,,,3.98000026,3.48000002,
,,,3.98400021,2.3599999,,,,,3.98400021,2.3999999,,,,,3.98400021,2.3599999,,,,,3.98400021,3.51999998,
,,,3.98800015,2.3599999,,,,,3.98800015,2.4400001,,,,,3.98800015,2.3199999,,,,,3.98800015,3.35999990,
,,,3.99200010,2.3599999,,,,,3.99200010,2.3999999,,,,,3.99200010,2.3999999,,,,,3.99200010,3.43999982,
,,,3.99600029,2.3599999,,,,,3.99600029,2.3999999,,,,,3.99600029,2.2400000,,,,,3.99600029,3.35999990,
,,,4.00000000,2.3599999,,,,,4.00000000,2.4400001,,,,,4.00000000,2.3599999,,,,,4.00000000,3.43999982,
,,,4.00400019,2.3599999,,,,,4.00400019,2.4400001,,,,,4.00400019,2.3199999,,,,,4.00400019,3.43999982,
,,,4.00800037,2.3999999,,,,,4.00800037,2.3999999,,,,,4.00800037,2.3599999,,,,,4.00800037,3.35999990,
,,,4.01200008,2.3599999,,,,,4.01200008,2.4400001,,,,,4.01200008,2.3599999,,,,,4.01200008,3.48000002,
,,,4.01600027,2.3599999,,,,,4.01600027,2.4400001,,,,,4.01600027,2.3199999,,,,,4.01600027,3.43999982,
,,,4.01999998,2.3599999,,,,,4.01999998,2.3599999,,,,,4.01999998,2.3599999,,,,,4.01999998,3.83999991,
,,,4.02400017,2.3599999,,,,,4.02400017,2.4400001,,,,,4.02400017,2.3999999,,,,,4.02400017,3.51999998,
,,,4.02800035,2.3599999,,,,,4.02800035,2.4400001,,,,,4.02800035,2.4400001,,,,,4.02800035,3.59999990,
,,,4.03200006,2.3599999,,,,,4.03200006,2.3999999,,,,,4.03200006,2.3999999,,,,,4.03200006,3.55999994,
,,,4.03600025,2.3599999,,,,,4.03600025,2.4400001,,,,,4.03600025,2.3999999,,,,,4.03600025,3.39999986,
,,,4.03999996,2.3599999,,,,,4.03999996,2.4400001,,,,,4.03999996,2.3999999,,,,,4.03999996,3.48000002,
,,,4.04400015,2.3599999,,,,,4.04400015,2.4400001,,,,,4.04400015,2.4800000,,,,,4.04400015,3.48000002,
,,,4.04800034,2.3599999,,,,,4.04800034,2.3999999,,,,,4.04800034,2.3999999,,,,,4.04800034,3.43999982,
,,,4.05200005,2.3599999,,,,,4.05200005,2.3999999,,,,,4.05200005,2.3999999,,,,,4.05200005,3.35999990,
,,,4.05600023,2.3999999,,,,,4.05600023,2.4400001,,,,,4.05600023,2.4400001,,,,,4.05600023,3.48000002,
,,,4.06000042,2.3599999,,,,,4.06000042,2.4400001,,,,,4.06000042,2.4400001,,,,,4.06000042,3.48000002,
,,,4.06400013,2.3599999,,,,,4.06400013,2.4400001,,,,,4.06400013,2.4400001,,,,,4.06400013,3.59999990,
,,,4.06800032,2.3599999,,,,,4.06800032,2.4400001,,,,,4.06800032,2.3999999,,,,,4.06800032,3.51999998,
,,,4.07200003,2.3599999,,,,,4.07200003,2.3999999,,,,,4.07200003,2.5200000,,,,,4.07200003,3.39999986,
,,,4.07600021,2.3599999,,,,,4.07600021,2.3999999,,,,,4.07600021,2.4400001,,,,,4.07600021,3.51999998,
,,,4.08000040,2.3599999,,,,,4.08000040,2.4400001,,,,,4.08000040,2.5200000,,,,,4.08000040,3.55999994,
,,,4.08400011,2.3599999,,,,,4.08400011,2.3999999,,,,,4.08400011,2.4800000,,,,,4.08400011,3.51999998,
,,,4.08800030,2.3599999,,,,,4.08800030,2.3999999,,,,,4.08800030,2.4800000,,,,,4.08800030,3.48000002,
,,,4.09200001,2.3599999,,,,,4.09200001,2.3999999,,,,,4.09200001,2.5599999,,,,,4.09200001,3.51999998,
,,,4.09600019,2.3599999,,,,,4.09600019,2.4400001,,,,,4.09600019,2.3999999,,,,,4.09600019,3.35999990,
,,,4.10000038,2.3599999,,,,,4.10000038,2.3999999,,,,,4.10000038,2.4400001,,,,,4.10000038,3.43999982,
,,,4.10400009,2.3599999,,,,,4.10400009,2.3999999,,,,,4.10400009,2.4400001,,,,,4.10400009,3.55999994,
,,,4.10800028,2.3599999,,,,,4.10800028,2.4400001,,,,,4.10800028,2.4400001,,,,,4.10800028,3.55999994,
,,,4.11199999,2.3599999,,,,,4.11199999,2.4400001,,,,,4.11199999,2.4400001,,,,,4.11199999,3.39999986,
,,,4.11600018,2.3599999,,,,,4.11600018,2.4400001,,,,,4.11600018,2.3999999,,,,,4.11600018,3.43999982,
,,,4.12000036,2.3599999,,,,,4.12000036,2.4400001,,,,,4.12000036,2.3999999,,,,,4.12000036,3.51999998,
,,,4.12400007,2.3599999,,,,,4.12400007,2.4400001,,,,,4.12400007,2.4400001,,,,,4.12400007,3.51999998,
,,,4.12800026,2.3999999,,,,,4.12800026,2.3999999,,,,,4.12800026,2.3199999,,,,,4.12800026,3.51999998,
,,,4.13199997,2.3599999,,,,,4.13199997,2.3999999,,,,,4.13199997,2.3599999,,,,,4.13199997,3.39999986,
,,,4.13600016,2.3599999,,,,,4.13600016,2.3999999,,,,,4.13600016,2.3599999,,,,,4.13600016,3.55999994,
,,,4.14000034,2.3599999,,,,,4.14000034,2.3999999,,,,,4.14000034,2.3599999,,,,,4.14000034,3.39999986,
,,,4.14400005,2.3599999,,,,,4.14400005,2.4400001,,,,,4.14400005,2.3599999,,,,,4.14400005,3.51999998,
,,,4.14800024,2.3599999,,,,,4.14800024,2.3999999,,,,,4.14800024,2.2400000,,,,,4.14800024,3.48000002,
,,,4.15200043,2.3599999,,,,,4.15200043,2.4400001,,,,,4.15200043,2.4800000,,,,,4.15200043,3.39999986,
,,,4.15600014,2.3599999,,,,,4.15600014,2.3999999,,,,,4.15600014,2.3199999,,,,,4.15600014,3.43999982,
,,,4.16000032,2.3599999,,,,,4.16000032,2.3999999,,,,,4.16000032,2.2000000,,,,,4.16000032,3.51999998,
,,,4.16400003,2.3599999,,,,,4.16400003,2.4400001,,,,,4.16400003,2.2000000,,,,,4.16400003,3.67999983,
,,,4.16800022,2.3999999,,,,,4.16800022,2.3999999,,,,,4.16800022,2.3999999,,,,,4.16800022,3.43999982,
,,,4.17200041,2.3599999,,,,,4.17200041,2.3999999,,,,,4.17200041,2.2400000,,,,,4.17200041,3.51999998,
,,,4.17600012,2.3599999,,,,,4.17600012,2.3999999,,,,,4.17600012,2.4800000,,,,,4.17600012,3.48000002,
,,,4.18000031,2.3599999,,,,,4.18000031,2.4400001,,,,,4.18000031,2.2400000,,,,,4.18000031,3.51999998,
,,,4.18400002,2.3599999,,,,,4.18400002,2.4400001,,,,,4.18400002,2.2400000,,,,,4.18400002,3.51999998,
,,,4.18800020,2.3599999,,,,,4.18800020,2.3999999,,,,,4.18800020,2.3599999,,,,,4.18800020,3.48000002,
,,,4.19200039,2.3599999,,,,,4.19200039,2.3599999,,,,,4.19200039,2.2400000,,,,,4.19200039,3.59999990,
,,,4.19600010,2.3599999,,,,,4.19600010,2.3999999,,,,,4.19600010,2.3199999,,,,,4.19600010,3.35999990,
,,,4.20000029,2.3599999,,,,,4.20000029,2.4400001,,,,,4.20000029,2.3599999,,,,,4.20000029,3.55999994,
,,,4.20400000,2.3599999,,,,,4.20400000,2.4400001,,,,,4.20400000,2.2800000,,,,,4.20400000,3.59999990,
,,,4.20800018,2.3599999,,,,,4.20800018,2.4400001,,,,,4.20800018,2.3599999,,,,,4.20800018,3.55999994,
,,,4.21200037,2.3599999,,,,,4.21200037,2.3999999,,,,,4.21200037,2.3199999,,,,,4.21200037,3.59999990,
,,,4.21600008,2.3599999,,,,,4.21600008,2.4400001,,,,,4.21600008,2.3999999,,,,,4.21600008,3.35999990,
,,,4.22000027,2.3599999,,,,,4.22000027,2.3999999,,,,,4.22000027,2.3999999,,,,,4.22000027,3.51999998,
,,,4.22399998,2.3599999,,,,,4.22399998,2.3999999,,,,,4.22399998,2.2400000,,,,,4.22399998,3.55999994,
,,,4.22800016,2.3999999,,,,,4.22800016,2.3999999,,,,,4.22800016,2.3199999,,,,,4.22800016,3.55999994,
,,,4.23200035,2.3599999,,,,,4.23200035,2.3999999,,,,,4.23200035,2.2800000,,,,,4.23200035,3.55999994,
,,,4.23600006,2.3599999,,,,,4.23600006,2.3999999,,,,,4.23600006,2.1199999,,,,,4.23600006,3.51999998,
,,,4.24000025,2.3599999,,,,,4.24000025,2.3999999,,,,,4.24000025,2.3599999,,,,,4.24000025,3.51999998,
,,,4.24400043,2.3599999,,,,,4.24400043,2.3999999,,,,,4.24400043,2.3199999,,,,,4.24400043,3.55999994,
,,,4.24800014,2.3599999,,,,,4.24800014,2.4400001,,,,,4.24800014,2.2800000,,,,,4.24800014,3.51999998,
,,,4.25200033,2.3599999,,,,,4.25200033,2.4400001,,,,,4.25200033,2.2800000,,,,,4.25200033,3.51999998,
,,,4.25600004,2.3599999,,,,,4.25600004,2.4400001,,,,,4.25600004,2.3199999,,,,,4.25600004,3.43999982,
,,,4.26000023,2.3599999,,,,,4.26000023,2.4400001,,,,,4.26000023,2.3199999,,,,,4.26000023,3.51999998,
,,,4.26400042,2.3599999,,,,,4.26400042,2.4400001,,,,,4.26400042,2.3599999,,,,,4.26400042,3.51999998,
,,,4.26800013,2.3599999,,,,,4.26800013,2.4400001,,,,,4.26800013,2.2800000,,,,,4.26800013,3.87999988,
,,,4.27200031,2.3599999,,,,,4.27200031,2.3999999,,,,,4.27200031,2.5999999,,,,,4.27200031,3.43999982,
,,,4.27600002,2.3599999,,,,,4.27600002,2.4400001,,,,,4.27600002,2.4400001,,,,,4.27600002,3.27999997,
,,,4.28000021,2.3599999,,,,,4.28000021,2.3999999,,,,,4.28000021,2.2800000,,,,,4.28000021,3.51999998,
,,,4.28400040,2.3599999,,,,,4.28400040,2.4400001,,,,,4.28400040,2.3999999,,,,,4.28400040,3.48000002,
,,,4.28800011,2.3599999,,,,,4.28800011,2.4400001,,,,,4.28800011,2.3999999,,,,,4.28800011,3.51999998,
,,,4.29200029,2.3599999,,,,,4.29200029,2.4400001,,,,,4.29200029,2.3199999,,,,,4.29200029,3.48000002,
,,,4.29600000,2.3599999,,,,,4.29600000,2.4400001,,,,,4.29600000,2.4800000,,,,,4.29600000,3.48000002,
,,,4.30000019,2.3599999,,,,,4.30000019,2.4400001,,,,,4.30000019,2.2800000,,,,,4.30000019,3.55999994,
,,,4.30400038,2.3599999,,,,,4.30400038,2.3599999,,,,,4.30400038,2.2800000,,,,,4.30400038,3.51999998,
,,,4.30800009,2.3599999,,,,,4.30800009,2.3999999,,,,,4.30800009,2.2800000,,,,,4.30800009,3.55999994,
,,,4.31200027,2.3599999,,,,,4.31200027,2.4400001,,,,,4.31200027,2.3599999,,,,,4.31200027,3.48000002,
,,,4.31599998,2.3599999,,,,,4.31599998,2.4400001,,,,,4.31599998,2.3999999,,,,,4.31599998,3.55999994,
,,,4.32000017,2.3599999,,,,,4.32000017,2.4400001,,,,,4.32000017,2.2800000,,,,,4.32000017,3.48000002,
,,,4.32400036,2.3599999,,,,,4.32400036,2.4400001,,,,,4.32400036,2.4400001,,,,,4.32400036,3.59999990,
,,,4.32800007,2.3999999,,,,,4.32800007,2.3999999,,,,,4.32800007,2.3199999,,,,,4.32800007,3.59999990,
,,,4.33200026,2.3599999,,,,,4.33200026,2.4400001,,,,,4.33200026,2.4800000,,,,,4.33200026,3.39999986,
,,,4.33600044,2.3599999,,,,,4.33600044,2.4800000,,,,,4.33600044,2.3599999,,,,,4.33600044,3.51999998,
,,,4.34000015,2.3599999,,,,,4.34000015,2.4400001,,,,,4.34000015,2.3599999,,,,,4.34000015,3.55999994,
,,,4.34400034,2.3599999,,,,,4.34400034,2.3999999,,,,,4.34400034,2.3599999,,,,,4.34400034,3.59999990,
,,,4.34800005,2.3599999,,,,,4.34800005,2.4400001,,,,,4.34800005,2.2800000,,,,,4.34800005,3.48000002,
,,,4.35200024,2.3599999,,,,,4.35200024,2.3999999,,,,,4.35200024,2.2400000,,,,,4.35200024,3.48000002,
,,,4.35600042,2.3599999,,,,,4.35600042,2.4400001,,,,,4.35600042,2.3999999,,,,,4.35600042,3.48000002,
,,,4.36000013,2.3599999,,,,,4.36000013,2.4400001,,,,,4.36000013,2.2400000,,,,,4.36000013,3.48000002,
,,,4.36400032,2.3599999,,,,,4.36400032,2.3999999,,,,,4.36400032,2.5200000,,,,,4.36400032,0.0,
,,,4.36800003,2.3599999,,,,,4.36800003,2.4400001,,,,,4.36800003,2.2400000,,,,,4.36800003,3.83999991,
,,,4.37200022,2.3599999,,,,,4.37200022,2.3999999,,,,,4.37200022,2.2800000,,,,,4.37200022,3.67999983,
,,,4.37600040,2.3599999,,,,,4.37600040,2.4400001,,,,,4.37600040,2.1599998,,,,,4.37600040,3.79999995,
,,,4.38000011,2.3599999,,,,,4.38000011,2.3999999,,,,,4.38000011,2.2000000,,,,,4.38000011,3.79999995,
,,,4.38400030,2.3599999,,,,,4.38400030,2.3999999,,,,,4.38400030,2.3599999,,,,,4.38400030,3.75999999,
,,,4.38800001,2.3599999,,,,,4.38800001,2.3999999,,,,,4.38800001,2.3199999,,,,,4.38800001,3.75999999,
,,,4.39200020,2.3599999,,,,,4.39200020,2.3999999,,,,,4.39200020,2.3199999,,,,,4.39200020,3.75999999,
,,,4.39600039,2.3599999,,,,,4.39600039,2.4400001,,,,,4.39600039,2.3999999,,,,,4.39600039,3.59999990,
,,,4.40000010,2.3599999,,,,,4.40000010,2.3999999,,,,,4.40000010,2.2800000,,,,,4.40000010,3.72000003,
,,,4.40400028,2.3599999,,,,,4.40400028,2.4400001,,,,,4.40400028,2.3999999,,,,,4.40400028,3.63999987,
,,,4.40799999,2.3999999,,,,,4.40799999,2.4400001,,,,,4.40799999,2.3199999,,,,,4.40799999,3.72000003,
,,,4.41200018,2.3599999,,,,,4.41200018,2.4400001,,,,,4.41200018,2.4800000,,,,,4.41200018,3.51999998,
,,,4.41600037,2.3599999,,,,,4.41600037,2.4400001,,,,,4.41600037,2.4800000,,,,,4.41600037,3.72000003,
,,,4.42000008,2.3599999,,,,,4.42000008,2.4400001,,,,,4.42000008,2.3199999,,,,,4.42000008,3.63999987,
,,,4.42400026,2.3599999,,,,,4.42400026,2.4400001,,,,,4.42400026,2.3199999,,,,,4.42400026,3.67999983,
,,,4.42799997,2.3599999,,,,,4.42799997,2.4400001,,,,,4.42799997,2.3199999,,,,,4.42799997,3.51999998,
,,,4.43200016,2.3599999,,,,,4.43200016,2.3999999,,,,,4.43200016,2.4400001,,,,,4.43200016,3.63999987,
,,,4.43600035,2.3599999,,,,,4.43600035,2.4400001,,,,,4.43600035,2.5200000,,,,,4.43600035,3.51999998,
,,,4.44000006,2.3599999,,,,,4.44000006,2.4400001,,,,,4.44000006,2.2800000,,,,,4.44000006,3.55999994,
,,,4.44400024,2.3599999,,,,,4.44400024,2.4400001,,,,,4.44400024,2.3999999,,,,,4.44400024,3.67999983,
,,,4.44800043,2.3599999,,,,,4.44800043,2.4400001,,,,,4.44800043,2.3999999,,,,,4.44800043,3.63999987,
,,,4.45200014,2.3599999,,,,,4.45200014,2.4400001,,,,,4.45200014,2.4800000,,,,,4.45200014,3.51999998,
,,,4.45600033,2.3599999,,,,,4.45600033,2.4400001,,,,,4.45600033,2.3599999,,,,,4.45600033,3.48000002,
,,,4.46000004,2.3599999,,,,,4.46000004,2.4400001,,,,,4.46000004,2.3999999,,,,,4.46000004,3.55999994,
,,,4.46400023,2.3599999,,,,,4.46400023,2.4400001,,,,,4.46400023,2.3599999,,,,,4.46400023,3.55999994,
,,,4.46800041,2.3599999,,,,,4.46800041,2.4400001,,,,,4.46800041,2.3599999,,,,,4.46800041,3.51999998,
,,,4.47200012,2.3599999,,,,,4.47200012,2.4400001,,,,,4.47200012,2.4400001,,,,,4.47200012,3.39999986,
,,,4.47600031,2.3599999,,,,,4.47600031,2.4400001,,,,,4.47600031,2.4800000,,,,,4.47600031,3.48000002,
,,,4.48000002,2.3599999,,,,,4.48000002,2.4400001,,,,,4.48000002,2.3199999,,,,,4.48000002,3.51999998,
,,,4.48400021,2.3599999,,,,,4.48400021,2.4400001,,,,,4.48400021,2.3199999,,,,,4.48400021,3.67999983,
,,,4.48800039,2.3599999,,,,,4.48800039,2.4400001,,,,,4.48800039,2.3999999,,,,,4.48800039,3.51999998,
,,,4.49200010,2.3599999,,,,,4.49200010,2.4400001,,,,,4.49200010,2.4400001,,,,,4.49200010,3.59999990,
,,,4.49600029,2.3599999,,,,,4.49600029,2.3999999,,,,,4.49600029,2.4400001,,,,,4.49600029,3.48000002,
,,,4.50000000,2.3999999,,,,,4.50000000,2.4400001,,,,,4.50000000,2.3199999,,,,,4.50000000,3.48000002,
,,,4.50400019,2.3599999,,,,,4.50400019,2.3999999,,,,,4.50400019,2.2800000,,,,,4.50400019,3.59999990,
,,,4.50800037,2.3599999,,,,,4.50800037,2.3999999,,,,,4.50800037,2.3999999,,,,,4.50800037,3.43999982,
,,,4.51200008,2.3599999,,,,,4.51200008,2.3999999,,,,,4.51200008,2.3999999,,,,,4.51200008,3.55999994,
,,,4.51600027,2.3999999,,,,,4.51600027,2.3999999,,,,,4.51600027,2.2000000,,,,,4.51600027,3.55999994,
,,,4.51999998,2.3599999,,,,,4.51999998,2.4400001,,,,,4.51999998,2.2400000,,,,,4.51999998,3.79999995,
,,,4.52400017,2.3599999,,,,,4.52400017,2.4400001,,,,,4.52400017,2.3999999,,,,,4.52400017,3.51999998,
,,,4.52800035,2.3599999,,,,,4.52800035,2.4400001,,,,,4.52800035,2.2800000,,,,,4.52800035,3.51999998,
,,,4.53200006,2.3999999,,,,,4.53200006,2.3599999,,,,,4.53200006,2.4800000,,,,,4.53200006,3.51999998,
,,,4.53600025,2.3599999,,,,,4.53600025,2.3999999,,,,,4.53600025,2.3599999,,,,,4.53600025,3.35999990,
,,,4.54000044,2.3599999,,,,,4.54000044,2.4400001,,,,,4.54000044,2.1199999,,,,,4.54000044,3.63999987,
,,,4.54400015,2.3599999,,,,,4.54400015,2.3999999,,,,,4.54400015,2.2400000,,,,,4.54400015,3.72000003,
,,,4.54800034,2.3599999,,,,,4.54800034,2.4400001,,,,,4.54800034,2.3599999,,,,,4.54800034,3.51999998,
,,,4.55200005,2.3599999,,,,,4.55200005,2.4400001,,,,,4.55200005,2.3999999,,,,,4.55200005,3.67999983,
,,,4.55600023,2.3999999,,,,,4.55600023,2.4400001,,,,,4.55600023,2.2800000,,,,,4.55600023,3.48000002,
,,,4.56000042,2.3599999,,,,,4.56000042,2.3999999,,,,,4.56000042,2.3599999,,,,,4.56000042,3.48000002,
,,,4.56400013,2.3599999,,,,,4.56400013,2.3999999,,,,,4.56400013,2.0799999,,,,,4.56400013,3.48000002,
,,,4.56800032,2.3599999,,,,,4.56800032,2.4400001,,,,,4.56800032,2.2000000,,,,,4.56800032,3.43999982,
,,,4.57200003,2.3999999,,,,,4.57200003,2.3999999,,,,,4.57200003,2.2000000,,,,,4.57200003,3.43999982,
,,,4.57600021,2.3599999,,,,,4.57600021,2.3999999,,,,,4.57600021,2.2800000,,,,,4.57600021,3.39999986,
,,,4.58000040,2.3599999,,,,,4.58000040,2.4400001,,,,,4.58000040,2.2000000,,,,,4.58000040,3.55999994,
,,,4.58400011,2.3599999,,,,,4.58400011,2.4400001,,,,,4.58400011,2.3199999,,,,,4.58400011,3.43999982,
,,,4.58800030,2.3599999,,,,,4.58800030,2.4400001,,,,,4.58800030,2.4400001,,,,,4.58800030,3.43999982,
,,,4.59200001,2.3599999,,,,,4.59200001,2.3999999,,,,,4.59200001,2.3599999,,,,,4.59200001,3.51999998,
,,,4.59600019,2.3599999,,,,,4.59600019,2.3999999,,,,,4.59600019,2.4400001,,,,,4.59600019,3.43999982,
,,,4.60000038,2.3599999,,,,,4.60000038,2.4400001,,,,,4.60000038,2.2000000,,,,,4.60000038,3.51999998,
,,,4.60400009,2.3599999,,,,,4.60400009,2.4400001,,,,,4.60400009,2.1199999,,,,,4.60400009,3.43999982,
,,,4.60800028,2.3599999,,,,,4.60800028,2.4400001,,,,,4.60800028,2.2800000,,,,,4.60800028,3.39999986,
,,,4.61199999,2.3599999,,,,,4.61199999,2.3999999,,,,,4.61199999,2.4400001,,,,,4.61199999,3.35999990,
,,,4.61600018,2.3599999,,,,,4.61600018,2.3999999,,,,,4.61600018,2.2400000,,,,,4.61600018,3.35999990,
,,,4.62000036,2.3599999,,,,,4.62000036,2.4400001,,,,,4.62000036,2.3199999,,,,,4.62000036,3.43999982,
,,,4.62400007,2.3599999,,,,,4.62400007,2.3999999,,,,,4.62400007,2.2000000,,,,,4.62400007,3.55999994,
,,,4.62800026,2.3599999,,,,,4.62800026,2.3999999,,,,,4.62800026,2.1599998,,,,,4.62800026,3.55999994,
,,,4.63200045,2.3599999,,,,,4.63200045,2.4400001,,,,,4.63200045,2.2000000,,,,,4.63200045,3.39999986,
,,,4.63600016,2.3599999,,,,,4.63600016,2.4400001,,,,,4.63600016,2.1199999,,,,,4.63600016,3.35999990,
,,,4.64000034,2.3599999,,,,,4.64000034,2.3999999,,,,,4.64000034,2.3599999,,,,,4.64000034,3.48000002,
,,,4.64400005,2.3599999,,,,,4.64400005,2.3999999,,,,,4.64400005,2.2400000,,,,,4.64400005,3.48000002,
,,,4.64800024,2.3599999,,,,,4.64800024,2.4400001,,,,,4.64800024,2.2000000,,,,,4.64800024,3.43999982,
,,,4.65200043,2.3599999,,,,,4.65200043,2.3999999,,,,,4.65200043,2.2000000,,,,,4.65200043,3.35999990,
,,,4.65600014,2.3599999,,,,,4.65600014,2.3999999,,,,,4.65600014,2.2400000,,,,,4.65600014,3.35999990,
,,,4.66000032,2.3599999,,,,,4.66000032,2.3599999,,,,,4.66000032,2.2000000,,,,,4.66000032,3.51999998,
,,,4.66400003,2.3599999,,,,,4.66400003,2.3999999,,,,,4.66400003,2.2800000,,,,,4.66400003,3.51999998,
,,,4.66800022,2.3599999,,,,,4.66800022,2.4400001,,,,,4.66800022,2.1599998,,,,,4.66800022,3.48000002,
,,,4.67200041,2.3599999,,,,,4.67200041,2.3999999,,,,,4.67200041,2.3199999,,,,,4.67200041,3.43999982,
,,,4.67600012,2.3599999,,,,,4.67600012,2.3599999,,,,,4.67600012,2.1599998,,,,,4.67600012,3.27999997,
,,,4.68000031,2.3599999,,,,,4.68000031,2.3999999,,,,,4.68000031,2.1199999,,,,,4.68000031,3.51999998,
,,,4.68400002,2.3599999,,,,,4.68400002,2.4400001,,,,,4.68400002,2.1199999,,,,,4.68400002,3.48000002,
,,,4.68800020,2.3599999,,,,,4.68800020,2.3999999,,,,,4.68800020,2.2400000,,,,,4.68800020,3.59999990,
,,,4.69200039,2.3599999,,,,,4.69200039,2.3999999,,,,,4.69200039,2.2000000,,,,,4.69200039,3.43999982,
,,,4.69600010,2.3599999,,,,,4.69600010,2.3999999,,,,,4.69600010,2.3199999,,,,,4.69600010,3.39999986,
,,,4.70000029,2.3199999,,,,,4.70000029,2.4400001,,,,,4.70000029,2.1599998,,,,,4.70000029,3.51999998,
,,,4.70400000,2.3999999,,,,,4.70400000,2.4400001,,,,,4.70400000,1.9200000,,,,,4.70400000,4.36000013,
,,,4.70800018,2.3599999,,,,,4.70800018,2.4400001,,,,,4.70800018,1.7600000,,,,,4.70800018,4.23999977,
,,,4.71200037,2.3199999,,,,,4.71200037,2.4400001,,,,,4.71200037,2.2000000,,,,,4.71200037,4.40000010,
,,,4.71600008,2.3599999,,,,,4.71600008,2.4400001,,,,,4.71600008,2.0000000,,,,,4.71600008,4.31999969,
,,,4.72000027,2.3599999,,,,,4.72000027,2.3999999,,,,,4.72000027,2.1599998,,,,,4.72000027,4.83999968,
,,,4.72400045,2.3599999,,,,,4.72400045,2.4400001,,,,,4.72400045,2.1199999,,,,,4.72400045,4.44000006,
,,,4.72800016,2.3599999,,,,,4.72800016,2.4400001,,,,,4.72800016,1.8800000,,,,,4.72800016,4.59999990,
,,,4.73200035,2.3599999,,,,,4.73200035,2.4400001,,,,,4.73200035,2.0799999,,,,,4.73200035,4.59999990,
,,,4.73600006,2.3599999,,,,,4.73600006,2.4400001,,,,,4.73600006,1.9599999,,,,,4.73600006,4.27999973,
,,,4.74000025,2.3599999,,,,,4.74000025,2.5599999,,,,,4.74000025,2.0799999,,,,,4.74000025,4.44000006,
,,,4.74400043,2.3599999,,,,,4.74400043,2.4400001,,,,,4.74400043,2.2000000,,,,,4.74400043,4.31999969,
,,,4.74800014,2.3599999,,,,,4.74800014,2.3999999,,,,,4.74800014,2.0799999,,,,,4.74800014,4.31999969,
,,,4.75200033,2.3599999,,,,,4.75200033,2.4400001,,,,,4.75200033,2.2000000,,,,,4.75200033,4.23999977,
,,,4.75600004,2.3599999,,,,,4.75600004,2.3999999,,,,,4.75600004,2.2400000,,,,,4.75600004,3.91999984,
,,,4.76000023,2.3599999,,,,,4.76000023,2.4400001,,,,,4.76000023,2.0799999,,,,,4.76000023,4.11999989,
,,,4.76400042,2.3599999,,,,,4.76400042,2.3999999,,,,,4.76400042,2.0799999,,,,,4.76400042,4.27999973,
,,,4.76800013,2.3599999,,,,,4.76800013,2.4400001,,,,,4.76800013,2.2000000,,,,,4.76800013,3.79999995,
,,,4.77200031,2.3599999,,,,,4.77200031,2.4400001,,,,,4.77200031,2.2800000,,,,,4.77200031,3.91999984,
,,,4.77600002,2.3599999,,,,,4.77600002,2.4400001,,,,,4.77600002,2.2400000,,,,,4.77600002,3.91999984,
,,,4.78000021,2.3599999,,,,,4.78000021,2.4400001,,,,,4.78000021,2.1199999,,,,,4.78000021,3.91999984,
,,,4.78400040,2.3599999,,,,,4.78400040,2.3999999,,,,,4.78400040,2.2000000,,,,,4.78400040,4.03999996,
,,,4.78800011,2.3599999,,,,,4.78800011,2.3999999,,,,,4.78800011,2.5599999,,,,,4.78800011,3.55999994,
,,,4.79200029,2.3599999,,,,,4.79200029,2.4400001,,,,,4.79200029,2.6399999,,,,,4.79200029,2.3999999,
,,,4.79600000,2.3999999,,,,,4.79600000,2.4400001,,,,,4.79600000,2.5999999,,,,,4.79600000,2.2800000,
,,,4.80000019,2.3599999,,,,,4.80000019,2.4400001,,,,,4.80000019,2.5999999,,,,,4.80000019,0.0,
,,,4.80400038,2.3599999,,,,,4.80400038,2.4400001,,,,,4.80400038,2.4800000,,,,,4.80400038,2.6399999,
,,,4.80800009,2.3999999,,,,,4.80800009,2.4400001,,,,,4.80800009,2.5599999,,,,,4.80800009,2.5200000,
,,,4.81200027,2.3999999,,,,,4.81200027,2.4400001,,,,,4.81200027,2.5999999,,,,,4.81200027,2.5599999,
,,,4.81600046,2.3599999,,,,,4.81600046,2.4400001,,,,,4.81600046,2.4800000,,,,,4.81600046,2.5999999,
,,,4.82000017,2.3599999,,,,,4.82000017,2.3999999,,,,,4.82000017,2.5599999,,,,,4.82000017,2.6799998,
,,,4.82400036,2.3599999,,,,,4.82400036,2.4400001,,,,,4.82400036,2.4800000,,,,,4.82400036,2.91999984,
,,,4.82800007,2.3599999,,,,,4.82800007,2.4400001,,,,,4.82800007,2.4800000,,,,,4.82800007,3.00000000,
,,,4.83200026,2.3599999,,,,,4.83200026,2.4400001,,,,,4.83200026,2.4800000,,,,,4.83200026,2.79999995,
,,,4.83600044,2.3599999,,,,,4.83600044,2.4400001,,,,,4.83600044,2.4800000,,,,,4.83600044,2.79999995,
,,,4.84000015,2.3599999,,,,,4.84000015,2.4400001,,,,,4.84000015,2.5200000,,,,,4.84000015,2.91999984,
,,,4.84400034,2.3999999,,,,,4.84400034,2.3999999,,,,,4.84400034,2.4400001,,,,,4.84400034,2.96000004,
,,,4.84800005,2.3599999,,,,,4.84800005,2.4400001,,,,,4.84800005,2.5599999,,,,,4.84800005,2.91999984,
,,,4.85200024,2.3599999,,,,,4.85200024,2.3999999,,,,,4.85200024,2.5200000,,,,,4.85200024,2.96000004,
,,,4.85600042,2.3599999,,,,,4.85600042,2.3999999,,,,,4.85600042,2.3999999,,,,,4.85600042,2.83999991,
,,,4.86000013,2.3599999,,,,,4.86000013,2.4400001,,,,,4.86000013,2.3999999,,,,,4.86000013,3.03999996,
,,,4.86400032,2.3599999,,,,,4.86400032,2.4400001,,,,,4.86400032,2.5200000,,,,,4.86400032,3.03999996,
,,,4.86800003,2.3599999,,,,,4.86800003,2.4400001,,,,,4.86800003,2.6399999,,,,,4.86800003,3.03999996,
,,,4.87200022,2.3599999,,,,,4.87200022,2.3999999,,,,,4.87200022,2.3999999,,,,,4.87200022,3.07999992,
,,,4.87600040,2.3599999,,,,,4.87600040,2.4400001,,,,,4.87600040,2.5599999,,,,,4.87600040,2.96000004,
,,,4.88000011,2.3599999,,,,,4.88000011,2.4400001,,,,,4.88000011,2.3599999,,,,,4.88000011,3.11999989,
,,,4.88400030,2.3999999,,,,,4.88400030,2.3999999,,,,,4.88400030,2.2400000,,,,,4.88400030,3.11999989,
,,,4.88800001,2.3599999,,,,,4.88800001,2.4400001,,,,,4.88800001,2.4800000,,,,,4.88800001,3.11999989,
,,,4.89200020,2.3599999,,,,,4.89200020,2.4400001,,,,,4.89200020,2.3199999,,,,,4.89200020,3.19999981,
,,,4.89600039,2.3599999,,,,,4.89600039,2.4400001,,,,,4.89600039,2.2800000,,,,,4.89600039,3.00000000,
,,,4.90000010,2.3999999,,,,,4.90000010,2.4400001,,,,,4.90000010,2.3199999,,,,,4.90000010,3.24000001,
,,,4.90400028,2.3599999,,,,,4.90400028,2.3999999,,,,,4.90400028,2.3599999,,,,,4.90400028,3.19999981,
,,,4.90800047,2.3599999,,,,,4.90800047,2.3999999,,,,,4.90800047,2.5200000,,,,,4.90800047,3.15999985,
,,,4.91200018,2.3599999,,,,,4.91200018,2.4400001,,,,,4.91200018,2.3999999,,,,,4.91200018,3.15999985,
,,,4.91600037,2.3599999,,,,,4.91600037,2.4400001,,,,,4.91600037,2.3999999,,,,,4.91600037,3.15999985,
,,,4.92000008,2.3599999,,,,,4.92000008,2.4400001,,,,,4.92000008,2.4800000,,,,,4.92000008,3.31999993,
,,,4.92400026,2.3599999,,,,,4.92400026,2.4400001,,,,,4.92400026,2.3199999,,,,,4.92400026,3.31999993,
,,,4.92800045,2.3599999,,,,,4.92800045,2.4400001,,,,,4.92800045,2.3199999,,,,,4.92800045,3.19999981,
,,,4.93200016,2.3599999,,,,,4.93200016,2.4400001,,,,,4.93200016,2.3199999,,,,,4.93200016,3.27999997,
,,,4.93600035,2.3599999,,,,,4.93600035,2.3999999,,,,,4.93600035,2.4400001,,,,,4.93600035,3.11999989,
,,,4.94000006,2.3599999,,,,,4.94000006,2.4400001,,,,,4.94000006,2.3599999,,,,,4.94000006,3.35999990,
,,,4.94400024,2.3599999,,,,,4.94400024,2.3999999,,,,,4.94400024,2.3199999,,,,,4.94400024,3.35999990,
,,,4.94800043,2.3599999,,,,,4.94800043,2.4400001,,,,,4.94800043,2.3199999,,,,,4.94800043,3.35999990,
,,,4.95200014,2.3999999,,,,,4.95200014,2.4800000,,,,,4.95200014,2.2800000,,,,,4.95200014,3.15999985,
,,,4.95600033,2.3599999,,,,,4.95600033,2.4400001,,,,,4.95600033,2.2400000,,,,,4.95600033,3.19999981,
,,,4.96000004,2.3599999,,,,,4.96000004,2.3999999,,,,,4.96000004,2.3999999,,,,,4.96000004,3.43999982,
,,,4.96400023,2.3599999,,,,,4.96400023,2.4400001,,,,,4.96400023,2.3599999,,,,,4.96400023,3.35999990,
,,,4.96800041,2.3599999,,,,,4.96800041,2.3999999,,,,,4.96800041,2.2800000,,,,,4.96800041,3.35999990,
,,,4.97200012,2.3599999,,,,,4.97200012,2.4400001,,,,,4.97200012,2.4800000,,,,,4.97200012,3.24000001,
,,,4.97600031,2.3599999,,,,,4.97600031,2.3999999,,,,,4.97600031,2.3199999,,,,,4.97600031,3.31999993,
,,,4.98000002,2.3999999,,,,,4.98000002,2.4400001,,,,,4.98000002,2.1599998,,,,,4.98000002,3.39999986,
,,,4.98400021,2.3599999,,,,,4.98400021,2.4400001,,,,,4.98400021,2.3999999,,,,,4.98400021,3.48000002,
,,,4.98800039,2.3599999,,,,,4.98800039,2.4400001,,,,,4.98800039,2.2400000,,,,,4.98800039,3.43999982,
,,,4.99200010,2.3599999,,,,,4.99200010,2.4400001,,,,,4.99200010,2.3999999,,,,,4.99200010,3.43999982,
,,,4.99600029,2.3599999,,,,,4.99600029,2.3999999,,,,,4.99600029,2.3599999,,,,,4.99600029,3.35999990,
,,,5.00000000,2.3599999,,,,,5.00000000,2.3999999,,,,,5.00000000,2.2400000,,,,,5.00000000,3.39999986,
,,,5.00400019,2.3599999,,,,,5.00400019,2.4400001,,,,,5.00400019,2.2000000,,,,,5.00400019,3.39999986,
,,,5.00800037,2.3599999,,,,,5.00800037,2.4400001,,,,,5.00800037,2.2000000,,,,,5.00800037,3.48000002,
,,,5.01200008,2.3599999,,,,,5.01200008,2.3999999,,,,,5.01200008,2.3599999,,,,,5.01200008,3.27999997,
,,,5.01600027,2.3599999,,,,,5.01600027,2.4400001,,,,,5.01600027,2.4400001,,,,,5.01600027,3.39999986,
,,,5.02000046,2.3599999,,,,,5.02000046,2.4400001,,,,,5.02000046,2.1599998,,,,,5.02000046,3.35999990,
,,,5.02400017,2.3999999,,,,,5.02400017,2.3999999,,,,,5.02400017,2.2800000,,,,,5.02400017,3.51999998,
,,,5.02800035,2.3599999,,,,,5.02800035,2.3999999,,,,,5.02800035,2.2800000,,,,,5.02800035,3.43999982,
,,,5.03200006,2.3599999,,,,,5.03200006,2.3999999,,,,,5.03200006,2.3199999,,,,,5.03200006,3.31999993,
,,,5.03600025,2.3599999,,,,,5.03600025,2.3999999,,,,,5.03600025,2.3199999,,,,,5.03600025,3.39999986,
,,,5.04000044,2.3599999,,,,,5.04000044,2.4400001,,,,,5.04000044,2.1199999,,,,,5.04000044,4.19999981,
,,,5.04400015,2.3599999,,,,,5.04400015,2.3999999,,,,,5.04400015,2.3999999,,,,,5.04400015,3.48000002,
,,,5.04800034,2.3599999,,,,,5.04800034,2.3999999,,,,,5.04800034,2.3199999,,,,,5.04800034,3.43999982,
,,,5.05200005,2.3599999,,,,,5.05200005,2.4400001,,,,,5.05200005,2.2400000,,,,,5.05200005,3.39999986,
,,,5.05600023,2.3999999,,,,,5.05600023,2.4400001,,,,,5.05600023,2.1599998,,,,,5.05600023,3.31999993,
,,,5.06000042,2.3599999,,,,,5.06000042,2.3999999,,,,,5.06000042,2.3199999,,,,,5.06000042,3.51999998,
,,,5.06400013,2.3599999,,,,,5.06400013,2.3599999,,,,,5.06400013,2.2800000,,,,,5.06400013,3.51999998,
,,,5.06800032,2.3599999,,,,,5.06800032,2.4400001,,,,,5.06800032,2.2800000,,,,,5.06800032,3.43999982,
,,,5.07200003,2.3599999,,,,,5.07200003,2.3999999,,,,,5.07200003,2.1199999,,,,,5.07200003,3.39999986,
,,,5.07600021,2.3599999,,,,,5.07600021,2.3999999,,,,,5.07600021,2.3599999,,,,,5.07600021,3.27999997,
,,,5.08000040,2.3599999,,,,,5.08000040,2.4400001,,,,,5.08000040,2.1599998,,,,,5.08000040,3.43999982,
,,,5.08400011,2.3599999,,,,,5.08400011,2.3999999,,,,,5.08400011,2.3199999,,,,,5.08400011,3.59999990,
,,,5.08800030,2.3599999,,,,,5.08800030,2.3999999,,,,,5.08800030,2.2000000,,,,,5.08800030,3.43999982,
,,,5.09200001,2.3599999,,,,,5.09200001,2.3999999,,,,,5.09200001,2.2800000,,,,,5.09200001,3.35999990,
,,,5.09600019,2.3599999,,,,,5.09600019,2.3999999,,,,,5.09600019,2.2400000,,,,,5.09600019,3.35999990,
,,,5.10000038,2.3599999,,,,,5.10000038,2.3999999,,,,,5.10000038,2.2800000,,,,,5.10000038,3.51999998,
,,,5.10400009,2.3599999,,,,,5.10400009,2.4400001,,,,,5.10400009,2.2400000,,,,,5.10400009,3.51999998,
,,,5.10800028,2.3599999,,,,,5.10800028,2.3999999,,,,,5.10800028,2.2800000,,,,,5.10800028,3.55999994,
,,,5.11200047,2.3599999,,,,,5.11200047,2.4400001,,,,,5.11200047,2.3599999,,,,,5.11200047,3.51999998,
,,,5.11600018,2.3599999,,,,,5.11600018,2.4400001,,,,,5.11600018,2.2800000,,,,,5.11600018,3.39999986,
,,,5.12000036,2.3599999,,,,,5.12000036,2.3599999,,,,,5.12000036,2.2800000,,,,,5.12000036,3.48000002,
,,,5.12400007,2.3599999,,,,,5.12400007,2.4400001,,,,,5.12400007,2.2000000,,,,,5.12400007,3.55999994,
,,,5.12800026,2.3599999,,,,,5.12800026,2.4400001,,,,,5.12800026,2.2800000,,,,,5.12800026,3.51999998,
,,,5.13200045,2.3599999,,,,,5.13200045,2.3999999,,,,,5.13200045,2.3999999,,,,,5.13200045,3.51999998,
,,,5.13600016,2.3999999,,,,,5.13600016,2.4400001,,,,,5.13600016,2.2800000,,,,,5.13600016,3.35999990,
,,,5.14000034,2.3999999,,,,,5.14000034,2.3999999,,,,,5.14000034,2.3199999,,,,,5.14000034,3.39999986,
,,,5.14400005,2.3599999,,,,,5.14400005,2.3999999,,,,,5.14400005,2.3599999,,,,,5.14400005,3.51999998,
,,,5.14800024,2.3599999,,,,,5.14800024,2.4400001,,,,,5.14800024,2.3199999,,,,,5.14800024,3.31999993,
,,,5.15200043,2.3999999,,,,,5.15200043,2.3999999,,,,,5.15200043,2.3599999,,,,,5.15200043,3.55999994,
,,,5.15600014,2.3599999,,,,,5.15600014,2.3999999,,,,,5.15600014,2.3999999,,,,,5.15600014,3.48000002,
,,,5.16000032,2.3999999,,,,,5.16000032,2.3999999,,,,,5.16000032,2.3599999,,,,,5.16000032,3.48000002,
,,,5.16400003,2.3599999,,,,,5.16400003,2.3999999,,,,,5.16400003,2.2800000,,,,,5.16400003,3.59999990,
,,,5.16800022,2.3599999,,,,,5.16800022,2.4400001,,,,,5.16800022,2.2000000,,,,,5.16800022,3.48000002,
,,,5.17200041,2.3599999,,,,,5.17200041,2.3999999,,,,,5.17200041,2.3199999,,,,,5.17200041,3.51999998,
,,,5.17600012,2.3599999,,,,,5.17600012,2.4400001,,,,,5.17600012,2.3199999,,,,,5.17600012,3.35999990,
,,,5.18000031,2.3599999,,,,,5.18000031,2.4400001,,,,,5.18000031,2.3599999,,,,,5.18000031,3.59999990,
,,,5.18400002,2.3599999,,,,,5.18400002,2.3999999,,,,,5.18400002,2.3199999,,,,,5.18400002,3.55999994,
,,,5.18800020,2.3999999,,,,,5.18800020,2.4400001,,,,,5.18800020,2.3599999,,,,,5.18800020,3.43999982,
,,,5.19200039,2.3599999,,,,,5.19200039,2.3999999,,,,,5.19200039,2.3199999,,,,,5.19200039,3.48000002,
,,,5.19600010,2.3599999,,,,,5.19600010,2.3999999,,,,,5.19600010,2.2800000,,,,,5.19600010,3.43999982,
,,,5.20000029,2.3599999,,,,,5.20000029,2.4400001,,,,,5.20000029,2.2400000,,,,,5.20000029,3.59999990,
,,,5.20400047,2.3999999,,,,,5.20400047,2.4400001,,,,,5.20400047,2.2800000,,,,,5.20400047,3.51999998,
,,,5.20800018,2.3599999,,,,,5.20800018,2.4400001,,,,,5.20800018,2.3999999,,,,,5.20800018,3.43999982,
,,,5.21200037,2.3599999,,,,,5.21200037,2.4400001,,,,,5.21200037,2.3999999,,,,,5.21200037,3.39999986,
,,,5.21600008,2.3599999,,,,,5.21600008,2.3999999,,,,,5.21600008,2.2800000,,,,,5.21600008,3.43999982,
,,,5.22000027,2.3599999,,,,,5.22000027,2.4400001,,,,,5.22000027,2.3599999,,,,,5.22000027,3.48000002,
,,,5.22400045,2.3599999,,,,,5.22400045,2.3599999,,,,,5.22400045,2.3199999,,,,,5.22400045,3.39999986,
,,,5.22800016,2.3599999,,,,,5.22800016,2.4400001,,,,,5.22800016,2.4400001,,,,,5.22800016,3.59999990,
,,,5.23200035,2.3599999,,,,,5.23200035,2.4400001,,,,,5.23200035,2.3599999,,,,,5.23200035,3.55999994,
,,,5.23600006,2.3599999,,,,,5.23600006,2.3999999,,,,,5.23600006,2.3999999,,,,,5.23600006,3.43999982,
,,,5.24000025,2.3999999,,,,,5.24000025,2.3999999,,,,,5.24000025,2.2800000,,,,,5.24000025,3.55999994,
,,,5.24400043,2.3599999,,,,,5.24400043,2.4400001,,,,,5.24400043,2.4800000,,,,,5.24400043,3.51999998,
,,,5.24800014,2.3599999,,,,,5.24800014,2.4400001,,,,,5.24800014,2.3199999,,,,,5.24800014,3.43999982,
,,,5.25200033,2.3599999,,,,,5.25200033,2.4400001,,,,,5.25200033,2.3599999,,,,,5.25200033,3.48000002,
,,,5.25600004,2.3599999,,,,,5.25600004,2.3999999,,,,,5.25600004,2.3999999,,,,,5.25600004,3.51999998,
,,,5.26000023,2.3599999,,,,,5.26000023,2.4400001,,,,,5.26000023,2.3199999,,,,,5.26000023,3.67999983,
,,,5.26400042,2.3999999,,,,,5.26400042,2.4400001,,,,,5.26400042,2.5200000,,,,,5.26400042,3.51999998,
,,,5.26800013,2.3999999,,,,,5.26800013,2.4400001,,,,,5.26800013,2.3199999,,,,,5.26800013,3.55999994,
,,,5.27200031,2.3599999,,,,,5.27200031,2.4400001,,,,,5.27200031,2.3199999,,,,,5.27200031,3.43999982,
,,,5.27600002,2.3599999,,,,,5.27600002,2.4400001,,,,,5.27600002,2.3199999,,,,,5.27600002,3.39999986,
,,,5.28000021,2.3999999,,,,,5.28000021,2.4400001,,,,,5.28000021,2.3999999,,,,,5.28000021,3.51999998,
,,,5.28400040,2.3599999,,,,,5.28400040,2.3599999,,,,,5.28400040,2.5200000,,,,,5.28400040,3.63999987,
,,,5.28800011,2.3599999,,,,,5.28800011,2.4400001,,,,,5.28800011,2.1199999,,,,,5.28800011,3.51999998,
,,,5.29200029,2.3599999,,,,,5.29200029,2.4400001,,,,,5.29200029,2.3199999,,,,,5.29200029,3.51999998,
,,,5.29600048,2.3599999,,,,,5.29600048,2.4400001,,,,,5.29600048,2.3199999,,,,,5.29600048,3.43999982,
,,,5.30000019,2.3599999,,,,,5.30000019,2.3999999,,,,,5.30000019,2.3999999,,,,,5.30000019,3.59999990,
,,,5.30400038,2.3599999,,,,,5.30400038,2.3999999,,,,,5.30400038,2.2800000,,,,,5.30400038,3.59999990,
,,,5.30800009,2.3599999,,,,,5.30800009,2.4400001,,,,,5.30800009,2.3199999,,,,,5.30800009,3.63999987,
,,,5.31200027,2.3599999,,,,,5.31200027,2.4400001,,,,,5.31200027,2.3199999,,,,,5.31200027,3.55999994,
,,,5.31600046,2.3599999,,,,,5.31600046,2.3599999,,,,,5.31600046,2.3199999,,,,,5.31600046,3.51999998,
,,,5.32000017,2.3599999,,,,,5.32000017,2.3999999,,,,,5.32000017,2.2400000,,,,,5.32000017,3.51999998,
,,,5.32400036,2.3599999,,,,,5.32400036,2.4400001,,,,,5.32400036,2.1199999,,,,,5.32400036,3.72000003,
,,,5.32800007,2.3599999,,,,,5.32800007,2.3999999,,,,,5.32800007,2.3199999,,,,,5.32800007,3.63999987,
,,,5.33200026,2.3599999,,,,,5.33200026,2.3999999,,,,,5.33200026,2.3999999,,,,,5.33200026,3.55999994,
,,,5.33600044,2.3599999,,,,,5.33600044,2.3999999,,,,,5.33600044,2.3999999,,,,,5.33600044,3.83999991,
,,,5.34000015,2.3599999,,,,,5.34000015,2.4400001,,,,,5.34000015,2.2000000,,,,,5.34000015,3.55999994,
,,,5.34400034,2.3599999,,,,,5.34400034,2.4400001,,,,,5.34400034,2.3999999,,,,,5.34400034,3.63999987,
,,,5.34800005,2.3599999,,,,,5.34800005,2.4400001,,,,,5.34800005,2.4400001,,,,,5.34800005,3.67999983,
,,,5.35200024,2.3599999,,,,,5.35200024,2.4400001,,,,,5.35200024,2.2000000,,,,,5.35200024,3.55999994,
,,,5.35600042,2.3599999,,,,,5.35600042,2.3999999,,,,,5.35600042,2.2000000,,,,,5.35600042,3.51999998,
,,,5.36000013,2.3599999,,,,,5.36000013,2.4400001,,,,,5.36000013,2.3199999,,,,,5.36000013,3.51999998,
,,,5.36400032,2.3199999,,,,,5.36400032,2.4400001,,,,,5.36400032,2.3999999,,,,,5.36400032,3.67999983,
,,,5.36800003,2.3599999,,,,,5.36800003,2.4400001,,,,,5.36800003,2.3999999,,,,,5.36800003,3.67999983,
,,,5.37200022,2.3599999,,,,,5.37200022,2.3999999,,,,,5.37200022,2.2800000,,,,,5.37200022,3.55999994,
,,,5.37600040,2.3599999,,,,,5.37600040,2.4400001,,,,,5.37600040,2.4400001,,,,,5.37600040,3.48000002,
,,,5.38000011,2.3599999,,,,,5.38000011,2.4400001,,,,,5.38000011,2.3599999,,,,,5.38000011,3.51999998,
,,,5.38400030,2.3999999,,,,,5.38400030,2.3999999,,,,,5.38400030,2.3599999,,,,,5.38400030,3.59999990,
,,,5.38800049,2.3599999,,,,,5.38800049,2.4400001,,,,,5.38800049,2.3999999,,,,,5.38800049,3.51999998,
,,,5.39200020,2.3599999,,,,,5.39200020,2.3999999,,,,,5.39200020,2.4800000,,,,,5.39200020,3.59999990,
,,,5.39600039,2.3599999,,,,,5.39600039,2.4400001,,,,,5.39600039,2.4800000,,,,,5.39600039,3.55999994,
,,,5.40000010,2.3599999,,,,,5.40000010,2.4400001,,,,,5.40000010,2.3999999,,,,,5.40000010,3.59999990,
,,,5.40400028,2.3599999,,,,,5.40400028,2.4400001,,,,,5.40400028,2.3999999,,,,,5.40400028,3.55999994,
,,,5.40800047,2.3599999,,,,,5.40800047,2.3599999,,,,,5.40800047,2.3599999,,,,,5.40800047,3.67999983,
,,,5.41200018,2.3599999,,,,,5.41200018,2.3599999,,,,,5.41200018,2.3999999,,,,,5.41200018,3.59999990,
,,,5.41600037,2.3599999,,,,,5.41600037,2.3999999,,,,,5.41600037,2.3999999,,,,,5.41600037,3.55999994,
,,,5.42000008,2.3599999,,,,,5.42000008,2.4400001,,,,,5.42000008,2.3199999,,,,,5.42000008,3.63999987,
,,,5.42400026,2.3599999,,,,,5.42400026,2.3999999,,,,,5.42400026,2.3999999,,,,,5.42400026,3.67999983,
,,,5.42800045,2.3599999,,,,,5.42800045,2.4400001,,,,,5.42800045,2.3599999,,,,,5.42800045,3.67999983,
,,,5.43200016,2.3599999,,,,,5.43200016,2.4400001,,,,,5.43200016,2.3199999,,,,,5.43200016,3.51999998,
,,,5.43600035,2.3599999,,,,,5.43600035,2.4400001,,,,,5.43600035,2.3599999,,,,,5.43600035,3.51999998,
,,,5.44000006,2.3599999,,,,,5.44000006,2.4400001,,,,,5.44000006,2.4800000,,,,,5.44000006,3.63999987,
,,,5.44400024,2.3599999,,,,,5.44400024,2.4400001,,,,,5.44400024,2.3199999,,,,,5.44400024,3.72000003,
,,,5.44800043,2.3599999,,,,,5.44800043,2.4400001,,,,,5.44800043,2.4400001,,,,,5.44800043,3.59999990,
,,,5.45200014,2.3599999,,,,,5.45200014,2.3999999,,,,,5.45200014,2.3999999,,,,,5.45200014,3.67999983,
,,,5.45600033,2.3599999,,,,,5.45600033,2.4400001,,,,,5.45600033,2.4400001,,,,,5.45600033,3.55999994,
,,,5.46000004,2.3599999,,,,,5.46000004,2.3999999,,,,,5.46000004,2.2800000,,,,,5.46000004,3.67999983,
,,,5.46400023,2.3599999,,,,,5.46400023,2.3999999,,,,,5.46400023,2.4400001,,,,,5.46400023,3.67999983,
,,,5.46800041,2.3599999,,,,,5.46800041,2.4400001,,,,,5.46800041,2.3999999,,,,,5.46800041,3.55999994,
,,,5.47200012,2.3599999,,,,,5.47200012,2.4400001,,,,,5.47200012,2.3199999,,,,,5.47200012,3.51999998,
,,,5.47600031,2.3599999,,,,,5.47600031,2.3999999,,,,,5.47600031,2.4800000,,,,,5.47600031,3.48000002,
,,,5.48000050,2.3599999,,,,,5.48000050,2.4400001,,,,,5.48000050,2.4800000,,,,,5.48000050,3.67999983,
,,,5.48400021,2.3599999,,,,,5.48400021,2.3999999,,,,,5.48400021,2.2800000,,,,,5.48400021,3.59999990,
,,,5.48800039,2.3599999,,,,,5.48800039,2.3999999,,,,,5.48800039,2.3999999,,,,,5.48800039,3.51999998,
,,,5.49200010,2.3599999,,,,,5.49200010,2.4400001,,,,,5.49200010,2.3599999,,,,,5.49200010,3.51999998,
,,,5.49600029,2.3599999,,,,,5.49600029,2.4400001,,,,,5.49600029,2.3999999,,,,,5.49600029,3.48000002,
,,,5.50000048,2.3599999,,,,,5.50000048,2.4400001,,,,,5.50000048,2.3199999,,,,,5.50000048,3.67999983,
,,,5.50400019,2.3599999,,,,,5.50400019,2.3999999,,,,,5.50400019,2.3999999,,,,,5.50400019,3.59999990,
,,,5.50800037,2.3599999,,,,,5.50800037,2.4400001,,,,,5.50800037,2.3599999,,,,,5.50800037,3.59999990,
,,,5.51200008,2.3599999,,,,,5.51200008,2.4400001,,,,,5.51200008,2.1199999,,,,,5.51200008,3.59999990,
,,,5.51600027,2.3599999,,,,,5.51600027,2.4400001,,,,,5.51600027,2.4400001,,,,,5.51600027,3.51999998,
,,,5.52000046,2.3599999,,,,,5.52000046,2.4400001,,,,,5.52000046,2.4400001,,,,,5.52000046,3.59999990,
,,,5.52400017,2.3599999,,,,,5.52400017,2.4400001,,,,,5.52400017,2.3199999,,,,,5.52400017,3.63999987,
,,,5.52800035,2.3599999,,,,,5.52800035,2.3999999,,,,,5.52800035,2.3199999,,,,,5.52800035,3.63999987,
,,,5.53200006,2.3599999,,,,,5.53200006,2.4400001,,,,,5.53200006,2.3199999,,,,,5.53200006,3.59999990,
,,,5.53600025,2.3999999,,,,,5.53600025,2.4400001,,,,,5.53600025,2.3199999,,,,,5.53600025,3.48000002,
,,,5.54000044,2.3599999,,,,,5.54000044,2.3999999,,,,,5.54000044,2.3999999,,,,,5.54000044,4.23999977,
,,,5.54400015,2.3999999,,,,,5.54400015,2.4400001,,,,,5.54400015,2.4400001,,,,,5.54400015,3.59999990,
,,,5.54800034,2.3599999,,,,,5.54800034,2.4800000,,,,,5.54800034,2.5999999,,,,,5.54800034,3.63999987,
,,,5.55200005,2.3599999,,,,,5.55200005,2.4400001,,,,,5.55200005,2.3599999,,,,,5.55200005,3.55999994,
,,,5.55600023,2.3599999,,,,,5.55600023,2.4400001,,,,,5.55600023,2.4400001,,,,,5.55600023,3.59999990,
,,,5.56000042,2.3999999,,,,,5.56000042,2.4400001,,,,,5.56000042,2.3999999,,,,,5.56000042,3.51999998,
,,,5.56400013,2.3599999,,,,,5.56400013,2.3999999,,,,,5.56400013,2.3999999,,,,,5.56400013,3.59999990,
,,,5.56800032,2.3599999,,,,,5.56800032,2.4400001,,,,,5.56800032,2.3599999,,,,,5.56800032,3.63999987,
,,,5.57200003,2.3599999,,,,,5.57200003,2.4400001,,,,,5.57200003,2.3199999,,,,,5.57200003,3.55999994,
,,,5.57600021,2.3599999,,,,,5.57600021,2.4400001,,,,,5.57600021,2.2400000,,,,,5.57600021,3.48000002,
,,,5.58000040,2.3599999,,,,,5.58000040,2.4400001,,,,,5.58000040,2.2800000,,,,,5.58000040,3.63999987,
,,,5.58400011,2.3599999,,,,,5.58400011,2.4400001,,,,,5.58400011,2.4400001,,,,,5.58400011,3.63999987,
,,,5.58800030,2.3599999,,,,,5.58800030,2.4400001,,,,,5.58800030,2.4800000,,,,,5.58800030,3.51999998,
,,,5.59200048,2.3599999,,,,,5.59200048,2.4400001,,,,,5.59200048,2.4400001,,,,,5.59200048,3.43999982,
,,,5.59600019,2.3999999,,,,,5.59600019,2.4400001,,,,,5.59600019,2.3199999,,,,,5.59600019,3.51999998,
,,,5.60000038,2.3599999,,,,,5.60000038,2.4400001,,,,,5.60000038,2.4800000,,,,,5.60000038,3.55999994,
,,,5.60400009,2.3599999,,,,,5.60400009,2.4400001,,,,,5.60400009,2.3999999,,,,,5.60400009,3.51999998,
,,,5.60800028,2.3599999,,,,,5.60800028,2.4400001,,,,,5.60800028,2.3199999,,,,,5.60800028,3.63999987,
,,,5.61200047,2.3599999,,,,,5.61200047,2.3999999,,,,,5.61200047,2.3999999,,,,,5.61200047,3.51999998,
,,,5.61600018,2.3599999,,,,,5.61600018,2.4400001,,,,,5.61600018,2.4400001,,,,,5.61600018,3.55999994,
,,,5.62000036,2.3599999,,,,,5.62000036,2.4400001,,,,,5.62000036,2.3599999,,,,,5.62000036,3.51999998,
,,,5.62400007,2.3599999,,,,,5.62400007,2.4400001,,,,,5.62400007,2.4400001,,,,,5.62400007,3.67999983,
,,,5.62800026,2.3599999,,,,,5.62800026,2.4400001,,,,,5.62800026,2.5200000,,,,,5.62800026,3.63999987,
,,,5.63200045,2.3599999,,,,,5.63200045,2.4400001,,,,,5.63200045,2.3999999,,,,,5.63200045,3.51999998,
,,,5.63600016,2.3599999,,,,,5.63600016,2.4400001,,,,,5.63600016,2.4400001,,,,,5.63600016,3.43999982,
,,,5.64000034,2.3599999,,,,,5.64000034,2.4400001,,,,,5.64000034,2.5200000,,,,,5.64000034,3.59999990,
,,,5.64400005,2.3599999,,,,,5.64400005,2.4400001,,,,,5.64400005,2.5200000,,,,,5.64400005,3.55999994,
,,,5.64800024,2.3599999,,,,,5.64800024,2.4400001,,,,,5.64800024,2.3199999,,,,,5.64800024,3.63999987,
,,,5.65200043,2.3599999,,,,,5.65200043,2.4400001,,,,,5.65200043,2.3999999,,,,,5.65200043,3.51999998,
,,,5.65600014,2.3599999,,,,,5.65600014,2.3999999,,,,,5.65600014,2.3999999,,,,,5.65600014,3.59999990,
,,,5.66000032,2.3599999,,,,,5.66000032,2.4400001,,,,,5.66000032,2.4400001,,,,,5.66000032,3.48000002,
,,,5.66400003,2.3599999,,,,,5.66400003,2.4400001,,,,,5.66400003,2.2800000,,,,,5.66400003,3.72000003,
,,,5.66800022,2.3599999,,,,,5.66800022,2.4400001,,,,,5.66800022,2.2400000,,,,,5.66800022,3.59999990,
,,,5.67200041,2.3999999,,,,,5.67200041,2.4400001,,,,,5.67200041,2.4800000,,,,,5.67200041,3.59999990,
,,,5.67600012,2.3599999,,,,,5.67600012,2.4400001,,,,,5.67600012,2.4400001,,,,,5.67600012,3.51999998,
,,,5.68000031,2.3599999,,,,,5.68000031,2.4400001,,,,,5.68000031,2.5599999,,,,,5.68000031,3.51999998,
,,,5.68400049,2.3599999,,,,,5.68400049,2.4400001,,,,,5.68400049,2.5200000,,,,,5.68400049,3.59999990,
,,,5.68800020,2.3599999,,,,,5.68800020,2.4400001,,,,,5.68800020,2.3199999,,,,,5.68800020,3.51999998,
,,,5.69200039,2.3599999,,,,,5.69200039,2.4400001,,,,,5.69200039,2.3599999,,,,,5.69200039,3.51999998,
,,,5.69600010,2.3599999,,,,,5.69600010,2.4400001,,,,,5.69600010,2.3999999,,,,,5.69600010,3.51999998,
,,,5.70000029,2.3599999,,,,,5.70000029,2.4400001,,,,,5.70000029,2.4800000,,,,,5.70000029,3.51999998,
,,,5.70400047,2.3599999,,,,,5.70400047,2.3999999,,,,,5.70400047,2.5200000,,,,,5.70400047,3.63999987,
,,,5.70800018,2.3599999,,,,,5.70800018,2.4400001,,,,,5.70800018,2.4400001,,,,,5.70800018,3.51999998,
,,,5.71200037,2.3599999,,,,,5.71200037,2.4400001,,,,,5.71200037,2.4400001,,,,,5.71200037,3.55999994,
,,,5.71600008,2.3199999,,,,,5.71600008,2.4800000,,,,,5.71600008,2.2800000,,,,,5.71600008,3.43999982,
,,,5.72000027,2.3599999,,,,,5.72000027,2.4800000,,,,,5.72000027,2.4800000,,,,,5.72000027,3.43999982,
,,,5.72400045,2.3599999,,,,,5.72400045,2.4800000,,,,,5.72400045,2.3199999,,,,,5.72400045,4.11999989,
,,,5.72800016,2.3599999,,,,,5.72800016,2.4400001,,,,,5.72800016,2.5200000,,,,,5.72800016,4.63999987,
,,,5.73200035,2.3599999,,,,,5.73200035,2.4400001,,,,,5.73200035,2.5599999,,,,,5.73200035,4.59999990,
,,,5.73600006,2.3599999,,,,,5.73600006,2.3999999,,,,,5.73600006,2.5200000,,,,,5.73600006,4.15999985,
,,,5.74000025,2.3599999,,,,,5.74000025,2.4400001,,,,,5.74000025,2.0000000,,,,,5.74000025,4.83999968,
,,,5.74400043,2.3599999,,,,,5.74400043,2.4400001,,,,,5.74400043,2.0400000,,,,,5.74400043,4.83999968,
,,,5.74800014,2.3599999,,,,,5.74800014,2.4400001,,,,,5.74800014,2.1599998,,,,,5.74800014,4.88000011,
,,,5.75200033,2.3599999,,,,,5.75200033,2.4400001,,,,,5.75200033,1.9200000,,,,,5.75200033,4.83999968,
,,,5.75600004,2.3599999,,,,,5.75600004,2.4400001,,,,,5.75600004,2.3599999,,,,,5.75600004,4.83999968,
,,,5.76000023,2.3599999,,,,,5.76000023,2.4800000,,,,,5.76000023,2.0400000,,,,,5.76000023,4.71999979,
,,,5.76400042,2.3599999,,,,,5.76400042,2.3999999,,,,,5.76400042,2.0799999,,,,,5.76400042,4.63999987,
,,,5.76800013,2.3599999,,,,,5.76800013,2.4400001,,,,,5.76800013,2.2000000,,,,,5.76800013,4.27999973,
,,,5.77200031,2.3599999,,,,,5.77200031,2.4400001,,,,,5.77200031,2.0400000,,,,,5.77200031,4.51999998,
,,,5.77600050,2.3599999,,,,,5.77600050,2.4400001,,,,,5.77600050,2.2800000,,,,,5.77600050,4.31999969,
,,,5.78000021,2.3599999,,,,,5.78000021,2.4400001,,,,,5.78000021,2.1599998,,,,,5.78000021,4.31999969,
,,,5.78400040,2.3599999,,,,,5.78400040,2.4400001,,,,,5.78400040,2.1599998,,,,,5.78400040,4.36000013,
,,,5.78800011,2.3599999,,,,,5.78800011,2.4400001,,,,,5.78800011,2.3199999,,,,,5.78800011,3.83999991,
,,,5.79200029,2.3599999,,,,,5.79200029,2.4400001,,,,,5.79200029,2.1599998,,,,,5.79200029,4.15999985,
,,,5.79600048,2.3199999,,,,,5.79600048,2.4400001,,,,,5.79600048,2.0400000,,,,,5.79600048,4.11999989,
,,,5.80000019,2.3599999,,,,,5.80000019,2.4400001,,,,,5.80000019,2.0799999,,,,,5.80000019,3.79999995,
,,,5.80400038,2.3599999,,,,,5.80400038,2.4400001,,,,,5.80400038,2.3199999,,,,,5.80400038,4.07999992,
,,,5.80800009,2.3999999,,,,,5.80800009,2.4400001,,,,,5.80800009,2.3599999,,,,,5.80800009,4.07999992,
,,,5.81200027,2.3999999,,,,,5.81200027,2.4400001,,,,,5.81200027,2.6399999,,,,,5.81200027,2.79999995,
,,,5.81600046,2.3599999,,,,,5.81600046,2.4800000,,,,,5.81600046,2.4800000,,,,,5.81600046,2.2800000,
,,,5.82000017,2.3999999,,,,,5.82000017,2.3999999,,,,,5.82000017,2.5599999,,,,,5.82000017,2.2800000,
,,,5.82400036,2.3999999,,,,,5.82400036,2.3999999,,,,,5.82400036,2.4400001,,,,,5.82400036,2.3599999,
,,,5.82800007,2.3999999,,,,,5.82800007,2.3999999,,,,,5.82800007,2.3999999,,,,,5.82800007,2.3599999,
,,,5.83200026,2.3599999,,,,,5.83200026,2.4400001,,,,,5.83200026,2.3999999,,,,,5.83200026,2.3999999,
,,,5.83600044,2.3599999,,,,,5.83600044,2.3599999,,,,,5.83600044,2.5999999,,,,,5.83600044,2.3599999,
,,,5.84000015,2.3599999,,,,,5.84000015,2.3999999,,,,,5.84000015,2.4800000,,,,,5.84000015,2.5999999,
,,,5.84400034,2.3599999,,,,,5.84400034,2.3999999,,,,,5.84400034,2.4400001,,,,,5.84400034,2.6399999,
,,,5.84800005,2.3599999,,,,,5.84800005,2.4400001,,,,,5.84800005,2.5200000,,,,,5.84800005,2.5999999,
,,,5.85200024,2.3599999,,,,,5.85200024,2.4400001,,,,,5.85200024,2.4400001,,,,,5.85200024,2.5599999,
,,,5.85600042,2.3999999,,,,,5.85600042,2.4400001,,,,,5.85600042,2.3599999,,,,,5.85600042,2.72000003,
,,,5.86000013,2.3999999,,,,,5.86000013,2.4400001,,,,,5.86000013,2.4400001,,,,,5.86000013,2.79999995,
,,,5.86400032,2.3599999,,,,,5.86400032,2.4400001,,,,,5.86400032,2.3999999,,,,,5.86400032,2.75999999,
,,,5.86800051,2.3999999,,,,,5.86800051,2.4400001,,,,,5.86800051,2.4800000,,,,,5.86800051,2.96000004,
,,,5.87200022,2.3999999,,,,,5.87200022,2.4400001,,,,,5.87200022,2.3599999,,,,,5.87200022,2.83999991,
,,,5.87600040,2.3999999,,,,,5.87600040,2.4400001,,,,,5.87600040,2.3599999,,,,,5.87600040,2.83999991,
,,,5.88000011,2.3599999,,,,,5.88000011,2.4400001,,,,,5.88000011,2.2400000,,,,,5.88000011,2.96000004,
,,,5.88400030,2.3599999,,,,,5.88400030,2.4400001,,,,,5.88400030,2.3999999,,,,,5.88400030,2.91999984,
,,,5.88800049,2.3599999,,,,,5.88800049,2.3999999,,,,,5.88800049,2.3199999,,,,,5.88800049,3.03999996,
,,,5.89200020,2.3599999,,,,,5.89200020,2.3999999,,,,,5.89200020,2.2400000,,,,,5.89200020,3.11999989,
,,,5.89600039,2.3999999,,,,,5.89600039,2.3999999,,,,,5.89600039,2.2000000,,,,,5.89600039,2.96000004,
,,,5.90000010,2.3999999,,,,,5.90000010,2.4400001,,,,,5.90000010,2.0799999,,,,,5.90000010,3.15999985,
,,,5.90400028,2.3999999,,,,,5.90400028,2.4400001,,,,,5.90400028,2.1599998,,,,,5.90400028,3.07999992,
,,,5.90800047,2.3599999,,,,,5.90800047,2.3999999,,,,,5.90800047,2.1199999,,,,,5.90800047,3.15999985,
,,,5.91200018,2.3599999,,,,,5.91200018,2.4400001,,,,,5.91200018,2.3199999,,,,,5.91200018,3.07999992,
,,,5.91600037,2.3599999,,,,,5.91600037,2.4400001,,,,,5.91600037,2.2800000,,,,,5.91600037,3.07999992,
,,,5.92000008,2.3599999,,,,,5.92000008,2.3999999,,,,,5.92000008,2.2800000,,,,,5.92000008,3.15999985,
,,,5.92400026,2.3599999,,,,,5.92400026,2.4400001,,,,,5.92400026,2.3199999,,,,,5.92400026,3.19999981,
,,,5.92800045,2.3599999,,,,,5.92800045,2.4400001,,,,,5.92800045,2.3199999,,,,,5.92800045,3.15999985,
,,,5.93200016,2.3599999,,,,,5.93200016,2.4400001,,,,,5.93200016,2.3999999,,,,,5.93200016,3.11999989,
,,,5.93600035,2.3599999,,,,,5.93600035,2.3999999,,,,,5.93600035,2.4800000,,,,,5.93600035,3.11999989,
,,,5.94000006,2.3599999,,,,,5.94000006,2.3999999,,,,,5.94000006,2.2800000,,,,,5.94000006,3.24000001,
,,,5.94400024,2.3999999,,,,,5.94400024,2.4400001,,,,,5.94400024,2.2800000,,,,,5.94400024,3.24000001,
,,,5.94800043,2.3599999,,,,,5.94800043,2.4400001,,,,,5.94800043,2.2000000,,,,,5.94800043,3.31999993,
,,,5.95200014,2.3599999,,,,,5.95200014,2.3999999,,,,,5.95200014,2.2000000,,,,,5.95200014,3.24000001,
,,,5.95600033,2.3999999,,,,,5.95600033,2.4400001,,,,,5.95600033,2.3999999,,,,,5.95600033,3.31999993,
,,,5.96000051,2.3999999,,,,,5.96000051,2.3599999,,,,,5.96000051,2.2800000,,,,,5.96000051,3.35999990,
,,,5.96400023,2.3999999,,,,,5.96400023,2.4400001,,,,,5.96400023,2.2000000,,,,,5.96400023,3.31999993,
,,,5.96800041,2.3599999,,,,,5.96800041,2.3999999,,,,,5.96800041,2.2800000,,,,,5.96800041,3.31999993,
,,,5.97200012,2.3599999,,,,,5.97200012,2.3999999,,,,,5.97200012,2.3199999,,,,,5.97200012,3.24000001,
,,,5.97600031,2.3599999,,,,,5.97600031,2.3999999,,,,,5.97600031,2.3599999,,,,,5.97600031,3.31999993,
,,,5.98000050,2.3599999,,,,,5.98000050,2.3999999,,,,,5.98000050,2.2000000,,,,,5.98000050,3.24000001,
,,,5.98400021,2.3599999,,,,,5.98400021,2.4400001,,,,,5.98400021,2.1199999,,,,,5.98400021,3.51999998,
,,,5.98800039,2.3599999,,,,,5.98800039,2.4400001,,,,,5.98800039,2.4400001,,,,,5.98800039,3.31999993,
,,,5.99200010,2.3599999,,,,,5.99200010,2.3999999,,,,,5.99200010,2.4400001,,,,,5.99200010,3.31999993,
,,,5.99600029,2.3999999,,,,,5.99600029,2.3999999,,,,,5.99600029,2.1599998,,,,,5.99600029,3.31999993,
,,,6.00000048,2.3599999,,,,,6.00000048,2.3999999,,,,,6.00000048,2.3599999,,,,,6.00000048,3.27999997,
,,,6.00400019,2.3599999,,,,,6.00400019,2.3999999,,,,,6.00400019,2.3599999,,,,,6.00400019,3.31999993,
,,,6.00800037,2.3599999,,,,,6.00800037,2.3999999,,,,,6.00800037,2.2800000,,,,,6.00800037,3.27999997,
,,,6.01200008,2.3599999,,,,,6.01200008,2.4400001,,,,,6.01200008,2.3599999,,,,,6.01200008,3.31999993,
,,,6.01600027,2.3599999,,,,,6.01600027,2.3999999,,,,,6.01600027,2.2800000,,,,,6.01600027,3.31999993,
,,,6.02000046,2.3999999,,,,,6.02000046,2.4400001,,,,,6.02000046,2.2400000,,,,,6.02000046,3.43999982,
,,,6.02400017,2.3599999,,,,,6.02400017,2.4400001,,,,,6.02400017,2.2000000,,,,,6.02400017,3.51999998,
,,,6.02800035,2.3599999,,,,,6.02800035,2.3999999,,,,,6.02800035,2.2000000,,,,,6.02800035,3.48000002,
,,,6.03200006,2.3599999,,,,,6.03200006,2.4400001,,,,,6.03200006,2.3199999,,,,,6.03200006,3.39999986,
,,,6.03600025,2.3599999,,,,,6.03600025,2.4400001,,,,,6.03600025,2.3599999,,,,,6.03600025,3.48000002,
,,,6.04000044,2.3999999,,,,,6.04000044,2.4400001,,,,,6.04000044,2.1199999,,,,,6.04000044,3.51999998,
,,,6.04400015,2.3599999,,,,,6.04400015,2.4400001,,,,,6.04400015,2.2400000,,,,,6.04400015,3.51999998,
,,,6.04800034,2.3599999,,,,,6.04800034,2.4400001,,,,,6.04800034,2.2400000,,,,,6.04800034,3.43999982,
,,,6.05200052,2.3599999,,,,,6.05200052,2.4400001,,,,,6.05200052,2.1599998,,,,,6.05200052,3.43999982,
,,,6.05600023,2.3999999,,,,,6.05600023,2.4400001,,,,,6.05600023,2.2400000,,,,,6.05600023,3.43999982,
,,,6.06000042,2.3999999,,,,,6.06000042,2.4800000,,,,,6.06000042,2.2000000,,,,,6.06000042,3.48000002,
,,,6.06400013,2.3599999,,,,,6.06400013,2.4400001,,,,,6.06400013,2.2400000,,,,,6.06400013,3.59999990,
,,,6.06800032,2.3999999,,,,,6.06800032,2.4400001,,,,,6.06800032,2.3199999,,,,,6.06800032,3.43999982,
,,,6.07200050,2.3599999,,,,,6.07200050,2.4400001,,,,,6.07200050,2.2400000,,,,,6.07200050,3.51999998,
,,,6.07600021,2.3599999,,,,,6.07600021,2.4400001,,,,,6.07600021,2.2800000,,,,,6.07600021,3.35999990,
,,,6.08000040,2.3999999,,,,,6.08000040,2.4400001,,,,,6.08000040,2.2000000,,,,,6.08000040,3.51999998,
,,,6.08400011,2.3599999,,,,,6.08400011,2.3999999,,,,,6.08400011,2.3199999,,,,,6.08400011,3.48000002,
,,,6.08800030,2.3599999,,,,,6.08800030,2.4400001,,,,,6.08800030,2.2000000,,,,,6.08800030,3.39999986,
,,,6.09200048,2.3599999,,,,,6.09200048,2.3999999,,,,,6.09200048,2.2400000,,,,,6.09200048,3.43999982,
,,,6.09600019,2.3599999,,,,,6.09600019,2.4400001,,,,,6.09600019,2.2800000,,,,,6.09600019,3.35999990,
,,,6.10000038,2.3999999,,,,,6.10000038,2.4400001,,,,,6.10000038,2.3199999,,,,,6.10000038,3.55999994,
,,,6.10400009,2.3599999,,,,,6.10400009,2.4400001,,,,,6.10400009,2.2000000,,,,,6.10400009,3.55999994,
,,,6.10800028,2.3599999,,,,,6.10800028,2.4400001,,,,,6.10800028,2.2400000,,,,,6.10800028,3.39999986,
,,,6.11200047,2.3599999,,,,,6.11200047,2.4400001,,,,,6.11200047,2.2400000,,,,,6.11200047,3.43999982,
,,,6.11600018,2.3599999,,,,,6.11600018,2.4400001,,,,,6.11600018,2.1599998,,,,,6.11600018,3.39999986,
,,,6.12000036,2.3999999,,,,,6.12000036,2.3999999,,,,,6.12000036,2.3199999,,,,,6.12000036,3.43999982,
,,,6.12400007,2.3999999,,,,,6.12400007,2.4400001,,,,,6.12400007,2.3199999,,,,,6.12400007,3.55999994,
,,,6.12800026,2.3599999,,,,,6.12800026,2.3999999,,,,,6.12800026,2.2000000,,,,,6.12800026,3.48000002,
,,,6.13200045,2.3599999,,,,,6.13200045,2.3999999,,,,,6.13200045,2.1599998,,,,,6.13200045,3.55999994,
,,,6.13600016,2.3999999,,,,,6.13600016,2.4400001,,,,,6.13600016,2.2000000,,,,,6.13600016,3.39999986,
,,,6.14000034,2.3599999,,,,,6.14000034,2.4400001,,,,,6.14000034,2.0000000,,,,,6.14000034,3.48000002,
,,,6.14400005,2.3599999,,,,,6.14400005,2.4400001,,,,,6.14400005,2.3199999,,,,,6.14400005,3.51999998,
,,,6.14800024,2.3599999,,,,,6.14800024,2.4400001,,,,,6.14800024,2.1599998,,,,,6.14800024,3.55999994,
,,,6.15200043,2.3599999,,,,,6.15200043,2.3199999,,,,,6.15200043,2.1199999,,,,,6.15200043,3.48000002,
,,,6.15600014,2.3599999,,,,,6.15600014,2.4400001,,,,,6.15600014,2.2400000,,,,,6.15600014,3.43999982,
,,,6.16000032,2.3599999,,,,,6.16000032,2.3999999,,,,,6.16000032,2.0799999,,,,,6.16000032,3.48000002,
,,,6.16400051,2.3999999,,,,,6.16400051,2.4400001,,,,,6.16400051,2.2000000,,,,,6.16400051,3.48000002,
,,,6.16800022,2.3599999,,,,,6.16800022,2.4400001,,,,,6.16800022,2.1199999,,,,,6.16800022,3.48000002,
,,,6.17200041,2.3599999,,,,,6.17200041,2.4400001,,,,,6.17200041,2.2000000,,,,,6.17200041,3.51999998,
,,,6.17600012,2.3999999,,,,,6.17600012,2.3999999,,,,,6.17600012,2.1599998,,,,,6.17600012,3.43999982,
,,,6.18000031,2.3599999,,,,,6.18000031,2.3999999,,,,,6.18000031,2.2000000,,,,,6.18000031,3.59999990,
,,,6.18400049,2.3599999,,,,,6.18400049,2.3999999,,,,,6.18400049,2.2400000,,,,,6.18400049,3.55999994,
,,,6.18800020,2.3599999,,,,,6.18800020,2.4400001,,,,,6.18800020,2.1599998,,,,,6.18800020,3.55999994,
,,,6.19200039,2.3599999,,,,,6.19200039,2.4400001,,,,,6.19200039,2.1599998,,,,,6.19200039,3.48000002,
,,,6.19600010,2.3599999,,,,,6.19600010,2.4400001,,,,,6.19600010,2.1599998,,,,,6.19600010,3.48000002,
,,,6.20000029,2.3599999,,,,,6.20000029,2.4400001,,,,,6.20000029,2.2800000,,,,,6.20000029,3.43999982,
,,,6.20400047,2.3599999,,,,,6.20400047,2.3999999,,,,,6.20400047,2.1599998,,,,,6.20400047,3.51999998,
,,,6.20800018,2.3599999,,,,,6.20800018,2.3999999,,,,,6.20800018,2.1599998,,,,,6.20800018,3.48000002,
,,,6.21200037,2.3599999,,,,,6.21200037,2.3999999,,,,,6.21200037,2.0400000,,,,,6.21200037,3.43999982,
,,,6.21600008,2.3599999,,,,,6.21600008,2.3999999,,,,,6.21600008,2.0400000,,,,,6.21600008,3.39999986,
,,,6.22000027,2.3599999,,,,,6.22000027,2.3999999,,,,,6.22000027,2.2000000,,,,,6.22000027,3.51999998,
,,,6.22400045,2.3599999,,,,,6.22400045,2.3999999,,,,,6.22400045,2.0799999,,,,,6.22400045,3.55999994,
,,,6.22800016,2.3599999,,,,,6.22800016,2.4400001,,,,,6.22800016,2.1599998,,,,,6.22800016,3.55999994,
,,,6.23200035,2.3599999,,,,,6.23200035,2.3999999,,,,,6.23200035,2.2000000,,,,,6.23200035,3.43999982,
,,,6.23600006,2.3599999,,,,,6.23600006,2.4400001,,,,,6.23600006,2.2800000,,,,,6.23600006,3.35999990,
,,,6.24000025,2.3999999,,,,,6.24000025,2.3999999,,,,,6.24000025,2.2000000,,,,,6.24000025,3.59999990,
,,,6.24400043,2.3599999,,,,,6.24400043,2.4400001,,,,,6.24400043,2.2800000,,,,,6.24400043,3.51999998,
,,,6.24800014,2.3599999,,,,,6.24800014,2.4400001,,,,,6.24800014,2.1199999,,,,,6.24800014,3.43999982,
,,,6.25200033,2.3599999,,,,,6.25200033,2.3999999,,,,,6.25200033,2.3599999,,,,,6.25200033,3.48000002,
,,,6.25600052,2.3599999,,,,,6.25600052,2.3999999,,,,,6.25600052,2.2800000,,,,,6.25600052,3.51999998,
,,,6.26000023,2.3599999,,,,,6.26000023,2.3999999,,,,,6.26000023,2.2400000,,,,,6.26000023,3.43999982,
,,,6.26400042,2.3999999,,,,,6.26400042,2.4400001,,,,,6.26400042,2.0799999,,,,,6.26400042,3.55999994,
,,,6.26800013,2.3599999,,,,,6.26800013,2.4400001,,,,,6.26800013,2.2000000,,,,,6.26800013,3.63999987,
,,,6.27200031,2.3999999,,,,,6.27200031,2.4400001,,,,,6.27200031,2.3599999,,,,,6.27200031,3.39999986,
,,,6.27600050,2.3599999,,,,,6.27600050,2.4400001,,,,,6.27600050,2.1599998,,,,,6.27600050,3.51999998,
,,,6.28000021,2.3999999,,,,,6.28000021,2.4400001,,,,,6.28000021,2.3599999,,,,,6.28000021,3.55999994,
,,,6.28400040,2.3599999,,,,,6.28400040,2.3999999,,,,,6.28400040,2.2000000,,,,,6.28400040,3.48000002,
,,,6.28800011,2.3599999,,,,,6.28800011,2.3999999,,,,,6.28800011,2.2000000,,,,,6.28800011,3.43999982,
,,,6.29200029,2.3599999,,,,,6.29200029,2.4400001,,,,,6.29200029,2.3199999,,,,,6.29200029,3.48000002,
,,,6.29600048,2.3599999,,,,,6.29600048,2.4400001,,,,,6.29600048,2.2400000,,,,,6.29600048,3.48000002,
,,,6.30000019,2.3599999,,,,,6.30000019,2.4800000,,,,,6.30000019,2.3199999,,,,,6.30000019,3.48000002,
,,,6.30400038,2.3599999,,,,,6.30400038,2.4400001,,,,,6.30400038,2.2000000,,,,,6.30400038,3.51999998,
,,,6.30800009,2.3599999,,,,,6.30800009,2.4400001,,,,,6.30800009,2.3199999,,,,,6.30800009,3.43999982,
,,,6.31200027,2.3999999,,,,,6.31200027,2.4400001,,,,,6.31200027,2.2400000,,,,,6.31200027,4.15999985,
,,,6.31600046,2.3599999,,,,,6.31600046,2.4400001,,,,,6.31600046,2.2400000,,,,,6.31600046,3.48000002,
,,,6.32000017,2.3599999,,,,,6.32000017,2.4400001,,,,,6.32000017,2.1599998,,,,,6.32000017,3.43999982,
,,,6.32400036,2.3599999,,,,,6.32400036,2.4400001,,,,,6.32400036,2.2000000,,,,,6.32400036,3.59999990,
,,,6.32800007,2.3599999,,,,,6.32800007,2.4400001,,,,,6.32800007,2.2000000,,,,,6.32800007,3.59999990,
,,,6.33200026,2.3599999,,,,,6.33200026,2.4400001,,,,,6.33200026,2.1599998,,,,,6.33200026,3.59999990,
,,,6.33600044,2.3599999,,,,,6.33600044,2.3999999,,,,,6.33600044,2.3599999,,,,,6.33600044,3.48000002,
,,,6.34000015,2.3599999,,,,,6.34000015,2.4400001,,,,,6.34000015,2.1199999,,,,,6.34000015,3.55999994,
,,,6.34400034,2.3599999,,,,,6.34400034,2.4400001,,,,,6.34400034,2.1599998,,,,,6.34400034,3.72000003,
,,,6.34800053,2.3599999,,,,,6.34800053,2.3999999,,,,,6.34800053,2.1599998,,,,,6.34800053,3.51999998,
,,,6.35200024,2.3599999,,,,,6.35200024,2.3999999,,,,,6.35200024,2.1599998,,,,,6.35200024,3.43999982,
,,,6.35600042,2.3599999,,,,,6.35600042,2.4400001,,,,,6.35600042,2.2800000,,,,,6.35600042,3.48000002,
,,,6.36000013,2.3599999,,,,,6.36000013,2.3999999,,,,,6.36000013,2.1199999,,,,,6.36000013,3.51999998,
,,,6.36400032,2.3599999,,,,,6.36400032,2.4400001,,,,,6.36400032,2.1199999,,,,,6.36400032,3.59999990,
,,,6.36800051,2.3599999,,,,,6.36800051,2.4400001,,,,,6.36800051,2.1599998,,,,,6.36800051,3.55999994,
,,,6.37200022,2.3999999,,,,,6.37200022,2.4400001,,,,,6.37200022,2.2800000,,,,,6.37200022,3.59999990,
,,,6.37600040,2.3599999,,,,,6.37600040,2.4400001,,,,,6.37600040,2.1199999,,,,,6.37600040,3.51999998,
,,,6.38000011,2.3599999,,,,,6.38000011,2.4400001,,,,,6.38000011,2.2400000,,,,,6.38000011,3.51999998,
,,,6.38400030,2.3599999,,,,,6.38400030,2.3599999,,,,,6.38400030,2.1599998,,,,,6.38400030,3.63999987,
,,,6.38800049,2.3599999,,,,,6.38800049,2.3999999,,,,,6.38800049,2.2400000,,,,,6.38800049,3.51999998,
,,,6.39200020,2.3599999,,,,,6.39200020,2.3599999,,,,,6.39200020,2.1599998,,,,,6.39200020,3.51999998,
,,,6.39600039,2.3599999,,,,,6.39600039,2.3999999,,,,,6.39600039,2.1599998,,,,,6.39600039,3.43999982,
,,,6.40000010,2.3599999,,,,,6.40000010,2.4400001,,,,,6.40000010,2.1199999,,,,,6.40000010,3.48000002,
,,,6.40400028,2.3999999,,,,,6.40400028,2.3999999,,,,,6.40400028,2.1199999,,,,,6.40400028,3.59999990,
,,,6.40800047,2.3599999,,,,,6.40800047,2.4400001,,,,,6.40800047,2.1599998,,,,,6.40800047,3.51999998,
,,,6.41200018,2.3599999,,,,,6.41200018,2.3599999,,,,,6.41200018,2.0400000,,,,,6.41200018,3.48000002,
,,,6.41600037,2.3599999,,,,,6.41600037,2.4400001,,,,,6.41600037,2.0000000,,,,,6.41600037,3.59999990,
,,,6.42000008,2.3599999,,,,,6.42000008,2.4400001,,,,,6.42000008,2.1199999,,,,,6.42000008,3.63999987,
,,,6.42400026,2.3599999,,,,,6.42400026,2.4400001,,,,,6.42400026,2.1599998,,,,,6.42400026,3.67999983,
,,,6.42800045,2.3599999,,,,,6.42800045,2.3999999,,,,,6.42800045,2.1199999,,,,,6.42800045,3.55999994,
,,,6.43200016,2.3599999,,,,,6.43200016,2.3999999,,,,,6.43200016,2.2000000,,,,,6.43200016,3.51999998,
,,,6.43600035,2.3999999,,,,,6.43600035,2.4400001,,,,,6.43600035,2.1599998,,,,,6.43600035,3.39999986,
,,,6.44000053,2.3599999,,,,,6.44000053,2.3999999,,,,,6.44000053,2.0799999,,,,,6.44000053,3.55999994,
,,,6.44400024,2.3599999,,,,,6.44400024,2.4400001,,,,,6.44400024,2.2400000,,,,,6.44400024,3.55999994,
,,,6.44800043,2.3599999,,,,,6.44800043,2.4400001,,,,,6.44800043,2.1599998,,,,,6.44800043,3.51999998,
,,,6.45200014,2.3599999,,,,,6.45200014,2.3999999,,,,,6.45200014,2.1599998,,,,,6.45200014,3.48000002,
,,,6.45600033,2.3599999,,,,,6.45600033,2.3999999,,,,,6.45600033,2.2400000,,,,,6.45600033,3.43999982,
,,,6.46000051,2.3599999,,,,,6.46000051,2.3999999,,,,,6.46000051,2.2000000,,,,,6.46000051,3.72000003,
,,,6.46400023,2.3599999,,,,,6.46400023,2.4400001,,,,,6.46400023,2.0799999,,,,,6.46400023,3.55999994,
,,,6.46800041,2.3599999,,,,,6.46800041,2.4400001,,,,,6.46800041,2.2800000,,,,,6.46800041,3.48000002,
,,,6.47200012,2.3599999,,,,,6.47200012,2.3999999,,,,,6.47200012,2.2000000,,,,,6.47200012,3.51999998,
,,,6.47600031,2.3599999,,,,,6.47600031,2.4400001,,,,,6.47600031,2.1199999,,,,,6.47600031,3.43999982,
,,,6.48000050,2.3999999,,,,,6.48000050,2.4400001,,,,,6.48000050,2.2800000,,,,,6.48000050,3.63999987,
,,,6.48400021,2.3599999,,,,,6.48400021,2.4400001,,,,,6.48400021,2.0400000,,,,,6.48400021,3.59999990,
,,,6.48800039,2.3999999,,,,,6.48800039,2.4400001,,,,,6.48800039,2.2000000,,,,,6.48800039,3.63999987,
,,,6.49200010,2.3599999,,,,,6.49200010,2.4400001,,,,,6.49200010,2.1599998,,,,,6.49200010,3.59999990,
,,,6.49600029,2.3999999,,,,,6.49600029,2.3999999,,,,,6.49600029,2.3199999,,,,,6.49600029,3.51999998,
,,,6.50000048,2.3599999,,,,,6.50000048,2.3999999,,,,,6.50000048,2.2400000,,,,,6.50000048,3.55999994,
,,,6.50400019,2.3599999,,,,,6.50400019,2.4400001,,,,,6.50400019,2.2000000,,,,,6.50400019,3.55999994,
,,,6.50800037,2.3599999,,,,,6.50800037,2.4400001,,,,,6.50800037,2.1599998,,,,,6.50800037,3.51999998,
,,,6.51200008,2.3599999,,,,,6.51200008,2.4400001,,,,,6.51200008,2.2000000,,,,,6.51200008,3.51999998,
,,,6.51600027,2.3599999,,,,,6.51600027,2.4400001,,,,,6.51600027,2.3599999,,,,,6.51600027,3.59999990,
,,,6.52000046,2.3599999,,,,,6.52000046,2.3999999,,,,,6.52000046,2.3999999,,,,,6.52000046,3.51999998,
,,,6.52400017,2.3599999,,,,,6.52400017,2.4400001,,,,,6.52400017,2.1599998,,,,,6.52400017,3.51999998,
,,,6.52800035,2.3599999,,,,,6.52800035,2.3999999,,,,,6.52800035,2.2000000,,,,,6.52800035,3.59999990,
,,,6.53200054,2.3599999,,,,,6.53200054,2.4400001,,,,,6.53200054,2.2000000,,,,,6.53200054,3.43999982,
,,,6.53600025,2.3599999,,,,,6.53600025,2.4400001,,,,,6.53600025,2.3199999,,,,,6.53600025,3.51999998,
,,,6.54000044,2.3599999,,,,,6.54000044,2.4400001,,,,,6.54000044,2.1599998,,,,,6.54000044,3.63999987,
,,,6.54400015,2.3599999,,,,,6.54400015,2.4400001,,,,,6.54400015,2.2000000,,,,,6.54400015,3.51999998,
,,,6.54800034,2.3599999,,,,,6.54800034,2.4400001,,,,,6.54800034,2.1199999,,,,,6.54800034,3.63999987,
,,,6.55200052,2.3599999,,,,,6.55200052,2.4400001,,,,,6.55200052,2.3599999,,,,,6.55200052,3.59999990,
,,,6.55600023,2.3999999,,,,,6.55600023,2.3999999,,,,,6.55600023,2.2400000,,,,,6.55600023,3.35999990,
,,,6.56000042,2.3599999,,,,,6.56000042,2.4400001,,,,,6.56000042,2.2400000,,,,,6.56000042,3.55999994,
,,,6.56400013,2.3599999,,,,,6.56400013,2.3999999,,,,,6.56400013,2.1599998,,,,,6.56400013,3.67999983,
,,,6.56800032,2.3599999,,,,,6.56800032,2.3999999,,,,,6.56800032,2.2800000,,,,,6.56800032,3.51999998,
,,,6.57200050,2.3599999,,,,,6.57200050,2.4400001,,,,,6.57200050,2.3199999,,,,,6.57200050,3.48000002,
,,,6.57600021,2.3599999,,,,,6.57600021,2.3999999,,,,,6.57600021,2.1599998,,,,,6.57600021,3.48000002,
,,,6.58000040,2.3599999,,,,,6.58000040,2.4400001,,,,,6.58000040,2.1599998,,,,,6.58000040,3.51999998,
,,,6.58400011,2.3599999,,,,,6.58400011,2.4400001,,,,,6.58400011,2.2800000,,,,,6.58400011,3.51999998,
,,,6.58800030,2.3599999,,,,,6.58800030,2.4400001,,,,,6.58800030,2.1199999,,,,,6.58800030,3.55999994,
,,,6.59200048,2.3599999,,,,,6.59200048,2.4400001,,,,,6.59200048,2.0799999,,,,,6.59200048,3.48000002,
,,,6.59600019,2.3599999,,,,,6.59600019,2.4400001,,,,,6.59600019,2.2000000,,,,,6.59600019,3.51999998,
,,,6.60000038,2.3599999,,,,,6.60000038,2.3599999,,,,,6.60000038,2.1599998,,,,,6.60000038,3.51999998,
,,,6.60400009,2.3599999,,,,,6.60400009,2.3999999,,,,,6.60400009,2.0000000,,,,,6.60400009,3.67999983,
,,,6.60800028,2.3999999,,,,,6.60800028,2.5200000,,,,,6.60800028,2.1599998,,,,,6.60800028,3.55999994,
,,,6.61200047,2.3599999,,,,,6.61200047,2.4400001,,,,,6.61200047,2.2000000,,,,,6.61200047,3.55999994,
,,,6.61600018,2.3599999,,,,,6.61600018,2.3999999,,,,,6.61600018,2.3199999,,,,,6.61600018,3.48000002,
,,,6.62000036,2.3599999,,,,,6.62000036,2.4400001,,,,,6.62000036,2.2400000,,,,,6.62000036,3.51999998,
,,,6.62400055,2.3599999,,,,,6.62400055,2.4400001,,,,,6.62400055,2.2800000,,,,,6.62400055,3.55999994,
,,,6.62800026,2.3599999,,,,,6.62800026,2.3999999,,,,,6.62800026,2.2000000,,,,,6.62800026,3.51999998,
,,,6.63200045,2.3599999,,,,,6.63200045,2.3999999,,,,,6.63200045,2.2400000,,,,,6.63200045,3.39999986,
,,,6.63600016,2.3599999,,,,,6.63600016,2.4400001,,,,,6.63600016,2.1599998,,,,,6.63600016,3.48000002,
,,,6.64000034,2.3599999,,,,,6.64000034,2.3999999,,,,,6.64000034,2.1599998,,,,,6.64000034,3.51999998,
,,,6.64400053,2.3599999,,,,,6.64400053,2.4400001,,,,,6.64400053,2.0799999,,,,,6.64400053,3.63999987,
,,,6.64800024,2.3599999,,,,,6.64800024,2.3999999,,,,,6.64800024,2.1599998,,,,,6.64800024,3.43999982,
,,,6.65200043,2.3599999,,,,,6.65200043,2.4400001,,,,,6.65200043,2.2800000,,,,,6.65200043,3.48000002,
,,,6.65600014,2.3999999,,,,,6.65600014,2.3599999,,,,,6.65600014,2.2400000,,,,,6.65600014,3.51999998,
,,,6.66000032,2.3599999,,,,,6.66000032,2.4800000,,,,,6.66000032,2.0799999,,,,,6.66000032,3.55999994,
,,,6.66400051,2.3599999,,,,,6.66400051,2.3999999,,,,,6.66400051,2.2800000,,,,,6.66400051,3.63999987,
,,,6.66800022,2.3599999,,,,,6.66800022,2.3999999,,,,,6.66800022,2.1599998,,,,,6.66800022,3.51999998,
,,,6.67200041,2.3599999,,,,,6.67200041,2.4400001,,,,,6.67200041,2.2400000,,,,,6.67200041,3.59999990,
,,,6.67600012,2.3999999,,,,,6.67600012,2.3999999,,,,,6.67600012,2.2800000,,,,,6.67600012,3.48000002,
,,,6.68000031,2.3599999,,,,,6.68000031,2.4400001,,,,,6.68000031,2.2400000,,,,,6.68000031,3.51999998,
,,,6.68400049,2.3599999,,,,,6.68400049,2.3999999,,,,,6.68400049,2.1199999,,,,,6.68400049,3.55999994,
,,,6.68800020,2.3599999,,,,,6.68800020,2.3999999,,,,,6.68800020,2.2400000,,,,,6.68800020,3.51999998,
,,,6.69200039,2.3599999,,,,,6.69200039,2.3999999,,,,,6.69200039,2.2800000,,,,,6.69200039,3.55999994,
,,,6.69600010,2.3599999,,,,,6.69600010,2.4400001,,,,,6.69600010,2.3599999,,,,,6.69600010,3.39999986,
,,,6.70000029,2.3599999,,,,,6.70000029,2.3999999,,,,,6.70000029,2.3199999,,,,,6.70000029,3.59999990,
,,,6.70400047,2.3599999,,,,,6.70400047,2.3999999,,,,,6.70400047,2.2400000,,,,,6.70400047,3.59999990,
,,,6.70800018,2.3599999,,,,,6.70800018,2.4400001,,,,,6.70800018,2.4400001,,,,,6.70800018,3.43999982,
,,,6.71200037,2.3599999,,,,,6.71200037,2.3999999,,,,,6.71200037,2.3599999,,,,,6.71200037,3.51999998,
,,,6.71600056,2.3999999,,,,,6.71600056,2.4400001,,,,,6.71600056,2.3999999,,,,,6.71600056,3.43999982,
,,,6.72000027,2.3599999,,,,,6.72000027,2.3999999,,,,,6.72000027,2.4400001,,,,,6.72000027,3.51999998,
,,,6.72400045,2.3599999,,,,,6.72400045,2.3999999,,,,,6.72400045,2.3199999,,,,,6.72400045,3.51999998,
,,,6.72800016,2.3599999,,,,,6.72800016,2.3999999,,,,,6.72800016,2.2800000,,,,,6.72800016,3.51999998,
,,,6.73200035,2.3599999,,,,,6.73200035,2.3999999,,,,,6.73200035,2.1199999,,,,,6.73200035,3.51999998,
,,,6.73600054,2.3599999,,,,,6.73600054,2.3999999,,,,,6.73600054,2.3599999,,,,,6.73600054,3.39999986,
,,,6.74000025,2.3599999,,,,,6.74000025,2.3599999,,,,,6.74000025,2.3599999,,,,,6.74000025,3.55999994,
,,,6.74400043,2.3599999,,,,,6.74400043,2.4400001,,,,,6.74400043,2.3199999,,,,,6.74400043,3.87999988,
,,,6.74800014,2.3599999,,,,,6.74800014,2.4400001,,,,,6.74800014,1.9200000,,,,,6.74800014,4.63999987,
,,,6.75200033,2.3599999,,,,,6.75200033,2.4400001,,,,,6.75200033,2.0000000,,,,,6.75200033,4.36000013,
,,,6.75600052,2.3599999,,,,,6.75600052,2.4400001,,,,,6.75600052,2.1599998,,,,,6.75600052,4.11999989,
,,,6.76000023,2.3199999,,,,,6.76000023,2.4400001,,,,,6.76000023,2.0000000,,,,,6.76000023,4.83999968,
,,,6.76400042,2.3599999,,,,,6.76400042,2.4400001,,,,,6.76400042,2.1199999,,,,,6.76400042,4.83999968,
,,,6.76800013,2.3599999,,,,,6.76800013,2.4400001,,,,,6.76800013,2.0799999,,,,,6.76800013,4.83999968,
,,,6.77200031,2.3599999,,,,,6.77200031,2.4400001,,,,,6.77200031,2.0000000,,,,,6.77200031,4.83999968,
,,,6.77600050,2.3199999,,,,,6.77600050,2.4400001,,,,,6.77600050,2.0000000,,,,,6.77600050,4.83999968,
,,,6.78000021,2.3599999,,,,,6.78000021,2.4400001,,,,,6.78000021,2.0400000,,,,,6.78000021,4.59999990,
,,,6.78400040,2.3599999,,,,,6.78400040,2.4400001,,,,,6.78400040,2.0000000,,,,,6.78400040,4.55999994,
,,,6.78800011,2.3599999,,,,,6.78800011,2.4400001,,,,,6.78800011,2.1599998,,,,,6.78800011,4.44000006,
,,,6.79200029,2.3599999,,,,,6.79200029,2.4400001,,,,,6.79200029,2.0799999,,,,,6.79200029,4.40000010,
,,,6.79600048,2.3599999,,,,,6.79600048,2.4400001,,,,,6.79600048,2.2000000,,,,,6.79600048,4.31999969,
,,,6.80000019,2.3599999,,,,,6.80000019,2.4400001,,,,,6.80000019,2.0799999,,,,,6.80000019,4.07999992,
,,,6.80400038,2.3599999,,,,,6.80400038,2.4400001,,,,,6.80400038,2.0400000,,,,,6.80400038,4.23999977,
,,,6.80800009,2.3599999,,,,,6.80800009,2.4400001,,,,,6.80800009,2.0000000,,,,,6.80800009,4.27999973,
,,,6.81200027,2.3599999,,,,,6.81200027,2.4400001,,,,,6.81200027,2.1199999,,,,,6.81200027,4.07999992,
,,,6.81600046,2.3599999,,,,,6.81600046,2.4400001,,,,,6.81600046,2.1199999,,,,,6.81600046,4.07999992,
,,,6.82000017,2.3599999,,,,,6.82000017,2.4400001,,,,,6.82000017,2.3199999,,,,,6.82000017,3.95999980,
,,,6.82400036,2.3599999,,,,,6.82400036,2.4400001,,,,,6.82400036,2.1199999,,,,,6.82400036,4.07999992,
,,,6.82800055,2.3999999,,,,,6.82800055,2.3999999,,,,,6.82800055,2.1199999,,,,,6.82800055,4.03999996,
,,,6.83200026,2.3599999,,,,,6.83200026,2.3999999,,,,,6.83200026,2.4400001,,,,,6.83200026,2.72000003,
,,,6.83600044,2.3599999,,,,,6.83600044,2.4400001,,,,,6.83600044,2.6799998,,,,,6.83600044,0.0,
,,,6.84000015,2.3599999,,,,,6.84000015,2.3999999,,,,,6.84000015,2.4800000,,,,,6.84000015,2.3999999,
,,,6.84400034,2.3999999,,,,,6.84400034,2.4400001,,,,,6.84400034,2.5599999,,,,,6.84400034,2.5200000,
,,,6.84800053,2.3999999,,,,,6.84800053,2.3999999,,,,,6.84800053,2.3999999,,,,,6.84800053,2.5999999,
,,,6.85200024,2.3599999,,,,,6.85200024,2.4400001,,,,,6.85200024,2.4800000,,,,,6.85200024,2.5599999,
,,,6.85600042,2.3599999,,,,,6.85600042,2.3999999,,,,,6.85600042,2.2800000,,,,,6.85600042,2.5200000,
,,,6.86000013,2.3999999,,,,,6.86000013,2.4400001,,,,,6.86000013,2.5200000,,,,,6.86000013,2.6399999,
,,,6.86400032,2.3599999,,,,,6.86400032,2.4400001,,,,,6.86400032,2.5599999,,,,,6.86400032,2.83999991,
,,,6.86800051,2.3599999,,,,,6.86800051,2.4400001,,,,,6.86800051,2.4800000,,,,,6.86800051,2.79999995,
,,,6.87200022,2.3599999,,,,,6.87200022,2.4400001,,,,,6.87200022,2.5599999,,,,,6.87200022,2.72000003,
,,,6.87600040,2.3999999,,,,,6.87600040,2.3599999,,,,,6.87600040,2.5599999,,,,,6.87600040,2.87999988,
,,,6.88000011,2.3599999,,,,,6.88000011,2.4400001,,,,,6.88000011,2.5200000,,,,,6.88000011,2.91999984,
,,,6.88400030,2.3599999,,,,,6.88400030,2.4400001,,,,,6.88400030,2.3999999,,,,,6.88400030,2.91999984,
,,,6.88800049,2.3599999,,,,,6.88800049,2.3999999,,,,,6.88800049,2.3999999,,,,,6.88800049,3.03999996,
,,,6.89200020,2.3599999,,,,,6.89200020,2.4400001,,,,,6.89200020,2.3199999,,,,,6.89200020,2.83999991,
,,,6.89600039,2.3599999,,,,,6.89600039,2.4400001,,,,,6.89600039,2.3999999,,,,,6.89600039,2.91999984,
,,,6.90000010,2.3599999,,,,,6.90000010,2.3999999,,,,,6.90000010,2.5599999,,,,,6.90000010,3.00000000,
,,,6.90400028,2.3599999,,,,,6.90400028,2.3999999,,,,,6.90400028,2.3999999,,,,,6.90400028,3.03999996,
,,,6.90800047,2.3999999,,,,,6.90800047,2.3999999,,,,,6.90800047,2.4400001,,,,,6.90800047,3.00000000,
,,,6.91200018,2.3599999,,,,,6.91200018,2.4400001,,,,,6.91200018,2.5999999,,,,,6.91200018,3.03999996,
,,,6.91600037,2.3599999,,,,,6.91600037,2.3599999,,,,,6.91600037,2.4800000,,,,,6.91600037,3.00000000,
,,,6.92000055,2.3599999,,,,,6.92000055,2.3999999,,,,,6.92000055,2.4800000,,,,,6.92000055,3.07999992,
,,,6.92400026,2.3599999,,,,,6.92400026,2.4400001,,,,,6.92400026,2.6399999,,,,,6.92400026,3.19999981,
,,,6.92800045,2.3599999,,,,,6.92800045,2.4400001,,,,,6.92800045,2.72000003,,,,,6.92800045,3.03999996,
,,,6.93200016,2.3999999,,,,,6.93200016,2.4400001,,,,,6.93200016,2.5200000,,,,,6.93200016,3.11999989,
,,,6.93600035,2.3599999,,,,,6.93600035,2.4400001,,,,,6.93600035,2.5200000,,,,,6.93600035,3.24000001,
,,,6.94000053,2.3999999,,,,,6.94000053,2.3999999,,,,,6.94000053,2.5599999,,,,,6.94000053,3.11999989,
,,,6.94400024,2.3599999,,,,,6.94400024,2.4400001,,,,,6.94400024,2.5999999,,,,,6.94400024,3.27999997,
,,,6.94800043,2.3599999,,,,,6.94800043,2.4400001,,,,,6.94800043,2.4800000,,,,,6.94800043,3.24000001,
,,,6.95200014,2.3999999,,,,,6.95200014,2.4400001,,,,,6.95200014,2.4800000,,,,,6.95200014,3.15999985,
,,,6.95600033,2.3599999,,,,,6.95600033,2.4400001,,,,,6.95600033,2.5599999,,,,,6.95600033,3.15999985,
,,,6.96000051,2.3599999,,,,,6.96000051,2.3999999,,,,,6.96000051,2.6399999,,,,,6.96000051,3.31999993,
,,,6.96400023,2.3599999,,,,,6.96400023,2.4400001,,,,,6.96400023,2.4400001,,,,,6.96400023,3.31999993,
,,,6.96800041,2.3999999,,,,,6.96800041,2.3599999,,,,,6.96800041,2.4400001,,,,,6.96800041,3.27999997,
,,,6.97200012,2.3599999,,,,,6.97200012,2.4400001,,,,,6.97200012,2.5200000,,,,,6.97200012,3.24000001,
,,,6.97600031,2.3599999,,,,,6.97600031,2.3999999,,,,,6.97600031,2.4400001,,,,,6.97600031,3.27999997,
,,,6.98000050,2.3599999,,,,,6.98000050,2.4400001,,,,,6.98000050,2.4400001,,,,,6.98000050,3.31999993,
,,,6.98400021,2.3599999,,,,,6.98400021,2.4400001,,,,,6.98400021,2.3999999,,,,,6.98400021,3.43999982,
,,,6.98800039,2.3599999,,,,,6.98800039,2.4400001,,,,,6.98800039,2.3199999,,,,,6.98800039,3.35999990,
,,,6.99200010,2.3599999,,,,,6.99200010,2.3999999,,,,,6.99200010,2.5200000,,,,,6.99200010,3.35999990,
,,,6.99600029,2.3599999,,,,,6.99600029,2.4400001,,,,,6.99600029,2.4800000,,,,,6.99600029,3.35999990,
,,,7.00000048,2.3599999,,,,,7.00000048,2.4400001,,,,,7.00000048,2.3199999,,,,,7.00000048,3.27999997,
,,,7.00400019,2.3999999,,,,,7.00400019,2.4400001,,,,,7.00400019,2.4400001,,,,,7.00400019,3.48000002,
,,,7.00800037,2.3599999,,,,,7.00800037,2.4400001,,,,,7.00800037,2.5200000,,,,,7.00800037,3.27999997,
,,,7.01200056,2.3599999,,,,,7.01200056,2.4400001,,,,,7.01200056,2.4800000,,,,,7.01200056,3.27999997,
,,,7.01600027,2.3599999,,,,,7.01600027,2.4400001,,,,,7.01600027,2.3599999,,,,,7.01600027,3.27999997,
,,,7.02000046,2.3999999,,,,,7.02000046,2.4400001,,,,,7.02000046,2.3999999,,,,,7.02000046,3.39999986,
,,,7.02400017,2.3599999,,,,,7.02400017,2.4400001,,,,,7.02400017,2.3199999,,,,,7.02400017,3.48000002,
,,,7.02800035,2.3599999,,,,,7.02800035,2.4400001,,,,,7.02800035,2.3599999,,,,,7.02800035,3.39999986,
,,,7.03200054,2.3599999,,,,,7.03200054,2.3999999,,,,,7.03200054,2.4400001,,,,,7.03200054,3.51999998,
,,,7.03600025,2.3999999,,,,,7.03600025,2.3999999,,,,,7.03600025,2.3599999,,,,,7.03600025,3.31999993,
,,,7.04000044,2.3599999,,,,,7.04000044,2.4400001,,,,,7.04000044,2.2400000,,,,,7.04000044,3.51999998,
,,,7.04400015,2.3599999,,,,,7.04400015,2.4400001,,,,,7.04400015,2.3599999,,,,,7.04400015,3.39999986,
,,,7.04800034,2.3599999,,,,,7.04800034,2.4400001,,,,,7.04800034,2.4400001,,,,,7.04800034,3.51999998,
,,,7.05200052,2.3999999,,,,,7.05200052,2.4400001,,,,,7.05200052,2.3999999,,,,,7.05200052,3.35999990,
,,,7.05600023,2.3599999,,,,,7.05600023,2.3599999,,,,,7.05600023,2.4400001,,,,,7.05600023,3.27999997,
,,,7.06000042,2.3599999,,,,,7.06000042,2.4400001,,,,,7.06000042,2.3599999,,,,,7.06000042,3.55999994,
,,,7.06400013,2.3599999,,,,,7.06400013,2.3999999,,,,,7.06400013,2.3199999,,,,,7.06400013,3.51999998,
,,,7.06800032,2.3599999,,,,,7.06800032,2.3999999,,,,,7.06800032,2.3199999,,,,,7.06800032,3.55999994,
,,,7.07200050,2.3599999,,,,,7.07200050,2.3599999,,,,,7.07200050,2.2800000,,,,,7.07200050,3.55999994,
,,,7.07600021,2.3599999,,,,,7.07600021,2.4400001,,,,,7.07600021,2.2000000,,,,,7.07600021,3.31999993,
,,,7.08000040,2.3599999,,,,,7.08000040,2.3999999,,,,,7.08000040,2.1599998,,,,,7.08000040,3.48000002,
,,,7.08400011,2.3999999,,,,,7.08400011,2.3999999,,,,,7.08400011,2.2800000,,,,,7.08400011,3.75999999,
,,,7.08800030,2.3599999,,,,,7.08800030,2.4400001,,,,,7.08800030,2.3199999,,,,,7.08800030,3.48000002,
,,,7.09200048,2.3599999,,,,,7.09200048,2.4400001,,,,,7.09200048,2.3999999,,,,,7.09200048,3.48000002,
,,,7.09600019,2.3599999,,,,,7.09600019,2.3599999,,,,,7.09600019,2.3199999,,,,,7.09600019,3.35999990,
,,,7.10000038,2.3599999,,,,,7.10000038,2.4400001,,,,,7.10000038,2.3599999,,,,,7.10000038,3.43999982,
,,,7.10400057,2.3599999,,,,,7.10400057,2.3999999,,,,,7.10400057,2.3999999,,,,,7.10400057,3.39999986,
,,,7.10800028,2.3599999,,,,,7.10800028,2.4400001,,,,,7.10800028,2.3999999,,,,,7.10800028,3.59999990,
,,,7.11200047,2.3599999,,,,,7.11200047,2.4400001,,,,,7.11200047,2.3999999,,,,,7.11200047,3.48000002,
,,,7.11600018,2.3599999,,,,,7.11600018,2.3999999,,,,,7.11600018,2.4800000,,,,,7.11600018,3.31999993,
,,,7.12000036,2.3599999,,,,,7.12000036,2.4400001,,,,,7.12000036,2.3999999,,,,,7.12000036,3.43999982,
,,,7.12400055,2.3599999,,,,,7.12400055,2.4400001,,,,,7.12400055,2.2000000,,,,,7.12400055,3.55999994,
,,,7.12800026,2.3599999,,,,,7.12800026,2.3999999,,,,,7.12800026,2.2800000,,,,,7.12800026,3.48000002,
,,,7.13200045,2.3599999,,,,,7.13200045,2.4400001,,,,,7.13200045,2.4400001,,,,,7.13200045,3.43999982,
,,,7.13600016,2.3599999,,,,,7.13600016,2.3999999,,,,,7.13600016,2.3199999,,,,,7.13600016,3.51999998,
,,,7.14000034,2.3599999,,,,,7.14000034,2.3999999,,,,,7.14000034,2.1599998,,,,,7.14000034,3.51999998,
,,,7.14400053,2.3599999,,,,,7.14400053,2.4400001,,,,,7.14400053,2.3999999,,,,,7.14400053,3.48000002,
,,,7.14800024,2.3599999,,,,,7.14800024,2.4400001,,,,,7.14800024,2.4400001,,,,,7.14800024,3.59999990,
,,,7.15200043,2.3599999,,,,,7.15200043,2.4400001,,,,,7.15200043,2.2000000,,,,,7.15200043,3.48000002,
,,,7.15600014,2.3599999,,,,,7.15600014,2.4400001,,,,,7.15600014,2.5599999,,,,,7.15600014,3.35999990,
,,,7.16000032,2.3599999,,,,,7.16000032,2.3999999,,,,,7.16000032,2.3999999,,,,,7.16000032,3.48000002,
,,,7.16400051,2.3999999,,,,,7.16400051,2.4400001,,,,,7.16400051,2.2000000,,,,,7.16400051,3.51999998,
,,,7.16800022,2.3599999,,,,,7.16800022,2.3999999,,,,,7.16800022,2.2400000,,,,,7.16800022,3.51999998,
,,,7.17200041,2.3599999,,,,,7.17200041,2.4400001,,,,,7.17200041,2.4800000,,,,,7.17200041,3.48000002,
,,,7.17600012,2.3599999,,,,,7.17600012,2.4400001,,,,,7.17600012,2.3199999,,,,,7.17600012,3.35999990,
,,,7.18000031,2.3599999,,,,,7.18000031,2.3999999,,,,,7.18000031,2.3199999,,,,,7.18000031,3.55999994,
,,,7.18400049,2.3599999,,,,,7.18400049,2.4400001,,,,,7.18400049,2.2800000,,,,,7.18400049,3.51999998,
,,,7.18800020,2.3599999,,,,,7.18800020,2.4400001,,,,,7.18800020,2.4400001,,,,,7.18800020,3.55999994,
,,,7.19200039,2.3599999,,,,,7.19200039,2.4400001,,,,,7.19200039,2.2800000,,,,,7.19200039,3.48000002,
,,,7.19600058,2.3599999,,,,,7.19600058,2.4400001,,,,,7.19600058,2.1599998,,,,,7.19600058,3.35999990,
,,,7.20000029,2.3599999,,,,,7.20000029,2.4400001,,,,,7.20000029,2.2400000,,,,,7.20000029,3.55999994,
,,,7.20400047,2.3599999,,,,,7.20400047,2.3999999,,,,,7.20400047,2.3599999,,,,,7.20400047,3.51999998,
,,,7.20800018,2.3599999,,,,,7.20800018,2.4400001,,,,,7.20800018,2.3599999,,,,,7.20800018,3.51999998,
,,,7.21200037,2.3999999,,,,,7.21200037,2.4400001,,,,,7.21200037,2.2400000,,,,,7.21200037,3.43999982,
,,,7.21600056,2.3999999,,,,,7.21600056,2.3999999,,,,,7.21600056,2.5200000,,,,,7.21600056,3.43999982,
,,,7.22000027,2.3599999,,,,,7.22000027,2.4400001,,,,,7.22000027,2.3599999,,,,,7.22000027,3.48000002,
,,,7.22400045,2.3999999,,,,,7.22400045,2.4400001,,,,,7.22400045,2.2000000,,,,,7.22400045,3.59999990,
,,,7.22800016,2.3999999,,,,,7.22800016,2.3999999,,,,,7.22800016,2.3999999,,,,,7.22800016,3.48000002,
,,,7.23200035,2.3599999,,,,,7.23200035,2.3999999,,,,,7.23200035,2.2000000,,,,,7.23200035,3.48000002,
,,,7.23600054,2.3599999,,,,,7.23600054,2.4400001,,,,,7.23600054,2.3599999,,,,,7.23600054,3.43999982,
,,,7.24000025,2.3599999,,,,,7.24000025,2.4400001,,,,,7.24000025,2.3599999,,,,,7.24000025,3.43999982,
,,,7.24400043,2.3599999,,,,,7.24400043,2.4400001,,,,,7.24400043,2.2000000,,,,,7.24400043,3.51999998,
,,,7.24800014,2.3599999,,,,,7.24800014,2.4400001,,,,,7.24800014,2.2800000,,,,,7.24800014,3.35999990,
,,,7.25200033,2.3599999,,,,,7.25200033,2.3999999,,,,,7.25200033,2.3599999,,,,,7.25200033,3.55999994,
,,,7.25600052,2.3599999,,,,,7.25600052,2.4400001,,,,,7.25600052,2.1599998,,,,,7.25600052,3.35999990,
,,,7.26000023,2.3599999,,,,,7.26000023,2.4400001,,,,,7.26000023,2.2800000,,,,,7.26000023,3.55999994,
,,,7.26400042,2.3599999,,,,,7.26400042,2.4400001,,,,,7.26400042,2.3199999,,,,,7.26400042,3.67999983,
,,,7.26800013,2.3599999,,,,,7.26800013,2.3999999,,,,,7.26800013,2.3999999,,,,,7.26800013,3.48000002,
,,,7.27200031,2.3999999,,,,,7.27200031,2.4400001,,,,,7.27200031,2.1599998,,,,,7.27200031,3.48000002,
,,,7.27600050,2.3599999,,,,,7.27600050,2.4400001,,,,,7.27600050,2.0799999,,,,,7.27600050,3.48000002,
,,,7.28000021,2.3599999,,,,,7.28000021,2.4400001,,,,,7.28000021,2.2400000,,,,,7.28000021,3.48000002,
,,,7.28400040,2.3599999,,,,,7.28400040,2.4400001,,,,,7.28400040,2.3599999,,,,,7.28400040,3.63999987,
,,,7.28800058,2.3599999,,,,,7.28800058,2.3999999,,,,,7.28800058,2.3199999,,,,,7.28800058,3.39999986,
,,,7.29200029,2.3999999,,,,,7.29200029,2.3999999,,,,,7.29200029,2.2400000,,,,,7.29200029,3.51999998,
,,,7.29600048,2.3999999,,,,,7.29600048,2.4800000,,,,,7.29600048,2.3999999,,,,,7.29600048,3.48000002,
,,,7.30000019,2.3599999,,,,,7.30000019,2.4400001,,,,,7.30000019,2.4400001,,,,,7.30000019,3.51999998,
,,,7.30400038,2.3599999,,,,,7.30400038,2.3999999,,,,,7.30400038,2.3599999,,,,,7.30400038,3.55999994,
,,,7.30800056,2.3599999,,,,,7.30800056,2.4400001,,,,,7.30800056,2.2800000,,,,,7.30800056,3.48000002,
,,,7.31200027,2.3599999,,,,,7.31200027,2.4400001,,,,,7.31200027,2.2400000,,,,,7.31200027,3.51999998,
,,,7.31600046,2.3599999,,,,,7.31600046,2.4400001,,,,,7.31600046,2.2400000,,,,,7.31600046,3.48000002,
,,,7.32000017,2.3599999,,,,,7.32000017,2.4400001,,,,,7.32000017,2.5200000,,,,,7.32000017,3.48000002,
,,,7.32400036,2.3599999,,,,,7.32400036,2.4400001,,,,,7.32400036,2.2800000,,,,,7.32400036,3.67999983,
,,,7.32800055,2.3999999,,,,,7.32800055,2.4400001,,,,,7.32800055,2.2000000,,,,,7.32800055,3.51999998,
,,,7.33200026,2.3599999,,,,,7.33200026,2.3999999,,,,,7.33200026,2.1599998,,,,,7.33200026,3.91999984,
,,,7.33600044,2.3599999,,,,,7.33600044,2.4400001,,,,,7.33600044,2.3199999,,,,,7.33600044,3.51999998,
,,,7.34000015,2.3599999,,,,,7.34000015,2.4400001,,,,,7.34000015,2.2000000,,,,,7.34000015,3.51999998,
,,,7.34400034,2.3599999,,,,,7.34400034,2.3999999,,,,,7.34400034,2.3999999,,,,,7.34400034,3.55999994,
,,,7.34800053,2.3599999,,,,,7.34800053,2.4400001,,,,,7.34800053,2.3599999,,,,,7.34800053,3.51999998,
,,,7.35200024,2.3999999,,,,,7.35200024,2.4800000,,,,,7.35200024,2.3999999,,,,,7.35200024,3.51999998,
,,,7.35600042,2.3599999,,,,,7.35600042,2.4400001,,,,,7.35600042,2.3199999,,,,,7.35600042,3.51999998,
,,,7.36000013,2.3599999,,,,,7.36000013,2.4400001,,,,,7.36000013,2.3999999,,,,,7.36000013,3.63999987,
,,,7.36400032,2.3599999,,,,,7.36400032,2.4400001,,,,,7.36400032,2.2400000,,,,,7.36400032,3.51999998,
,,,7.36800051,2.3599999,,,,,7.36800051,2.4400001,,,,,7.36800051,2.2400000,,,,,7.36800051,3.51999998,
,,,7.37200022,2.3599999,,,,,7.37200022,2.4400001,,,,,7.37200022,2.3599999,,,,,7.37200022,3.48000002,
,,,7.37600040,2.3599999,,,,,7.37600040,2.4400001,,,,,7.37600040,2.4800000,,,,,7.37600040,3.48000002,
,,,7.38000011,2.3599999,,,,,7.38000011,2.4400001,,,,,7.38000011,2.4400001,,,,,7.38000011,3.63999987,
,,,7.38400030,2.3599999,,,,,7.38400030,2.3999999,,,,,7.38400030,2.2400000,,,,,7.38400030,3.59999990,
,,,7.38800049,2.3999999,,,,,7.38800049,2.3999999,,,,,7.38800049,2.3999999,,,,,7.38800049,3.59999990,
,,,7.392000198,2.3599999,,,,,7.392000198,2.4400001,,,,,7.392000198,2.3199999,,,,,7.392000198,3.59999990,
,,,7.396000385,2.3599999,,,,,7.396000385,2.4400001,,,,,7.396000385,2.2000000,,,,,7.396000385,3.51999998,
,,,7.400000572,2.3599999,,,,,7.400000572,2.4400001,,,,,7.400000572,2.3599999,,,,,7.400000572,3.51999998,
,,,7.404000282,2.3599999,,,,,7.404000282,2.4400001,,,,,7.404000282,2.1199999,,,,,7.404000282,3.48000002,
,,,7.408000469,2.3199999,,,,,7.408000469,2.4400001,,,,,7.408000469,2.2000000,,,,,7.408000469,3.55999994,
,,,7.412000179,2.3599999,,,,,7.412000179,2.4400001,,,,,7.412000179,2.2800000,,,,,7.412000179,3.51999998,
,,,7.416000366,2.3599999,,,,,7.416000366,2.4400001,,,,,7.416000366,2.3599999,,,,,7.416000366,3.35999990,
,,,7.420000553,2.3599999,,,,,7.420000553,2.3999999,,,,,7.420000553,2.2800000,,,,,7.420000553,3.55999994,
,,,7.424000263,2.3599999,,,,,7.424000263,2.4400001,,,,,7.424000263,2.3599999,,,,,7.424000263,3.55999994,
,,,7.428000450,2.3599999,,,,,7.428000450,2.4400001,,,,,7.428000450,2.1599998,,,,,7.428000450,3.59999990,
,,,7.432000160,2.3599999,,,,,7.432000160,2.4400001,,,,,7.432000160,2.3199999,,,,,7.432000160,3.59999990,
,,,7.436000347,2.3599999,,,,,7.436000347,2.4400001,,,,,7.436000347,2.1199999,,,,,7.436000347,3.43999982,
,,,7.440000534,2.3999999,,,,,7.440000534,2.3999999,,,,,7.440000534,2.3199999,,,,,7.440000534,3.72000003,
,,,7.444000244,2.3599999,,,,,7.444000244,2.4400001,,,,,7.444000244,2.1599998,,,,,7.444000244,3.55999994,
,,,7.448000431,2.3599999,,,,,7.448000431,2.4400001,,,,,7.448000431,2.2400000,,,,,7.448000431,3.59999990,
,,,7.452000141,2.3599999,,,,,7.452000141,2.3999999,,,,,7.452000141,2.1599998,,,,,7.452000141,3.55999994,
,,,7.456000328,2.3999999,,,,,7.456000328,2.4800000,,,,,7.456000328,2.2800000,,,,,7.456000328,3.43999982,
,,,7.460000515,2.3599999,,,,,7.460000515,2.4400001,,,,,7.460000515,2.1599998,,,,,7.460000515,3.63999987,
,,,7.464000225,2.3599999,,,,,7.464000225,2.4400001,,,,,7.464000225,2.3199999,,,,,7.464000225,3.39999986,
,,,7.468000412,2.3599999,,,,,7.468000412,2.3599999,,,,,7.468000412,2.3599999,,,,,7.468000412,3.59999990,
,,,7.472000122,2.3599999,,,,,7.472000122,2.4800000,,,,,7.472000122,2.1199999,,,,,7.472000122,3.59999990,
,,,7.476000309,2.3599999,,,,,7.476000309,2.3999999,,,,,7.476000309,2.1599998,,,,,7.476000309,3.63999987,
,,,7.480000496,2.3599999,,,,,7.480000496,2.4400001,,,,,7.480000496,2.3599999,,,,,7.480000496,3.55999994,
,,,7.484000206,2.3599999,,,,,7.484000206,2.4400001,,,,,7.484000206,2.2000000,,,,,7.484000206,3.55999994,
,,,7.488000393,2.3599999,,,,,7.488000393,2.4400001,,,,,7.488000393,2.1599998,,,,,7.488000393,3.51999998,
,,,7.492000580,2.3599999,,,,,7.492000580,2.4400001,,,,,7.492000580,2.2000000,,,,,7.492000580,3.55999994,
,,,7.496000290,2.3599999,,,,,7.496000290,2.4400001,,,,,7.496000290,2.2000000,,,,,7.496000290,3.51999998,
,,,7.500000477,2.3599999,,,,,7.500000477,2.4400001,,,,,7.500000477,2.2800000,,,,,7.500000477,3.31999993,
,,,7.504000187,2.3599999,,,,,7.504000187,2.4400001,,,,,7.504000187,2.0799999,,,,,7.504000187,3.67999983,
,,,7.508000374,2.3599999,,,,,7.508000374,2.4400001,,,,,7.508000374,2.2400000,,,,,7.508000374,3.51999998,
,,,7.512000561,2.3599999,,,,,7.512000561,2.4400001,,,,,7.512000561,2.2400000,,,,,7.512000561,3.59999990,
,,,7.516000271,2.3599999,,,,,7.516000271,2.4400001,,,,,7.516000271,2.0799999,,,,,7.516000271,3.59999990,
,,,7.520000458,2.3599999,,,,,7.520000458,2.4400001,,,,,7.520000458,2.0799999,,,,,7.520000458,3.48000002,
,,,7.524000168,2.3599999,,,,,7.524000168,2.3999999,,,,,7.524000168,2.0799999,,,,,7.524000168,3.59999990,
,,,7.528000355,2.3599999,,,,,7.528000355,2.4400001,,,,,7.528000355,2.2000000,,,,,7.528000355,3.55999994,
,,,7.532000542,2.3599999,,,,,7.532000542,2.4400001,,,,,7.532000542,2.2400000,,,,,7.532000542,3.43999982,
,,,7.536000252,2.3599999,,,,,7.536000252,2.4400001,,,,,7.536000252,2.2400000,,,,,7.536000252,3.48000002,
,,,7.540000439,2.3599999,,,,,7.540000439,2.4400001,,,,,7.540000439,2.2000000,,,,,7.540000439,3.43999982,
,,,7.544000149,2.3599999,,,,,7.544000149,2.4400001,,,,,7.544000149,2.2800000,,,,,7.544000149,3.67999983,
,,,7.548000336,2.3599999,,,,,7.548000336,2.4400001,,,,,7.548000336,2.2000000,,,,,7.548000336,3.43999982,
,,,7.552000523,2.3599999,,,,,7.552000523,2.3999999,,,,,7.552000523,2.3199999,,,,,7.552000523,3.43999982,
,,,7.556000233,2.3599999,,,,,7.556000233,2.4400001,,,,,7.556000233,2.2000000,,,,,7.556000233,3.48000002,
,,,7.560000420,2.3599999,,,,,7.560000420,2.3599999,,,,,7.560000420,2.1599998,,,,,7.560000420,3.67999983,
,,,7.564000130,2.3999999,,,,,7.564000130,2.4400001,,,,,7.564000130,2.1199999,,,,,7.564000130,3.63999987,
,,,7.568000317,2.3999999,,,,,7.568000317,2.4800000,,,,,7.568000317,1.9599999,,,,,7.568000317,3.51999998,
,,,7.572000504,2.3599999,,,,,7.572000504,2.3999999,,,,,7.572000504,2.2400000,,,,,7.572000504,3.55999994,
,,,7.576000214,2.3599999,,,,,7.576000214,2.4400001,,,,,7.576000214,2.2800000,,,,,7.576000214,3.51999998,
,,,7.580000401,2.3599999,,,,,7.580000401,2.4400001,,,,,7.580000401,2.2000000,,,,,7.580000401,3.59999990,
,,,7.584000587,2.3599999,,,,,7.584000587,2.4400001,,,,,7.584000587,2.3199999,,,,,7.584000587,3.87999988,
,,,7.588000298,2.3599999,,,,,7.588000298,2.3999999,,,,,7.588000298,2.3999999,,,,,7.588000298,3.59999990,
,,,7.592000484,2.3599999,,,,,7.592000484,2.4400001,,,,,7.592000484,2.1599998,,,,,7.592000484,3.48000002,
,,,7.596000195,2.3599999,,,,,7.596000195,2.4400001,,,,,7.596000195,2.3999999,,,,,7.596000195,3.48000002,
,,,7.600000381,2.3599999,,,,,7.600000381,2.4400001,,,,,7.600000381,2.2400000,,,,,7.600000381,3.51999998,
,,,7.604000568,2.3599999,,,,,7.604000568,2.4400001,,,,,7.604000568,2.3199999,,,,,7.604000568,3.59999990,
,,,7.608000278,2.3599999,,,,,7.608000278,2.4400001,,,,,7.608000278,2.3199999,,,,,7.608000278,3.31999993,
,,,7.612000465,2.3599999,,,,,7.612000465,2.3999999,,,,,7.612000465,2.3199999,,,,,7.612000465,3.55999994,
,,,7.616000175,2.3599999,,,,,7.616000175,2.4400001,,,,,7.616000175,2.3999999,,,,,7.616000175,3.39999986,
,,,7.620000362,2.3599999,,,,,7.620000362,2.4400001,,,,,7.620000362,2.2800000,,,,,7.620000362,3.51999998,
,,,7.624000549,2.3599999,,,,,7.624000549,2.4400001,,,,,7.624000549,2.2800000,,,,,7.624000549,3.63999987,
,,,7.628000259,2.3599999,,,,,7.628000259,2.4800000,,,,,7.628000259,2.2800000,,,,,7.628000259,3.55999994,
,,,7.632000446,2.3599999,,,,,7.632000446,2.4400001,,,,,7.632000446,2.3599999,,,,,7.632000446,3.63999987,
,,,7.636000156,2.3599999,,,,,7.636000156,2.4400001,,,,,7.636000156,2.1599998,,,,,7.636000156,3.39999986,
,,,7.640000343,2.3599999,,,,,7.640000343,2.4400001,,,,,7.640000343,2.1599998,,,,,7.640000343,3.63999987,
,,,7.644000530,2.3599999,,,,,7.644000530,2.4400001,,,,,7.644000530,2.2000000,,,,,7.644000530,3.59999990,
,,,7.648000240,2.3599999,,,,,7.648000240,2.4400001,,,,,7.648000240,2.3199999,,,,,7.648000240,3.51999998,
,,,7.652000427,2.3599999,,,,,7.652000427,2.4400001,,,,,7.652000427,2.2800000,,,,,7.652000427,3.59999990,
,,,7.656000137,2.3599999,,,,,7.656000137,2.4400001,,,,,7.656000137,2.3199999,,,,,7.656000137,3.48000002,
,,,7.660000324,2.3599999,,,,,7.660000324,2.4800000,,,,,7.660000324,2.2800000,,,,,7.660000324,3.55999994,
,,,7.664000511,2.3599999,,,,,7.664000511,2.4800000,,,,,7.664000511,2.2000000,,,,,7.664000511,3.59999990,
,,,7.668000221,2.3999999,,,,,7.668000221,2.4400001,,,,,7.668000221,2.3999999,,,,,7.668000221,3.51999998,
,,,7.672000408,2.3599999,,,,,7.672000408,2.4400001,,,,,7.672000408,2.2800000,,,,,7.672000408,3.43999982,
,,,7.676000595,2.3599999,,,,,7.676000595,2.4400001,,,,,7.676000595,2.3999999,,,,,7.676000595,3.59999990,
,,,7.680000305,2.3599999,,,,,7.680000305,2.4400001,,,,,7.680000305,2.2800000,,,,,7.680000305,3.51999998,
,,,7.684000492,2.3599999,,,,,7.684000492,2.4400001,,,,,7.684000492,2.2000000,,,,,7.684000492,3.59999990,
,,,7.688000202,2.3599999,,,,,7.688000202,2.4400001,,,,,7.688000202,2.2400000,,,,,7.688000202,3.55999994,
,,,7.692000389,2.3599999,,,,,7.692000389,2.4400001,,,,,7.692000389,2.4800000,,,,,7.692000389,3.63999987,
,,,7.696000576,2.3599999,,,,,7.696000576,2.4400001,,,,,7.696000576,2.3599999,,,,,7.696000576,3.51999998,
,,,7.700000286,2.3599999,,,,,7.700000286,2.4400001,,,,,7.700000286,2.2000000,,,,,7.700000286,3.55999994,
,,,7.704000473,2.3599999,,,,,7.704000473,2.4400001,,,,,7.704000473,2.3199999,,,,,7.704000473,3.63999987,
,,,7.708000183,2.3599999,,,,,7.708000183,2.4400001,,,,,7.708000183,2.2000000,,,,,7.708000183,3.48000002,
,,,7.712000370,2.3599999,,,,,7.712000370,2.4400001,,,,,7.712000370,2.3599999,,,,,7.712000370,3.51999998,
,,,7.716000557,2.3599999,,,,,7.716000557,2.4400001,,,,,7.716000557,2.2800000,,,,,7.716000557,3.48000002,
,,,7.720000267,2.3599999,,,,,7.720000267,2.4400001,,,,,7.720000267,2.2000000,,,,,7.720000267,3.51999998,
,,,7.724000454,2.3599999,,,,,7.724000454,2.4400001,,,,,7.724000454,2.2800000,,,,,7.724000454,3.51999998,
,,,7.728000164,2.3599999,,,,,7.728000164,2.4400001,,,,,7.728000164,2.2400000,,,,,7.728000164,3.43999982,
,,,7.732000351,2.3999999,,,,,7.732000351,2.4400001,,,,,7.732000351,2.3599999,,,,,7.732000351,3.43999982,
,,,7.736000538,2.3599999,,,,,7.736000538,2.4400001,,,,,7.736000538,2.3599999,,,,,7.736000538,3.39999986,
,,,7.740000248,2.3999999,,,,,7.740000248,2.4400001,,,,,7.740000248,2.3199999,,,,,7.740000248,3.48000002,
,,,7.744000435,2.3599999,,,,,7.744000435,2.4400001,,,,,7.744000435,2.2000000,,,,,7.744000435,3.55999994,
,,,7.748000145,2.3599999,,,,,7.748000145,2.4400001,,,,,7.748000145,2.3199999,,,,,7.748000145,3.59999990,
,,,7.752000332,2.3599999,,,,,7.752000332,2.4400001,,,,,7.752000332,2.2000000,,,,,7.752000332,3.59999990,
,,,7.756000519,2.3599999,,,,,7.756000519,2.4400001,,,,,7.756000519,2.4800000,,,,,7.756000519,3.39999986,
,,,7.760000229,2.3599999,,,,,7.760000229,2.4400001,,,,,7.760000229,2.2000000,,,,,7.760000229,3.51999998,
,,,7.764000416,2.3599999,,,,,7.764000416,2.4400001,,,,,7.764000416,2.1599998,,,,,7.764000416,3.48000002,
,,,7.768000603,2.3599999,,,,,7.768000603,2.4400001,,,,,7.768000603,2.3199999,,,,,7.768000603,4.48000002,
,,,7.772000313,2.3599999,,,,,7.772000313,2.4400001,,,,,7.772000313,2.2800000,,,,,7.772000313,4.55999994,
,,,7.776000500,2.3599999,,,,,7.776000500,2.4400001,,,,,7.776000500,2.0000000,,,,,7.776000500,4.51999998,
,,,7.780000210,2.3599999,,,,,7.780000210,2.4400001,,,,,7.780000210,2.0000000,,,,,7.780000210,4.27999973,
,,,7.784000397,2.3599999,,,,,7.784000397,2.4400001,,,,,7.784000397,1.8800000,,,,,7.784000397,4.83999968,
,,,7.788000584,2.3599999,,,,,7.788000584,2.4400001,,,,,7.788000584,2.0799999,,,,,7.788000584,4.83999968,
,,,7.792000294,2.3599999,,,,,7.792000294,2.4400001,,,,,7.792000294,2.0000000,,,,,7.792000294,4.83999968,
,,,7.796000481,2.3599999,,,,,7.796000481,2.4400001,,,,,7.796000481,2.0400000,,,,,7.796000481,4.83999968,
,,,7.800000191,2.3599999,,,,,7.800000191,2.4400001,,,,,7.800000191,2.0000000,,,,,7.800000191,4.63999987,
,,,7.804000378,2.3599999,,,,,7.804000378,2.4400001,,,,,7.804000378,2.1199999,,,,,7.804000378,4.67999983,
,,,7.808000565,2.3599999,,,,,7.808000565,2.4400001,,,,,7.808000565,2.1599998,,,,,7.808000565,4.59999990,
,,,7.812000275,2.3599999,,,,,7.812000275,2.4800000,,,,,7.812000275,2.1199999,,,,,7.812000275,4.36000013,
,,,7.816000462,2.3599999,,,,,7.816000462,2.4400001,,,,,7.816000462,2.1599998,,,,,7.816000462,4.40000010,
,,,7.820000172,2.3599999,,,,,7.820000172,2.4400001,,,,,7.820000172,2.3199999,,,,,7.820000172,4.36000013,
,,,7.824000359,2.3599999,,,,,7.824000359,2.4400001,,,,,7.824000359,2.0400000,,,,,7.824000359,4.36000013,
,,,7.828000546,2.3599999,,,,,7.828000546,2.4400001,,,,,7.828000546,2.1199999,,,,,7.828000546,4.36000013,
,,,7.832000256,2.3599999,,,,,7.832000256,2.3999999,,,,,7.832000256,2.1599998,,,,,7.832000256,3.72000003,
,,,7.836000443,2.3599999,,,,,7.836000443,2.4400001,,,,,7.836000443,2.0799999,,,,,7.836000443,4.11999989,
,,,7.840000153,2.3599999,,,,,7.840000153,2.4400001,,,,,7.840000153,2.1199999,,,,,7.840000153,4.15999985,
,,,7.844000340,2.3999999,,,,,7.844000340,2.3999999,,,,,7.844000340,2.0400000,,,,,7.844000340,4.00000000,
,,,7.848000526,2.3599999,,,,,7.848000526,2.3999999,,,,,7.848000526,2.2000000,,,,,7.848000526,4.03999996,
,,,7.852000237,2.3999999,,,,,7.852000237,2.3999999,,,,,7.852000237,2.1199999,,,,,7.852000237,3.91999984,
,,,7.856000423,2.3999999,,,,,7.856000423,2.3999999,,,,,7.856000423,2.5599999,,,,,7.856000423,2.5999999,
,,,7.860000610,2.3999999,,,,,7.860000610,2.3999999,,,,,7.860000610,2.4800000,,,,,7.860000610,2.2000000,
,,,7.864000320,2.4400001,,,,,7.864000320,2.3999999,,,,,7.864000320,2.3599999,,,,,7.864000320,2.3599999,
,,,7.868000507,2.3599999,,,,,7.868000507,2.4400001,,,,,7.868000507,2.4800000,,,,,7.868000507,2.3599999,
,,,7.872000217,2.3599999,,,,,7.872000217,2.3999999,,,,,7.872000217,2.4400001,,,,,7.872000217,2.3199999,
,,,7.876000404,2.3599999,,,,,7.876000404,2.4400001,,,,,7.876000404,2.4800000,,,,,7.876000404,2.4400001,
,,,7.880000591,2.3999999,,,,,7.880000591,2.4400001,,,,,7.880000591,2.4800000,,,,,7.880000591,2.4800000,
,,,7.884000301,2.3999999,,,,,7.884000301,2.4400001,,,,,7.884000301,2.3599999,,,,,7.884000301,2.5599999,
,,,7.888000488,2.3599999,,,,,7.888000488,2.4400001,,,,,7.888000488,2.3999999,,,,,7.888000488,2.5599999,
,,,7.892000198,2.3599999,,,,,7.892000198,2.3599999,,,,,7.892000198,2.3999999,,,,,7.892000198,2.6399999,
,,,7.896000385,2.3599999,,,,,7.896000385,2.4400001,,,,,7.896000385,2.3199999,,,,,7.896000385,2.6399999,
,,,7.900000572,2.3999999,,,,,7.900000572,2.4400001,,,,,7.900000572,2.4400001,,,,,7.900000572,2.72000003,
,,,7.904000282,2.3999999,,,,,7.904000282,2.4400001,,,,,7.904000282,2.3999999,,,,,7.904000282,2.91999984,
,,,7.908000469,2.3599999,,,,,7.908000469,2.3999999,,,,,7.908000469,2.5999999,,,,,7.908000469,2.87999988,
,,,7.912000179,2.3599999,,,,,7.912000179,2.3999999,,,,,7.912000179,2.3199999,,,,,7.912000179,2.6799998,
,,,7.916000366,2.3999999,,,,,7.916000366,2.4400001,,,,,7.916000366,2.3199999,,,,,7.916000366,2.75999999,
,,,7.920000553,2.3599999,,,,,7.920000553,2.3599999,,,,,7.920000553,2.4800000,,,,,7.920000553,2.96000004,
,,,7.924000263,2.3599999,,,,,7.924000263,2.4400001,,,,,7.924000263,2.3199999,,,,,7.924000263,2.91999984,
,,,7.928000450,2.3599999,,,,,7.928000450,2.3999999,,,,,7.928000450,2.1599998,,,,,7.928000450,2.91999984,
,,,7.932000160,2.3599999,,,,,7.932000160,2.4400001,,,,,7.932000160,2.2800000,,,,,7.932000160,3.03999996,
,,,7.936000347,2.3599999,,,,,7.936000347,2.3999999,,,,,7.936000347,2.3199999,,,,,7.936000347,2.96000004,
,,,7.940000534,2.3599999,,,,,7.940000534,2.3999999,,,,,7.940000534,2.3999999,,,,,7.940000534,3.03999996,
,,,7.944000244,2.3599999,,,,,7.944000244,2.4400001,,,,,7.944000244,2.1599998,,,,,7.944000244,3.07999992,
,,,7.948000431,2.3599999,,,,,7.948000431,2.4400001,,,,,7.948000431,2.3199999,,,,,7.948000431,3.07999992,
,,,7.952000141,2.3599999,,,,,7.952000141,2.3999999,,,,,7.952000141,2.3999999,,,,,7.952000141,3.15999985,
,,,7.956000328,2.3999999,,,,,7.956000328,2.3999999,,,,,7.956000328,2.3199999,,,,,7.956000328,3.03999996,
,,,7.960000515,2.3999999,,,,,7.960000515,2.4400001,,,,,7.960000515,2.3199999,,,,,7.960000515,3.07999992,
,,,7.964000225,2.3599999,,,,,7.964000225,2.3999999,,,,,7.964000225,2.4400001,,,,,7.964000225,3.15999985,
,,,7.968000412,2.3599999,,,,,7.968000412,2.4400001,,,,,7.968000412,2.1599998,,,,,7.968000412,3.15999985,
,,,7.972000599,2.3599999,,,,,7.972000599,2.4400001,,,,,7.972000599,2.2000000,,,,,7.972000599,3.15999985,
,,,7.976000309,2.3599999,,,,,7.976000309,2.3999999,,,,,7.976000309,2.3199999,,,,,7.976000309,3.11999989,
,,,7.980000496,2.3599999,,,,,7.980000496,2.3999999,,,,,7.980000496,2.3599999,,,,,7.980000496,3.35999990,
,,,7.984000206,2.3599999,,,,,7.984000206,2.4400001,,,,,7.984000206,2.0400000,,,,,7.984000206,3.27999997,
,,,7.988000393,2.3599999,,,,,7.988000393,2.4400001,,,,,7.988000393,2.2000000,,,,,7.988000393,3.27999997,
,,,7.992000580,2.3599999,,,,,7.992000580,2.4400001,,,,,7.992000580,2.3599999,,,,,7.992000580,3.31999993,
,,,7.996000290,2.3999999,,,,,7.996000290,2.4400001,,,,,7.996000290,2.3199999,,,,,7.996000290,3.19999981,
,,,8.000000000,2.3599999,,,,,8.000000000,2.4400001,,,,,8.000000000,2.2000000,,,,,8.000000000,3.31999993,
,,,8.004000664,2.3599999,,,,,8.004000664,2.4400001,,,,,8.004000664,2.4400001,,,,,8.004000664,3.35999990,
,,,8.008000374,2.3599999,,,,,8.008000374,2.3999999,,,,,8.008000374,2.4400001,,,,,8.008000374,3.27999997,
,,,8.012000084,2.3599999,,,,,8.012000084,2.4400001,,,,,8.012000084,2.2000000,,,,,8.012000084,3.27999997,
,,,8.016000748,2.3599999,,,,,8.016000748,2.3999999,,,,,8.016000748,2.3599999,,,,,8.016000748,3.27999997,
,,,8.020000458,2.3599999,,,,,8.020000458,2.4400001,,,,,8.020000458,2.3599999,,,,,8.020000458,3.31999993,
,,,8.024000168,2.3599999,,,,,8.024000168,2.4400001,,,,,8.024000168,2.3999999,,,,,8.024000168,3.35999990,
,,,8.028000832,2.3599999,,,,,8.028000832,2.4400001,,,,,8.028000832,2.3199999,,,,,8.028000832,3.31999993,
,,,8.032000542,2.3599999,,,,,8.032000542,2.4400001,,,,,8.032000542,2.5200000,,,,,8.032000542,3.35999990,
,,,8.036000252,2.3599999,,,,,8.036000252,2.3999999,,,,,8.036000252,2.3199999,,,,,8.036000252,3.24000001,
,,,8.039999962,2.3599999,,,,,8.039999962,2.4400001,,,,,8.039999962,2.0799999,,,,,8.039999962,3.31999993,
,,,8.044000626,2.3999999,,,,,8.044000626,2.4400001,,,,,8.044000626,2.1599998,,,,,8.044000626,3.39999986,
,,,8.048000336,2.3999999,,,,,8.048000336,2.4400001,,,,,8.048000336,2.3999999,,,,,8.048000336,3.43999982,
,,,8.052000046,2.3599999,,,,,8.052000046,2.4400001,,,,,8.052000046,2.3999999,,,,,8.052000046,3.27999997,
,,,8.056000710,2.3999999,,,,,8.056000710,2.4400001,,,,,8.056000710,2.4400001,,,,,8.056000710,3.35999990,
,,,8.060000420,2.3599999,,,,,8.060000420,2.4400001,,,,,8.060000420,2.3199999,,,,,8.060000420,3.43999982,
,,,8.064000130,2.3999999,,,,,8.064000130,2.4400001,,,,,8.064000130,2.3199999,,,,,8.064000130,3.48000002,
,,,8.068000793,2.3599999,,,,,8.068000793,2.4400001,,,,,8.068000793,2.3199999,,,,,8.068000793,3.39999986,
,,,8.072000504,2.3599999,,,,,8.072000504,2.4400001,,,,,8.072000504,2.2800000,,,,,8.072000504,3.35999990,
,,,8.076000214,2.3599999,,,,,8.076000214,2.4400001,,,,,8.076000214,2.4400001,,,,,8.076000214,3.31999993,
,,,8.079999924,2.3599999,,,,,8.079999924,2.3999999,,,,,8.079999924,2.2800000,,,,,8.079999924,3.48000002,
,,,8.084000587,2.3599999,,,,,8.084000587,2.4400001,,,,,8.084000587,2.2800000,,,,,8.084000587,3.55999994,
,,,8.088000298,2.3599999,,,,,8.088000298,2.3999999,,,,,8.088000298,2.4400001,,,,,8.088000298,3.35999990,
,,,8.092000008,2.3599999,,,,,8.092000008,2.4400001,,,,,8.092000008,2.3999999,,,,,8.092000008,3.39999986,
,,,8.096000671,2.3599999,,,,,8.096000671,2.4400001,,,,,8.096000671,2.1599998,,,,,8.096000671,3.35999990,
,,,8.100000381,2.3599999,,,,,8.100000381,2.4400001,,,,,8.100000381,2.3999999,,,,,8.100000381,3.39999986,
,,,8.104000092,2.3599999,,,,,8.104000092,2.4400001,,,,,8.104000092,2.1199999,,,,,8.104000092,3.87999988,
,,,8.108000755,2.3599999,,,,,8.108000755,2.3999999,,,,,8.108000755,2.4400001,,,,,8.108000755,3.48000002,
,,,8.112000465,2.3599999,,,,,8.112000465,2.3999999,,,,,8.112000465,2.3599999,,,,,8.112000465,3.43999982,
,,,8.116000175,2.3599999,,,,,8.116000175,2.4400001,,,,,8.116000175,2.3599999,,,,,8.116000175,3.39999986,
,,,8.120000839,2.3999999,,,,,8.120000839,2.4400001,,,,,8.120000839,2.2000000,,,,,8.120000839,3.35999990,
,,,8.124000549,2.3599999,,,,,8.124000549,2.3999999,,,,,8.124000549,2.4400001,,,,,8.124000549,3.35999990,
,,,8.128000259,2.3599999,,,,,8.128000259,2.4400001,,,,,8.128000259,2.3599999,,,,,8.128000259,3.55999994,
,,,8.131999969,2.3599999,,,,,8.131999969,2.3999999,,,,,8.131999969,2.4800000,,,,,8.131999969,3.43999982,
,,,8.136000633,2.3599999,,,,,8.136000633,2.4400001,,,,,8.136000633,2.2400000,,,,,8.136000633,3.35999990,
,,,8.140000343,2.3999999,,,,,8.140000343,2.4400001,,,,,8.140000343,2.3199999,,,,,8.140000343,3.39999986,
,,,8.144000053,2.3599999,,,,,8.144000053,2.4400001,,,,,8.144000053,2.2000000,,,,,8.144000053,3.43999982,
,,,8.148000717,2.3599999,,,,,8.148000717,2.3999999,,,,,8.148000717,2.3199999,,,,,8.148000717,3.55999994,
,,,8.152000427,2.3999999,,,,,8.152000427,2.3999999,,,,,8.152000427,2.2800000,,,,,8.152000427,3.51999998,
,,,8.156000137,2.3599999,,,,,8.156000137,2.4400001,,,,,8.156000137,2.2800000,,,,,8.156000137,3.31999993,
,,,8.160000801,2.3999999,,,,,8.160000801,2.3999999,,,,,8.160000801,2.3199999,,,,,8.160000801,3.51999998,
,,,8.164000511,2.3599999,,,,,8.164000511,2.4400001,,,,,8.164000511,2.2800000,,,,,8.164000511,3.51999998,
,,,8.168000221,2.3599999,,,,,8.168000221,2.3999999,,,,,8.168000221,2.2800000,,,,,8.168000221,3.51999998,
,,,8.171999931,2.3599999,,,,,8.171999931,2.3999999,,,,,8.171999931,2.2400000,,,,,8.171999931,3.35999990,
,,,8.176000595,2.3599999,,,,,8.176000595,2.3999999,,,,,8.176000595,2.2800000,,,,,8.176000595,3.48000002,
,,,8.180000305,2.3599999,,,,,8.180000305,2.3999999,,,,,8.180000305,2.2000000,,,,,8.180000305,3.51999998,
,,,8.184000015,2.3599999,,,,,8.184000015,2.3999999,,,,,8.184000015,2.2000000,,,,,8.184000015,3.35999990,
,,,8.188000679,2.3999999,,,,,8.188000679,2.3999999,,,,,8.188000679,2.2800000,,,,,8.188000679,3.51999998,
,,,8.192000389,2.3999999,,,,,8.192000389,2.4400001,,,,,8.192000389,2.2000000,,,,,8.192000389,3.48000002,
,,,8.196000099,2.3999999,,,,,8.196000099,2.4400001,,,,,8.196000099,2.2800000,,,,,8.196000099,3.39999986,
,,,8.200000763,2.3599999,,,,,8.200000763,2.4400001,,,,,8.200000763,2.0799999,,,,,8.200000763,3.39999986,
,,,8.204000473,2.3599999,,,,,8.204000473,2.3599999,,,,,8.204000473,2.3199999,,,,,8.204000473,3.59999990,
,,,8.208000183,2.3599999,,,,,8.208000183,2.4400001,,,,,8.208000183,2.0799999,,,,,8.208000183,3.51999998,
,,,8.212000847,2.3599999,,,,,8.212000847,2.4400001,,,,,8.212000847,2.2400000,,,,,8.212000847,3.51999998,
,,,8.216000557,2.3599999,,,,,8.216000557,2.3999999,,,,,8.216000557,2.2000000,,,,,8.216000557,3.39999986,
,,,8.220000267,2.3599999,,,,,8.220000267,2.3999999,,,,,8.220000267,2.3999999,,,,,8.220000267,3.48000002,
,,,8.223999977,2.3599999,,,,,8.223999977,2.3999999,,,,,8.223999977,2.1599998,,,,,8.223999977,3.67999983,
,,,8.228000641,2.3599999,,,,,8.228000641,2.3999999,,,,,8.228000641,2.1199999,,,,,8.228000641,3.48000002,
,,,8.232000351,2.3599999,,,,,8.232000351,2.4400001,,,,,8.232000351,2.2000000,,,,,8.232000351,3.48000002,
,,,8.236000061,2.3599999,,,,,8.236000061,2.3999999,,,,,8.236000061,2.2000000,,,,,8.236000061,3.31999993,
,,,8.240000725,2.3599999,,,,,8.240000725,2.4400001,,,,,8.240000725,2.2800000,,,,,8.240000725,3.39999986,
,,,8.244000435,2.3599999,,,,,8.244000435,2.3999999,,,,,8.244000435,2.2800000,,,,,8.244000435,3.51999998,
,,,8.248000145,2.3599999,,,,,8.248000145,2.3599999,,,,,8.248000145,2.3599999,,,,,8.248000145,3.43999982,
,,,8.252000809,2.3599999,,,,,8.252000809,2.4400001,,,,,8.252000809,2.2800000,,,,,8.252000809,3.51999998,
,,,8.256000519,2.3599999,,,,,8.256000519,2.4400001,,,,,8.256000519,2.1599998,,,,,8.256000519,3.39999986,
,,,8.260000229,2.3599999,,,,,8.260000229,2.3999999,,,,,8.260000229,2.1199999,,,,,8.260000229,3.51999998,
,,,8.263999939,2.3599999,,,,,8.263999939,2.4400001,,,,,8.263999939,2.1599998,,,,,8.263999939,3.51999998,
,,,8.268000603,2.3599999,,,,,8.268000603,2.3999999,,,,,8.268000603,2.1599998,,,,,8.268000603,3.48000002,
,,,8.272000313,2.3599999,,,,,8.272000313,2.4400001,,,,,8.272000313,2.3199999,,,,,8.272000313,3.43999982,
,,,8.276000023,2.3999999,,,,,8.276000023,2.4400001,,,,,8.276000023,2.2000000,,,,,8.276000023,3.43999982,
,,,8.280000687,2.3599999,,,,,8.280000687,2.3999999,,,,,8.280000687,2.2800000,,,,,8.280000687,3.48000002,
,,,8.284000397,2.3599999,,,,,8.284000397,2.3999999,,,,,8.284000397,2.3199999,,,,,8.284000397,3.51999998,
,,,8.288000107,2.3999999,,,,,8.288000107,2.4400001,,,,,8.288000107,2.2800000,,,,,8.288000107,3.59999990,
,,,8.292000771,2.3599999,,,,,8.292000771,2.4400001,,,,,8.292000771,2.2800000,,,,,8.292000771,3.48000002,
,,,8.296000481,2.3599999,,,,,8.296000481,2.4400001,,,,,8.296000481,2.3199999,,,,,8.296000481,3.43999982,
,,,8.300000191,2.3599999,,,,,8.300000191,2.4400001,,,,,8.300000191,2.0400000,,,,,8.300000191,3.51999998,
,,,8.304000854,2.3599999,,,,,8.304000854,2.3999999,,,,,8.304000854,2.3199999,,,,,8.304000854,3.55999994,
,,,8.308000565,2.3599999,,,,,8.308000565,2.4400001,,,,,8.308000565,2.3199999,,,,,8.308000565,3.48000002,
,,,8.312000275,2.3599999,,,,,8.312000275,2.3999999,,,,,8.312000275,2.3599999,,,,,8.312000275,3.51999998,
,,,8.315999985,2.3599999,,,,,8.315999985,2.4400001,,,,,8.315999985,2.3199999,,,,,8.315999985,3.51999998,
,,,8.320000648,2.3599999,,,,,8.320000648,2.4400001,,,,,8.320000648,2.2000000,,,,,8.320000648,3.55999994,
,,,8.324000359,2.3599999,,,,,8.324000359,2.3999999,,,,,8.324000359,2.2000000,,,,,8.324000359,3.59999990,
,,,8.328000069,2.3599999,,,,,8.328000069,2.3999999,,,,,8.328000069,2.2400000,,,,,8.328000069,3.59999990,
,,,8.332000732,2.3999999,,,,,8.332000732,2.4400001,,,,,8.332000732,2.3599999,,,,,8.332000732,3.39999986,
,,,8.336000443,2.3599999,,,,,8.336000443,2.3599999,,,,,8.336000443,2.3199999,,,,,8.336000443,3.35999990,
,,,8.340000153,2.3599999,,,,,8.340000153,2.3999999,,,,,8.340000153,2.2000000,,,,,8.340000153,3.59999990,
,,,8.344000816,2.3599999,,,,,8.344000816,2.4400001,,,,,8.344000816,2.2000000,,,,,8.344000816,3.55999994,
,,,8.348000526,2.3599999,,,,,8.348000526,2.3999999,,,,,8.348000526,2.2000000,,,,,8.348000526,3.55999994,
,,,8.352000237,2.3599999,,,,,8.352000237,2.3999999,,,,,8.352000237,2.3199999,,,,,8.352000237,3.48000002,
,,,8.355999947,2.3599999,,,,,8.355999947,2.4400001,,,,,8.355999947,2.3199999,,,,,8.355999947,3.72000003,
,,,8.360000610,2.3999999,,,,,8.360000610,2.3999999,,,,,8.360000610,2.2000000,,,,,8.360000610,3.51999998,
,,,8.364000320,2.3599999,,,,,8.364000320,2.3599999,,,,,8.364000320,2.4400001,,,,,8.364000320,3.51999998,
,,,8.368000031,2.3599999,,,,,8.368000031,2.3999999,,,,,8.368000031,2.1599998,,,,,8.368000031,3.51999998,
,,,8.372000694,2.3999999,,,,,8.372000694,2.4400001,,,,,8.372000694,2.2800000,,,,,8.372000694,3.39999986,
,,,8.376000404,2.3599999,,,,,8.376000404,2.3999999,,,,,8.376000404,2.2800000,,,,,8.376000404,3.55999994,
,,,8.380000114,2.3599999,,,,,8.380000114,2.4400001,,,,,8.380000114,2.1199999,,,,,8.380000114,3.59999990,
,,,8.384000778,2.3599999,,,,,8.384000778,2.3999999,,,,,8.384000778,2.2000000,,,,,8.384000778,3.43999982,
,,,8.388000488,2.3999999,,,,,8.388000488,2.3999999,,,,,8.388000488,2.4400001,,,,,8.388000488,3.55999994,
,,,8.392000198,2.3599999,,,,,8.392000198,2.3999999,,,,,8.392000198,2.2800000,,,,,8.392000198,3.55999994,
,,,8.396000862,2.3999999,,,,,8.396000862,2.4400001,,,,,8.396000862,2.3999999,,,,,8.396000862,3.48000002,
,,,8.400000572,2.3599999,,,,,8.400000572,2.3199999,,,,,8.400000572,2.2400000,,,,,8.400000572,3.63999987,
,,,8.404000282,2.3599999,,,,,8.404000282,2.3999999,,,,,8.404000282,2.3599999,,,,,8.404000282,3.59999990,
,,,8.407999992,2.3599999,,,,,8.407999992,2.4400001,,,,,8.407999992,2.2800000,,,,,8.407999992,3.59999990,
,,,8.412000656,2.3599999,,,,,8.412000656,2.3999999,,,,,8.412000656,2.4400001,,,,,8.412000656,3.51999998,
,,,8.416000366,2.3599999,,,,,8.416000366,2.3999999,,,,,8.416000366,2.3999999,,,,,8.416000366,3.51999998,
,,,8.420000076,2.3599999,,,,,8.420000076,2.3999999,,,,,8.420000076,2.2000000,,,,,8.420000076,3.55999994,
,,,8.424000740,2.3599999,,,,,8.424000740,2.4400001,,,,,8.424000740,2.2400000,,,,,8.424000740,3.59999990,
,,,8.428000450,2.3599999,,,,,8.428000450,2.3999999,,,,,8.428000450,2.3599999,,,,,8.428000450,3.59999990,
,,,8.432000160,2.3599999,,,,,8.432000160,2.3999999,,,,,8.432000160,2.3999999,,,,,8.432000160,3.63999987,
,,,8.436000824,2.3599999,,,,,8.436000824,2.4400001,,,,,8.436000824,2.3999999,,,,,8.436000824,3.55999994,
,,,8.440000534,2.3599999,,,,,8.440000534,2.3999999,,,,,8.440000534,2.3199999,,,,,8.440000534,3.63999987,
,,,8.444000244,2.3599999,,,,,8.444000244,2.3999999,,,,,8.444000244,2.2800000,,,,,8.444000244,3.55999994,
,,,8.447999954,2.3599999,,,,,8.447999954,2.4400001,,,,,8.447999954,2.3199999,,,,,8.447999954,3.67999983,
,,,8.452000618,2.3599999,,,,,8.452000618,2.4400001,,,,,8.452000618,2.3999999,,,,,8.452000618,3.51999998,
,,,8.456000328,2.3599999,,,,,8.456000328,2.4400001,,,,,8.456000328,2.4800000,,,,,8.456000328,3.48000002,
,,,8.460000038,2.3599999,,,,,8.460000038,2.3999999,,,,,8.460000038,2.2400000,,,,,8.460000038,3.51999998,
,,,8.464000702,2.3599999,,,,,8.464000702,2.4400001,,,,,8.464000702,2.2800000,,,,,8.464000702,3.63999987,
,,,8.468000412,2.3599999,,,,,8.468000412,2.4400001,,,,,8.468000412,2.3599999,,,,,8.468000412,3.55999994,
,,,8.472000122,2.3599999,,,,,8.472000122,2.4400001,,,,,8.472000122,2.2400000,,,,,8.472000122,3.51999998,
,,,8.476000786,2.3599999,,,,,8.476000786,2.4400001,,,,,8.476000786,2.2800000,,,,,8.476000786,3.55999994,
,,,8.480000496,2.3599999,,,,,8.480000496,2.4400001,,,,,8.480000496,2.2400000,,,,,8.480000496,3.55999994,
,,,8.484000206,2.3999999,,,,,8.484000206,2.4400001,,,,,8.484000206,2.3999999,,,,,8.484000206,3.63999987,
,,,8.488000870,2.3999999,,,,,8.488000870,2.4400001,,,,,8.488000870,2.4400001,,,,,8.488000870,3.48000002,
,,,8.492000580,2.3599999,,,,,8.492000580,2.3999999,,,,,8.492000580,2.3199999,,,,,8.492000580,3.55999994,
,,,8.496000290,2.3599999,,,,,8.496000290,2.4400001,,,,,8.496000290,2.3599999,,,,,8.496000290,3.48000002,
,,,8.500000000,2.3599999,,,,,8.500000000,2.4400001,,,,,8.500000000,2.3599999,,,,,8.500000000,3.43999982,
,,,8.504000664,2.3599999,,,,,8.504000664,2.3999999,,,,,8.504000664,2.2400000,,,,,8.504000664,3.59999990,
,,,8.508000374,2.3599999,,,,,8.508000374,2.4400001,,,,,8.508000374,2.4400001,,,,,8.508000374,3.51999998,
,,,8.512000084,2.3599999,,,,,8.512000084,2.3999999,,,,,8.512000084,2.2800000,,,,,8.512000084,3.55999994,
,,,8.516000748,2.3599999,,,,,8.516000748,2.3999999,,,,,8.516000748,2.3599999,,,,,8.516000748,3.51999998,
,,,8.520000458,2.3999999,,,,,8.520000458,2.4400001,,,,,8.520000458,2.3599999,,,,,8.520000458,3.59999990,
,,,8.524000168,2.3599999,,,,,8.524000168,2.3999999,,,,,8.524000168,2.2400000,,,,,8.524000168,3.51999998,
,,,8.528000832,2.3599999,,,,,8.528000832,2.3599999,,,,,8.528000832,2.3199999,,,,,8.528000832,3.48000002,
,,,8.532000542,2.3599999,,,,,8.532000542,2.4400001,,,,,8.532000542,2.3199999,,,,,8.532000542,3.39999986,
,,,8.536000252,2.3599999,,,,,8.536000252,2.4400001,,,,,8.536000252,2.3599999,,,,,8.536000252,3.51999998,
,,,8.539999962,2.3599999,,,,,8.539999962,2.3999999,,,,,8.539999962,2.3599999,,,,,8.539999962,3.63999987,
,,,8.544000626,2.3599999,,,,,8.544000626,2.3999999,,,,,8.544000626,2.3999999,,,,,8.544000626,3.63999987,
,,,8.548000336,2.3599999,,,,,8.548000336,2.4400001,,,,,8.548000336,2.2800000,,,,,8.548000336,3.59999990,
,,,8.552000046,2.3599999,,,,,8.552000046,2.3999999,,,,,8.552000046,2.3199999,,,,,8.552000046,3.48000002,
,,,8.556000710,2.3599999,,,,,8.556000710,2.4400001,,,,,8.556000710,2.2400000,,,,,8.556000710,3.39999986,
,,,8.560000420,2.3599999,,,,,8.560000420,2.3599999,,,,,8.560000420,2.2800000,,,,,8.560000420,3.51999998,
,,,8.564000130,2.3599999,,,,,8.564000130,2.4400001,,,,,8.564000130,2.3599999,,,,,8.564000130,3.63999987,
,,,8.568000793,2.3599999,,,,,8.568000793,2.3999999,,,,,8.568000793,2.2000000,,,,,8.568000793,3.51999998,
,,,8.572000504,2.3599999,,,,,8.572000504,2.3999999,,,,,8.572000504,2.4400001,,,,,8.572000504,3.43999982,
,,,8.576000214,2.3999999,,,,,8.576000214,2.3999999,,,,,8.576000214,2.3199999,,,,,8.576000214,3.51999998,
,,,8.580000877,2.3599999,,,,,8.580000877,2.3999999,,,,,8.580000877,2.3199999,,,,,8.580000877,3.59999990,
,,,8.584000587,2.3599999,,,,,8.584000587,2.3999999,,,,,8.584000587,2.3199999,,,,,8.584000587,3.55999994,
,,,8.588000298,2.3599999,,,,,8.588000298,2.3999999,,,,,8.588000298,2.3199999,,,,,8.588000298,3.59999990,
,,,8.592000008,2.3599999,,,,,8.592000008,2.4400001,,,,,8.592000008,2.2000000,,,,,8.592000008,3.55999994,
,,,8.596000671,2.3599999,,,,,8.596000671,2.4400001,,,,,8.596000671,2.1199999,,,,,8.596000671,3.43999982,
,,,8.600000381,2.3599999,,,,,8.600000381,2.4400001,,,,,8.600000381,2.2000000,,,,,8.600000381,3.55999994,
,,,8.604000092,2.3599999,,,,,8.604000092,2.4400001,,,,,8.604000092,2.0000000,,,,,8.604000092,4.00000000,
,,,8.608000755,2.3599999,,,,,8.608000755,2.3999999,,,,,8.608000755,2.1599998,,,,,8.608000755,3.51999998,
,,,8.612000465,2.3599999,,,,,8.612000465,2.3999999,,,,,8.612000465,2.2000000,,,,,8.612000465,3.55999994,
,,,8.616000175,2.3599999,,,,,8.616000175,2.3999999,,,,,8.616000175,2.2400000,,,,,8.616000175,3.51999998,
,,,8.620000839,2.3599999,,,,,8.620000839,2.4400001,,,,,8.620000839,2.0000000,,,,,8.620000839,3.43999982,
,,,8.624000549,2.3999999,,,,,8.624000549,2.4400001,,,,,8.624000549,2.0799999,,,,,8.624000549,3.48000002,
,,,8.628000259,2.3599999,,,,,8.628000259,2.3999999,,,,,8.628000259,2.1199999,,,,,8.628000259,3.63999987,
,,,8.631999969,2.3599999,,,,,8.631999969,2.4400001,,,,,8.631999969,2.3199999,,,,,8.631999969,3.55999994,
,,,8.636000633,2.3599999,,,,,8.636000633,2.3999999,,,,,8.636000633,2.1199999,,,,,8.636000633,3.51999998,
,,,8.640000343,2.3599999,,,,,8.640000343,2.4400001,,,,,8.640000343,2.1599998,,,,,8.640000343,3.55999994,
,,,8.644000053,2.3599999,,,,,8.644000053,2.4400001,,,,,8.644000053,2.0799999,,,,,8.644000053,3.51999998,
,,,8.648000717,2.3599999,,,,,8.648000717,2.4400001,,,,,8.648000717,2.0400000,,,,,8.648000717,3.59999990,
,,,8.652000427,2.3599999,,,,,8.652000427,2.4400001,,,,,8.652000427,2.2000000,,,,,8.652000427,3.43999982,
,,,8.656000137,2.3599999,,,,,8.656000137,2.4400001,,,,,8.656000137,2.2000000,,,,,8.656000137,3.39999986,
,,,8.660000801,2.3599999,,,,,8.660000801,2.4400001,,,,,8.660000801,2.3999999,,,,,8.660000801,3.59999990,
,,,8.664000511,2.3599999,,,,,8.664000511,2.3999999,,,,,8.664000511,2.0799999,,,,,8.664000511,3.67999983,
,,,8.668000221,2.3599999,,,,,8.668000221,2.3999999,,,,,8.668000221,2.2400000,,,,,8.668000221,3.43999982,
,,,8.672000885,2.3599999,,,,,8.672000885,2.3999999,,,,,8.672000885,2.1199999,,,,,8.672000885,3.51999998,
,,,8.676000595,2.3599999,,,,,8.676000595,2.3999999,,,,,8.676000595,2.3599999,,,,,8.676000595,3.39999986,
,,,8.680000305,2.3599999,,,,,8.680000305,2.4400001,,,,,8.680000305,2.0400000,,,,,8.680000305,3.55999994,
,,,8.684000015,2.3999999,,,,,8.684000015,2.4400001,,,,,8.684000015,2.3199999,,,,,8.684000015,3.51999998,
,,,8.688000679,2.3599999,,,,,8.688000679,2.3199999,,,,,8.688000679,2.1599998,,,,,8.688000679,3.63999987,
,,,8.692000389,2.3599999,,,,,8.692000389,2.3999999,,,,,8.692000389,2.2400000,,,,,8.692000389,3.51999998,
,,,8.696000099,2.3599999,,,,,8.696000099,2.4400001,,,,,8.696000099,2.2000000,,,,,8.696000099,3.43999982,
,,,8.700000763,2.3599999,,,,,8.700000763,2.3999999,,,,,8.700000763,2.1599998,,,,,8.700000763,3.48000002,
,,,8.704000473,2.3599999,,,,,8.704000473,2.4400001,,,,,8.704000473,2.3999999,,,,,8.704000473,3.48000002,
,,,8.708000183,2.3999999,,,,,8.708000183,2.4400001,,,,,8.708000183,2.2800000,,,,,8.708000183,3.55999994,
,,,8.712000847,2.3599999,,,,,8.712000847,2.4400001,,,,,8.712000847,2.3199999,,,,,8.712000847,3.51999998,
,,,8.716000557,2.3599999,,,,,8.716000557,2.3999999,,,,,8.716000557,2.2000000,,,,,8.716000557,3.48000002,
,,,8.720000267,2.3599999,,,,,8.720000267,2.4400001,,,,,8.720000267,2.2000000,,,,,8.720000267,3.55999994,
,,,8.723999977,2.3599999,,,,,8.723999977,2.4400001,,,,,8.723999977,2.3199999,,,,,8.723999977,3.51999998,
,,,8.728000641,2.3599999,,,,,8.728000641,2.4400001,,,,,8.728000641,2.3199999,,,,,8.728000641,3.55999994,
,,,8.732000351,2.3599999,,,,,8.732000351,2.3999999,,,,,8.732000351,2.3199999,,,,,8.732000351,3.51999998,
,,,8.736000061,2.3599999,,,,,8.736000061,2.3999999,,,,,8.736000061,2.3999999,,,,,8.736000061,3.48000002,
,,,8.740000725,2.3599999,,,,,8.740000725,2.4400001,,,,,8.740000725,2.3199999,,,,,8.740000725,3.51999998,
,,,8.744000435,2.3599999,,,,,8.744000435,2.3999999,,,,,8.744000435,2.2800000,,,,,8.744000435,3.51999998,
,,,8.748000145,2.3599999,,,,,8.748000145,2.4400001,,,,,8.748000145,2.2000000,,,,,8.748000145,3.51999998,
,,,8.752000809,2.3599999,,,,,8.752000809,2.4400001,,,,,8.752000809,2.2800000,,,,,8.752000809,3.48000002,
,,,8.756000519,2.3599999,,,,,8.756000519,2.4400001,,,,,8.756000519,2.3199999,,,,,8.756000519,3.48000002,
,,,8.760000229,2.3599999,,,,,8.760000229,2.4400001,,,,,8.760000229,2.2800000,,,,,8.760000229,3.51999998,
,,,8.764000893,2.3599999,,,,,8.764000893,2.4400001,,,,,8.764000893,2.2800000,,,,,8.764000893,3.55999994,
,,,8.768000603,2.3999999,,,,,8.768000603,2.4400001,,,,,8.768000603,2.3199999,,,,,8.768000603,3.51999998,
,,,8.772000313,2.3599999,,,,,8.772000313,2.3999999,,,,,8.772000313,2.4800000,,,,,8.772000313,3.48000002,
,,,8.776000023,2.3599999,,,,,8.776000023,2.4400001,,,,,8.776000023,2.2000000,,,,,8.776000023,3.48000002,
,,,8.780000687,2.3599999,,,,,8.780000687,2.4400001,,,,,8.780000687,2.2000000,,,,,8.780000687,3.51999998,
,,,8.784000397,2.3599999,,,,,8.784000397,2.4400001,,,,,8.784000397,2.3999999,,,,,8.784000397,3.72000003,
,,,8.788000107,2.3599999,,,,,8.788000107,2.4400001,,,,,8.788000107,2.0799999,,,,,8.788000107,3.79999995,
,,,8.792000771,2.3999999,,,,,8.792000771,2.4800000,,,,,8.792000771,2.4800000,,,,,8.792000771,4.55999994,
,,,8.796000481,2.3599999,,,,,8.796000481,2.4400001,,,,,8.796000481,2.3999999,,,,,8.796000481,4.44000006,
,,,8.800000191,2.3599999,,,,,8.800000191,2.4400001,,,,,8.800000191,2.6399999,,,,,8.800000191,4.00000000,
,,,8.804000854,2.3599999,,,,,8.804000854,2.4400001,,,,,8.804000854,2.0000000,,,,,8.804000854,4.79999971,
,,,8.808000565,2.3599999,,,,,8.808000565,2.4400001,,,,,8.808000565,2.0799999,,,,,8.808000565,4.83999968,
,,,8.812000275,2.3599999,,,,,8.812000275,2.3999999,,,,,8.812000275,1.9599999,,,,,8.812000275,4.79999971,
,,,8.815999985,2.3599999,,,,,8.815999985,2.4400001,,,,,8.815999985,2.1199999,,,,,8.815999985,4.79999971,
,,,8.820000648,2.3599999,,,,,8.820000648,2.4400001,,,,,8.820000648,2.0799999,,,,,8.820000648,4.83999968,
,,,8.824000359,2.3999999,,,,,8.824000359,2.4400001,,,,,8.824000359,2.0000000,,,,,8.824000359,4.55999994,
,,,8.828000069,2.3599999,,,,,8.828000069,2.4400001,,,,,8.828000069,2.1599998,,,,,8.828000069,4.51999998,
,,,8.832000732,2.3599999,,,,,8.832000732,2.4400001,,,,,8.832000732,2.1199999,,,,,8.832000732,4.07999992,
,,,8.836000443,2.3599999,,,,,8.836000443,2.4400001,,,,,8.836000443,2.0799999,,,,,8.836000443,4.27999973,
,,,8.840000153,2.3599999,,,,,8.840000153,2.4400001,,,,,8.840000153,2.3199999,,,,,8.840000153,4.36000013,
,,,8.844000816,2.3999999,,,,,8.844000816,2.4400001,,,,,8.844000816,2.0400000,,,,,8.844000816,4.19999981,
,,,8.848000526,2.3599999,,,,,8.848000526,2.4400001,,,,,8.848000526,2.2000000,,,,,8.848000526,4.19999981,
,,,8.852000237,2.3599999,,,,,8.852000237,2.4400001,,,,,8.852000237,2.3999999,,,,,8.852000237,4.11999989,
,,,8.855999947,2.3599999,,,,,8.855999947,2.4400001,,,,,8.855999947,2.3199999,,,,,8.855999947,4.11999989,
,,,8.860000610,2.3599999,,,,,8.860000610,2.3999999,,,,,8.860000610,2.0799999,,,,,8.860000610,4.00000000,
,,,8.864000320,2.3599999,,,,,8.864000320,2.4400001,,,,,8.864000320,2.2800000,,,,,8.864000320,3.75999999,
,,,8.868000031,2.3599999,,,,,8.868000031,2.4400001,,,,,8.868000031,2.2000000,,,,,8.868000031,3.91999984,
,,,8.872000694,2.3599999,,,,,8.872000694,2.4400001,,,,,8.872000694,2.3599999,,,,,8.872000694,3.95999980,
,,,8.876000404,2.3599999,,,,,8.876000404,2.4400001,,,,,8.876000404,2.4400001,,,,,8.876000404,2.75999999,
,,,8.880000114,2.3599999,,,,,8.880000114,2.4400001,,,,,8.880000114,2.72000003,,,,,8.880000114,0.0,
,,,8.884000778,2.3999999,,,,,8.884000778,2.4400001,,,,,8.884000778,2.6399999,,,,,8.884000778,2.5200000,
,,,8.888000488,2.3599999,,,,,8.888000488,2.3999999,,,,,8.888000488,2.6799998,,,,,8.888000488,2.5200000,
,,,8.892000198,2.3999999,,,,,8.892000198,2.4400001,,,,,8.892000198,2.5999999,,,,,8.892000198,2.5999999,
,,,8.896000862,2.3999999,,,,,8.896000862,2.4400001,,,,,8.896000862,2.5599999,,,,,8.896000862,2.4800000,
,,,8.900000572,2.3999999,,,,,8.900000572,2.3999999,,,,,8.900000572,2.5599999,,,,,8.900000572,2.6399999,
,,,8.904000282,2.3999999,,,,,8.904000282,2.4400001,,,,,8.904000282,2.5200000,,,,,8.904000282,2.6399999,
,,,8.907999992,2.3999999,,,,,8.907999992,2.4400001,,,,,8.907999992,2.4800000,,,,,8.907999992,2.72000003,
,,,8.912000656,2.3599999,,,,,8.912000656,2.4400001,,,,,8.912000656,2.5200000,,,,,8.912000656,2.87999988,
,,,8.916000366,2.3599999,,,,,8.916000366,2.3999999,,,,,8.916000366,2.4800000,,,,,8.916000366,2.75999999,
,,,8.920000076,2.3599999,,,,,8.920000076,2.4400001,,,,,8.920000076,2.4800000,,,,,8.920000076,2.87999988,
,,,8.924000740,2.3599999,,,,,8.924000740,2.3999999,,,,,8.924000740,2.3999999,,,,,8.924000740,2.96000004,
,,,8.928000450,2.3999999,,,,,8.928000450,2.4400001,,,,,8.928000450,2.4800000,,,,,8.928000450,2.91999984,
,,,8.932000160,2.3599999,,,,,8.932000160,2.4400001,,,,,8.932000160,2.3999999,,,,,8.932000160,2.91999984,
,,,8.936000824,2.3999999,,,,,8.936000824,2.4400001,,,,,8.936000824,2.4800000,,,,,8.936000824,2.83999991,
,,,8.940000534,2.3599999,,,,,8.940000534,2.4400001,,,,,8.940000534,2.5999999,,,,,8.940000534,3.03999996,
,,,8.944000244,2.3599999,,,,,8.944000244,2.4400001,,,,,8.944000244,2.3999999,,,,,8.944000244,3.07999992,
,,,8.947999954,2.3599999,,,,,8.947999954,2.3999999,,,,,8.947999954,2.5200000,,,,,8.947999954,3.00000000,
,,,8.952000618,2.3599999,,,,,8.952000618,2.4400001,,,,,8.952000618,2.5200000,,,,,8.952000618,3.07999992,
,,,8.956000328,2.3599999,,,,,8.956000328,2.4400001,,,,,8.956000328,2.3999999,,,,,8.956000328,2.87999988,
,,,8.960000038,2.3599999,,,,,8.960000038,2.4400001,,,,,8.960000038,2.2000000,,,,,8.960000038,3.15999985,
,,,8.964000702,2.3599999,,,,,8.964000702,2.4400001,,,,,8.964000702,2.2800000,,,,,8.964000702,3.19999981,
,,,8.968000412,2.3599999,,,,,8.968000412,2.4800000,,,,,8.968000412,2.3599999,,,,,8.968000412,3.24000001,
,,,8.972000122,2.3599999,,,,,8.972000122,2.4400001,,,,,8.972000122,2.4400001,,,,,8.972000122,3.07999992,
,,,8.976000786,2.3599999,,,,,8.976000786,2.4400001,,,,,8.976000786,2.4800000,,,,,8.976000786,3.00000000,
,,,8.980000496,2.3599999,,,,,8.980000496,2.4400001,,,,,8.980000496,2.3199999,,,,,8.980000496,3.15999985,
,,,8.984000206,2.3599999,,,,,8.984000206,2.3999999,,,,,8.984000206,2.3999999,,,,,8.984000206,3.11999989,
,,,8.988000870,2.3599999,,,,,8.988000870,2.3999999,,,,,8.988000870,2.4400001,,,,,8.988000870,3.19999981,
,,,8.992000580,2.3599999,,,,,8.992000580,2.4400001,,,,,8.992000580,2.3199999,,,,,8.992000580,3.19999981,
,,,8.996000290,2.3599999,,,,,8.996000290,2.3999999,,,,,8.996000290,2.3999999,,,,,8.996000290,3.15999985,
,,,9.000000000,2.3599999,,,,,9.000000000,2.4400001,,,,,9.000000000,2.3999999,,,,,9.000000000,3.24000001,
,,,9.004000664,2.3599999,,,,,9.004000664,2.4400001,,,,,9.004000664,2.4800000,,,,,9.004000664,3.35999990,
,,,9.008000374,2.3599999,,,,,9.008000374,2.4400001,,,,,9.008000374,2.4400001,,,,,9.008000374,3.31999993,
,,,9.012000084,2.3599999,,,,,9.012000084,2.4400001,,,,,9.012000084,2.3599999,,,,,9.012000084,3.27999997,
,,,9.016000748,2.3599999,,,,,9.016000748,2.4400001,,,,,9.016000748,2.3599999,,,,,9.016000748,3.27999997,
,,,9.020000458,2.3599999,,,,,9.020000458,2.4400001,,,,,9.020000458,2.2000000,,,,,9.020000458,3.35999990,
,,,9.024000168,2.3599999,,,,,9.024000168,2.4400001,,,,,9.024000168,2.3599999,,,,,9.024000168,3.35999990,
,,,9.028000832,2.3999999,,,,,9.028000832,2.4400001,,,,,9.028000832,2.3599999,,,,,9.028000832,3.31999993,
,,,9.032000542,2.3599999,,,,,9.032000542,2.4400001,,,,,9.032000542,2.3999999,,,,,9.032000542,3.35999990,
,,,9.036000252,2.3599999,,,,,9.036000252,2.4400001,,,,,9.036000252,2.3599999,,,,,9.036000252,3.35999990,
,,,9.039999962,2.3999999,,,,,9.039999962,2.4400001,,,,,9.039999962,2.1599998,,,,,9.039999962,3.31999993,
,,,9.044000626,2.3599999,,,,,9.044000626,2.4400001,,,,,9.044000626,2.2800000,,,,,9.044000626,3.43999982,
,,,9.048000336,2.3599999,,,,,9.048000336,2.4400001,,,,,9.048000336,2.3199999,,,,,9.048000336,3.43999982,
,,,9.052000046,2.3599999,,,,,9.052000046,2.3999999,,,,,9.052000046,2.3999999,,,,,9.052000046,3.39999986,
,,,9.056000710,2.3599999,,,,,9.056000710,2.3999999,,,,,9.056000710,2.3199999,,,,,9.056000710,3.27999997,
,,,9.060000420,2.3999999,,,,,9.060000420,2.4400001,,,,,9.060000420,2.2800000,,,,,9.060000420,3.39999986,
,,,9.064000130,2.3599999,,,,,9.064000130,2.4400001,,,,,9.064000130,2.3999999,,,,,9.064000130,3.39999986,
,,,9.068000793,2.3599999,,,,,9.068000793,2.4400001,,,,,9.068000793,2.3999999,,,,,9.068000793,3.48000002,
,,,9.072000504,2.3599999,,,,,9.072000504,2.4400001,,,,,9.072000504,2.3599999,,,,,9.072000504,3.43999982,
,,,9.076000214,2.3599999,,,,,9.076000214,2.4400001,,,,,9.076000214,2.4800000,,,,,9.076000214,3.35999990,
,,,9.080000877,2.3599999,,,,,9.080000877,2.3999999,,,,,9.080000877,2.3999999,,,,,9.080000877,3.43999982,
,,,9.084000587,2.3599999,,,,,9.084000587,2.4400001,,,,,9.084000587,2.5200000,,,,,9.084000587,3.59999990,
,,,9.088000298,2.3599999,,,,,9.088000298,2.4400001,,,,,9.088000298,2.2800000,,,,,9.088000298,3.43999982,
,,,9.092000008,2.3599999,,,,,9.092000008,2.4400001,,,,,9.092000008,2.2000000,,,,,9.092000008,3.43999982,
,,,9.096000671,2.3599999,,,,,9.096000671,2.4400001,,,,,9.096000671,2.3599999,,,,,9.096000671,3.39999986,
,,,9.100000381,2.3599999,,,,,9.100000381,2.4400001,,,,,9.100000381,2.2800000,,,,,9.100000381,3.43999982,
,,,9.104000092,2.3599999,,,,,9.104000092,2.4400001,,,,,9.104000092,2.3199999,,,,,9.104000092,3.48000002,
,,,9.108000755,2.3599999,,,,,9.108000755,2.4400001,,,,,9.108000755,2.3199999,,,,,9.108000755,3.35999990,
,,,9.112000465,2.3599999,,,,,9.112000465,2.4400001,,,,,9.112000465,2.3999999,,,,,9.112000465,3.43999982,
,,,9.116000175,2.3599999,,,,,9.116000175,2.4400001,,,,,9.116000175,2.3999999,,,,,9.116000175,3.39999986,
,,,9.120000839,2.3599999,,,,,9.120000839,2.3999999,,,,,9.120000839,2.3199999,,,,,9.120000839,3.51999998,
,,,9.124000549,2.3599999,,,,,9.124000549,2.4400001,,,,,9.124000549,2.2400000,,,,,9.124000549,3.43999982,
,,,9.128000259,2.3599999,,,,,9.128000259,2.4400001,,,,,9.128000259,2.3199999,,,,,9.128000259,3.67999983,
,,,9.131999969,2.3999999,,,,,9.131999969,2.4400001,,,,,9.131999969,2.4800000,,,,,9.131999969,3.43999982,
,,,9.136000633,2.3599999,,,,,9.136000633,2.4400001,,,,,9.136000633,2.3999999,,,,,9.136000633,3.43999982,
,,,9.140000343,2.3599999,,,,,9.140000343,2.4400001,,,,,9.140000343,2.5200000,,,,,9.140000343,3.51999998,
,,,9.144000053,2.3599999,,,,,9.144000053,2.4400001,,,,,9.144000053,2.5200000,,,,,9.144000053,3.55999994,
,,,9.148000717,2.3599999,,,,,9.148000717,2.4400001,,,,,9.148000717,2.4800000,,,,,9.148000717,3.48000002,
,,,9.152000427,2.3599999,,,,,9.152000427,2.4400001,,,,,9.152000427,2.4400001,,,,,9.152000427,3.51999998,
,,,9.156000137,2.3599999,,,,,9.156000137,2.4400001,,,,,9.156000137,2.4400001,,,,,9.156000137,3.39999986,
,,,9.160000801,2.3599999,,,,,9.160000801,2.4400001,,,,,9.160000801,2.4400001,,,,,9.160000801,3.51999998,
,,,9.164000511,2.3999999,,,,,9.164000511,2.4400001,,,,,9.164000511,2.4800000,,,,,9.164000511,3.51999998,
,,,9.168000221,2.3599999,,,,,9.168000221,2.4400001,,,,,9.168000221,2.3999999,,,,,9.168000221,3.55999994,
,,,9.172000885,2.3599999,,,,,9.172000885,2.4400001,,,,,9.172000885,2.3199999,,,,,9.172000885,3.48000002,
,,,9.176000595,2.3599999,,,,,9.176000595,2.4400001,,,,,9.176000595,2.5200000,,,,,9.176000595,3.39999986,
,,,9.180000305,2.3999999,,,,,9.180000305,2.4400001,,,,,9.180000305,2.3999999,,,,,9.180000305,3.48000002,
,,,9.184000015,2.3599999,,,,,9.184000015,2.3999999,,,,,9.184000015,2.4400001,,,,,9.184000015,3.59999990,
,,,9.188000679,2.3599999,,,,,9.188000679,2.4400001,,,,,9.188000679,2.5200000,,,,,9.188000679,3.48000002,
,,,9.192000389,2.3599999,,,,,9.192000389,2.4400001,,,,,9.192000389,2.4800000,,,,,9.192000389,3.51999998,
,,,9.196000099,2.3599999,,,,,9.196000099,2.4400001,,,,,9.196000099,2.3999999,,,,,9.196000099,3.39999986,
,,,9.200000763,2.3599999,,,,,9.200000763,2.4400001,,,,,9.200000763,2.5200000,,,,,9.200000763,3.51999998,
,,,9.204000473,2.3599999,,,,,9.204000473,2.4400001,,,,,9.204000473,2.5999999,,,,,9.204000473,3.51999998,
,,,9.208000183,2.3999999,,,,,9.208000183,2.4400001,,,,,9.208000183,2.3999999,,,,,9.208000183,3.51999998,
,,,9.212000847,2.3599999,,,,,9.212000847,2.4400001,,,,,9.212000847,2.4800000,,,,,9.212000847,3.48000002,
,,,9.216000557,2.3599999,,,,,9.216000557,2.4400001,,,,,9.216000557,2.4800000,,,,,9.216000557,3.51999998,
,,,9.220000267,2.3599999,,,,,9.220000267,2.3999999,,,,,9.220000267,2.5200000,,,,,9.220000267,3.51999998,
,,,9.223999977,2.3599999,,,,,9.223999977,2.4400001,,,,,9.223999977,2.3999999,,,,,9.223999977,3.55999994,
,,,9.228000641,2.3599999,,,,,9.228000641,2.3999999,,,,,9.228000641,2.3999999,,,,,9.228000641,3.55999994,
,,,9.232000351,2.3599999,,,,,9.232000351,2.4400001,,,,,9.232000351,2.3199999,,,,,9.232000351,3.51999998,
,,,9.236000061,2.3599999,,,,,9.236000061,2.4400001,,,,,9.236000061,2.3199999,,,,,9.236000061,3.48000002,
,,,9.240000725,2.3999999,,,,,9.240000725,2.4400001,,,,,9.240000725,2.3199999,,,,,9.240000725,3.48000002,
,,,9.244000435,2.3599999,,,,,9.244000435,2.4400001,,,,,9.244000435,2.3999999,,,,,9.244000435,3.51999998,
,,,9.248000145,2.3599999,,,,,9.248000145,2.4400001,,,,,9.248000145,2.3999999,,,,,9.248000145,3.48000002,
,,,9.252000809,2.3599999,,,,,9.252000809,2.3999999,,,,,9.252000809,2.3199999,,,,,9.252000809,3.51999998,
,,,9.256000519,2.3599999,,,,,9.256000519,2.4400001,,,,,9.256000519,2.3199999,,,,,9.256000519,3.43999982,
,,,9.260000229,2.3599999,,,,,9.260000229,2.4400001,,,,,9.260000229,2.2800000,,,,,9.260000229,3.51999998,
,,,9.264000893,2.3599999,,,,,9.264000893,2.4400001,,,,,9.264000893,2.2800000,,,,,9.264000893,3.48000002,
,,,9.268000603,2.3999999,,,,,9.268000603,2.4400001,,,,,9.268000603,2.3199999,,,,,9.268000603,3.55999994,
,,,9.272000313,2.3599999,,,,,9.272000313,2.3999999,,,,,9.272000313,2.1599998,,,,,9.272000313,3.51999998,
,,,9.276000023,2.3599999,,,,,9.276000023,2.4400001,,,,,9.276000023,2.3999999,,,,,9.276000023,3.43999982,
,,,9.280000687,2.3999999,,,,,9.280000687,2.4400001,,,,,9.280000687,2.2400000,,,,,9.280000687,3.43999982,
,,,9.284000397,2.3599999,,,,,9.284000397,2.3999999,,,,,9.284000397,2.2800000,,,,,9.284000397,3.51999998,
,,,9.288000107,2.3599999,,,,,9.288000107,2.3999999,,,,,9.288000107,2.3199999,,,,,9.288000107,3.48000002,
,,,9.292000771,2.3599999,,,,,9.292000771,2.4400001,,,,,9.292000771,2.2800000,,,,,9.292000771,3.51999998,
,,,9.296000481,2.3599999,,,,,9.296000481,2.4400001,,,,,9.296000481,2.2800000,,,,,9.296000481,3.48000002,
,,,9.300000191,2.3999999,,,,,9.300000191,2.4400001,,,,,9.300000191,2.3999999,,,,,9.300000191,3.63999987,
,,,9.304000854,2.3599999,,,,,9.304000854,2.4400001,,,,,9.304000854,2.2400000,,,,,9.304000854,3.51999998,
,,,9.308000565,2.3599999,,,,,9.308000565,2.4400001,,,,,9.308000565,2.2400000,,,,,9.308000565,3.51999998,
,,,9.312000275,2.3599999,,,,,9.312000275,2.4400001,,,,,9.312000275,2.3599999,,,,,9.312000275,3.39999986,
,,,9.315999985,2.3599999,,,,,9.315999985,2.4400001,,,,,9.315999985,2.2800000,,,,,9.315999985,3.35999990,
,,,9.320000648,2.3599999,,,,,9.320000648,2.3999999,,,,,9.320000648,2.3199999,,,,,9.320000648,3.51999998,
,,,9.324000359,2.3599999,,,,,9.324000359,2.4400001,,,,,9.324000359,2.3999999,,,,,9.324000359,3.51999998,
,,,9.328000069,2.3599999,,,,,9.328000069,2.4400001,,,,,9.328000069,2.2400000,,,,,9.328000069,3.55999994,
,,,9.332000732,2.3999999,,,,,9.332000732,2.4400001,,,,,9.332000732,2.2800000,,,,,9.332000732,3.48000002,
,,,9.336000443,2.3599999,,,,,9.336000443,2.4400001,,,,,9.336000443,2.1599998,,,,,9.336000443,3.51999998,
,,,9.340000153,2.3599999,,,,,9.340000153,2.3999999,,,,,9.340000153,2.3199999,,,,,9.340000153,3.51999998,
,,,9.344000816,2.3599999,,,,,9.344000816,2.4400001,,,,,9.344000816,2.3199999,,,,,9.344000816,3.51999998,
,,,9.348000526,2.3599999,,,,,9.348000526,2.4400001,,,,,9.348000526,2.1599998,,,,,9.348000526,3.63999987,
,,,9.352000237,2.3599999,,,,,9.352000237,2.4400001,,,,,9.352000237,2.2800000,,,,,9.352000237,3.55999994,
,,,9.356000900,2.3599999,,,,,9.356000900,2.4400001,,,,,9.356000900,2.2400000,,,,,9.356000900,3.35999990,
,,,9.360000610,2.3599999,,,,,9.360000610,2.4400001,,,,,9.360000610,2.3999999,,,,,9.360000610,3.63999987,
,,,9.364000320,2.3599999,,,,,9.364000320,2.4400001,,,,,9.364000320,2.4400001,,,,,9.364000320,3.67999983,
,,,9.368000031,2.3599999,,,,,9.368000031,2.3999999,,,,,9.368000031,2.3199999,,,,,9.368000031,3.75999999,
,,,9.372000694,2.3599999,,,,,9.372000694,2.4400001,,,,,9.372000694,2.2800000,,,,,9.372000694,3.51999998,
,,,9.376000404,2.3599999,,,,,9.376000404,2.4400001,,,,,9.376000404,2.2800000,,,,,9.376000404,4.07999992,
,,,9.380000114,2.3599999,,,,,9.380000114,2.4400001,,,,,9.380000114,2.3999999,,,,,9.380000114,3.48000002,
,,,9.384000778,2.3599999,,,,,9.384000778,2.4400001,,,,,9.384000778,2.2800000,,,,,9.384000778,3.51999998,
,,,9.388000488,2.3599999,,,,,9.388000488,2.4400001,,,,,9.388000488,2.4400001,,,,,9.388000488,3.51999998,
,,,9.392000198,2.3599999,,,,,9.392000198,2.3999999,,,,,9.392000198,2.3999999,,,,,9.392000198,3.51999998,
,,,9.396000862,2.3599999,,,,,9.396000862,2.4400001,,,,,9.396000862,2.2400000,,,,,9.396000862,3.51999998,
,,,9.400000572,2.3599999,,,,,9.400000572,2.4400001,,,,,9.400000572,2.1599998,,,,,9.400000572,3.51999998,
,,,9.404000282,2.3599999,,,,,9.404000282,2.4400001,,,,,9.404000282,2.2800000,,,,,9.404000282,3.72000003,
,,,9.407999992,2.3599999,,,,,9.407999992,2.4400001,,,,,9.407999992,2.2400000,,,,,9.407999992,3.51999998,
,,,9.412000656,2.3599999,,,,,9.412000656,2.3999999,,,,,9.412000656,2.2000000,,,,,9.412000656,3.55999994,
,,,9.416000366,2.3599999,,,,,9.416000366,2.4400001,,,,,9.416000366,2.3199999,,,,,9.416000366,3.48000002,
,,,9.420000076,2.3599999,,,,,9.420000076,2.4400001,,,,,9.420000076,2.3999999,,,,,9.420000076,3.59999990,
,,,9.424000740,2.3599999,,,,,9.424000740,2.4400001,,,,,9.424000740,2.3199999,,,,,9.424000740,3.67999983,
,,,9.428000450,2.3599999,,,,,9.428000450,2.3999999,,,,,9.428000450,2.3999999,,,,,9.428000450,3.55999994,
,,,9.432000160,2.3599999,,,,,9.432000160,2.3999999,,,,,9.432000160,2.3599999,,,,,9.432000160,3.59999990,
,,,9.436000824,2.3599999,,,,,9.436000824,2.4400001,,,,,9.436000824,2.3199999,,,,,9.436000824,3.51999998,
,,,9.440000534,2.3599999,,,,,9.440000534,2.4400001,,,,,9.440000534,2.1599998,,,,,9.440000534,3.59999990,
,,,9.444000244,2.3599999,,,,,9.444000244,2.4400001,,,,,9.444000244,2.2800000,,,,,9.444000244,3.59999990,
,,,9.448000908,2.3599999,,,,,9.448000908,2.3999999,,,,,9.448000908,2.3199999,,,,,9.448000908,3.59999990,
,,,9.452000618,2.3599999,,,,,9.452000618,2.4400001,,,,,9.452000618,2.3999999,,,,,9.452000618,3.55999994,
,,,9.456000328,2.3599999,,,,,9.456000328,2.4400001,,,,,9.456000328,2.2400000,,,,,9.456000328,3.51999998,
,,,9.460000038,2.3599999,,,,,9.460000038,2.4400001,,,,,9.460000038,2.2400000,,,,,9.460000038,3.51999998,
,,,9.464000702,2.3999999,,,,,9.464000702,2.4400001,,,,,9.464000702,2.2400000,,,,,9.464000702,3.75999999,
,,,9.468000412,2.3599999,,,,,9.468000412,2.3999999,,,,,9.468000412,2.2800000,,,,,9.468000412,3.55999994,
,,,9.472000122,2.3599999,,,,,9.472000122,2.3999999,,,,,9.472000122,2.3999999,,,,,9.472000122,3.63999987,
,,,9.476000786,2.3599999,,,,,9.476000786,2.4400001,,,,,9.476000786,2.2000000,,,,,9.476000786,3.59999990,
,,,9.480000496,2.3599999,,,,,9.480000496,2.3999999,,,,,9.480000496,2.2400000,,,,,9.480000496,3.43999982,
,,,9.484000206,2.3599999,,,,,9.484000206,2.4400001,,,,,9.484000206,2.2000000,,,,,9.484000206,3.55999994,
,,,9.488000870,2.3999999,,,,,9.488000870,2.4400001,,,,,9.488000870,2.2800000,,,,,9.488000870,3.55999994,
,,,9.492000580,2.3599999,,,,,9.492000580,2.4400001,,,,,9.492000580,2.3199999,,,,,9.492000580,3.55999994,
,,,9.496000290,2.3599999,,,,,9.496000290,2.4400001,,,,,9.496000290,2.3199999,,,,,9.496000290,3.59999990,
,,,9.500000000,2.3599999,,,,,9.500000000,2.4400001,,,,,9.500000000,2.4400001,,,,,9.500000000,3.51999998,
,,,9.504000664,2.3999999,,,,,9.504000664,2.4400001,,,,,9.504000664,2.2400000,,,,,9.504000664,3.51999998,
,,,9.508000374,2.3599999,,,,,9.508000374,2.3999999,,,,,9.508000374,2.3999999,,,,,9.508000374,3.48000002,
,,,9.512000084,2.3599999,,,,,9.512000084,2.4400001,,,,,9.512000084,2.1199999,,,,,9.512000084,3.67999983,
,,,9.516000748,2.3599999,,,,,9.516000748,2.4400001,,,,,9.516000748,2.3599999,,,,,9.516000748,3.48000002,
,,,9.520000458,2.3999999,,,,,9.520000458,2.4400001,,,,,9.520000458,2.3599999,,,,,9.520000458,3.55999994,
,,,9.524000168,2.3599999,,,,,9.524000168,2.4800000,,,,,9.524000168,2.3199999,,,,,9.524000168,3.51999998,
,,,9.528000832,2.3599999,,,,,9.528000832,2.4400001,,,,,9.528000832,2.3199999,,,,,9.528000832,3.48000002,
,,,9.532000542,2.3999999,,,,,9.532000542,2.4400001,,,,,9.532000542,2.3599999,,,,,9.532000542,3.51999998,
,,,9.536000252,2.3599999,,,,,9.536000252,2.4400001,,,,,9.536000252,2.3599999,,,,,9.536000252,3.43999982,
,,,9.540000916,2.3599999,,,,,9.540000916,2.3999999,,,,,9.540000916,2.2400000,,,,,9.540000916,3.55999994,
,,,9.544000626,2.3599999,,,,,9.544000626,2.3999999,,,,,9.544000626,2.3199999,,,,,9.544000626,3.59999990,
,,,9.548000336,2.3599999,,,,,9.548000336,2.4400001,,,,,9.548000336,2.2000000,,,,,9.548000336,3.55999994,
,,,9.552000046,2.3599999,,,,,9.552000046,2.4400001,,,,,9.552000046,2.3199999,,,,,9.552000046,3.55999994,
,,,9.556000710,2.3599999,,,,,9.556000710,2.3999999,,,,,9.556000710,2.4800000,,,,,9.556000710,3.51999998,
,,,9.560000420,2.3599999,,,,,9.560000420,2.3999999,,,,,9.560000420,2.4400001,,,,,9.560000420,3.67999983,
,,,9.564000130,2.3999999,,,,,9.564000130,2.4400001,,,,,9.564000130,2.2800000,,,,,9.564000130,3.63999987,
,,,9.568000793,2.3599999,,,,,9.568000793,2.4800000,,,,,9.568000793,2.3199999,,,,,9.568000793,3.51999998,
,,,9.572000504,2.3599999,,,,,9.572000504,2.4400001,,,,,9.572000504,2.3599999,,,,,9.572000504,3.59999990,
,,,9.576000214,2.3599999,,,,,9.576000214,2.4400001,,,,,9.576000214,2.4800000,,,,,9.576000214,3.39999986,
,,,9.580000877,2.3599999,,,,,9.580000877,2.4400001,,,,,9.580000877,2.2000000,,,,,9.580000877,3.55999994,
,,,9.584000587,2.3999999,,,,,9.584000587,2.4400001,,,,,9.584000587,2.3199999,,,,,9.584000587,3.67999983,
,,,9.588000298,2.3599999,,,,,9.588000298,2.4400001,,,,,9.588000298,2.4800000,,,,,9.588000298,3.59999990,
,,,9.592000008,2.3599999,,,,,9.592000008,2.4400001,,,,,9.592000008,2.4800000,,,,,9.592000008,3.51999998,
,,,9.596000671,2.3599999,,,,,9.596000671,2.4400001,,,,,9.596000671,2.4400001,,,,,9.596000671,3.48000002,
,,,9.600000381,2.3599999,,,,,9.600000381,2.3999999,,,,,9.600000381,2.3199999,,,,,9.600000381,3.55999994,
,,,9.604000092,2.3599999,,,,,9.604000092,2.4400001,,,,,9.604000092,2.2800000,,,,,9.604000092,3.51999998,
,,,9.608000755,2.3999999,,,,,9.608000755,2.4400001,,,,,9.608000755,2.3999999,,,,,9.608000755,3.72000003,
,,,9.612000465,2.3599999,,,,,9.612000465,2.4400001,,,,,9.612000465,2.3999999,,,,,9.612000465,3.51999998,
,,,9.616000175,2.3599999,,,,,9.616000175,2.4400001,,,,,9.616000175,2.3599999,,,,,9.616000175,3.35999990,
,,,9.620000839,2.3599999,,,,,9.620000839,2.4400001,,,,,9.620000839,2.2400000,,,,,9.620000839,3.63999987,
,,,9.624000549,2.3599999,,,,,9.624000549,2.3999999,,,,,9.624000549,2.2000000,,,,,9.624000549,3.59999990,
,,,9.628000259,2.3599999,,,,,9.628000259,2.4400001,,,,,9.628000259,2.3599999,,,,,9.628000259,3.67999983,
,,,9.632000923,2.3599999,,,,,9.632000923,2.3999999,,,,,9.632000923,2.2000000,,,,,9.632000923,3.43999982,
,,,9.636000633,2.3599999,,,,,9.636000633,2.4400001,,,,,9.636000633,2.2400000,,,,,9.636000633,3.35999990,
,,,9.640000343,2.3599999,,,,,9.640000343,2.4400001,,,,,9.640000343,2.3599999,,,,,9.640000343,3.55999994,
,,,9.644000053,2.3599999,,,,,9.644000053,2.3999999,,,,,9.644000053,2.3599999,,,,,9.644000053,3.43999982,
,,,9.648000717,2.3599999,,,,,9.648000717,2.3599999,,,,,9.648000717,2.2000000,,,,,9.648000717,3.51999998,
,,,9.652000427,2.3599999,,,,,9.652000427,2.4400001,,,,,9.652000427,2.3199999,,,,,9.652000427,3.51999998,
,,,9.656000137,2.3599999,,,,,9.656000137,2.4400001,,,,,9.656000137,2.2400000,,,,,9.656000137,3.43999982,
,,,9.660000801,2.3599999,,,,,9.660000801,2.3999999,,,,,9.660000801,2.2000000,,,,,9.660000801,3.51999998,
,,,9.664000511,2.3999999,,,,,9.664000511,2.4400001,,,,,9.664000511,2.3999999,,,,,9.664000511,3.59999990,
,,,9.668000221,2.3599999,,,,,9.668000221,2.3999999,,,,,9.668000221,2.2800000,,,,,9.668000221,3.51999998,
,,,9.672000885,2.3599999,,,,,9.672000885,2.4400001,,,,,9.672000885,2.3199999,,,,,9.672000885,3.51999998,
,,,9.676000595,2.3599999,,,,,9.676000595,2.3999999,,,,,9.676000595,2.3599999,,,,,9.676000595,3.51999998,
,,,9.680000305,2.3599999,,,,,9.680000305,2.4400001,,,,,9.680000305,2.2000000,,,,,9.680000305,3.51999998,
,,,9.684000015,2.3599999,,,,,9.684000015,2.4400001,,,,,9.684000015,2.1599998,,,,,9.684000015,3.55999994,
,,,9.688000679,2.3599999,,,,,9.688000679,2.4400001,,,,,9.688000679,2.2400000,,,,,9.688000679,3.59999990,
,,,9.692000389,2.3599999,,,,,9.692000389,2.4400001,,,,,9.692000389,2.3199999,,,,,9.692000389,3.43999982,
,,,9.696000099,2.3599999,,,,,9.696000099,2.3999999,,,,,9.696000099,2.2800000,,,,,9.696000099,3.55999994,
,,,9.700000763,2.3599999,,,,,9.700000763,2.3999999,,,,,9.700000763,2.3199999,,,,,9.700000763,3.39999986,
,,,9.704000473,2.3999999,,,,,9.704000473,2.4400001,,,,,9.704000473,2.2400000,,,,,9.704000473,3.55999994,
,,,9.708000183,2.3599999,,,,,9.708000183,2.4400001,,,,,9.708000183,2.2000000,,,,,9.708000183,3.51999998,
,,,9.712000847,2.3599999,,,,,9.712000847,2.4400001,,,,,9.712000847,2.2400000,,,,,9.712000847,3.51999998,
,,,9.716000557,2.3999999,,,,,9.716000557,2.3999999,,,,,9.716000557,2.1599998,,,,,9.716000557,3.55999994,
,,,9.720000267,2.3599999,,,,,9.720000267,2.4400001,,,,,9.720000267,2.2000000,,,,,9.720000267,3.51999998,
,,,9.724000931,2.3999999,,,,,9.724000931,2.4400001,,,,,9.724000931,2.2000000,,,,,9.724000931,3.55999994,
,,,9.728000641,2.3999999,,,,,9.728000641,2.4400001,,,,,9.728000641,2.2800000,,,,,9.728000641,3.63999987,
,,,9.732000351,2.3599999,,,,,9.732000351,2.4400001,,,,,9.732000351,2.3199999,,,,,9.732000351,3.48000002,
,,,9.736000061,2.3599999,,,,,9.736000061,2.4400001,,,,,9.736000061,2.2400000,,,,,9.736000061,3.55999994,
,,,9.740000725,2.3599999,,,,,9.740000725,2.4400001,,,,,9.740000725,2.3199999,,,,,9.740000725,3.48000002,
,,,9.744000435,2.3599999,,,,,9.744000435,2.4400001,,,,,9.744000435,2.2000000,,,,,9.744000435,3.51999998,
,,,9.748000145,2.3599999,,,,,9.748000145,2.4400001,,,,,9.748000145,2.2800000,,,,,9.748000145,3.39999986,
,,,9.752000809,2.3599999,,,,,9.752000809,2.4400001,,,,,9.752000809,2.0799999,,,,,9.752000809,3.35999990,
,,,9.756000519,2.3599999,,,,,9.756000519,2.4400001,,,,,9.756000519,2.2000000,,,,,9.756000519,3.51999998,
,,,9.760000229,-2.1199999,,,,,9.760000229,-2.1199999,,,,,9.760000229,2.2000000,,,,,9.760000229,3.51999998,
,,,9.764000893,-2.1199999,,,,,9.764000893,-2.1199999,,,,,9.764000893,2.2400000,,,,,9.764000893,3.59999990,
,,,9.768000603,-2.1199999,,,,,9.768000603,-2.1199999,,,,,9.768000603,-2.1199999,,,,,9.768000603,-2.1199999,
,,,9.772000313,-2.1199999,,,,,9.772000313,-2.1199999,,,,,9.772000313,-2.1199999,,,,,9.772000313,-2.1199999,
,,,9.776000023,-2.1199999,,,,,9.776000023,-2.1199999,,,,,9.776000023,-2.1199999,,,,,9.776000023,-2.1199999,
,,,9.780000687,-2.1199999,,,,,9.780000687,-2.1199999,,,,,9.780000687,-2.1199999,,,,,9.780000687,-2.1199999,
,,,9.784000397,-2.1199999,,,,,9.784000397,-2.1199999,,,,,9.784000397,-2.1199999,,,,,9.784000397,-2.1199999,
,,,9.788000107,-2.1199999,,,,,9.788000107,-2.1199999,,,,,9.788000107,-2.1199999,,,,,9.788000107,-2.1199999,
,,,9.792000771,-2.1199999,,,,,9.792000771,-2.1199999,,,,,9.792000771,-2.1199999,,,,,9.792000771,-2.1199999,
,,,9.796000481,-2.1199999,,,,,9.796000481,-2.1199999,,,,,9.796000481,-2.1199999,,,,,9.796000481,-2.1199999,
,,,9.800000191,-2.1199999,,,,,9.800000191,-2.1199999,,,,,9.800000191,-2.1199999,,,,,9.800000191,-2.1199999,
,,,9.804000854,-2.1199999,,,,,9.804000854,-2.1199999,,,,,9.804000854,-2.1199999,,,,,9.804000854,-2.1199999,
,,,9.808000565,-2.1199999,,,,,9.808000565,-2.1199999,,,,,9.808000565,-2.1199999,,,,,9.808000565,-2.1199999,
,,,9.812000275,-2.1199999,,,,,9.812000275,-2.1199999,,,,,9.812000275,-2.1199999,,,,,9.812000275,-2.1199999,
,,,9.816000938,-2.1199999,,,,,9.816000938,-2.1199999,,,,,9.816000938,-2.1199999,,,,,9.816000938,-2.1199999,
,,,9.820000648,-2.1199999,,,,,9.820000648,-2.1199999,,,,,9.820000648,-2.1199999,,,,,9.820000648,-2.1199999,
,,,9.824000359,-2.1199999,,,,,9.824000359,-2.1199999,,,,,9.824000359,-2.1199999,,,,,9.824000359,-2.1199999,
,,,9.828000069,-2.1199999,,,,,9.828000069,-2.1199999,,,,,9.828000069,-2.1199999,,,,,9.828000069,-2.1199999,
,,,9.832000732,-2.1199999,,,,,9.832000732,-2.1199999,,,,,9.832000732,-2.1199999,,,,,9.832000732,-2.1199999,
,,,9.836000443,-2.1199999,,,,,9.836000443,-2.1199999,,,,,9.836000443,-2.1199999,,,,,9.836000443,-2.1199999,
,,,9.840000153,-2.1199999,,,,,9.840000153,-2.1199999,,,,,9.840000153,-2.1199999,,,,,9.840000153,-2.1199999,
,,,9.844000816,-2.1199999,,,,,9.844000816,-2.1199999,,,,,9.844000816,-2.1199999,,,,,9.844000816,-2.1199999,
,,,9.848000526,-2.1199999,,,,,9.848000526,-2.1199999,,,,,9.848000526,-2.1199999,,,,,9.848000526,-2.1199999,
,,,9.852000237,-2.1199999,,,,,9.852000237,-2.1199999,,,,,9.852000237,-2.1199999,,,,,9.852000237,-2.1199999,
,,,9.856000900,-2.1199999,,,,,9.856000900,-2.1199999,,,,,9.856000900,-2.1199999,,,,,9.856000900,-2.1199999,
,,,9.860000610,-2.1199999,,,,,9.860000610,-2.1199999,,,,,9.860000610,-2.1199999,,,,,9.860000610,-2.1199999,
,,,9.864000320,-2.1199999,,,,,9.864000320,-2.1199999,,,,,9.864000320,-2.1199999,,,,,9.864000320,-2.1199999,
,,,9.868000031,-2.1199999,,,,,9.868000031,-2.1199999,,,,,9.868000031,-2.1199999,,,,,9.868000031,-2.1199999,
,,,9.872000694,-2.1199999,,,,,9.872000694,-2.1199999,,,,,9.872000694,-2.1199999,,,,,9.872000694,-2.1199999,
,,,9.876000404,-2.1199999,,,,,9.876000404,-2.1199999,,,,,9.876000404,-2.1199999,,,,,9.876000404,-2.1199999,
,,,9.880000114,-2.1199999,,,,,9.880000114,-2.1199999,,,,,9.880000114,-2.1199999,,,,,9.880000114,-2.1199999,
,,,9.884000778,-2.1199999,,,,,9.884000778,-2.1199999,,,,,9.884000778,-2.1199999,,,,,9.884000778,-2.1199999,
,,,9.888000488,-2.1199999,,,,,9.888000488,-2.1199999,,,,,9.888000488,-2.1199999,,,,,9.888000488,-2.1199999,
,,,9.892000198,-2.1199999,,,,,9.892000198,-2.1199999,,,,,9.892000198,-2.1199999,,,,,9.892000198,-2.1199999,
,,,9.896000862,-2.1199999,,,,,9.896000862,-2.1199999,,,,,9.896000862,-2.1199999,,,,,9.896000862,-2.1199999,
,,,9.900000572,-2.1199999,,,,,9.900000572,-2.1199999,,,,,9.900000572,-2.1199999,,,,,9.900000572,-2.1199999,
,,,9.904000282,-2.1199999,,,,,9.904000282,-2.1199999,,,,,9.904000282,-2.1199999,,,,,9.904000282,-2.1199999,
,,,9.908000946,-2.1199999,,,,,9.908000946,-2.1199999,,,,,9.908000946,-2.1199999,,,,,9.908000946,-2.1199999,
,,,9.912000656,-2.1199999,,,,,9.912000656,-2.1199999,,,,,9.912000656,-2.1199999,,,,,9.912000656,-2.1199999,
,,,9.916000366,-2.1199999,,,,,9.916000366,-2.1199999,,,,,9.916000366,-2.1199999,,,,,9.916000366,-2.1199999,
,,,9.920000076,-2.1199999,,,,,9.920000076,-2.1199999,,,,,9.920000076,-2.1199999,,,,,9.920000076,-2.1199999,
,,,9.924000740,-2.1199999,,,,,9.924000740,-2.1199999,,,,,9.924000740,-2.1199999,,,,,9.924000740,-2.1199999,
,,,9.928000450,-2.1199999,,,,,9.928000450,-2.1199999,,,,,9.928000450,-2.1199999,,,,,9.928000450,-2.1199999,
,,,9.932000160,-2.1199999,,,,,9.932000160,-2.1199999,,,,,9.932000160,-2.1199999,,,,,9.932000160,-2.1199999,
,,,9.936000824,-2.1199999,,,,,9.936000824,-2.1199999,,,,,9.936000824,-2.1199999,,,,,9.936000824,-2.1199999,
,,,9.940000534,-2.1199999,,,,,9.940000534,-2.1199999,,,,,9.940000534,-2.1199999,,,,,9.940000534,-2.1199999,
,,,9.944000244,-2.1199999,,,,,9.944000244,-2.1199999,,,,,9.944000244,-2.1199999,,,,,9.944000244,-2.1199999,
,,,9.948000908,-2.1199999,,,,,9.948000908,-2.1199999,,,,,9.948000908,-2.1199999,,,,,9.948000908,-2.1199999,
,,,9.952000618,-2.1199999,,,,,9.952000618,-2.1199999,,,,,9.952000618,-2.1199999,,,,,9.952000618,-2.1199999,
,,,9.956000328,-2.1199999,,,,,9.956000328,-2.1199999,,,,,9.956000328,-2.1199999,,,,,9.956000328,-2.1199999,
,,,9.960000038,-2.1199999,,,,,9.960000038,-2.1199999,,,,,9.960000038,-2.1199999,,,,,9.960000038,-2.1199999,
,,,9.964000702,-2.1199999,,,,,9.964000702,-2.1199999,,,,,9.964000702,-2.1199999,,,,,9.964000702,-2.1199999,
,,,9.968000412,-2.1199999,,,,,9.968000412,-2.1199999,,,,,9.968000412,-2.1199999,,,,,9.968000412,-2.1199999,
,,,9.972000122,-2.1199999,,,,,9.972000122,-2.1199999,,,,,9.972000122,-2.1199999,,,,,9.972000122,-2.1199999,
,,,9.976000786,-2.1199999,,,,,9.976000786,-2.1199999,,,,,9.976000786,-2.1199999,,,,,9.976000786,-2.1199999,
,,,9.980000496,-2.1199999,,,,,9.980000496,-2.1199999,,,,,9.980000496,-2.1199999,,,,,9.980000496,-2.1199999,
,,,9.984000206,-2.1199999,,,,,9.984000206,-2.1199999,,,,,9.984000206,-2.1199999,,,,,9.984000206,-2.1199999,
,,,9.988000870,-2.1199999,,,,,9.988000870,-2.1199999,,,,,9.988000870,-2.1199999,,,,,9.988000870,-2.1199999,
,,,9.992000580,-2.1199999,,,,,9.992000580,-2.1199999,,,,,9.992000580,-2.1199999,,,,,9.992000580,-2.1199999,
,,,9.996000290,-2.1199999,,,,,9.996000290,-2.1199999,,,,,9.996000290,-2.1199999,,,,,9.996000290,-2.1199999,
