Record Length,2500,Points,0.0,2.3599999,,Record Length,2500,Points,0.0,2.3999999,,Record Length,2500,Points,0.0,2.83999991,,Record Length,2500,Points,0.0,2.4800000,
Sample Interval,4.00000019E-3,s,4.00000019E-3,2.3599999,,Sample Interval,4.00000019E-3,s,4.00000019E-3,2.4400001,,Sample Interval,4.00000019E-3,s,4.00000019E-3,2.87999988,,Sample Interval,4.00000019E-3,s,4.00000019E-3,2.3599999,
Trigger Point,0.0,Samples,8.000000380E-3,2.3599999,,Trigger Point,0.0,Samples,8.000000380E-3,2.4800000,,Trigger Point,0.0,Samples,8.000000380E-3,2.83999991,,Trigger Point,0.0,Samples,8.000000380E-3,2.3999999,
,,,12.0000001E-3,2.3599999,,,,,12.0000001E-3,2.3999999,,,,,12.0000001E-3,2.79999995,,,,,12.0000001E-3,2.4800000,
,,,16.0000008E-3,2.3599999,,,,,16.0000008E-3,2.4400001,,,,,16.0000008E-3,2.83999991,,,,,16.0000008E-3,2.3599999,
,,,20.0000014E-3,2.3599999,,,,,20.0000014E-3,2.3599999,,,,,20.0000014E-3,2.79999995,,,,,20.0000014E-3,2.3999999,
Source,CH1,,24.00000021E-3,2.3599999,,Source,CH2,,24.00000021E-3,2.3599999,,Source,CH3,,24.00000021E-3,2.72000003,,Source,CH4,,24.00000021E-3,2.2800000,
Vertical Units,Volts,,28.00000086E-3,2.3599999,,Vertical Units,Volts,,28.00000086E-3,2.4400001,,Vertical Units,Volts,,28.00000086E-3,2.79999995,,Vertical Units,Volts,,28.00000086E-3,2.4400001,
Vertical Scale,999.999977648E-3,,32.00000152E-3,2.3599999,,Vertical Scale,999.999977648E-3,,32.00000152E-3,2.3999999,,Vertical Scale,999.999977648E-3,,32.00000152E-3,2.96000004,,Vertical Scale,999.999977648E-3,,32.00000152E-3,2.3999999,
Vertical Offset,0,,36.00000218E-3,2.3599999,,Vertical Offset,0,,36.00000218E-3,2.4400001,,Vertical Offset,0,,36.00000218E-3,2.72000003,,Vertical Offset,0,,36.00000218E-3,2.3999999,
Horizontal Units,s,,40.00000283E-3,2.3599999,,Horizontal Units,s,,40.00000283E-3,2.3999999,,Horizontal Units,s,,40.00000283E-3,2.79999995,,Horizontal Units,s,,40.00000283E-3,2.3599999,
Horizontal Scale,1.0000000,,44.00000349E-3,2.3999999,,Horizontal Scale,1.0000000,,44.00000349E-3,2.4400001,,Horizontal Scale,1.0000000,,44.00000349E-3,2.79999995,,Horizontal Scale,1.0000000,,44.00000349E-3,2.4400001,
Pt Fmt,Y,,48.00000042E-3,2.3999999,,Pt Fmt,Y,,48.00000042E-3,2.4400001,,Pt Fmt,Y,,48.00000042E-3,2.6799998,,Pt Fmt,Y,,48.00000042E-3,2.3999999,
Yzero,-3.00000000,,52.00000107E-3,2.3599999,,Yzero,-3.00000000,,52.00000107E-3,2.4400001,,Yzero,-3.00000000,,52.00000107E-3,2.83999991,,Yzero,-3.00000000,,52.00000107E-3,2.3599999,
Probe Atten,1.000000,,56.000001729E-3,2.3599999,,Probe Atten,1.000000,,56.000001729E-3,2.3999999,,Probe Atten,1.000000,,56.000001729E-3,2.87999988,,Probe Atten,1.000000,,56.000001729E-3,2.4400001,
,,,60.000002384E-3,2.3599999,,,,,60.000002384E-3,2.4400001,,,,,60.000002384E-3,2.6399999,,,,,60.000002384E-3,2.4400001,
Note,TDS 2004B - 4:34:39 PM   9/16/2026,,64.000003040E-3,2.3599999,,Note,TDS 2004B - 4:34:39 PM   9/16/2026,,64.000003040E-3,2.4400001,,Note,TDS 2004B - 4:34:39 PM   9/16/2026,,64.000003040E-3,2.72000003,,Note,TDS 2004B - 4:34:39 PM   9/16/2026,,64.000003040E-3,2.3199999,
,,,68.000003695E-3,2.3599999,,,,,68.000003695E-3,2.3999999,,,,,68.000003695E-3,2.87999988,,,,,68.000003695E-3,2.3599999,
,,,72.000004351E-3,2.3599999,,,,,72.000004351E-3,2.4400001,,,,,72.000004351E-3,2.6799998,,,,,72.000004351E-3,2.3599999,
,,,76.000005007E-3,2.3599999,,,,,76.000005007E-3,2.4400001,,,,,76.000005007E-3,2.6799998,,,,,76.000005007E-3,2.3999999,
,,,80.000005662E-3,2.3599999,,,,,80.000005662E-3,2.4400001,,,,,80.000005662E-3,2.4400001,,,,,80.000005662E-3,2.3999999,
,,,84.000006318E-3,2.3599999,,,,,84.000006318E-3,2.3999999,,,,,84.000006318E-3,2.79999995,,,,,84.000006318E-3,2.2800000,
,,,88.000006974E-3,2.3599999,,,,,88.000006974E-3,2.3999999,,,,,88.000006974E-3,2.6799998,,,,,88.000006974E-3,2.4400001,
,,,92.000007629E-3,2.3599999,,,,,92.000007629E-3,2.4400001,,,,,92.000007629E-3,2.75999999,,,,,92.000007629E-3,2.3599999,
,,,96.000000834E-3,2.3599999,,,,,96.000000834E-3,2.4400001,,,,,96.000000834E-3,2.6399999,,,,,96.000000834E-3,2.4800000,
,,,100.0000015E-3,2.3999999,,,,,100.0000015E-3,2.3999999,,,,,100.0000015E-3,2.75999999,,,,,100.0000015E-3,2.3199999,
,,,104.0000021E-3,2.3999999,,,,,104.0000021E-3,2.3999999,,,,,104.0000021E-3,2.75999999,,,,,104.0000021E-3,2.3599999,
,,,108.0000028E-3,2.3599999,,,,,108.0000028E-3,2.3999999,,,,,108.0000028E-3,2.72000003,,,,,108.0000028E-3,2.4400001,
,,,112.0000035E-3,2.3599999,,,,,112.0000035E-3,2.4400001,,,,,112.0000035E-3,2.6399999,,,,,112.0000035E-3,2.2800000,
,,,116.0000041E-3,2.3599999,,,,,116.0000041E-3,2.3999999,,,,,116.0000041E-3,2.79999995,,,,,116.0000041E-3,2.3199999,
,,,120.0000048E-3,2.3599999,,,,,120.0000048E-3,2.4400001,,,,,120.0000048E-3,2.72000003,,,,,120.0000048E-3,2.3199999,
,,,124.0000054E-3,2.3599999,,,,,124.0000054E-3,2.4400001,,,,,124.0000054E-3,2.75999999,,,,,124.0000054E-3,2.3199999,
,,,128.0000061E-3,2.3999999,,,,,128.0000061E-3,2.3999999,,,,,128.0000061E-3,2.83999991,,,,,128.0000061E-3,2.3599999,
,,,131.9999993E-3,2.3599999,,,,,131.9999993E-3,2.3999999,,,,,131.9999993E-3,2.79999995,,,,,131.9999993E-3,2.4400001,
,,,136.0000074E-3,2.3599999,,,,,136.0000074E-3,2.4800000,,,,,136.0000074E-3,2.6799998,,,,,136.0000074E-3,2.4400001,
,,,140.0000006E-3,2.3599999,,,,,140.0000006E-3,2.3999999,,,,,140.0000006E-3,2.87999988,,,,,140.0000006E-3,2.3999999,
,,,144.0000087E-3,2.3599999,,,,,144.0000087E-3,2.3999999,,,,,144.0000087E-3,2.6799998,,,,,144.0000087E-3,2.3199999,
,,,148.0000019E-3,2.3599999,,,,,148.0000019E-3,2.3999999,,,,,148.0000019E-3,2.6799998,,,,,148.0000019E-3,2.3199999,
,,,152.00001001E-3,2.3599999,,,,,152.00001001E-3,2.4400001,,,,,152.00001001E-3,2.5999999,,,,,152.00001001E-3,2.3999999,
,,,156.00000322E-3,2.3999999,,,,,156.00000322E-3,2.3999999,,,,,156.00000322E-3,2.6799998,,,,,156.00000322E-3,2.5200000,
,,,160.00001132E-3,2.3599999,,,,,160.00001132E-3,2.4400001,,,,,160.00001132E-3,2.6799998,,,,,160.00001132E-3,2.4400001,
,,,164.00000453E-3,2.3599999,,,,,164.00000453E-3,2.4400001,,,,,164.00000453E-3,2.75999999,,,,,164.00000453E-3,2.2800000,
,,,168.00001264E-3,2.3599999,,,,,168.00001264E-3,2.4400001,,,,,168.00001264E-3,2.3999999,,,,,168.00001264E-3,2.3999999,
,,,172.00000584E-3,2.3599999,,,,,172.00000584E-3,2.4400001,,,,,172.00000584E-3,2.75999999,,,,,172.00000584E-3,2.3599999,
,,,176.00001395E-3,2.3999999,,,,,176.00001395E-3,2.4400001,,,,,176.00001395E-3,2.6799998,,,,,176.00001395E-3,2.4400001,
,,,180.00000715E-3,2.3599999,,,,,180.00000715E-3,2.3999999,,,,,180.00000715E-3,2.6799998,,,,,180.00000715E-3,2.3599999,
,,,184.00001526E-3,2.3599999,,,,,184.00001526E-3,2.4400001,,,,,184.00001526E-3,2.6399999,,,,,184.00001526E-3,2.3999999,
,,,188.00000846E-3,2.3599999,,,,,188.00000846E-3,2.4400001,,,,,188.00000846E-3,2.6399999,,,,,188.00000846E-3,2.2000000,
,,,192.00000167E-3,2.3599999,,,,,192.00000167E-3,2.4400001,,,,,192.00000167E-3,2.72000003,,,,,192.00000167E-3,2.3199999,
,,,196.00000978E-3,2.3599999,,,,,196.00000978E-3,2.4400001,,,,,196.00000978E-3,2.5999999,,,,,196.00000978E-3,2.3199999,
,,,200.00000298E-3,2.3599999,,,,,200.00000298E-3,2.4400001,,,,,200.00000298E-3,2.5999999,,,,,200.00000298E-3,2.4800000,
,,,204.00001109E-3,2.3599999,,,,,204.00001109E-3,2.3999999,,,,,204.00001109E-3,2.72000003,,,,,204.00001109E-3,2.4400001,
,,,208.00000429E-3,2.3599999,,,,,208.00000429E-3,2.3999999,,,,,208.00000429E-3,2.79999995,,,,,208.00000429E-3,2.3999999,
,,,212.00001240E-3,2.3999999,,,,,212.00001240E-3,2.4400001,,,,,212.00001240E-3,2.5999999,,,,,212.00001240E-3,2.3599999,
,,,216.00000560E-3,2.3599999,,,,,216.00000560E-3,2.4400001,,,,,216.00000560E-3,2.72000003,,,,,216.00000560E-3,2.4800000,
,,,220.00001371E-3,2.3599999,,,,,220.00001371E-3,2.4400001,,,,,220.00001371E-3,2.6399999,,,,,220.00001371E-3,2.3999999,
,,,224.00000691E-3,2.3599999,,,,,224.00000691E-3,2.3999999,,,,,224.00000691E-3,2.6799998,,,,,224.00000691E-3,2.4400001,
,,,228.00001502E-3,2.3599999,,,,,228.00001502E-3,2.3999999,,,,,228.00001502E-3,2.72000003,,,,,228.00001502E-3,2.2800000,
,,,232.00000823E-3,2.3599999,,,,,232.00000823E-3,2.4400001,,,,,232.00000823E-3,2.6799998,,,,,232.00000823E-3,2.3999999,
,,,236.00001633E-3,2.3599999,,,,,236.00001633E-3,2.3999999,,,,,236.00001633E-3,2.6399999,,,,,236.00001633E-3,2.3599999,
,,,240.00000954E-3,2.3599999,,,,,240.00000954E-3,2.4400001,,,,,240.00000954E-3,2.72000003,,,,,240.00000954E-3,2.4400001,
,,,244.00001764E-3,2.3599999,,,,,244.00001764E-3,2.4400001,,,,,244.00001764E-3,2.72000003,,,,,244.00001764E-3,2.4800000,
,,,248.00001085E-3,2.3599999,,,,,248.00001085E-3,2.3999999,,,,,248.00001085E-3,2.79999995,,,,,248.00001085E-3,2.2800000,
,,,252.00000405E-3,2.3599999,,,,,252.00000405E-3,2.4400001,,,,,252.00000405E-3,2.5599999,,,,,252.00000405E-3,2.4400001,
,,,256.00001216E-3,2.3999999,,,,,256.00001216E-3,2.4400001,,,,,256.00001216E-3,2.75999999,,,,,256.00001216E-3,2.3599999,
,,,260.00002027E-3,2.3999999,,,,,260.00002027E-3,2.3999999,,,,,260.00002027E-3,2.72000003,,,,,260.00002027E-3,2.3599999,
,,,263.99999857E-3,2.3599999,,,,,263.99999857E-3,2.4400001,,,,,263.99999857E-3,2.6799998,,,,,263.99999857E-3,2.2800000,
,,,268.00000668E-3,2.3599999,,,,,268.00000668E-3,2.4400001,,,,,268.00000668E-3,2.79999995,,,,,268.00000668E-3,2.3999999,
,,,272.00001478E-3,2.3599999,,,,,272.00001478E-3,2.3999999,,,,,272.00001478E-3,2.6799998,,,,,272.00001478E-3,2.4800000,
,,,276.00002289E-3,2.3999999,,,,,276.00002289E-3,2.3999999,,,,,276.00002289E-3,2.83999991,,,,,276.00002289E-3,2.3999999,
,,,280.00000119E-3,2.3599999,,,,,280.00000119E-3,2.4400001,,,,,280.00000119E-3,2.6399999,,,,,280.00000119E-3,2.4400001,
,,,284.00000930E-3,2.3599999,,,,,284.00000930E-3,2.4400001,,,,,284.00000930E-3,2.5599999,,,,,284.00000930E-3,2.2800000,
,,,288.00001740E-3,2.3599999,,,,,288.00001740E-3,2.3599999,,,,,288.00001740E-3,2.79999995,,,,,288.00001740E-3,2.3999999,
,,,292.00002551E-3,2.3599999,,,,,292.00002551E-3,2.4400001,,,,,292.00002551E-3,2.6399999,,,,,292.00002551E-3,2.4800000,
,,,296.00000381E-3,2.3599999,,,,,296.00000381E-3,2.3999999,,,,,296.00000381E-3,2.5200000,,,,,296.00000381E-3,2.4800000,
,,,300.00001192E-3,2.3999999,,,,,300.00001192E-3,2.4400001,,,,,300.00001192E-3,2.79999995,,,,,300.00001192E-3,2.3999999,
,,,304.00002003E-3,2.3599999,,,,,304.00002003E-3,2.4400001,,,,,304.00002003E-3,2.6799998,,,,,304.00002003E-3,2.3999999,
,,,308.00002813E-3,2.3599999,,,,,308.00002813E-3,2.4400001,,,,,308.00002813E-3,2.6399999,,,,,308.00002813E-3,2.4400001,
,,,312.00000644E-3,2.3599999,,,,,312.00000644E-3,2.4400001,,,,,312.00000644E-3,2.83999991,,,,,312.00000644E-3,2.4800000,
,,,316.00001454E-3,2.3999999,,,,,316.00001454E-3,2.4400001,,,,,316.00001454E-3,2.5999999,,,,,316.00001454E-3,2.3599999,
,,,320.00002265E-3,2.3999999,,,,,320.00002265E-3,2.4400001,,,,,320.00002265E-3,2.6399999,,,,,320.00002265E-3,2.4800000,
,,,324.00000095E-3,2.3599999,,,,,324.00000095E-3,2.3999999,,,,,324.00000095E-3,2.6399999,,,,,324.00000095E-3,2.3999999,
,,,328.00000906E-3,2.3999999,,,,,328.00000906E-3,2.4400001,,,,,328.00000906E-3,2.6799998,,,,,328.00000906E-3,2.4800000,
,,,332.00001717E-3,2.3599999,,,,,332.00001717E-3,2.4400001,,,,,332.00001717E-3,2.72000003,,,,,332.00001717E-3,2.4400001,
,,,336.00002527E-3,2.3599999,,,,,336.00002527E-3,2.4400001,,,,,336.00002527E-3,2.6399999,,,,,336.00002527E-3,2.3999999,
,,,340.00000358E-3,2.3599999,,,,,340.00000358E-3,2.4400001,,,,,340.00000358E-3,2.6399999,,,,,340.00000358E-3,2.4800000,
,,,344.00001168E-3,2.3599999,,,,,344.00001168E-3,2.4400001,,,,,344.00001168E-3,2.6399999,,,,,344.00001168E-3,2.3599999,
,,,348.00001979E-3,2.3599999,,,,,348.00001979E-3,2.4400001,,,,,348.00001979E-3,2.5999999,,,,,348.00001979E-3,2.4400001,
,,,352.00002789E-3,2.3599999,,,,,352.00002789E-3,2.4400001,,,,,352.00002789E-3,2.4800000,,,,,352.00002789E-3,2.4800000,
,,,356.00000620E-3,2.3599999,,,,,356.00000620E-3,2.4400001,,,,,356.00000620E-3,2.6399999,,,,,356.00000620E-3,2.4800000,
,,,360.00001431E-3,2.3599999,,,,,360.00001431E-3,2.4400001,,,,,360.00001431E-3,2.72000003,,,,,360.00001431E-3,2.5200000,
,,,364.00002241E-3,2.3599999,,,,,364.00002241E-3,2.4400001,,,,,364.00002241E-3,2.5999999,,,,,364.00002241E-3,2.3999999,
,,,368.00003052E-3,2.3599999,,,,,368.00003052E-3,2.4400001,,,,,368.00003052E-3,2.6799998,,,,,368.00003052E-3,2.4400001,
,,,372.00000882E-3,2.3599999,,,,,372.00000882E-3,2.4400001,,,,,372.00000882E-3,2.4400001,,,,,372.00000882E-3,2.4400001,
,,,376.00001693E-3,2.3599999,,,,,376.00001693E-3,2.4400001,,,,,376.00001693E-3,2.75999999,,,,,376.00001693E-3,2.5200000,
,,,380.00002503E-3,2.3599999,,,,,380.00002503E-3,2.4400001,,,,,380.00002503E-3,2.6399999,,,,,380.00002503E-3,2.4400001,
,,,384.00000334E-3,2.3599999,,,,,384.00000334E-3,2.4400001,,,,,384.00000334E-3,2.6399999,,,,,384.00000334E-3,2.3199999,
,,,388.00001144E-3,2.3599999,,,,,388.00001144E-3,2.3999999,,,,,388.00001144E-3,2.6399999,,,,,388.00001144E-3,2.4800000,
,,,392.00001955E-3,2.3599999,,,,,392.00001955E-3,2.4400001,,,,,392.00001955E-3,2.4800000,,,,,392.00001955E-3,2.5200000,
,,,396.00002766E-3,2.3599999,,,,,396.00002766E-3,2.4400001,,,,,396.00002766E-3,2.6799998,,,,,396.00002766E-3,2.4800000,
,,,400.00000596E-3,2.3599999,,,,,400.00000596E-3,2.4400001,,,,,400.00000596E-3,2.6399999,,,,,400.00000596E-3,2.4400001,
,,,404.000014067E-3,2.3599999,,,,,404.000014067E-3,2.4400001,,,,,404.000014067E-3,2.5200000,,,,,404.000014067E-3,2.3199999,
,,,408.000022173E-3,2.3599999,,,,,408.000022173E-3,2.4400001,,,,,408.000022173E-3,2.72000003,,,,,408.000022173E-3,2.5599999,
,,,412.000030279E-3,2.3599999,,,,,412.000030279E-3,2.4400001,,,,,412.000030279E-3,2.5999999,,,,,412.000030279E-3,2.4800000,
,,,416.000008583E-3,2.3599999,,,,,416.000008583E-3,2.4400001,,,,,416.000008583E-3,2.79999995,,,,,416.000008583E-3,2.5200000,
,,,420.000016689E-3,2.3999999,,,,,420.000016689E-3,2.4400001,,,,,420.000016689E-3,2.6799998,,,,,420.000016689E-3,2.4800000,
,,,424.000024796E-3,2.3599999,,,,,424.000024796E-3,2.4400001,,,,,424.000024796E-3,2.5999999,,,,,424.000024796E-3,2.3999999,
,,,428.000032902E-3,2.3599999,,,,,428.000032902E-3,2.4400001,,,,,428.000032902E-3,2.5599999,,,,,428.000032902E-3,2.6399999,
,,,432.000011206E-3,2.3599999,,,,,432.000011206E-3,2.4400001,,,,,432.000011206E-3,2.5999999,,,,,432.000011206E-3,2.5599999,
,,,436.000019312E-3,2.3599999,,,,,436.000019312E-3,2.4400001,,,,,436.000019312E-3,2.6399999,,,,,436.000019312E-3,2.4800000,
,,,440.000027418E-3,2.3999999,,,,,440.000027418E-3,2.4400001,,,,,440.000027418E-3,2.5599999,,,,,440.000027418E-3,2.5599999,
,,,444.000035524E-3,2.3599999,,,,,444.000035524E-3,2.3999999,,,,,444.000035524E-3,2.6799998,,,,,444.000035524E-3,2.4800000,
,,,448.000013828E-3,2.3599999,,,,,448.000013828E-3,2.4400001,,,,,448.000013828E-3,2.6799998,,,,,448.000013828E-3,2.4800000,
,,,452.000021935E-3,2.3599999,,,,,452.000021935E-3,2.4400001,,,,,452.000021935E-3,2.5200000,,,,,452.000021935E-3,2.4800000,
,,,456.000030041E-3,2.3599999,,,,,456.000030041E-3,2.4400001,,,,,456.000030041E-3,2.75999999,,,,,456.000030041E-3,2.4800000,
,,,460.000008345E-3,2.3599999,,,,,460.000008345E-3,2.4400001,,,,,460.000008345E-3,2.72000003,,,,,460.000008345E-3,2.4400001,
,,,464.000016451E-3,2.3599999,,,,,464.000016451E-3,2.4400001,,,,,464.000016451E-3,2.6799998,,,,,464.000016451E-3,2.5200000,
,,,468.000024557E-3,2.3599999,,,,,468.000024557E-3,2.4400001,,,,,468.000024557E-3,2.5200000,,,,,468.000024557E-3,2.3999999,
,,,472.000032663E-3,2.3999999,,,,,472.000032663E-3,2.4400001,,,,,472.000032663E-3,2.4800000,,,,,472.000032663E-3,3.11999989,
,,,476.000010967E-3,2.3599999,,,,,476.000010967E-3,2.4400001,,,,,476.000010967E-3,2.6799998,,,,,476.000010967E-3,2.4400001,
,,,480.000019073E-3,2.3599999,,,,,480.000019073E-3,2.4400001,,,,,480.000019073E-3,2.6799998,,,,,480.000019073E-3,2.4400001,
,,,484.000027180E-3,2.3599999,,,,,484.000027180E-3,2.3999999,,,,,484.000027180E-3,2.75999999,,,,,484.000027180E-3,2.4400001,
,,,488.000035286E-3,2.3599999,,,,,488.000035286E-3,2.4400001,,,,,488.000035286E-3,2.6799998,,,,,488.000035286E-3,2.3199999,
,,,492.000013590E-3,2.3599999,,,,,492.000013590E-3,2.4400001,,,,,492.000013590E-3,2.5599999,,,,,492.000013590E-3,2.4800000,
,,,496.000021696E-3,2.3599999,,,,,496.000021696E-3,2.3999999,,,,,496.000021696E-3,2.79999995,,,,,496.000021696E-3,2.4800000,
,,,500.000000000E-3,2.3599999,,,,,500.000000000E-3,2.3999999,,,,,500.000000000E-3,2.75999999,,,,,500.000000000E-3,2.5200000,
,,,504.000008106E-3,2.3599999,,,,,504.000008106E-3,2.3999999,,,,,504.000008106E-3,2.75999999,,,,,504.000008106E-3,2.4800000,
,,,508.000016212E-3,2.3599999,,,,,508.000016212E-3,2.3999999,,,,,508.000016212E-3,2.6799998,,,,,508.000016212E-3,2.5599999,
,,,512.000024319E-3,2.3599999,,,,,512.000024319E-3,2.3999999,,,,,512.000024319E-3,2.75999999,,,,,512.000024319E-3,2.4400001,
,,,516.000032425E-3,2.3599999,,,,,516.000032425E-3,2.3999999,,,,,516.000032425E-3,2.6799998,,,,,516.000032425E-3,2.5999999,
,,,520.000040531E-3,2.3599999,,,,,520.000040531E-3,2.4400001,,,,,520.000040531E-3,2.6399999,,,,,520.000040531E-3,2.4800000,
,,,524.000048637E-3,2.3599999,,,,,524.000048637E-3,2.4400001,,,,,524.000048637E-3,2.5999999,,,,,524.000048637E-3,2.5200000,
,,,527.999997139E-3,2.3599999,,,,,527.999997139E-3,2.4400001,,,,,527.999997139E-3,2.4800000,,,,,527.999997139E-3,2.4800000,
,,,532.000005245E-3,2.3599999,,,,,532.000005245E-3,2.3999999,,,,,532.000005245E-3,2.79999995,,,,,532.000005245E-3,2.5599999,
,,,536.000013351E-3,2.3599999,,,,,536.000013351E-3,2.4400001,,,,,536.000013351E-3,2.6399999,,,,,536.000013351E-3,2.5599999,
,,,540.000021458E-3,2.3599999,,,,,540.000021458E-3,2.4400001,,,,,540.000021458E-3,3.00000000,,,,,540.000021458E-3,2.4400001,
,,,544.000029564E-3,2.3599999,,,,,544.000029564E-3,2.4400001,,,,,544.000029564E-3,2.79999995,,,,,544.000029564E-3,2.4400001,
,,,548.000037670E-3,2.3599999,,,,,548.000037670E-3,2.4400001,,,,,548.000037670E-3,2.79999995,,,,,548.000037670E-3,2.4400001,
,,,552.000045776E-3,2.3599999,,,,,552.000045776E-3,2.4400001,,,,,552.000045776E-3,2.83999991,,,,,552.000045776E-3,2.5999999,
,,,556.000053883E-3,2.3599999,,,,,556.000053883E-3,2.4400001,,,,,556.000053883E-3,2.72000003,,,,,556.000053883E-3,2.3999999,
,,,560.000002384E-3,2.3599999,,,,,560.000002384E-3,2.4400001,,,,,560.000002384E-3,2.6399999,,,,,560.000002384E-3,2.4800000,
,,,564.000010490E-3,2.3599999,,,,,564.000010490E-3,2.4400001,,,,,564.000010490E-3,2.6399999,,,,,564.000010490E-3,2.4400001,
,,,568.000018597E-3,2.3599999,,,,,568.000018597E-3,2.3999999,,,,,568.000018597E-3,2.75999999,,,,,568.000018597E-3,2.3999999,
,,,572.000026703E-3,2.3599999,,,,,572.000026703E-3,2.3999999,,,,,572.000026703E-3,2.5200000,,,,,572.000026703E-3,2.5200000,
,,,576.000034809E-3,2.3599999,,,,,576.000034809E-3,2.3999999,,,,,576.000034809E-3,2.6399999,,,,,576.000034809E-3,2.5200000,
,,,580.000042915E-3,2.3599999,,,,,580.000042915E-3,2.4400001,,,,,580.000042915E-3,2.75999999,,,,,580.000042915E-3,2.5200000,
,,,584.000051022E-3,2.3999999,,,,,584.000051022E-3,2.3999999,,,,,584.000051022E-3,2.6399999,,,,,584.000051022E-3,2.4800000,
,,,587.999999523E-3,2.3999999,,,,,587.999999523E-3,2.3999999,,,,,587.999999523E-3,2.5999999,,,,,587.999999523E-3,2.4400001,
,,,592.000007629E-3,2.3599999,,,,,592.000007629E-3,2.4400001,,,,,592.000007629E-3,2.6399999,,,,,592.000007629E-3,2.4800000,
,,,596.000015736E-3,2.3599999,,,,,596.000015736E-3,2.3999999,,,,,596.000015736E-3,2.5599999,,,,,596.000015736E-3,2.5999999,
,,,600.000023842E-3,2.3599999,,,,,600.000023842E-3,2.4400001,,,,,600.000023842E-3,2.6799998,,,,,600.000023842E-3,2.5200000,
,,,604.000031948E-3,2.3599999,,,,,604.000031948E-3,2.3999999,,,,,604.000031948E-3,2.72000003,,,,,604.000031948E-3,2.3999999,
,,,608.000040054E-3,2.3599999,,,,,608.000040054E-3,2.4400001,,,,,608.000040054E-3,2.72000003,,,,,608.000040054E-3,2.5999999,
,,,612.000048161E-3,2.3599999,,,,,612.000048161E-3,2.4400001,,,,,612.000048161E-3,2.5999999,,,,,612.000048161E-3,2.5599999,
,,,616.000056267E-3,2.3599999,,,,,616.000056267E-3,2.4400001,,,,,616.000056267E-3,2.6399999,,,,,616.000056267E-3,2.4400001,
,,,620.000004768E-3,2.3999999,,,,,620.000004768E-3,2.3999999,,,,,620.000004768E-3,2.5200000,,,,,620.000004768E-3,2.4800000,
,,,624.000012875E-3,2.3599999,,,,,624.000012875E-3,2.4400001,,,,,624.000012875E-3,2.75999999,,,,,624.000012875E-3,2.3199999,
,,,628.000020981E-3,2.3599999,,,,,628.000020981E-3,2.4400001,,,,,628.000020981E-3,2.6799998,,,,,628.000020981E-3,2.5200000,
,,,632.000029087E-3,2.3599999,,,,,632.000029087E-3,2.3999999,,,,,632.000029087E-3,2.5599999,,,,,632.000029087E-3,2.4800000,
,,,636.000037193E-3,2.3999999,,,,,636.000037193E-3,2.3999999,,,,,636.000037193E-3,2.6399999,,,,,636.000037193E-3,2.4800000,
,,,640.000045300E-3,2.3599999,,,,,640.000045300E-3,2.4400001,,,,,640.000045300E-3,2.72000003,,,,,640.000045300E-3,2.5599999,
,,,644.000053406E-3,2.3599999,,,,,644.000053406E-3,2.4400001,,,,,644.000053406E-3,2.6799998,,,,,644.000053406E-3,2.3999999,
,,,648.000001907E-3,2.3599999,,,,,648.000001907E-3,2.3599999,,,,,648.000001907E-3,2.72000003,,,,,648.000001907E-3,2.4800000,
,,,652.000010014E-3,2.3599999,,,,,652.000010014E-3,2.4400001,,,,,652.000010014E-3,2.6399999,,,,,652.000010014E-3,2.3599999,
,,,656.000018120E-3,2.3999999,,,,,656.000018120E-3,2.4400001,,,,,656.000018120E-3,2.6399999,,,,,656.000018120E-3,2.3599999,
,,,660.000026226E-3,2.3599999,,,,,660.000026226E-3,2.3999999,,,,,660.000026226E-3,2.4800000,,,,,660.000026226E-3,2.3999999,
,,,664.000034332E-3,2.3999999,,,,,664.000034332E-3,2.3999999,,,,,664.000034332E-3,2.6399999,,,,,664.000034332E-3,2.3999999,
,,,668.000042439E-3,2.3599999,,,,,668.000042439E-3,2.4400001,,,,,668.000042439E-3,2.5599999,,,,,668.000042439E-3,2.4800000,
,,,672.000050545E-3,2.3599999,,,,,672.000050545E-3,2.4400001,,,,,672.000050545E-3,2.4400001,,,,,672.000050545E-3,2.3599999,
,,,676.000058651E-3,2.3599999,,,,,676.000058651E-3,2.4400001,,,,,676.000058651E-3,2.4800000,,,,,676.000058651E-3,2.4800000,
,,,680.000007153E-3,2.3599999,,,,,680.000007153E-3,2.4400001,,,,,680.000007153E-3,2.5200000,,,,,680.000007153E-3,2.4800000,
,,,684.000015259E-3,2.3599999,,,,,684.000015259E-3,2.3999999,,,,,684.000015259E-3,2.5200000,,,,,684.000015259E-3,2.3199999,
,,,688.000023365E-3,2.3599999,,,,,688.000023365E-3,2.4400001,,,,,688.000023365E-3,2.4400001,,,,,688.000023365E-3,2.5999999,
,,,692.000031471E-3,2.3599999,,,,,692.000031471E-3,2.3999999,,,,,692.000031471E-3,2.5200000,,,,,692.000031471E-3,2.5200000,
,,,696.000039577E-3,2.3599999,,,,,696.000039577E-3,2.4400001,,,,,696.000039577E-3,2.6799998,,,,,696.000039577E-3,2.4800000,
,,,700.000047684E-3,2.3599999,,,,,700.000047684E-3,2.3999999,,,,,700.000047684E-3,2.6799998,,,,,700.000047684E-3,2.4400001,
,,,704.000055790E-3,2.3599999,,,,,704.000055790E-3,2.4400001,,,,,704.000055790E-3,2.6799998,,,,,704.000055790E-3,2.2400000,
,,,708.000004292E-3,2.3599999,,,,,708.000004292E-3,2.3999999,,,,,708.000004292E-3,2.72000003,,,,,708.000004292E-3,2.4400001,
,,,712.000012398E-3,2.3599999,,,,,712.000012398E-3,2.3999999,,,,,712.000012398E-3,2.5599999,,,,,712.000012398E-3,2.4400001,
,,,716.000020504E-3,2.3599999,,,,,716.000020504E-3,2.3999999,,,,,716.000020504E-3,2.5200000,,,,,716.000020504E-3,2.5599999,
,,,720.000028610E-3,2.3599999,,,,,720.000028610E-3,2.4400001,,,,,720.000028610E-3,2.6399999,,,,,720.000028610E-3,2.3999999,
,,,724.000036716E-3,2.3599999,,,,,724.000036716E-3,2.4400001,,,,,724.000036716E-3,2.72000003,,,,,724.000036716E-3,2.3599999,
,,,728.000044823E-3,2.3599999,,,,,728.000044823E-3,2.4400001,,,,,728.000044823E-3,2.75999999,,,,,728.000044823E-3,2.3599999,
,,,732.000052929E-3,2.3599999,,,,,732.000052929E-3,2.4400001,,,,,732.000052929E-3,2.75999999,,,,,732.000052929E-3,2.4400001,
,,,736.000061035E-3,2.3599999,,,,,736.000061035E-3,2.4400001,,,,,736.000061035E-3,2.83999991,,,,,736.000061035E-3,2.5200000,
,,,740.000009537E-3,2.3599999,,,,,740.000009537E-3,2.5200000,,,,,740.000009537E-3,2.72000003,,,,,740.000009537E-3,2.3599999,
,,,744.000017643E-3,2.3599999,,,,,744.000017643E-3,2.4400001,,,,,744.000017643E-3,2.79999995,,,,,744.000017643E-3,2.4800000,
,,,748.000025749E-3,2.3599999,,,,,748.000025749E-3,2.4400001,,,,,748.000025749E-3,2.75999999,,,,,748.000025749E-3,2.4400001,
,,,752.000033855E-3,2.3599999,,,,,752.000033855E-3,2.4400001,,,,,752.000033855E-3,2.79999995,,,,,752.000033855E-3,2.3599999,
,,,756.000041962E-3,2.3599999,,,,,756.000041962E-3,2.4400001,,,,,756.000041962E-3,2.6799998,,,,,756.000041962E-3,2.5200000,
,,,760.000050068E-3,2.3599999,,,,,760.000050068E-3,2.4400001,,,,,760.000050068E-3,2.6799998,,,,,760.000050068E-3,2.4400001,
,,,764.000058174E-3,2.3599999,,,,,764.000058174E-3,2.4400001,,,,,764.000058174E-3,2.6399999,,,,,764.000058174E-3,2.5200000,
,,,768.000006676E-3,2.3599999,,,,,768.000006676E-3,2.4400001,,,,,768.000006676E-3,2.5999999,,,,,768.000006676E-3,2.3599999,
,,,772.000014782E-3,2.3599999,,,,,772.000014782E-3,2.4400001,,,,,772.000014782E-3,2.5200000,,,,,772.000014782E-3,2.4800000,
,,,776.000022888E-3,2.3599999,,,,,776.000022888E-3,2.4400001,,,,,776.000022888E-3,2.6399999,,,,,776.000022888E-3,2.4800000,
,,,780.000030994E-3,2.3599999,,,,,780.000030994E-3,2.4400001,,,,,780.000030994E-3,2.6799998,,,,,780.000030994E-3,2.2800000,
,,,784.000039101E-3,2.3599999,,,,,784.000039101E-3,2.4400001,,,,,784.000039101E-3,2.3999999,,,,,784.000039101E-3,2.3599999,
,,,788.000047207E-3,2.3999999,,,,,788.000047207E-3,2.4400001,,,,,788.000047207E-3,2.6399999,,,,,788.000047207E-3,2.4800000,
,,,792.000055313E-3,2.3999999,,,,,792.000055313E-3,2.4400001,,,,,792.000055313E-3,2.75999999,,,,,792.000055313E-3,2.3599999,
,,,796.000063419E-3,2.3599999,,,,,796.000063419E-3,2.4400001,,,,,796.000063419E-3,2.75999999,,,,,796.000063419E-3,2.4800000,
,,,800.000011921E-3,2.3599999,,,,,800.000011921E-3,2.4400001,,,,,800.000011921E-3,2.75999999,,,,,800.000011921E-3,2.3999999,
,,,804.000020027E-3,2.3599999,,,,,804.000020027E-3,2.4400001,,,,,804.000020027E-3,2.5999999,,,,,804.000020027E-3,2.4400001,
,,,808.000028133E-3,2.3599999,,,,,808.000028133E-3,2.4400001,,,,,808.000028133E-3,2.75999999,,,,,808.000028133E-3,2.4400001,
,,,812.000036240E-3,2.3599999,,,,,812.000036240E-3,2.4400001,,,,,812.000036240E-3,2.5200000,,,,,812.000036240E-3,2.3999999,
,,,816.000044346E-3,2.3599999,,,,,816.000044346E-3,2.4400001,,,,,816.000044346E-3,2.5599999,,,,,816.000044346E-3,2.3999999,
,,,820.000052452E-3,2.3599999,,,,,820.000052452E-3,2.3999999,,,,,820.000052452E-3,2.72000003,,,,,820.000052452E-3,2.4400001,
,,,824.000060558E-3,2.3599999,,,,,824.000060558E-3,2.4400001,,,,,824.000060558E-3,2.5599999,,,,,824.000060558E-3,2.4800000,
,,,828.000068665E-3,2.3999999,,,,,828.000068665E-3,2.4400001,,,,,828.000068665E-3,2.75999999,,,,,828.000068665E-3,2.3999999,
,,,832.000017166E-3,2.3599999,,,,,832.000017166E-3,2.4400001,,,,,832.000017166E-3,2.5599999,,,,,832.000017166E-3,2.3199999,
,,,836.000025272E-3,2.3599999,,,,,836.000025272E-3,2.4400001,,,,,836.000025272E-3,2.5999999,,,,,836.000025272E-3,2.4400001,
,,,840.000033379E-3,2.3199999,,,,,840.000033379E-3,2.4400001,,,,,840.000033379E-3,2.6399999,,,,,840.000033379E-3,2.3999999,
,,,844.000041485E-3,2.3599999,,,,,844.000041485E-3,2.4400001,,,,,844.000041485E-3,2.72000003,,,,,844.000041485E-3,2.4400001,
,,,848.000049591E-3,2.3599999,,,,,848.000049591E-3,2.4400001,,,,,848.000049591E-3,2.6799998,,,,,848.000049591E-3,2.4400001,
,,,852.000057697E-3,2.3599999,,,,,852.000057697E-3,2.4400001,,,,,852.000057697E-3,2.4800000,,,,,852.000057697E-3,2.4800000,
,,,856.000065804E-3,2.3599999,,,,,856.000065804E-3,2.4400001,,,,,856.000065804E-3,2.75999999,,,,,856.000065804E-3,2.4400001,
,,,860.000014305E-3,2.3599999,,,,,860.000014305E-3,2.4400001,,,,,860.000014305E-3,2.5999999,,,,,860.000014305E-3,2.2400000,
,,,864.000022411E-3,2.3599999,,,,,864.000022411E-3,2.4400001,,,,,864.000022411E-3,2.5999999,,,,,864.000022411E-3,2.4400001,
,,,868.000030518E-3,2.3999999,,,,,868.000030518E-3,2.3999999,,,,,868.000030518E-3,2.5999999,,,,,868.000030518E-3,2.3999999,
,,,872.000038624E-3,2.3599999,,,,,872.000038624E-3,2.4400001,,,,,872.000038624E-3,2.5999999,,,,,872.000038624E-3,2.4400001,
,,,876.000046730E-3,2.3599999,,,,,876.000046730E-3,2.4400001,,,,,876.000046730E-3,2.5999999,,,,,876.000046730E-3,2.3999999,
,,,880.000054836E-3,2.3999999,,,,,880.000054836E-3,2.4400001,,,,,880.000054836E-3,2.5999999,,,,,880.000054836E-3,2.4800000,
,,,884.000062943E-3,2.3599999,,,,,884.000062943E-3,2.4400001,,,,,884.000062943E-3,2.4800000,,,,,884.000062943E-3,2.2800000,
,,,888.000071049E-3,2.3599999,,,,,888.000071049E-3,2.4400001,,,,,888.000071049E-3,2.6399999,,,,,888.000071049E-3,2.2800000,
,,,892.000019550E-3,2.3599999,,,,,892.000019550E-3,2.4400001,,,,,892.000019550E-3,2.5200000,,,,,892.000019550E-3,2.3199999,
,,,896.000027657E-3,2.3999999,,,,,896.000027657E-3,2.4400001,,,,,896.000027657E-3,2.4800000,,,,,896.000027657E-3,2.2800000,
,,,900.000035763E-3,2.3599999,,,,,900.000035763E-3,2.4400001,,,,,900.000035763E-3,2.5599999,,,,,900.000035763E-3,2.3999999,
,,,904.000043869E-3,2.3599999,,,,,904.000043869E-3,2.3999999,,,,,904.000043869E-3,2.6399999,,,,,904.000043869E-3,2.3199999,
,,,908.000051975E-3,2.3599999,,,,,908.000051975E-3,2.4400001,,,,,908.000051975E-3,2.4800000,,,,,908.000051975E-3,2.4400001,
,,,912.000060081E-3,2.3599999,,,,,912.000060081E-3,2.4400001,,,,,912.000060081E-3,2.5599999,,,,,912.000060081E-3,2.4400001,
,,,916.000068188E-3,2.3999999,,,,,916.000068188E-3,2.4400001,,,,,916.000068188E-3,2.5200000,,,,,916.000068188E-3,2.4400001,
,,,920.000016689E-3,2.3599999,,,,,920.000016689E-3,2.4400001,,,,,920.000016689E-3,2.6799998,,,,,920.000016689E-3,2.3199999,
,,,924.000024796E-3,2.3599999,,,,,924.000024796E-3,2.4400001,,,,,924.000024796E-3,2.4800000,,,,,924.000024796E-3,2.2800000,
,,,928.000032902E-3,2.3599999,,,,,928.000032902E-3,2.3999999,,,,,928.000032902E-3,2.5999999,,,,,928.000032902E-3,2.3599999,
,,,932.000041008E-3,2.3599999,,,,,932.000041008E-3,2.4400001,,,,,932.000041008E-3,2.6399999,,,,,932.000041008E-3,2.3599999,
,,,936.000049114E-3,2.3999999,,,,,936.000049114E-3,2.4400001,,,,,936.000049114E-3,2.6399999,,,,,936.000049114E-3,2.4400001,
,,,940.000057220E-3,2.3599999,,,,,940.000057220E-3,2.4400001,,,,,940.000057220E-3,2.5599999,,,,,940.000057220E-3,2.3599999,
,,,944.000065327E-3,2.3599999,,,,,944.000065327E-3,2.4400001,,,,,944.000065327E-3,2.6399999,,,,,944.000065327E-3,2.2400000,
,,,948.000073433E-3,2.3599999,,,,,948.000073433E-3,2.4400001,,,,,948.000073433E-3,2.6799998,,,,,948.000073433E-3,2.3999999,
,,,952.000021935E-3,2.3599999,,,,,952.000021935E-3,2.4400001,,,,,952.000021935E-3,2.72000003,,,,,952.000021935E-3,2.4800000,
,,,956.000030041E-3,2.3599999,,,,,956.000030041E-3,2.3999999,,,,,956.000030041E-3,2.5200000,,,,,956.000030041E-3,2.4400001,
,,,960.000038147E-3,2.3599999,,,,,960.000038147E-3,2.4400001,,,,,960.000038147E-3,2.5200000,,,,,960.000038147E-3,2.4400001,
,,,964.000046253E-3,2.3599999,,,,,964.000046253E-3,2.4400001,,,,,964.000046253E-3,2.6799998,,,,,964.000046253E-3,2.2400000,
,,,968.000054359E-3,2.3999999,,,,,968.000054359E-3,2.3999999,,,,,968.000054359E-3,2.5599999,,,,,968.000054359E-3,2.2800000,
,,,972.000062466E-3,2.3599999,,,,,972.000062466E-3,2.3999999,,,,,972.000062466E-3,2.5200000,,,,,972.000062466E-3,2.96000004,
,,,976.000070572E-3,2.3599999,,,,,976.000070572E-3,2.4400001,,,,,976.000070572E-3,2.5599999,,,,,976.000070572E-3,2.4400001,
,,,980.000019073E-3,2.3599999,,,,,980.000019073E-3,2.4400001,,,,,980.000019073E-3,2.4800000,,,,,980.000019073E-3,2.3599999,
,,,984.000027180E-3,2.3599999,,,,,984.000027180E-3,2.4400001,,,,,984.000027180E-3,2.6399999,,,,,984.000027180E-3,2.3599999,
,,,988.000035286E-3,2.3599999,,,,,988.000035286E-3,2.4400001,,,,,988.000035286E-3,2.5200000,,,,,988.000035286E-3,2.3599999,
,,,992.000043392E-3,2.3599999,,,,,992.000043392E-3,2.4400001,,,,,992.000043392E-3,2.6799998,,,,,992.000043392E-3,2.3999999,
,,,996.000051498E-3,2.3999999,,,,,996.000051498E-3,2.4400001,,,,,996.000051498E-3,2.5599999,,,,,996.000051498E-3,2.4400001,
,,,1.000000,2.3599999,,,,,1.000000,2.3999999,,,,,1.000000,2.5200000,,,,,1.000000,2.3999999,
,,,1.0040001,2.3999999,,,,,1.0040001,2.4400001,,,,,1.0040001,2.5999999,,,,,1.0040001,2.3999999,
,,,1.0080000,2.3999999,,,,,1.0080000,2.4400001,,,,,1.0080000,2.5599999,,,,,1.0080000,2.4400001,
,,,1.0120001,2.3599999,,,,,1.0120001,2.4400001,,,,,1.0120001,2.6399999,,,,,1.0120001,2.3599999,
,,,1.0160000,2.3999999,,,,,1.0160000,2.4400001,,,,,1.0160000,2.6399999,,,,,1.0160000,2.4800000,
,,,1.0200001,2.3999999,,,,,1.0200001,2.4400001,,,,,1.0200001,2.5200000,,,,,1.0200001,2.4400001,
,,,1.0240000,2.3599999,,,,,1.0240000,2.3599999,,,,,1.0240000,2.5999999,,,,,1.0240000,2.2400000,
,,,1.0280000,2.3599999,,,,,1.0280000,2.4400001,,,,,1.0280000,2.6399999,,,,,1.0280000,2.4400001,
,,,1.0320001,2.3599999,,,,,1.0320001,2.4400001,,,,,1.0320001,2.72000003,,,,,1.0320001,2.4400001,
,,,1.0360000,2.3599999,,,,,1.0360000,2.4400001,,,,,1.0360000,2.5999999,,,,,1.0360000,2.4400001,
,,,1.0400001,2.3599999,,,,,1.0400001,2.3999999,,,,,1.0400001,2.5200000,,,,,1.0400001,2.3999999,
,,,1.0440000,2.3599999,,,,,1.0440000,2.3999999,,,,,1.0440000,2.5599999,,,,,1.0440000,2.2400000,
,,,1.0480001,2.3999999,,,,,1.0480001,2.3999999,,,,,1.0480001,2.6799998,,,,,1.0480001,2.3999999,
,,,1.0520000,2.3999999,,,,,1.0520000,2.4400001,,,,,1.0520000,2.72000003,,,,,1.0520000,2.2800000,
,,,1.0560000,2.3599999,,,,,1.0560000,2.3999999,,,,,1.0560000,2.5599999,,,,,1.0560000,2.3999999,
,,,1.0600001,2.3599999,,,,,1.0600001,2.3999999,,,,,1.0600001,2.5999999,,,,,1.0600001,2.3999999,
,,,1.0640000,2.3599999,,,,,1.0640000,2.3999999,,,,,1.0640000,2.6399999,,,,,1.0640000,2.2800000,
,,,1.0680001,2.3599999,,,,,1.0680001,2.4400001,,,,,1.0680001,2.75999999,,,,,1.0680001,2.4400001,
,,,1.0720000,2.3599999,,,,,1.0720000,2.3999999,,,,,1.0720000,2.5599999,,,,,1.0720000,2.3599999,
,,,1.0760001,2.3999999,,,,,1.0760001,2.4400001,,,,,1.0760001,2.5599999,,,,,1.0760001,2.4400001,
,,,1.0800000,2.3599999,,,,,1.0800000,2.4400001,,,,,1.0800000,2.6399999,,,,,1.0800000,2.3999999,
,,,1.0840001,2.3599999,,,,,1.0840001,2.4400001,,,,,1.0840001,2.5599999,,,,,1.0840001,2.3599999,
,,,1.0880001,2.3999999,,,,,1.0880001,2.4400001,,,,,1.0880001,2.72000003,,,,,1.0880001,2.3599999,
,,,1.0920000,2.3599999,,,,,1.0920000,2.3999999,,,,,1.0920000,2.5599999,,,,,1.0920000,2.4400001,
,,,1.0960001,2.3599999,,,,,1.0960001,2.4400001,,,,,1.0960001,2.5599999,,,,,1.0960001,2.4800000,
,,,1.1000000,2.3199999,,,,,1.1000000,2.3599999,,,,,1.1000000,2.6399999,,,,,1.1000000,2.3599999,
,,,1.1040001,2.3599999,,,,,1.1040001,2.4400001,,,,,1.1040001,2.6399999,,,,,1.1040001,2.3199999,
,,,1.1080000,2.3599999,,,,,1.1080000,2.4400001,,,,,1.1080000,2.6399999,,,,,1.1080000,2.4400001,
,,,1.1120001,2.3599999,,,,,1.1120001,2.4400001,,,,,1.1120001,2.79999995,,,,,1.1120001,2.3999999,
,,,1.1160001,2.3599999,,,,,1.1160001,2.3999999,,,,,1.1160001,2.6399999,,,,,1.1160001,2.4400001,
,,,1.1200000,2.3599999,,,,,1.1200000,2.3999999,,,,,1.1200000,2.6399999,,,,,1.1200000,2.3599999,
,,,1.1240001,2.3599999,,,,,1.1240001,2.4400001,,,,,1.1240001,2.5999999,,,,,1.1240001,2.4400001,
,,,1.1280000,2.3599999,,,,,1.1280000,2.4400001,,,,,1.1280000,2.72000003,,,,,1.1280000,2.3999999,
,,,1.1320001,2.3599999,,,,,1.1320001,2.4400001,,,,,1.1320001,2.6399999,,,,,1.1320001,2.4800000,
,,,1.1360000,2.3599999,,,,,1.1360000,2.4400001,,,,,1.1360000,2.5999999,,,,,1.1360000,2.3999999,
,,,1.1400001,2.3599999,,,,,1.1400001,2.4400001,,,,,1.1400001,2.72000003,,,,,1.1400001,2.3599999,
,,,1.1440001,2.3599999,,,,,1.1440001,2.4400001,,,,,1.1440001,2.5999999,,,,,1.1440001,2.3999999,
,,,1.1480000,2.3599999,,,,,1.1480000,2.4400001,,,,,1.1480000,2.6399999,,,,,1.1480000,2.4400001,
,,,1.1520001,2.3599999,,,,,1.1520001,2.4400001,,,,,1.1520001,2.5999999,,,,,1.1520001,2.4400001,
,,,1.1560000,2.3599999,,,,,1.1560000,2.3999999,,,,,1.1560000,2.5200000,,,,,1.1560000,2.3999999,
,,,1.1600001,2.3599999,,,,,1.1600001,2.3999999,,,,,1.1600001,2.4800000,,,,,1.1600001,2.4400001,
,,,1.1640000,2.3599999,,,,,1.1640000,2.3999999,,,,,1.1640000,2.5599999,,,,,1.1640000,2.3199999,
,,,1.1680001,2.3599999,,,,,1.1680001,2.4400001,,,,,1.1680001,2.6399999,,,,,1.1680001,2.3999999,
,,,1.1720001,2.3599999,,,,,1.1720001,2.4400001,,,,,1.1720001,2.5599999,,,,,1.1720001,2.4400001,
,,,1.1760000,2.3599999,,,,,1.1760000,2.4400001,,,,,1.1760000,2.5200000,,,,,1.1760000,2.3999999,
,,,1.1800001,2.3599999,,,,,1.1800001,2.4400001,,,,,1.1800001,2.6799998,,,,,1.1800001,2.3599999,
,,,1.1840000,2.3599999,,,,,1.1840000,2.3999999,,,,,1.1840000,2.6399999,,,,,1.1840000,2.3599999,
,,,1.1880001,2.3599999,,,,,1.1880001,2.4400001,,,,,1.1880001,2.5599999,,,,,1.1880001,2.3999999,
,,,1.1920000,2.3599999,,,,,1.1920000,2.4400001,,,,,1.1920000,2.3999999,,,,,1.1920000,2.3999999,
,,,1.1960001,2.3999999,,,,,1.1960001,2.3999999,,,,,1.1960001,2.6799998,,,,,1.1960001,2.3999999,
,,,1.2000000,2.3999999,,,,,1.2000000,2.4400001,,,,,1.2000000,2.5599999,,,,,1.2000000,2.4400001,
,,,1.2040001,2.3599999,,,,,1.2040001,2.3999999,,,,,1.2040001,2.75999999,,,,,1.2040001,2.3599999,
,,,1.2080001,2.3599999,,,,,1.2080001,2.3999999,,,,,1.2080001,2.75999999,,,,,1.2080001,2.3199999,
,,,1.2120000,2.3599999,,,,,1.2120000,2.4400001,,,,,1.2120000,2.5200000,,,,,1.2120000,2.3999999,
,,,1.2160001,2.3599999,,,,,1.2160001,2.4400001,,,,,1.2160001,2.5200000,,,,,1.2160001,2.3999999,
,,,1.2200000,2.3999999,,,,,1.2200000,2.3999999,,,,,1.2200000,2.5200000,,,,,1.2200000,2.2000000,
,,,1.2240001,2.3599999,,,,,1.2240001,2.4400001,,,,,1.2240001,2.5999999,,,,,1.2240001,2.4400001,
,,,1.2280000,2.3599999,,,,,1.2280000,2.3999999,,,,,1.2280000,2.5200000,,,,,1.2280000,2.3999999,
,,,1.2320001,2.3599999,,,,,1.2320001,2.3999999,,,,,1.2320001,2.5200000,,,,,1.2320001,2.3599999,
,,,1.2360001,2.3599999,,,,,1.2360001,2.3999999,,,,,1.2360001,2.6399999,,,,,1.2360001,2.3199999,
,,,1.2400000,2.3999999,,,,,1.2400000,2.4400001,,,,,1.2400000,2.5200000,,,,,1.2400000,2.3999999,
,,,1.2440001,2.3599999,,,,,1.2440001,2.4400001,,,,,1.2440001,2.75999999,,,,,1.2440001,2.3199999,
,,,1.2480000,2.3599999,,,,,1.2480000,2.4400001,,,,,1.2480000,2.6399999,,,,,1.2480000,2.3599999,
,,,1.2520001,2.3599999,,,,,1.2520001,2.4400001,,,,,1.2520001,2.6399999,,,,,1.2520001,2.4800000,
,,,1.2560000,2.3599999,,,,,1.2560000,2.4400001,,,,,1.2560000,2.6399999,,,,,1.2560000,2.3599999,
,,,1.2600001,2.3599999,,,,,1.2600001,2.4400001,,,,,1.2600001,2.6399999,,,,,1.2600001,2.3999999,
,,,1.2640001,2.3599999,,,,,1.2640001,2.4400001,,,,,1.2640001,2.6399999,,,,,1.2640001,2.3599999,
,,,1.2680000,2.3599999,,,,,1.2680000,2.4400001,,,,,1.2680000,2.6799998,,,,,1.2680000,2.4800000,
,,,1.2720001,2.3599999,,,,,1.2720001,2.4400001,,,,,1.2720001,2.72000003,,,,,1.2720001,2.4800000,
,,,1.2760000,2.3599999,,,,,1.2760000,2.4400001,,,,,1.2760000,2.75999999,,,,,1.2760000,2.3599999,
,,,1.2800001,2.3599999,,,,,1.2800001,2.4400001,,,,,1.2800001,2.6799998,,,,,1.2800001,2.4400001,
,,,1.2840000,2.3599999,,,,,1.2840000,2.3999999,,,,,1.2840000,2.72000003,,,,,1.2840000,2.4400001,
,,,1.2880001,2.3599999,,,,,1.2880001,2.3999999,,,,,1.2880001,2.5200000,,,,,1.2880001,2.4800000,
,,,1.2920001,2.3599999,,,,,1.2920001,2.4400001,,,,,1.2920001,2.6399999,,,,,1.2920001,2.3599999,
,,,1.2960000,2.3599999,,,,,1.2960000,2.3999999,,,,,1.2960000,2.5200000,,,,,1.2960000,2.4400001,
,,,1.3000001,2.3599999,,,,,1.3000001,2.4400001,,,,,1.3000001,2.6799998,,,,,1.3000001,2.4400001,
,,,1.3040000,2.3599999,,,,,1.3040000,2.4400001,,,,,1.3040000,2.6799998,,,,,1.3040000,2.2400000,
,,,1.3080001,2.3599999,,,,,1.3080001,2.4400001,,,,,1.3080001,2.5200000,,,,,1.3080001,2.5599999,
,,,1.3120000,2.3599999,,,,,1.3120000,2.4400001,,,,,1.3120000,2.72000003,,,,,1.3120000,2.3999999,
,,,1.3160001,2.3599999,,,,,1.3160001,2.4400001,,,,,1.3160001,2.4800000,,,,,1.3160001,2.4400001,
,,,1.3200001,2.3599999,,,,,1.3200001,2.4400001,,,,,1.3200001,2.5999999,,,,,1.3200001,2.5200000,
,,,1.3240001,2.6799998,,,,,1.3240001,1.8800000,,,,,1.3240001,2.4800000,,,,,1.3240001,2.4400001,
,,,1.3280001,2.3599999,,,,,1.3280001,2.4400001,,,,,1.3280001,2.5200000,,,,,1.3280001,2.5200000,
,,,1.3320000,2.3599999,,,,,1.3320000,2.4400001,,,,,1.3320000,4.75999975,,,,,1.3320000,919.999957085E-3,
,,,1.3360001,2.3599999,,,,,1.3360001,2.3999999,,,,,1.3360001,2.4800000,,,,,1.3360001,1.8800000,
,,,1.3400000,2.3599999,,,,,1.3400000,2.3999999,,,,,1.3400000,2.4400001,,,,,1.3400000,2.6799998,
,,,1.3440001,2.3599999,,,,,1.3440001,2.4400001,,,,,1.3440001,2.6399999,,,,,1.3440001,2.5599999,
,,,1.3480000,2.3599999,,,,,1.3480000,2.4400001,,,,,1.3480000,2.3599999,,,,,1.3480000,2.6399999,
,,,1.3520001,2.3999999,,,,,1.3520001,2.3999999,,,,,1.3520001,2.4800000,,,,,1.3520001,2.6399999,
,,,1.3560001,2.3599999,,,,,1.3560001,2.3999999,,,,,1.3560001,2.4800000,,,,,1.3560001,2.6799998,
,,,1.3600000,2.3599999,,,,,1.3600000,2.4400001,,,,,1.3600000,2.5200000,,,,,1.3600000,2.5200000,
,,,1.3640001,2.3599999,,,,,1.3640001,2.4400001,,,,,1.3640001,2.5200000,,,,,1.3640001,2.5599999,
,,,1.3680000,2.3599999,,,,,1.3680000,2.3999999,,,,,1.3680000,2.5200000,,,,,1.3680000,2.6399999,
,,,1.3720001,2.3599999,,,,,1.3720001,2.4400001,,,,,1.3720001,2.4800000,,,,,1.3720001,2.5999999,
,,,1.3760000,2.3599999,,,,,1.3760000,2.4400001,,,,,1.3760000,2.5999999,,,,,1.3760000,2.6399999,
,,,1.3800001,2.3599999,,,,,1.3800001,2.3999999,,,,,1.3800001,2.4800000,,,,,1.3800001,2.6399999,
,,,1.3840001,2.3599999,,,,,1.3840001,2.4400001,,,,,1.3840001,2.5599999,,,,,1.3840001,2.5599999,
,,,1.3880000,2.3599999,,,,,1.3880000,2.4400001,,,,,1.3880000,2.4400001,,,,,1.3880000,2.5200000,
,,,1.3920001,2.3599999,,,,,1.3920001,2.4800000,,,,,1.3920001,2.4800000,,,,,1.3920001,2.6399999,
,,,1.3960000,2.3599999,,,,,1.3960000,2.4400001,,,,,1.3960000,2.5599999,,,,,1.3960000,2.5999999,
,,,1.4000001,2.3599999,,,,,1.4000001,2.4400001,,,,,1.4000001,2.5999999,,,,,1.4000001,2.5599999,
,,,1.4040000,2.3599999,,,,,1.4040000,2.4400001,,,,,1.4040000,2.4800000,,,,,1.4040000,2.4400001,
,,,1.4080001,2.3599999,,,,,1.4080001,2.4400001,,,,,1.4080001,2.5200000,,,,,1.4080001,2.5999999,
,,,1.4120001,2.3599999,,,,,1.4120001,2.4400001,,,,,1.4120001,2.6799998,,,,,1.4120001,2.4800000,
,,,1.4160000,2.3999999,,,,,1.4160000,2.4800000,,,,,1.4160000,2.5599999,,,,,1.4160000,2.6399999,
,,,1.4200001,2.3599999,,,,,1.4200001,2.4400001,,,,,1.4200001,2.5599999,,,,,1.4200001,2.4800000,
,,,1.4240000,2.3999999,,,,,1.4240000,2.4400001,,,,,1.4240000,2.4400001,,,,,1.4240000,2.5200000,
,,,1.4280001,2.3599999,,,,,1.4280001,2.4400001,,,,,1.4280001,2.4800000,,,,,1.4280001,2.5999999,
,,,1.4320000,2.3599999,,,,,1.4320000,2.3999999,,,,,1.4320000,2.6399999,,,,,1.4320000,2.5999999,
,,,1.4360001,2.3599999,,,,,1.4360001,2.4400001,,,,,1.4360001,2.5599999,,,,,1.4360001,2.5200000,
,,,1.4400001,2.3599999,,,,,1.4400001,2.4400001,,,,,1.4400001,2.4800000,,,,,1.4400001,2.5599999,
,,,1.4440001,2.3599999,,,,,1.4440001,2.4400001,,,,,1.4440001,2.3599999,,,,,1.4440001,2.72000003,
,,,1.4480001,2.3599999,,,,,1.4480001,2.4400001,,,,,1.4480001,2.4800000,,,,,1.4480001,2.3999999,
,,,1.4520000,2.3599999,,,,,1.4520000,2.4400001,,,,,1.4520000,2.4800000,,,,,1.4520000,2.5599999,
,,,1.4560001,2.3599999,,,,,1.4560001,2.4400001,,,,,1.4560001,2.5599999,,,,,1.4560001,2.5999999,
,,,1.4600000,2.3599999,,,,,1.4600000,2.4400001,,,,,1.4600000,2.72000003,,,,,1.4600000,2.5200000,
,,,1.4640001,2.3599999,,,,,1.4640001,2.4400001,,,,,1.4640001,2.5200000,,,,,1.4640001,2.4800000,
,,,1.4680001,2.3599999,,,,,1.4680001,2.4400001,,,,,1.4680001,2.5999999,,,,,1.4680001,2.4800000,
,,,1.4720001,2.3599999,,,,,1.4720001,2.4400001,,,,,1.4720001,2.3199999,,,,,1.4720001,3.31999993,
,,,1.4760001,2.3599999,,,,,1.4760001,2.4400001,,,,,1.4760001,2.6799998,,,,,1.4760001,2.5599999,
,,,1.4800000,2.3599999,,,,,1.4800000,2.4400001,,,,,1.4800000,2.6799998,,,,,1.4800000,2.4800000,
,,,1.4840001,2.3599999,,,,,1.4840001,2.4400001,,,,,1.4840001,2.5599999,,,,,1.4840001,2.4800000,
,,,1.4880000,2.3599999,,,,,1.4880000,2.4400001,,,,,1.4880000,2.5599999,,,,,1.4880000,2.3999999,
,,,1.4920001,2.3599999,,,,,1.4920001,2.4400001,,,,,1.4920001,2.6399999,,,,,1.4920001,2.5200000,
,,,1.4960001,2.3999999,,,,,1.4960001,2.4800000,,,,,1.4960001,2.6399999,,,,,1.4960001,2.4800000,
,,,1.5000001,2.3599999,,,,,1.5000001,2.4400001,,,,,1.5000001,2.5200000,,,,,1.5000001,2.5200000,
,,,1.5040001,2.3599999,,,,,1.5040001,2.4400001,,,,,1.5040001,2.6399999,,,,,1.5040001,2.5599999,
,,,1.5080000,2.3599999,,,,,1.5080000,2.4400001,,,,,1.5080000,2.6799998,,,,,1.5080000,2.5999999,
,,,1.5120001,2.3599999,,,,,1.5120001,2.4400001,,,,,1.5120001,2.6399999,,,,,1.5120001,2.4400001,
,,,1.5160000,2.3599999,,,,,1.5160000,2.3999999,,,,,1.5160000,2.5999999,,,,,1.5160000,2.4800000,
,,,1.5200001,2.3599999,,,,,1.5200001,2.4400001,,,,,1.5200001,2.4800000,,,,,1.5200001,2.4400001,
,,,1.5240000,2.3599999,,,,,1.5240000,2.4400001,,,,,1.5240000,2.5999999,,,,,1.5240000,2.3999999,
,,,1.5280001,2.3599999,,,,,1.5280001,2.4400001,,,,,1.5280001,2.5200000,,,,,1.5280001,2.4400001,
,,,1.5320001,2.3599999,,,,,1.5320001,2.4400001,,,,,1.5320001,2.6799998,,,,,1.5320001,2.5200000,
,,,1.5360000,2.3599999,,,,,1.5360000,2.4400001,,,,,1.5360000,2.5599999,,,,,1.5360000,2.5200000,
,,,1.5400001,2.3599999,,,,,1.5400001,2.4400001,,,,,1.5400001,2.79999995,,,,,1.5400001,2.3999999,
,,,1.5440000,2.3599999,,,,,1.5440000,2.4400001,,,,,1.5440000,2.5599999,,,,,1.5440000,2.3599999,
,,,1.5480001,2.3599999,,,,,1.5480001,2.4400001,,,,,1.5480001,2.6799998,,,,,1.5480001,2.4400001,
,,,1.5520000,2.3599999,,,,,1.5520000,2.4400001,,,,,1.5520000,2.6399999,,,,,1.5520000,2.3999999,
,,,1.5560001,2.3599999,,,,,1.5560001,2.3999999,,,,,1.5560001,2.5999999,,,,,1.5560001,2.3599999,
,,,1.5600001,2.3599999,,,,,1.5600001,2.4400001,,,,,1.5600001,2.6399999,,,,,1.5600001,2.3999999,
,,,1.5640001,2.3599999,,,,,1.5640001,2.4400001,,,,,1.5640001,2.72000003,,,,,1.5640001,2.4800000,
,,,1.5680001,2.3599999,,,,,1.5680001,2.3999999,,,,,1.5680001,2.6399999,,,,,1.5680001,2.3999999,
,,,1.5720000,2.3599999,,,,,1.5720000,2.4400001,,,,,1.5720000,2.6399999,,,,,1.5720000,2.4800000,
,,,1.5760001,2.3599999,,,,,1.5760001,2.4400001,,,,,1.5760001,2.72000003,,,,,1.5760001,2.4800000,
,,,1.5800000,2.3599999,,,,,1.5800000,2.4400001,,,,,1.5800000,2.4400001,,,,,1.5800000,2.5200000,
,,,1.5840001,2.3599999,,,,,1.5840001,2.4400001,,,,,1.5840001,2.6399999,,,,,1.5840001,2.3999999,
,,,1.5880001,2.3599999,,,,,1.5880001,2.4400001,,,,,1.5880001,2.6399999,,,,,1.5880001,2.4800000,
,,,1.5920001,2.3599999,,,,,1.5920001,2.4400001,,,,,1.5920001,2.75999999,,,,,1.5920001,2.5200000,
,,,1.5960001,2.3599999,,,,,1.5960001,2.4400001,,,,,1.5960001,2.75999999,,,,,1.5960001,2.5599999,
,,,1.6000000,2.3599999,,,,,1.6000000,2.3999999,,,,,1.6000000,2.5200000,,,,,1.6000000,2.5599999,
,,,1.6040001,2.3999999,,,,,1.6040001,2.3999999,,,,,1.6040001,2.6799998,,,,,1.6040001,2.3999999,
,,,1.6080000,2.3599999,,,,,1.6080000,2.3999999,,,,,1.6080000,2.6399999,,,,,1.6080000,2.4800000,
,,,1.6120001,2.3599999,,,,,1.6120001,2.4400001,,,,,1.6120001,2.72000003,,,,,1.6120001,2.4400001,
,,,1.6160001,2.3599999,,,,,1.6160001,2.4400001,,,,,1.6160001,2.75999999,,,,,1.6160001,2.3999999,
,,,1.6200001,2.3599999,,,,,1.6200001,2.4400001,,,,,1.6200001,2.6799998,,,,,1.6200001,2.4800000,
,,,1.6240001,2.3599999,,,,,1.6240001,2.4400001,,,,,1.6240001,2.6399999,,,,,1.6240001,2.3999999,
,,,1.6280000,2.3999999,,,,,1.6280000,2.3999999,,,,,1.6280000,2.79999995,,,,,1.6280000,2.3599999,
,,,1.6320001,2.3599999,,,,,1.6320001,2.4400001,,,,,1.6320001,2.5999999,,,,,1.6320001,2.5200000,
,,,1.6360000,2.3599999,,,,,1.6360000,2.4400001,,,,,1.6360000,2.6399999,,,,,1.6360000,2.4800000,
,,,1.6400001,2.3599999,,,,,1.6400001,2.3999999,,,,,1.6400001,2.72000003,,,,,1.6400001,2.4800000,
,,,1.6440001,2.3599999,,,,,1.6440001,2.3999999,,,,,1.6440001,2.5999999,,,,,1.6440001,2.3599999,
,,,1.6480001,2.3599999,,,,,1.6480001,2.4400001,,,,,1.6480001,2.5999999,,,,,1.6480001,2.4400001,
,,,1.6520001,2.3599999,,,,,1.6520001,2.3999999,,,,,1.6520001,2.6799998,,,,,1.6520001,2.3999999,
,,,1.6560001,2.3599999,,,,,1.6560001,2.4400001,,,,,1.6560001,2.6799998,,,,,1.6560001,2.4400001,
,,,1.6600001,2.3599999,,,,,1.6600001,2.3999999,,,,,1.6600001,2.4800000,,,,,1.6600001,2.3199999,
,,,1.6640000,2.3999999,,,,,1.6640000,2.4400001,,,,,1.6640000,2.5599999,,,,,1.6640000,2.3599999,
,,,1.6680001,2.3599999,,,,,1.6680001,2.3999999,,,,,1.6680001,2.5999999,,,,,1.6680001,2.4800000,
,,,1.6720001,2.3599999,,,,,1.6720001,2.4400001,,,,,1.6720001,2.5200000,,,,,1.6720001,2.4400001,
,,,1.6760001,2.3999999,,,,,1.6760001,2.4400001,,,,,1.6760001,2.6799998,,,,,1.6760001,2.3999999,
,,,1.6800001,2.3599999,,,,,1.6800001,2.3999999,,,,,1.6800001,2.75999999,,,,,1.6800001,2.4400001,
,,,1.6840001,2.3599999,,,,,1.6840001,2.4400001,,,,,1.6840001,2.4400001,,,,,1.6840001,2.4400001,
,,,1.6880001,2.3599999,,,,,1.6880001,2.3999999,,,,,1.6880001,2.6399999,,,,,1.6880001,2.4800000,
,,,1.6920000,2.3599999,,,,,1.6920000,2.3999999,,,,,1.6920000,2.6799998,,,,,1.6920000,2.5200000,
,,,1.6960001,2.3999999,,,,,1.6960001,2.4400001,,,,,1.6960001,2.5599999,,,,,1.6960001,2.4400001,
,,,1.7000000,2.3999999,,,,,1.7000000,2.4400001,,,,,1.7000000,2.72000003,,,,,1.7000000,2.3599999,
,,,1.7040001,2.3599999,,,,,1.7040001,2.3599999,,,,,1.7040001,2.6399999,,,,,1.7040001,2.3999999,
,,,1.7080001,2.3599999,,,,,1.7080001,2.4400001,,,,,1.7080001,2.5599999,,,,,1.7080001,2.4400001,
,,,1.7120001,2.3599999,,,,,1.7120001,2.4400001,,,,,1.7120001,2.4800000,,,,,1.7120001,2.72000003,
,,,1.7160001,2.3199999,,,,,1.7160001,2.4400001,,,,,1.7160001,2.6799998,,,,,1.7160001,3.55999994,
,,,1.7200000,2.3599999,,,,,1.7200000,2.4400001,,,,,1.7200000,2.2800000,,,,,1.7200000,4.03999996,
,,,1.7240001,2.3599999,,,,,1.7240001,2.4400001,,,,,1.7240001,2.3599999,,,,,1.7240001,3.72000003,
,,,1.7280000,2.3599999,,,,,1.7280000,2.4400001,,,,,1.7280000,2.4400001,,,,,1.7280000,4.00000000,
,,,1.7320001,2.3599999,,,,,1.7320001,2.4400001,,,,,1.7320001,2.3199999,,,,,1.7320001,4.00000000,
,,,1.7360001,2.3599999,,,,,1.7360001,2.4400001,,,,,1.7360001,2.2000000,,,,,1.7360001,3.72000003,
,,,1.7400001,2.3599999,,,,,1.7400001,2.3999999,,,,,1.7400001,2.3999999,,,,,1.7400001,3.72000003,
,,,1.7440001,2.3599999,,,,,1.7440001,2.3999999,,,,,1.7440001,2.6399999,,,,,1.7440001,3.51999998,
,,,1.7480000,2.3999999,,,,,1.7480000,2.3999999,,,,,1.7480000,2.6399999,,,,,1.7480000,2.1599998,
,,,1.7520001,2.3999999,,,,,1.7520001,2.4400001,,,,,1.7520001,2.79999995,,,,,1.7520001,1.8800000,
,,,1.7560000,2.3599999,,,,,1.7560000,2.3999999,,,,,1.7560000,2.6799998,,,,,1.7560000,1.9200000,
,,,1.7600001,2.3599999,,,,,1.7600001,2.4400001,,,,,1.7600001,2.5200000,,,,,1.7600001,1.8399999,
,,,1.7640001,2.3599999,,,,,1.7640001,2.4400001,,,,,1.7640001,2.79999995,,,,,1.7640001,1.8399999,
,,,1.7680001,2.3599999,,,,,1.7680001,2.4400001,,,,,1.7680001,2.6399999,,,,,1.7680001,1.9200000,
,,,1.7720001,2.3999999,,,,,1.7720001,2.4400001,,,,,1.7720001,2.79999995,,,,,1.7720001,1.8399999,
,,,1.7760001,2.3599999,,,,,1.7760001,2.3999999,,,,,1.7760001,2.6399999,,,,,1.7760001,2.0000000,
,,,1.7800001,2.3599999,,,,,1.7800001,2.3999999,,,,,1.7800001,2.75999999,,,,,1.7800001,1.8000000,
,,,1.7840000,2.3599999,,,,,1.7840000,2.4400001,,,,,1.7840000,2.72000003,,,,,1.7840000,1.8800000,
,,,1.7880001,2.3599999,,,,,1.7880001,2.4400001,,,,,1.7880001,2.72000003,,,,,1.7880001,1.9599999,
,,,1.7920001,2.3599999,,,,,1.7920001,2.3999999,,,,,1.7920001,2.6399999,,,,,1.7920001,2.0000000,
,,,1.7960001,2.3599999,,,,,1.7960001,2.3999999,,,,,1.7960001,2.6799998,,,,,1.7960001,2.1599998,
,,,1.8000001,2.3599999,,,,,1.8000001,2.4400001,,,,,1.8000001,2.6799998,,,,,1.8000001,2.0799999,
,,,1.8040001,2.3599999,,,,,1.8040001,2.4400001,,,,,1.8040001,2.6399999,,,,,1.8040001,2.0000000,
,,,1.8080001,2.3599999,,,,,1.8080001,2.4400001,,,,,1.8080001,2.5999999,,,,,1.8080001,2.1199999,
,,,1.8120000,2.3599999,,,,,1.8120000,2.3999999,,,,,1.8120000,2.83999991,,,,,1.8120000,2.0400000,
,,,1.8160001,2.3999999,,,,,1.8160001,2.3999999,,,,,1.8160001,2.6799998,,,,,1.8160001,2.2400000,
,,,1.8200001,2.3599999,,,,,1.8200001,2.4400001,,,,,1.8200001,2.6799998,,,,,1.8200001,2.1599998,
,,,1.8240001,2.3999999,,,,,1.8240001,2.3999999,,,,,1.8240001,2.6399999,,,,,1.8240001,2.2400000,
,,,1.8280001,2.3599999,,,,,1.8280001,2.4400001,,,,,1.8280001,2.5999999,,,,,1.8280001,2.1199999,
,,,1.8320001,2.3599999,,,,,1.8320001,2.4400001,,,,,1.8320001,2.6399999,,,,,1.8320001,2.2400000,
,,,1.8360001,2.3599999,,,,,1.8360001,2.3999999,,,,,1.8360001,2.6399999,,,,,1.8360001,2.1599998,
,,,1.8400000,2.3599999,,,,,1.8400000,2.4400001,,,,,1.8400000,2.6799998,,,,,1.8400000,2.2000000,
,,,1.8440001,2.3599999,,,,,1.8440001,2.4400001,,,,,1.8440001,2.72000003,,,,,1.8440001,2.2400000,
,,,1.8480000,2.3599999,,,,,1.8480000,2.3999999,,,,,1.8480000,2.6399999,,,,,1.8480000,2.2400000,
,,,1.8520001,2.3599999,,,,,1.8520001,2.4400001,,,,,1.8520001,2.5200000,,,,,1.8520001,2.1599998,
,,,1.8560001,2.3599999,,,,,1.8560001,2.4400001,,,,,1.8560001,2.5599999,,,,,1.8560001,2.2000000,
,,,1.8600001,2.3599999,,,,,1.8600001,2.4400001,,,,,1.8600001,2.5599999,,,,,1.8600001,2.2800000,
,,,1.8640001,2.3599999,,,,,1.8640001,2.4400001,,,,,1.8640001,2.6399999,,,,,1.8640001,2.0799999,
,,,1.8680000,2.3599999,,,,,1.8680000,2.4400001,,,,,1.8680000,2.4800000,,,,,1.8680000,2.2400000,
,,,1.8720001,2.3599999,,,,,1.8720001,2.4400001,,,,,1.8720001,2.5999999,,,,,1.8720001,2.2400000,
,,,1.8760000,2.3599999,,,,,1.8760000,2.4400001,,,,,1.8760000,2.5200000,,,,,1.8760000,2.2400000,
,,,1.8800001,2.3599999,,,,,1.8800001,2.4400001,,,,,1.8800001,2.6799998,,,,,1.8800001,2.2400000,
,,,1.8840001,2.3999999,,,,,1.8840001,2.3999999,,,,,1.8840001,2.75999999,,,,,1.8840001,2.1199999,
,,,1.8880001,2.3599999,,,,,1.8880001,2.4400001,,,,,1.8880001,2.6799998,,,,,1.8880001,2.2000000,
,,,1.8920001,2.3599999,,,,,1.8920001,2.4400001,,,,,1.8920001,2.72000003,,,,,1.8920001,2.3199999,
,,,1.8960001,2.3999999,,,,,1.8960001,2.4400001,,,,,1.8960001,2.6799998,,,,,1.8960001,2.2400000,
,,,1.9000001,2.3599999,,,,,1.9000001,2.3999999,,,,,1.9000001,2.6399999,,,,,1.9000001,2.3199999,
,,,1.9040000,2.3599999,,,,,1.9040000,2.3999999,,,,,1.9040000,2.6399999,,,,,1.9040000,2.2400000,
,,,1.9080001,2.3599999,,,,,1.9080001,2.4400001,,,,,1.9080001,2.5200000,,,,,1.9080001,2.3199999,
,,,1.9120001,2.3599999,,,,,1.9120001,2.4400001,,,,,1.9120001,2.5200000,,,,,1.9120001,2.2800000,
,,,1.9160001,2.3599999,,,,,1.9160001,2.4400001,,,,,1.9160001,2.5999999,,,,,1.9160001,2.3599999,
,,,1.9200001,2.3999999,,,,,1.9200001,2.3999999,,,,,1.9200001,2.4800000,,,,,1.9200001,2.2800000,
,,,1.9240001,2.3599999,,,,,1.9240001,2.4400001,,,,,1.9240001,2.4400001,,,,,1.9240001,2.2800000,
,,,1.9280001,2.3599999,,,,,1.9280001,2.4400001,,,,,1.9280001,2.5200000,,,,,1.9280001,2.4400001,
,,,1.9320000,2.3599999,,,,,1.9320000,2.3999999,,,,,1.9320000,2.4800000,,,,,1.9320000,2.3199999,
,,,1.9360001,2.3599999,,,,,1.9360001,2.4400001,,,,,1.9360001,2.3999999,,,,,1.9360001,2.3599999,
,,,1.9400001,2.3599999,,,,,1.9400001,2.4400001,,,,,1.9400001,2.5999999,,,,,1.9400001,2.3599999,
,,,1.9440001,2.3599999,,,,,1.9440001,2.4400001,,,,,1.9440001,2.5999999,,,,,1.9440001,2.2800000,
,,,1.9480001,2.3599999,,,,,1.9480001,2.4400001,,,,,1.9480001,2.4800000,,,,,1.9480001,2.4400001,
,,,1.9520001,2.3599999,,,,,1.9520001,2.4400001,,,,,1.9520001,2.6399999,,,,,1.9520001,2.3999999,
,,,1.9560001,2.3599999,,,,,1.9560001,2.4400001,,,,,1.9560001,2.6399999,,,,,1.9560001,2.2400000,
,,,1.9600000,2.3599999,,,,,1.9600000,2.3999999,,,,,1.9600000,2.5200000,,,,,1.9600000,2.4400001,
,,,1.9640001,2.3599999,,,,,1.9640001,2.3999999,,,,,1.9640001,2.6799998,,,,,1.9640001,2.3199999,
,,,1.9680001,2.3599999,,,,,1.9680001,2.4400001,,,,,1.9680001,2.5599999,,,,,1.9680001,2.3999999,
,,,1.9720001,2.3599999,,,,,1.9720001,2.3999999,,,,,1.9720001,2.72000003,,,,,1.9720001,2.4800000,
,,,1.9760001,2.3599999,,,,,1.9760001,2.4400001,,,,,1.9760001,2.6799998,,,,,1.9760001,2.3599999,
,,,1.9800001,2.3599999,,,,,1.9800001,2.3999999,,,,,1.9800001,2.6399999,,,,,1.9800001,2.3999999,
,,,1.9840001,2.3599999,,,,,1.9840001,2.3999999,,,,,1.9840001,2.5200000,,,,,1.9840001,2.2800000,
,,,1.9880000,2.3599999,,,,,1.9880000,2.4400001,,,,,1.9880000,2.6799998,,,,,1.9880000,2.4400001,
,,,1.9920001,2.3599999,,,,,1.9920001,2.3999999,,,,,1.9920001,2.6799998,,,,,1.9920001,2.4800000,
,,,1.9960001,2.3599999,,,,,1.9960001,2.3999999,,,,,1.9960001,2.3999999,,,,,1.9960001,3.03999996,
,,,2.0000000,2.3599999,,,,,2.0000000,2.4400001,,,,,2.0000000,2.6799998,,,,,2.0000000,2.4400001,
,,,2.0040002,2.3599999,,,,,2.0040002,2.4400001,,,,,2.0040002,2.5599999,,,,,2.0040002,2.3199999,
,,,2.0080001,2.3599999,,,,,2.0080001,2.4400001,,,,,2.0080001,2.79999995,,,,,2.0080001,2.3599999,
,,,2.0120001,2.3599999,,,,,2.0120001,2.3999999,,,,,2.0120001,2.6399999,,,,,2.0120001,2.4400001,
,,,2.0160000,2.3599999,,,,,2.0160000,2.3999999,,,,,2.0160000,2.6799998,,,,,2.0160000,2.3599999,
,,,2.0200000,2.3599999,,,,,2.0200000,2.3999999,,,,,2.0200000,2.5999999,,,,,2.0200000,2.3599999,
,,,2.0240002,2.3599999,,,,,2.0240002,2.3999999,,,,,2.0240002,2.6399999,,,,,2.0240002,2.3999999,
,,,2.0280001,2.3599999,,,,,2.0280001,2.3999999,,,,,2.0280001,2.6799998,,,,,2.0280001,2.3599999,
,,,2.0320001,2.3599999,,,,,2.0320001,2.4400001,,,,,2.0320001,2.6799998,,,,,2.0320001,2.4400001,
,,,2.0360000,2.3999999,,,,,2.0360000,2.4400001,,,,,2.0360000,2.72000003,,,,,2.0360000,2.4800000,
,,,2.0400002,2.3599999,,,,,2.0400002,2.4400001,,,,,2.0400002,2.75999999,,,,,2.0400002,2.2800000,
,,,2.0440001,2.3599999,,,,,2.0440001,2.3999999,,,,,2.0440001,2.75999999,,,,,2.0440001,2.3599999,
,,,2.0480001,2.3599999,,,,,2.0480001,2.3999999,,,,,2.0480001,2.79999995,,,,,2.0480001,2.3599999,
,,,2.0520000,2.3999999,,,,,2.0520000,2.4400001,,,,,2.0520000,2.6799998,,,,,2.0520000,2.3599999,
,,,2.0560000,2.3599999,,,,,2.0560000,2.4400001,,,,,2.0560000,2.5599999,,,,,2.0560000,2.3999999,
,,,2.0600002,2.3599999,,,,,2.0600002,2.4400001,,,,,2.0600002,2.5999999,,,,,2.0600002,2.3599999,
,,,2.0640001,2.3599999,,,,,2.0640001,2.4400001,,,,,2.0640001,2.72000003,,,,,2.0640001,2.3599999,
,,,2.0680001,2.3599999,,,,,2.0680001,2.4400001,,,,,2.0680001,2.6799998,,,,,2.0680001,2.3599999,
,,,2.0720000,2.3599999,,,,,2.0720000,2.4400001,,,,,2.0720000,2.6399999,,,,,2.0720000,2.3599999,
,,,2.0760002,2.3599999,,,,,2.0760002,2.4400001,,,,,2.0760002,2.79999995,,,,,2.0760002,2.4800000,
,,,2.0800002,2.3599999,,,,,2.0800002,2.3999999,,,,,2.0800002,2.6399999,,,,,2.0800002,2.2800000,
,,,2.0840001,2.3599999,,,,,2.0840001,2.3999999,,,,,2.0840001,2.6399999,,,,,2.0840001,2.3199999,
,,,2.0880001,2.3599999,,,,,2.0880001,2.3999999,,,,,2.0880001,2.6399999,,,,,2.0880001,2.3599999,
,,,2.0920000,2.3599999,,,,,2.0920000,2.3999999,,,,,2.0920000,2.79999995,,,,,2.0920000,2.3599999,
,,,2.0960002,2.3599999,,,,,2.0960002,2.3999999,,,,,2.0960002,2.79999995,,,,,2.0960002,2.4400001,
,,,2.1000001,2.3599999,,,,,2.1000001,2.3999999,,,,,2.1000001,2.6799998,,,,,2.1000001,2.3199999,
,,,2.1040001,2.3599999,,,,,2.1040001,2.3999999,,,,,2.1040001,2.6799998,,,,,2.1040001,2.3599999,
,,,2.1080000,2.3599999,,,,,2.1080000,2.3999999,,,,,2.1080000,2.75999999,,,,,2.1080000,2.3599999,
,,,2.1120000,2.3599999,,,,,2.1120000,2.4400001,,,,,2.1120000,2.6399999,,,,,2.1120000,2.4400001,
,,,2.1160002,2.3599999,,,,,2.1160002,2.3999999,,,,,2.1160002,2.6399999,,,,,2.1160002,2.4400001,
,,,2.1200001,2.3599999,,,,,2.1200001,2.3999999,,,,,2.1200001,2.75999999,,,,,2.1200001,2.3599999,
,,,2.1240001,2.3599999,,,,,2.1240001,2.3599999,,,,,2.1240001,2.6799998,,,,,2.1240001,2.3999999,
,,,2.1280000,2.3599999,,,,,2.1280000,2.3999999,,,,,2.1280000,2.83999991,,,,,2.1280000,2.3999999,
,,,2.1320002,2.3599999,,,,,2.1320002,2.3999999,,,,,2.1320002,2.72000003,,,,,2.1320002,2.5200000,
,,,2.1360002,2.3599999,,,,,2.1360002,2.3999999,,,,,2.1360002,2.6799998,,,,,2.1360002,2.3999999,
,,,2.1400001,2.3599999,,,,,2.1400001,2.3999999,,,,,2.1400001,2.6799998,,,,,2.1400001,2.4400001,
,,,2.1440001,2.3999999,,,,,2.1440001,2.3999999,,,,,2.1440001,2.75999999,,,,,2.1440001,2.4400001,
,,,2.1480000,2.3599999,,,,,2.1480000,2.4400001,,,,,2.1480000,2.6799998,,,,,2.1480000,2.4400001,
,,,2.1520002,2.3599999,,,,,2.1520002,2.3999999,,,,,2.1520002,2.75999999,,,,,2.1520002,2.3599999,
,,,2.1560001,2.3599999,,,,,2.1560001,2.3999999,,,,,2.1560001,2.6399999,,,,,2.1560001,2.3999999,
,,,2.1600001,2.3599999,,,,,2.1600001,2.4400001,,,,,2.1600001,2.6399999,,,,,2.1600001,2.3599999,
,,,2.1640000,2.3599999,,,,,2.1640000,2.4400001,,,,,2.1640000,2.75999999,,,,,2.1640000,2.3599999,
,,,2.1680002,2.3599999,,,,,2.1680002,2.3999999,,,,,2.1680002,2.5999999,,,,,2.1680002,2.3599999,
,,,2.1720002,2.3599999,,,,,2.1720002,2.4400001,,,,,2.1720002,2.6799998,,,,,2.1720002,2.4800000,
,,,2.1760001,2.3599999,,,,,2.1760001,2.4400001,,,,,2.1760001,2.75999999,,,,,2.1760001,2.4400001,
,,,2.1800001,2.3599999,,,,,2.1800001,2.3599999,,,,,2.1800001,2.5999999,,,,,2.1800001,2.4400001,
,,,2.1840000,2.3599999,,,,,2.1840000,2.4400001,,,,,2.1840000,2.6799998,,,,,2.1840000,2.3599999,
,,,2.1880002,2.3599999,,,,,2.1880002,2.4400001,,,,,2.1880002,2.79999995,,,,,2.1880002,2.4400001,
,,,2.1920002,2.3599999,,,,,2.1920002,2.4400001,,,,,2.1920002,2.72000003,,,,,2.1920002,2.4800000,
,,,2.1960001,2.3599999,,,,,2.1960001,2.3999999,,,,,2.1960001,2.6399999,,,,,2.1960001,2.3599999,
,,,2.2000000,2.3599999,,,,,2.2000000,2.3999999,,,,,2.2000000,2.6799998,,,,,2.2000000,2.4400001,
,,,2.2040000,2.3599999,,,,,2.2040000,2.4400001,,,,,2.2040000,2.6399999,,,,,2.2040000,2.3199999,
,,,2.2080002,2.3999999,,,,,2.2080002,2.3999999,,,,,2.2080002,2.6399999,,,,,2.2080002,2.3999999,
,,,2.2120001,2.3599999,,,,,2.2120001,2.4400001,,,,,2.2120001,2.5999999,,,,,2.2120001,2.4400001,
,,,2.2160001,2.3599999,,,,,2.2160001,2.4400001,,,,,2.2160001,2.72000003,,,,,2.2160001,2.3599999,
,,,2.2200000,2.3999999,,,,,2.2200000,2.4400001,,,,,2.2200000,2.5599999,,,,,2.2200000,2.3999999,
,,,2.2240002,2.3599999,,,,,2.2240002,2.3999999,,,,,2.2240002,2.5200000,,,,,2.2240002,2.3599999,
,,,2.2280002,2.3599999,,,,,2.2280002,2.3999999,,,,,2.2280002,2.4800000,,,,,2.2280002,2.3599999,
,,,2.2320001,2.3599999,,,,,2.2320001,2.3999999,,,,,2.2320001,2.5999999,,,,,2.2320001,2.4400001,
,,,2.2360001,2.3599999,,,,,2.2360001,2.3599999,,,,,2.2360001,2.75999999,,,,,2.2360001,2.3199999,
,,,2.2400000,2.3599999,,,,,2.2400000,2.4400001,,,,,2.2400000,2.5599999,,,,,2.2400000,2.4400001,
,,,2.2440002,2.3599999,,,,,2.2440002,2.4400001,,,,,2.2440002,2.5200000,,,,,2.2440002,2.3199999,
,,,2.2480001,2.3599999,,,,,2.2480001,2.4400001,,,,,2.2480001,2.6399999,,,,,2.2480001,2.5999999,
,,,2.2520001,2.3599999,,,,,2.2520001,2.3999999,,,,,2.2520001,2.6799998,,,,,2.2520001,2.3999999,
,,,2.2560000,2.3599999,,,,,2.2560000,2.3999999,,,,,2.2560000,2.72000003,,,,,2.2560000,2.3999999,
,,,2.2600000,2.3999999,,,,,2.2600000,2.4400001,,,,,2.2600000,2.6399999,,,,,2.2600000,2.3599999,
,,,2.2640002,2.3999999,,,,,2.2640002,2.3199999,,,,,2.2640002,2.5200000,,,,,2.2640002,2.3199999,
,,,2.2680001,2.3599999,,,,,2.2680001,2.4400001,,,,,2.2680001,2.5599999,,,,,2.2680001,2.5599999,
,,,2.2720001,2.3599999,,,,,2.2720001,2.4400001,,,,,2.2720001,2.5999999,,,,,2.2720001,2.4800000,
,,,2.2760000,2.3599999,,,,,2.2760000,2.4400001,,,,,2.2760000,2.83999991,,,,,2.2760000,2.5200000,
,,,2.2800002,2.3599999,,,,,2.2800002,2.4400001,,,,,2.2800002,2.6399999,,,,,2.2800002,2.5200000,
,,,2.2840002,2.3599999,,,,,2.2840002,2.3999999,,,,,2.2840002,2.5999999,,,,,2.2840002,2.3999999,
,,,2.2880001,2.3599999,,,,,2.2880001,2.3999999,,,,,2.2880001,2.6799998,,,,,2.2880001,2.4800000,
,,,2.2920001,2.3599999,,,,,2.2920001,2.3999999,,,,,2.2920001,2.75999999,,,,,2.2920001,2.3999999,
,,,2.2960000,2.3599999,,,,,2.2960000,2.4400001,,,,,2.2960000,2.6399999,,,,,2.2960000,2.5200000,
,,,2.3000002,2.3599999,,,,,2.3000002,2.3999999,,,,,2.3000002,2.5999999,,,,,2.3000002,2.3199999,
,,,2.3040001,2.3599999,,,,,2.3040001,2.4400001,,,,,2.3040001,2.83999991,,,,,2.3040001,2.4400001,
,,,2.3080001,2.3999999,,,,,2.3080001,2.3999999,,,,,2.3080001,2.6399999,,,,,2.3080001,2.4800000,
,,,2.3120000,2.3599999,,,,,2.3120000,2.3999999,,,,,2.3120000,2.4800000,,,,,2.3120000,2.3999999,
,,,2.3160002,2.3599999,,,,,2.3160002,2.3599999,,,,,2.3160002,2.6799998,,,,,2.3160002,2.4800000,
,,,2.3200002,2.3599999,,,,,2.3200002,2.3999999,,,,,2.3200002,2.6399999,,,,,2.3200002,2.4400001,
,,,2.3240001,2.3599999,,,,,2.3240001,2.4400001,,,,,2.3240001,2.5999999,,,,,2.3240001,2.3999999,
,,,2.3280001,2.3599999,,,,,2.3280001,2.4400001,,,,,2.3280001,2.79999995,,,,,2.3280001,2.5200000,
,,,2.3320000,2.3599999,,,,,2.3320000,2.4400001,,,,,2.3320000,2.5599999,,,,,2.3320000,2.4400001,
,,,2.3360002,2.3999999,,,,,2.3360002,2.3999999,,,,,2.3360002,2.6799998,,,,,2.3360002,2.5999999,
,,,2.3400002,2.3999999,,,,,2.3400002,2.4400001,,,,,2.3400002,2.4400001,,,,,2.3400002,2.4400001,
,,,2.3440001,2.3599999,,,,,2.3440001,2.3999999,,,,,2.3440001,2.6399999,,,,,2.3440001,2.4800000,
,,,2.3480000,2.3999999,,,,,2.3480000,2.4400001,,,,,2.3480000,2.5999999,,,,,2.3480000,2.4400001,
,,,2.3520000,2.3599999,,,,,2.3520000,2.4400001,,,,,2.3520000,2.79999995,,,,,2.3520000,2.5200000,
,,,2.3560002,2.3599999,,,,,2.3560002,2.4400001,,,,,2.3560002,2.72000003,,,,,2.3560002,2.5999999,
,,,2.3600001,2.3599999,,,,,2.3600001,2.3999999,,,,,2.3600001,2.5999999,,,,,2.3600001,2.3999999,
,,,2.3640001,2.3599999,,,,,2.3640001,2.4400001,,,,,2.3640001,2.5999999,,,,,2.3640001,2.5200000,
,,,2.3680000,2.3599999,,,,,2.3680000,2.4400001,,,,,2.3680000,2.5200000,,,,,2.3680000,2.6399999,
,,,2.3720002,2.3599999,,,,,2.3720002,2.3999999,,,,,2.3720002,2.4800000,,,,,2.3720002,2.4800000,
,,,2.3760002,2.3599999,,,,,2.3760002,2.4400001,,,,,2.3760002,2.5599999,,,,,2.3760002,2.5599999,
,,,2.3800001,2.3599999,,,,,2.3800001,2.4400001,,,,,2.3800001,2.6799998,,,,,2.3800001,2.3999999,
,,,2.3840001,2.3599999,,,,,2.3840001,2.4800000,,,,,2.3840001,2.5200000,,,,,2.3840001,2.4400001,
,,,2.3880000,2.3599999,,,,,2.3880000,2.4400001,,,,,2.3880000,2.72000003,,,,,2.3880000,2.4800000,
,,,2.3920002,2.3599999,,,,,2.3920002,2.4400001,,,,,2.3920002,2.72000003,,,,,2.3920002,2.5200000,
,,,2.3960001,2.3999999,,,,,2.3960001,2.4400001,,,,,2.3960001,2.5999999,,,,,2.3960001,2.5200000,
,,,2.4000001,2.3599999,,,,,2.4000001,2.4400001,,,,,2.4000001,2.72000003,,,,,2.4000001,2.4400001,
,,,2.4040000,2.3599999,,,,,2.4040000,2.4400001,,,,,2.4040000,2.6799998,,,,,2.4040000,2.5200000,
,,,2.4080002,2.3599999,,,,,2.4080002,2.4400001,,,,,2.4080002,2.5999999,,,,,2.4080002,2.5200000,
,,,2.4120002,2.3999999,,,,,2.4120002,2.3999999,,,,,2.4120002,2.72000003,,,,,2.4120002,2.5200000,
,,,2.4160001,2.3599999,,,,,2.4160001,2.3999999,,,,,2.4160001,2.5599999,,,,,2.4160001,2.5200000,
,,,2.4200001,2.3599999,,,,,2.4200001,2.3999999,,,,,2.4200001,2.72000003,,,,,2.4200001,2.5200000,
,,,2.4240000,2.3599999,,,,,2.4240000,2.4400001,,,,,2.4240000,2.6799998,,,,,2.4240000,2.4800000,
,,,2.4280002,2.3599999,,,,,2.4280002,2.4400001,,,,,2.4280002,2.6399999,,,,,2.4280002,2.4800000,
,,,2.4320002,2.3599999,,,,,2.4320002,2.4400001,,,,,2.4320002,2.5599999,,,,,2.4320002,2.5200000,
,,,2.4360001,2.3599999,,,,,2.4360001,2.4400001,,,,,2.4360001,2.72000003,,,,,2.4360001,2.4400001,
,,,2.4400001,2.3599999,,,,,2.4400001,2.3999999,,,,,2.4400001,2.5999999,,,,,2.4400001,2.4800000,
,,,2.4440000,2.3599999,,,,,2.4440000,2.4400001,,,,,2.4440000,2.5999999,,,,,2.4440000,2.4400001,
,,,2.4480002,2.3599999,,,,,2.4480002,2.3599999,,,,,2.4480002,2.5599999,,,,,2.4480002,2.3999999,
,,,2.4520001,2.3599999,,,,,2.4520001,2.4400001,,,,,2.4520001,2.6799998,,,,,2.4520001,2.4400001,
,,,2.4560001,2.3999999,,,,,2.4560001,2.4400001,,,,,2.4560001,2.6399999,,,,,2.4560001,2.5200000,
,,,2.4600000,2.3599999,,,,,2.4600000,2.3999999,,,,,2.4600000,2.72000003,,,,,2.4600000,2.4400001,
,,,2.4640002,2.3599999,,,,,2.4640002,2.3999999,,,,,2.4640002,2.75999999,,,,,2.4640002,2.5200000,
,,,2.4680002,2.3999999,,,,,2.4680002,2.3999999,,,,,2.4680002,2.5999999,,,,,2.4680002,2.5200000,
,,,2.4720001,2.3599999,,,,,2.4720001,2.3999999,,,,,2.4720001,2.5200000,,,,,2.4720001,2.5200000,
,,,2.4760001,2.3599999,,,,,2.4760001,2.3999999,,,,,2.4760001,2.5599999,,,,,2.4760001,2.4400001,
,,,2.4800000,2.3599999,,,,,2.4800000,2.4400001,,,,,2.4800000,2.6799998,,,,,2.4800000,2.4800000,
,,,2.4840002,2.3999999,,,,,2.4840002,2.4400001,,,,,2.4840002,2.75999999,,,,,2.4840002,2.4400001,
,,,2.4880002,2.3599999,,,,,2.4880002,2.4400001,,,,,2.4880002,2.5999999,,,,,2.4880002,2.4800000,
,,,2.4920001,2.3599999,,,,,2.4920001,2.3999999,,,,,2.4920001,2.75999999,,,,,2.4920001,2.5999999,
,,,2.4960001,2.3599999,,,,,2.4960001,2.4400001,,,,,2.4960001,2.5200000,,,,,2.4960001,3.11999989,
,,,2.5000000,2.3599999,,,,,2.5000000,2.3599999,,,,,2.5000000,2.5599999,,,,,2.5000000,2.4400001,
,,,2.5040002,2.3599999,,,,,2.5040002,2.3999999,,,,,2.5040002,2.6399999,,,,,2.5040002,2.5200000,
,,,2.5080001,2.3599999,,,,,2.5080001,2.4400001,,,,,2.5080001,2.75999999,,,,,2.5080001,2.4800000,
,,,2.5120001,2.3599999,,,,,2.5120001,2.3999999,,,,,2.5120001,2.87999988,,,,,2.5120001,2.5200000,
,,,2.5160000,2.3599999,,,,,2.5160000,2.3599999,,,,,2.5160000,2.72000003,,,,,2.5160000,2.5200000,
,,,2.5200002,2.3599999,,,,,2.5200002,2.3999999,,,,,2.5200002,2.6799998,,,,,2.5200002,2.4400001,
,,,2.5240002,2.3599999,,,,,2.5240002,2.4400001,,,,,2.5240002,2.6799998,,,,,2.5240002,2.4800000,
,,,2.5280001,2.3599999,,,,,2.5280001,2.4400001,,,,,2.5280001,2.72000003,,,,,2.5280001,2.4400001,
,,,2.5320001,2.3599999,,,,,2.5320001,2.4400001,,,,,2.5320001,2.6399999,,,,,2.5320001,2.4800000,
,,,2.5360000,2.3599999,,,,,2.5360000,2.3999999,,,,,2.5360000,2.75999999,,,,,2.5360000,2.4400001,
,,,2.5400002,2.3599999,,,,,2.5400002,2.3599999,,,,,2.5400002,3.03999996,,,,,2.5400002,2.4800000,
,,,2.5440001,2.3999999,,,,,2.5440001,2.3999999,,,,,2.5440001,2.5599999,,,,,2.5440001,2.2800000,
,,,2.5480001,2.3599999,,,,,2.5480001,2.3999999,,,,,2.5480001,2.5999999,,,,,2.5480001,2.5200000,
,,,2.5520000,2.3599999,,,,,2.5520000,2.4400001,,,,,2.5520000,2.75999999,,,,,2.5520000,2.4800000,
,,,2.5560002,2.3599999,,,,,2.5560002,2.3999999,,,,,2.5560002,2.72000003,,,,,2.5560002,2.4800000,
,,,2.5600002,2.3199999,,,,,2.5600002,2.4400001,,,,,2.5600002,2.79999995,,,,,2.5600002,2.4800000,
,,,2.5640001,2.3599999,,,,,2.5640001,2.3999999,,,,,2.5640001,2.6399999,,,,,2.5640001,2.4400001,
,,,2.5680001,2.3599999,,,,,2.5680001,2.3999999,,,,,2.5680001,2.6399999,,,,,2.5680001,2.5599999,
,,,2.5720000,2.3599999,,,,,2.5720000,2.3999999,,,,,2.5720000,2.75999999,,,,,2.5720000,2.4800000,
,,,2.5760002,2.3599999,,,,,2.5760002,2.3999999,,,,,2.5760002,2.72000003,,,,,2.5760002,2.3599999,
,,,2.5800002,2.3599999,,,,,2.5800002,2.3999999,,,,,2.5800002,2.87999988,,,,,2.5800002,2.4400001,
,,,2.5840001,2.3599999,,,,,2.5840001,2.3999999,,,,,2.5840001,2.6799998,,,,,2.5840001,2.4400001,
,,,2.5880001,2.3599999,,,,,2.5880001,2.3999999,,,,,2.5880001,2.72000003,,,,,2.5880001,2.4800000,
,,,2.5920000,2.3999999,,,,,2.5920000,2.4400001,,,,,2.5920000,2.6799998,,,,,2.5920000,2.4800000,
,,,2.5960002,2.3599999,,,,,2.5960002,2.3999999,,,,,2.5960002,2.6799998,,,,,2.5960002,2.4400001,
,,,2.6000001,2.3599999,,,,,2.6000001,2.3999999,,,,,2.6000001,2.6799998,,,,,2.6000001,2.5999999,
,,,2.6040001,2.3999999,,,,,2.6040001,2.4400001,,,,,2.6040001,2.6799998,,,,,2.6040001,2.3999999,
,,,2.6080000,2.3599999,,,,,2.6080000,2.3999999,,,,,2.6080000,2.72000003,,,,,2.6080000,2.4400001,
,,,2.6120002,2.3599999,,,,,2.6120002,2.4400001,,,,,2.6120002,2.79999995,,,,,2.6120002,2.4400001,
,,,2.6160002,2.3999999,,,,,2.6160002,2.3999999,,,,,2.6160002,2.79999995,,,,,2.6160002,2.5599999,
,,,2.6200001,2.3599999,,,,,2.6200001,2.4400001,,,,,2.6200001,2.72000003,,,,,2.6200001,2.4400001,
,,,2.6240001,2.3599999,,,,,2.6240001,2.3599999,,,,,2.6240001,2.6799998,,,,,2.6240001,2.3599999,
,,,2.6280000,2.3599999,,,,,2.6280000,2.4400001,,,,,2.6280000,2.83999991,,,,,2.6280000,2.4800000,
,,,2.6320002,2.3599999,,,,,2.6320002,2.3999999,,,,,2.6320002,2.5999999,,,,,2.6320002,2.3999999,
,,,2.6360002,2.3999999,,,,,2.6360002,2.3999999,,,,,2.6360002,2.6799998,,,,,2.6360002,2.5200000,
,,,2.6400001,2.3599999,,,,,2.6400001,2.4400001,,,,,2.6400001,2.75999999,,,,,2.6400001,2.4400001,
,,,2.6440001,2.3999999,,,,,2.6440001,2.3999999,,,,,2.6440001,2.83999991,,,,,2.6440001,2.4400001,
,,,2.6480002,2.3999999,,,,,2.6480002,2.3999999,,,,,2.6480002,2.75999999,,,,,2.6480002,2.4400001,
,,,2.6520002,2.3599999,,,,,2.6520002,2.3999999,,,,,2.6520002,2.6399999,,,,,2.6520002,2.3199999,
,,,2.6560001,2.3599999,,,,,2.6560001,2.3999999,,,,,2.6560001,2.6799998,,,,,2.6560001,2.4400001,
,,,2.6600001,2.3599999,,,,,2.6600001,2.3999999,,,,,2.6600001,2.79999995,,,,,2.6600001,2.4400001,
,,,2.6640000,2.3599999,,,,,2.6640000,2.3999999,,,,,2.6640000,2.72000003,,,,,2.6640000,2.3199999,
,,,2.6680002,2.3599999,,,,,2.6680002,2.3999999,,,,,2.6680002,2.87999988,,,,,2.6680002,2.4800000,
,,,2.6720002,2.3599999,,,,,2.6720002,2.3999999,,,,,2.6720002,2.5200000,,,,,2.6720002,2.3599999,
,,,2.6760001,2.3599999,,,,,2.6760001,2.3999999,,,,,2.6760001,2.5599999,,,,,2.6760001,2.4400001,
,,,2.6800001,2.3599999,,,,,2.6800001,2.3999999,,,,,2.6800001,2.6399999,,,,,2.6800001,2.3599999,
,,,2.6840000,2.3599999,,,,,2.6840000,2.3999999,,,,,2.6840000,2.6399999,,,,,2.6840000,2.4400001,
,,,2.6880002,2.3599999,,,,,2.6880002,2.4400001,,,,,2.6880002,2.87999988,,,,,2.6880002,2.4400001,
,,,2.6920002,2.3599999,,,,,2.6920002,2.3999999,,,,,2.6920002,2.72000003,,,,,2.6920002,2.4800000,
,,,2.6960001,2.3599999,,,,,2.6960001,2.3999999,,,,,2.6960001,2.6799998,,,,,2.6960001,2.4400001,
,,,2.7000000,2.3599999,,,,,2.7000000,2.3999999,,,,,2.7000000,2.6399999,,,,,2.7000000,2.3999999,
,,,2.7040002,2.3599999,,,,,2.7040002,2.4400001,,,,,2.7040002,2.5999999,,,,,2.7040002,2.4800000,
,,,2.7080002,2.3599999,,,,,2.7080002,2.4400001,,,,,2.7080002,2.79999995,,,,,2.7080002,2.4800000,
,,,2.7120001,2.3599999,,,,,2.7120001,2.3999999,,,,,2.7120001,2.72000003,,,,,2.7120001,2.4800000,
,,,2.7160001,2.3599999,,,,,2.7160001,2.3999999,,,,,2.7160001,2.5999999,,,,,2.7160001,2.5599999,
,,,2.72000003,2.3599999,,,,,2.72000003,2.3999999,,,,,2.72000003,2.6399999,,,,,2.72000003,2.3599999,
,,,2.72400022,2.3599999,,,,,2.72400022,2.3999999,,,,,2.72400022,2.79999995,,,,,2.72400022,2.3999999,
,,,2.72800016,2.3599999,,,,,2.72800016,2.3999999,,,,,2.72800016,2.6399999,,,,,2.72800016,2.4800000,
,,,2.73200011,2.3599999,,,,,2.73200011,2.4400001,,,,,2.73200011,2.6399999,,,,,2.73200011,2.4400001,
,,,2.73600006,2.3599999,,,,,2.73600006,2.4400001,,,,,2.73600006,2.6399999,,,,,2.73600006,2.3999999,
,,,2.74000025,2.3599999,,,,,2.74000025,2.4400001,,,,,2.74000025,2.83999991,,,,,2.74000025,2.3199999,
,,,2.74400020,2.3599999,,,,,2.74400020,2.3999999,,,,,2.74400020,2.4400001,,,,,2.74400020,2.3599999,
,,,2.74800014,2.3599999,,,,,2.74800014,2.4400001,,,,,2.74800014,2.5599999,,,,,2.74800014,2.5200000,
,,,2.75200009,2.3599999,,,,,2.75200009,2.4400001,,,,,2.75200009,2.5999999,,,,,2.75200009,2.5200000,
,,,2.75600004,2.3599999,,,,,2.75600004,2.4400001,,,,,2.75600004,2.4800000,,,,,2.75600004,2.4800000,
,,,2.76000023,2.3599999,,,,,2.76000023,2.3599999,,,,,2.76000023,2.5999999,,,,,2.76000023,2.3599999,
,,,2.76400018,2.3599999,,,,,2.76400018,2.3999999,,,,,2.76400018,2.5999999,,,,,2.76400018,2.4400001,
,,,2.76800013,2.3599999,,,,,2.76800013,2.4400001,,,,,2.76800013,2.6799998,,,,,2.76800013,2.3599999,
,,,2.77200007,2.3599999,,,,,2.77200007,2.3999999,,,,,2.77200007,2.4400001,,,,,2.77200007,2.6799998,
,,,2.77600002,2.3599999,,,,,2.77600002,2.3999999,,,,,2.77600002,2.75999999,,,,,2.77600002,2.5200000,
,,,2.78000021,2.3599999,,,,,2.78000021,2.4400001,,,,,2.78000021,2.6399999,,,,,2.78000021,2.2800000,
,,,2.78400016,2.3999999,,,,,2.78400016,2.3999999,,,,,2.78400016,2.6799998,,,,,2.78400016,2.3999999,
,,,2.78800011,2.3599999,,,,,2.78800011,2.4400001,,,,,2.78800011,2.5999999,,,,,2.78800011,2.4400001,
,,,2.79200006,2.3599999,,,,,2.79200006,2.3999999,,,,,2.79200006,2.5200000,,,,,2.79200006,2.5200000,
,,,2.79600024,2.3999999,,,,,2.79600024,2.3999999,,,,,2.79600024,2.5999999,,,,,2.79600024,2.3999999,
,,,2.80000019,2.3599999,,,,,2.80000019,2.3999999,,,,,2.80000019,2.6799998,,,,,2.80000019,2.4400001,
,,,2.80400014,2.3599999,,,,,2.80400014,2.4400001,,,,,2.80400014,2.3999999,,,,,2.80400014,2.3199999,
,,,2.80800009,2.3599999,,,,,2.80800009,2.3999999,,,,,2.80800009,2.5599999,,,,,2.80800009,2.3999999,
,,,2.81200004,2.3599999,,,,,2.81200004,2.3999999,,,,,2.81200004,2.5999999,,,,,2.81200004,2.3999999,
,,,2.81600022,2.3599999,,,,,2.81600022,2.4400001,,,,,2.81600022,2.5599999,,,,,2.81600022,2.2800000,
,,,2.82000017,2.3599999,,,,,2.82000017,2.3999999,,,,,2.82000017,2.6799998,,,,,2.82000017,2.3599999,
,,,2.82400012,2.3599999,,,,,2.82400012,2.3999999,,,,,2.82400012,2.6399999,,,,,2.82400012,2.3999999,
,,,2.82800007,2.3599999,,,,,2.82800007,2.3999999,,,,,2.82800007,2.6399999,,,,,2.82800007,2.4800000,
,,,2.83200002,2.3599999,,,,,2.83200002,2.4400001,,,,,2.83200002,2.4800000,,,,,2.83200002,2.3599999,
,,,2.83600020,2.3599999,,,,,2.83600020,2.3599999,,,,,2.83600020,2.5599999,,,,,2.83600020,2.3999999,
,,,2.84000015,2.3599999,,,,,2.84000015,2.4400001,,,,,2.84000015,2.75999999,,,,,2.84000015,2.3199999,
,,,2.84400010,2.3599999,,,,,2.84400010,2.4400001,,,,,2.84400010,2.6399999,,,,,2.84400010,2.3199999,
,,,2.84800005,2.3599999,,,,,2.84800005,2.3999999,,,,,2.84800005,2.5599999,,,,,2.84800005,2.3199999,
,,,2.85200024,2.3999999,,,,,2.85200024,2.4400001,,,,,2.85200024,2.6399999,,,,,2.85200024,2.4800000,
,,,2.85600019,2.3599999,,,,,2.85600019,2.4400001,,,,,2.85600019,2.5999999,,,,,2.85600019,2.2400000,
,,,2.86000013,2.3999999,,,,,2.86000013,2.4400001,,,,,2.86000013,2.6399999,,,,,2.86000013,2.3999999,
,,,2.86400008,2.3599999,,,,,2.86400008,2.4400001,,,,,2.86400008,2.5200000,,,,,2.86400008,2.3199999,
,,,2.86800003,2.3599999,,,,,2.86800003,2.4400001,,,,,2.86800003,2.5599999,,,,,2.86800003,2.3199999,
,,,2.87200022,2.3999999,,,,,2.87200022,2.4400001,,,,,2.87200022,2.6799998,,,,,2.87200022,2.4400001,
,,,2.87600017,2.3599999,,,,,2.87600017,2.4400001,,,,,2.87600017,2.6399999,,,,,2.87600017,2.3199999,
,,,2.88000011,2.3599999,,,,,2.88000011,2.4400001,,,,,2.88000011,2.6399999,,,,,2.88000011,2.4400001,
,,,2.88400006,2.3599999,,,,,2.88400006,2.3999999,,,,,2.88400006,2.5599999,,,,,2.88400006,2.2800000,
,,,2.88800025,2.3599999,,,,,2.88800025,2.4400001,,,,,2.88800025,2.75999999,,,,,2.88800025,2.4800000,
,,,2.89200020,2.3599999,,,,,2.89200020,2.4400001,,,,,2.89200020,2.5200000,,,,,2.89200020,2.4400001,
,,,2.89600015,2.3599999,,,,,2.89600015,2.4400001,,,,,2.89600015,2.5999999,,,,,2.89600015,2.3999999,
,,,2.90000010,2.3999999,,,,,2.90000010,2.3999999,,,,,2.90000010,2.5999999,,,,,2.90000010,2.3599999,
,,,2.90400004,2.3599999,,,,,2.90400004,2.4400001,,,,,2.90400004,2.6399999,,,,,2.90400004,2.3199999,
,,,2.90800023,2.3599999,,,,,2.90800023,2.3599999,,,,,2.90800023,2.5999999,,,,,2.90800023,2.3999999,
,,,2.91200018,2.3599999,,,,,2.91200018,2.4400001,,,,,2.91200018,2.5200000,,,,,2.91200018,2.3999999,
,,,2.91600013,2.3599999,,,,,2.91600013,2.3999999,,,,,2.91600013,2.5999999,,,,,2.91600013,2.4400001,
,,,2.92000008,2.3999999,,,,,2.92000008,2.3999999,,,,,2.92000008,2.6399999,,,,,2.92000008,2.4800000,
,,,2.92400002,2.3599999,,,,,2.92400002,2.3999999,,,,,2.92400002,2.6799998,,,,,2.92400002,2.3599999,
,,,2.92800021,2.3599999,,,,,2.92800021,2.4400001,,,,,2.92800021,2.5999999,,,,,2.92800021,2.4400001,
,,,2.93200016,2.3599999,,,,,2.93200016,2.3999999,,,,,2.93200016,2.5200000,,,,,2.93200016,2.3599999,
,,,2.93600011,2.3599999,,,,,2.93600011,2.4400001,,,,,2.93600011,2.5599999,,,,,2.93600011,2.4400001,
,,,2.94000006,2.3599999,,,,,2.94000006,2.4400001,,,,,2.94000006,2.3999999,,,,,2.94000006,2.3199999,
,,,2.94400024,2.3999999,,,,,2.94400024,2.4400001,,,,,2.94400024,2.5599999,,,,,2.94400024,2.3199999,
,,,2.94800019,2.3599999,,,,,2.94800019,2.4400001,,,,,2.94800019,2.3999999,,,,,2.94800019,2.4400001,
,,,2.95200014,2.3999999,,,,,2.95200014,2.4400001,,,,,2.95200014,2.75999999,,,,,2.95200014,2.2400000,
,,,2.95600009,2.3599999,,,,,2.95600009,2.3999999,,,,,2.95600009,2.6799998,,,,,2.95600009,2.3199999,
,,,2.96000004,2.3599999,,,,,2.96000004,2.4400001,,,,,2.96000004,2.6399999,,,,,2.96000004,2.3599999,
,,,2.96400023,2.3599999,,,,,2.96400023,2.4400001,,,,,2.96400023,2.4800000,,,,,2.96400023,2.3199999,
,,,2.96800017,2.3599999,,,,,2.96800017,2.3999999,,,,,2.96800017,2.72000003,,,,,2.96800017,2.3599999,
,,,2.97200012,2.3599999,,,,,2.97200012,2.4400001,,,,,2.97200012,2.5999999,,,,,2.97200012,2.3199999,
,,,2.97600007,2.3599999,,,,,2.97600007,2.3999999,,,,,2.97600007,2.4800000,,,,,2.97600007,2.3999999,
,,,2.98000026,2.3599999,,,,,2.98000026,2.4400001,,,,,2.98000026,2.6399999,,,,,2.98000026,2.3199999,
,,,2.98400021,2.3599999,,,,,2.98400021,2.4400001,,,,,2.98400021,2.5599999,,,,,2.98400021,2.2800000,
,,,2.98800015,2.3999999,,,,,2.98800015,2.4400001,,,,,2.98800015,2.6399999,,,,,2.98800015,2.4400001,
,,,2.99200010,2.3599999,,,,,2.99200010,2.4400001,,,,,2.99200010,2.72000003,,,,,2.99200010,2.3999999,
,,,2.99600005,2.3999999,,,,,2.99600005,2.3999999,,,,,2.99600005,2.6399999,,,,,2.99600005,3.03999996,
,,,3.00000024,2.3599999,,,,,3.00000024,2.4400001,,,,,3.00000024,2.6799998,,,,,3.00000024,2.3199999,
,,,3.00400019,2.3599999,,,,,3.00400019,2.4400001,,,,,3.00400019,2.6799998,,,,,3.00400019,2.2800000,
,,,3.00800014,2.3599999,,,,,3.00800014,2.3999999,,,,,3.00800014,2.72000003,,,,,3.00800014,2.4800000,
,,,3.01200008,2.3999999,,,,,3.01200008,2.4400001,,,,,3.01200008,2.72000003,,,,,3.01200008,2.5200000,
,,,3.01600003,2.3599999,,,,,3.01600003,2.3999999,,,,,3.01600003,2.72000003,,,,,3.01600003,2.3999999,
,,,3.02000022,2.3599999,,,,,3.02000022,2.4400001,,,,,3.02000022,2.6799998,,,,,3.02000022,2.2400000,
,,,3.02400017,2.3599999,,,,,3.02400017,2.4400001,,,,,3.02400017,2.5200000,,,,,3.02400017,2.4400001,
,,,3.02800012,2.3599999,,,,,3.02800012,2.3999999,,,,,3.02800012,2.4800000,,,,,3.02800012,2.4800000,
,,,3.03200006,2.3599999,,,,,3.03200006,2.3999999,,,,,3.03200006,2.6399999,,,,,3.03200006,2.3999999,
,,,3.03600025,2.3599999,,,,,3.03600025,2.5200000,,,,,3.03600025,2.4400001,,,,,3.03600025,2.3599999,
,,,3.04000020,2.3599999,,,,,3.04000020,2.3999999,,,,,3.04000020,2.6799998,,,,,3.04000020,2.3599999,
,,,3.04400015,2.3599999,,,,,3.04400015,2.4400001,,,,,3.04400015,2.5599999,,,,,3.04400015,2.3999999,
,,,3.04800010,2.3599999,,,,,3.04800010,2.3999999,,,,,3.04800010,2.6799998,,,,,3.04800010,2.3199999,
,,,3.05200005,2.3599999,,,,,3.05200005,2.3999999,,,,,3.05200005,2.6799998,,,,,3.05200005,2.4400001,
,,,3.05600023,2.3999999,,,,,3.05600023,2.4400001,,,,,3.05600023,2.72000003,,,,,3.05600023,2.3199999,
,,,3.06000018,2.3999999,,,,,3.06000018,2.3999999,,,,,3.06000018,2.91999984,,,,,3.06000018,2.3599999,
,,,3.06400013,2.3599999,,,,,3.06400013,2.3999999,,,,,3.06400013,2.75999999,,,,,3.06400013,2.3599999,
,,,3.06800008,2.3599999,,,,,3.06800008,2.4400001,,,,,3.06800008,2.5599999,,,,,3.06800008,2.3999999,
,,,3.07200003,2.3599999,,,,,3.07200003,2.4400001,,,,,3.07200003,2.72000003,,,,,3.07200003,2.3999999,
,,,3.07600021,2.3599999,,,,,3.07600021,2.4400001,,,,,3.07600021,2.5200000,,,,,3.07600021,2.3999999,
,,,3.08000016,2.3999999,,,,,3.08000016,2.4400001,,,,,3.08000016,2.5599999,,,,,3.08000016,2.3199999,
,,,3.08400011,2.3599999,,,,,3.08400011,2.4400001,,,,,3.08400011,2.6799998,,,,,3.08400011,2.3999999,
,,,3.08800006,2.3599999,,,,,3.08800006,2.3999999,,,,,3.08800006,2.72000003,,,,,3.08800006,2.3999999,
,,,3.09200025,2.3599999,,,,,3.09200025,2.3999999,,,,,3.09200025,2.6799998,,,,,3.09200025,2.3999999,
,,,3.09600019,2.3599999,,,,,3.09600019,2.3999999,,,,,3.09600019,2.4800000,,,,,3.09600019,2.3599999,
,,,3.10000014,2.3599999,,,,,3.10000014,2.3999999,,,,,3.10000014,2.72000003,,,,,3.10000014,2.4400001,
,,,3.10400009,2.3599999,,,,,3.10400009,2.3999999,,,,,3.10400009,2.6799998,,,,,3.10400009,2.3199999,
,,,3.10800004,2.3599999,,,,,3.10800004,2.3999999,,,,,3.10800004,2.72000003,,,,,3.10800004,2.4400001,
,,,3.11200023,2.3599999,,,,,3.11200023,2.4400001,,,,,3.11200023,2.5599999,,,,,3.11200023,2.4800000,
,,,3.11600018,2.3599999,,,,,3.11600018,2.4400001,,,,,3.11600018,2.5599999,,,,,3.11600018,2.3199999,
,,,3.12000012,2.3599999,,,,,3.12000012,2.3999999,,,,,3.12000012,2.5999999,,,,,3.12000012,2.3999999,
,,,3.12400007,2.3599999,,,,,3.12400007,2.3999999,,,,,3.12400007,2.5999999,,,,,3.12400007,2.4400001,
,,,3.12800026,2.3999999,,,,,3.12800026,2.3999999,,,,,3.12800026,2.5999999,,,,,3.12800026,2.3999999,
,,,3.13200021,2.3599999,,,,,3.13200021,2.4400001,,,,,3.13200021,2.75999999,,,,,3.13200021,2.4400001,
,,,3.13600016,2.3599999,,,,,3.13600016,2.3999999,,,,,3.13600016,2.6399999,,,,,3.13600016,2.3599999,
,,,3.14000010,2.3599999,,,,,3.14000010,2.4400001,,,,,3.14000010,2.5999999,,,,,3.14000010,2.4400001,
,,,3.14400005,2.3599999,,,,,3.14400005,2.4400001,,,,,3.14400005,2.6399999,,,,,3.14400005,2.4400001,
,,,3.14800024,2.3599999,,,,,3.14800024,2.4400001,,,,,3.14800024,2.75999999,,,,,3.14800024,2.3999999,
,,,3.15200019,2.3599999,,,,,3.15200019,2.3999999,,,,,3.15200019,2.6399999,,,,,3.15200019,2.3999999,
,,,3.15600014,2.3999999,,,,,3.15600014,2.3999999,,,,,3.15600014,2.6799998,,,,,3.15600014,2.2800000,
,,,3.16000009,2.3599999,,,,,3.16000009,2.3999999,,,,,3.16000009,2.6799998,,,,,3.16000009,2.3199999,
,,,3.16400003,2.3599999,,,,,3.16400003,2.3999999,,,,,3.16400003,2.6399999,,,,,3.16400003,2.3599999,
,,,3.16800022,2.3599999,,,,,3.16800022,2.3999999,,,,,3.16800022,2.72000003,,,,,3.16800022,2.3999999,
,,,3.17200017,2.3599999,,,,,3.17200017,2.4400001,,,,,3.17200017,2.6399999,,,,,3.17200017,2.3599999,
,,,3.17600012,2.3599999,,,,,3.17600012,2.3999999,,,,,3.17600012,2.6799998,,,,,3.17600012,2.3199999,
,,,3.18000007,2.3599999,,,,,3.18000007,2.4400001,,,,,3.18000007,2.75999999,,,,,3.18000007,2.4400001,
,,,3.18400025,2.3599999,,,,,3.18400025,2.3599999,,,,,3.18400025,2.75999999,,,,,3.18400025,2.3999999,
,,,3.18800020,2.3999999,,,,,3.18800020,2.4400001,,,,,3.18800020,2.5999999,,,,,3.18800020,2.3999999,
,,,3.19200015,2.3599999,,,,,3.19200015,2.4400001,,,,,3.19200015,2.5200000,,,,,3.19200015,2.3599999,
,,,3.19600010,2.3999999,,,,,3.19600010,2.3999999,,,,,3.19600010,2.5999999,,,,,3.19600010,2.4400001,
,,,3.20000005,2.3599999,,,,,3.20000005,2.4400001,,,,,3.20000005,2.6799998,,,,,3.20000005,2.4400001,
,,,3.20400023,2.3999999,,,,,3.20400023,2.3999999,,,,,3.20400023,2.6399999,,,,,3.20400023,2.3199999,
,,,3.20800018,2.3599999,,,,,3.20800018,2.4400001,,,,,3.20800018,2.72000003,,,,,3.20800018,2.4800000,
,,,3.21200013,2.3999999,,,,,3.21200013,2.4400001,,,,,3.21200013,2.6399999,,,,,3.21200013,2.3199999,
,,,3.21600008,2.3599999,,,,,3.21600008,2.3999999,,,,,3.21600008,2.72000003,,,,,3.21600008,2.3599999,
,,,3.22000027,2.3599999,,,,,3.22000027,2.3999999,,,,,3.22000027,2.5599999,,,,,3.22000027,2.5200000,
,,,3.22400022,2.3599999,,,,,3.22400022,2.3999999,,,,,3.22400022,2.6799998,,,,,3.22400022,2.4400001,
,,,3.22800016,2.3599999,,,,,3.22800016,2.4400001,,,,,3.22800016,2.5999999,,,,,3.22800016,2.4400001,
,,,3.23200011,2.3599999,,,,,3.23200011,2.4400001,,,,,3.23200011,2.6399999,,,,,3.23200011,2.4800000,
,,,3.23600006,2.3599999,,,,,3.23600006,2.3999999,,,,,3.23600006,2.6399999,,,,,3.23600006,2.3599999,
,,,3.24000025,2.3599999,,,,,3.24000025,2.3999999,,,,,3.24000025,2.5999999,,,,,3.24000025,2.4800000,
,,,3.24400020,2.3599999,,,,,3.24400020,2.4400001,,,,,3.24400020,2.5200000,,,,,3.24400020,2.3599999,
,,,3.24800014,2.3999999,,,,,3.24800014,2.3999999,,,,,3.24800014,2.6399999,,,,,3.24800014,2.5200000,
,,,3.25200009,2.3599999,,,,,3.25200009,2.3999999,,,,,3.25200009,2.6399999,,,,,3.25200009,2.5200000,
,,,3.25600004,2.3599999,,,,,3.25600004,2.3999999,,,,,3.25600004,2.6799998,,,,,3.25600004,2.3999999,
,,,3.26000023,2.3599999,,,,,3.26000023,2.3999999,,,,,3.26000023,2.72000003,,,,,3.26000023,2.4400001,
,,,3.26400018,2.3599999,,,,,3.26400018,2.4400001,,,,,3.26400018,2.72000003,,,,,3.26400018,2.3999999,
,,,3.26800013,2.3599999,,,,,3.26800013,2.3999999,,,,,3.26800013,2.5200000,,,,,3.26800013,2.4400001,
,,,3.27200007,2.3599999,,,,,3.27200007,2.3999999,,,,,3.27200007,2.6799998,,,,,3.27200007,2.3999999,
,,,3.27600026,2.3599999,,,,,3.27600026,2.3999999,,,,,3.27600026,2.5599999,,,,,3.27600026,2.5599999,
,,,3.28000021,2.3599999,,,,,3.28000021,2.4400001,,,,,3.28000021,2.5999999,,,,,3.28000021,2.4400001,
,,,3.28400016,2.3599999,,,,,3.28400016,2.4400001,,,,,3.28400016,2.5999999,,,,,3.28400016,2.3999999,
,,,3.28800011,2.3599999,,,,,3.28800011,2.3999999,,,,,3.28800011,2.75999999,,,,,3.28800011,2.5200000,
,,,3.29200006,2.3599999,,,,,3.29200006,2.4400001,,,,,3.29200006,2.6399999,,,,,3.29200006,2.4400001,
,,,3.29600024,2.3599999,,,,,3.29600024,2.3999999,,,,,3.29600024,2.83999991,,,,,3.29600024,2.5200000,
,,,3.30000019,2.3599999,,,,,3.30000019,2.4400001,,,,,3.30000019,2.5599999,,,,,3.30000019,2.5599999,
,,,3.30400014,2.3599999,,,,,3.30400014,2.3999999,,,,,3.30400014,2.6399999,,,,,3.30400014,2.4800000,
,,,3.30800009,2.3599999,,,,,3.30800009,2.4400001,,,,,3.30800009,2.5999999,,,,,3.30800009,2.5599999,
,,,3.31200027,2.3599999,,,,,3.31200027,2.3999999,,,,,3.31200027,2.79999995,,,,,3.31200027,2.4800000,
,,,3.31600022,2.3599999,,,,,3.31600022,2.3999999,,,,,3.31600022,2.5999999,,,,,3.31600022,2.4400001,
,,,3.32000017,2.3599999,,,,,3.32000017,2.3999999,,,,,3.32000017,2.72000003,,,,,3.32000017,2.4400001,
,,,3.32400012,2.6799998,,,,,3.32400012,1.8800000,,,,,3.32400012,2.5599999,,,,,3.32400012,2.4400001,
,,,3.32800007,2.3599999,,,,,3.32800007,2.4800000,,,,,3.32800007,2.6399999,,,,,3.32800007,2.4400001,
,,,3.33200026,2.3599999,,,,,3.33200026,2.4400001,,,,,3.33200026,4.75999975,,,,,3.33200026,1.000000,
,,,3.33600020,2.3599999,,,,,3.33600020,2.4400001,,,,,3.33600020,2.5200000,,,,,3.33600020,1.7600000,
,,,3.34000015,2.3599999,,,,,3.34000015,2.4400001,,,,,3.34000015,2.5200000,,,,,3.34000015,2.6399999,
,,,3.34400010,2.3599999,,,,,3.34400010,2.3999999,,,,,3.34400010,2.4800000,,,,,3.34400010,2.72000003,
,,,3.34800005,2.3599999,,,,,3.34800005,2.4400001,,,,,3.34800005,2.5200000,,,,,3.34800005,2.5599999,
,,,3.35200024,2.3599999,,,,,3.35200024,2.4400001,,,,,3.35200024,2.4800000,,,,,3.35200024,2.72000003,
,,,3.35600019,2.3599999,,,,,3.35600019,2.3999999,,,,,3.35600019,2.3999999,,,,,3.35600019,2.6799998,
,,,3.36000013,2.3599999,,,,,3.36000013,2.3999999,,,,,3.36000013,2.4800000,,,,,3.36000013,2.6799998,
,,,3.36400008,2.3599999,,,,,3.36400008,2.3999999,,,,,3.36400008,2.3999999,,,,,3.36400008,2.72000003,
,,,3.36800027,2.3599999,,,,,3.36800027,2.4400001,,,,,3.36800027,2.4400001,,,,,3.36800027,2.5200000,
,,,3.37200022,2.3599999,,,,,3.37200022,2.4400001,,,,,3.37200022,2.4400001,,,,,3.37200022,2.6399999,
,,,3.37600017,2.3999999,,,,,3.37600017,2.4400001,,,,,3.37600017,2.5200000,,,,,3.37600017,2.5999999,
,,,3.38000011,2.3999999,,,,,3.38000011,2.4400001,,,,,3.38000011,2.5200000,,,,,3.38000011,2.6399999,
,,,3.38400006,2.3599999,,,,,3.38400006,2.4400001,,,,,3.38400006,2.5200000,,,,,3.38400006,2.5599999,
,,,3.38800025,2.3599999,,,,,3.38800025,2.4400001,,,,,3.38800025,2.4400001,,,,,3.38800025,2.5200000,
,,,3.39200020,2.3599999,,,,,3.39200020,2.3999999,,,,,3.39200020,2.4800000,,,,,3.39200020,2.5599999,
,,,3.39600015,2.3599999,,,,,3.39600015,2.3999999,,,,,3.39600015,2.5599999,,,,,3.39600015,2.5200000,
,,,3.40000010,2.3599999,,,,,3.40000010,2.4400001,,,,,3.40000010,2.5200000,,,,,3.40000010,2.5999999,
,,,3.40400004,2.3599999,,,,,3.40400004,2.4400001,,,,,3.40400004,2.3999999,,,,,3.40400004,2.3999999,
,,,3.40800023,2.3599999,,,,,3.40800023,2.4400001,,,,,3.40800023,2.3999999,,,,,3.40800023,2.5599999,
,,,3.41200018,2.3599999,,,,,3.41200018,2.4400001,,,,,3.41200018,2.5200000,,,,,3.41200018,2.5999999,
,,,3.41600013,2.3999999,,,,,3.41600013,2.4400001,,,,,3.41600013,2.3599999,,,,,3.41600013,2.5999999,
,,,3.42000008,2.3599999,,,,,3.42000008,2.4400001,,,,,3.42000008,2.4400001,,,,,3.42000008,2.6399999,
,,,3.42400026,2.3599999,,,,,3.42400026,2.4400001,,,,,3.42400026,2.3199999,,,,,3.42400026,2.5599999,
,,,3.42800021,2.3599999,,,,,3.42800021,2.4400001,,,,,3.42800021,2.5200000,,,,,3.42800021,2.4800000,
,,,3.43200016,2.3599999,,,,,3.43200016,2.3999999,,,,,3.43200016,2.5599999,,,,,3.43200016,2.5599999,
,,,3.43600011,2.3599999,,,,,3.43600011,2.4400001,,,,,3.43600011,2.3999999,,,,,3.43600011,2.5999999,
,,,3.44000006,2.3999999,,,,,3.44000006,2.4400001,,,,,3.44000006,2.5200000,,,,,3.44000006,2.5599999,
,,,3.44400024,2.3599999,,,,,3.44400024,2.4400001,,,,,3.44400024,2.3599999,,,,,3.44400024,2.5200000,
,,,3.44800019,2.3599999,,,,,3.44800019,2.4400001,,,,,3.44800019,2.3999999,,,,,3.44800019,2.5599999,
,,,3.45200014,2.3599999,,,,,3.45200014,2.4400001,,,,,3.45200014,2.3199999,,,,,3.45200014,2.6399999,
,,,3.45600009,2.3599999,,,,,3.45600009,2.4400001,,,,,3.45600009,2.3999999,,,,,3.45600009,2.79999995,
,,,3.46000028,2.3599999,,,,,3.46000028,2.4400001,,,,,3.46000028,2.5999999,,,,,3.46000028,2.5599999,
,,,3.46400023,2.3599999,,,,,3.46400023,2.4400001,,,,,3.46400023,2.5599999,,,,,3.46400023,2.5200000,
,,,3.46800017,2.3599999,,,,,3.46800017,2.4400001,,,,,3.46800017,2.5200000,,,,,3.46800017,2.5200000,
,,,3.47200012,2.3599999,,,,,3.47200012,2.4400001,,,,,3.47200012,2.4400001,,,,,3.47200012,2.5999999,
,,,3.47600007,2.3599999,,,,,3.47600007,2.3999999,,,,,3.47600007,2.4400001,,,,,3.47600007,2.4400001,
,,,3.48000026,2.3599999,,,,,3.48000026,2.4400001,,,,,3.48000026,2.4800000,,,,,3.48000026,2.4800000,
,,,3.48400021,2.3599999,,,,,3.48400021,2.4400001,,,,,3.48400021,2.5200000,,,,,3.48400021,2.4800000,
,,,3.48800015,2.3599999,,,,,3.48800015,2.4400001,,,,,3.48800015,2.4400001,,,,,3.48800015,2.5999999,
,,,3.49200010,2.3599999,,,,,3.49200010,2.4400001,,,,,3.49200010,2.4800000,,,,,3.49200010,2.4800000,
,,,3.49600005,2.3599999,,,,,3.49600005,2.3999999,,,,,3.49600005,2.3599999,,,,,3.49600005,3.03999996,
,,,3.50000024,2.3599999,,,,,3.50000024,2.4400001,,,,,3.50000024,2.6399999,,,,,3.50000024,2.5599999,
,,,3.50400019,2.3599999,,,,,3.50400019,2.3999999,,,,,3.50400019,2.4800000,,,,,3.50400019,2.3999999,
,,,3.50800014,2.3599999,,,,,3.50800014,2.4400001,,,,,3.50800014,2.5599999,,,,,3.50800014,2.5200000,
,,,3.51200008,2.3599999,,,,,3.51200008,2.4400001,,,,,3.51200008,2.5200000,,,,,3.51200008,2.5599999,
,,,3.51600027,2.3599999,,,,,3.51600027,2.4400001,,,,,3.51600027,2.75999999,,,,,3.51600027,2.4800000,
,,,3.52000022,2.3599999,,,,,3.52000022,2.4400001,,,,,3.52000022,2.5599999,,,,,3.52000022,2.4800000,
,,,3.52400017,2.3599999,,,,,3.52400017,2.3599999,,,,,3.52400017,2.5599999,,,,,3.52400017,2.4800000,
,,,3.52800012,2.3599999,,,,,3.52800012,2.4400001,,,,,3.52800012,2.5200000,,,,,3.52800012,2.4800000,
,,,3.53200006,2.3599999,,,,,3.53200006,2.4400001,,,,,3.53200006,2.5599999,,,,,3.53200006,2.4800000,
,,,3.53600025,2.3599999,,,,,3.53600025,2.3999999,,,,,3.53600025,2.4800000,,,,,3.53600025,2.4800000,
,,,3.54000020,2.3599999,,,,,3.54000020,2.4400001,,,,,3.54000020,2.75999999,,,,,3.54000020,2.5200000,
,,,3.54400015,2.3599999,,,,,3.54400015,2.4400001,,,,,3.54400015,2.3599999,,,,,3.54400015,2.3599999,
,,,3.54800010,2.3999999,,,,,3.54800010,2.4400001,,,,,3.54800010,2.6399999,,,,,3.54800010,2.4800000,
,,,3.55200028,2.3599999,,,,,3.55200028,2.4400001,,,,,3.55200028,2.5599999,,,,,3.55200028,2.3999999,
,,,3.55600023,2.3599999,,,,,3.55600023,2.4400001,,,,,3.55600023,2.5999999,,,,,3.55600023,2.5200000,
,,,3.56000018,2.3599999,,,,,3.56000018,2.4400001,,,,,3.56000018,2.6399999,,,,,3.56000018,2.4800000,
,,,3.56400013,2.3599999,,,,,3.56400013,2.4400001,,,,,3.56400013,2.5599999,,,,,3.56400013,2.3999999,
,,,3.56800008,2.3599999,,,,,3.56800008,2.3999999,,,,,3.56800008,2.6399999,,,,,3.56800008,2.4400001,
,,,3.57200027,2.3599999,,,,,3.57200027,2.3999999,,,,,3.57200027,2.5999999,,,,,3.57200027,2.4400001,
,,,3.57600021,2.3599999,,,,,3.57600021,2.4400001,,,,,3.57600021,2.5999999,,,,,3.57600021,2.5999999,
,,,3.58000016,2.3599999,,,,,3.58000016,2.3999999,,,,,3.58000016,2.72000003,,,,,3.58000016,2.5200000,
,,,3.58400011,2.3599999,,,,,3.58400011,2.4400001,,,,,3.58400011,2.5999999,,,,,3.58400011,2.5200000,
,,,3.58800006,2.3599999,,,,,3.58800006,2.4400001,,,,,3.58800006,2.5999999,,,,,3.58800006,2.5200000,
,,,3.59200025,2.3599999,,,,,3.59200025,2.4400001,,,,,3.59200025,2.79999995,,,,,3.59200025,2.5200000,
,,,3.59600019,2.3599999,,,,,3.59600019,2.3999999,,,,,3.59600019,2.6399999,,,,,3.59600019,2.4400001,
,,,3.60000014,2.3599999,,,,,3.60000014,2.4400001,,,,,3.60000014,2.5999999,,,,,3.60000014,2.3199999,
,,,3.60400009,2.3599999,,,,,3.60400009,2.4400001,,,,,3.60400009,2.75999999,,,,,3.60400009,2.3599999,
,,,3.60800028,2.3599999,,,,,3.60800028,2.4400001,,,,,3.60800028,2.5599999,,,,,3.60800028,2.5200000,
,,,3.61200023,2.3599999,,,,,3.61200023,2.3999999,,,,,3.61200023,2.5999999,,,,,3.61200023,2.4400001,
,,,3.61600018,2.3599999,,,,,3.61600018,2.4400001,,,,,3.61600018,2.6799998,,,,,3.61600018,2.4800000,
,,,3.62000012,2.3599999,,,,,3.62000012,2.4400001,,,,,3.62000012,2.72000003,,,,,3.62000012,2.4400001,
,,,3.62400007,2.3599999,,,,,3.62400007,2.3999999,,,,,3.62400007,2.6799998,,,,,3.62400007,2.4400001,
,,,3.62800026,2.3599999,,,,,3.62800026,2.4400001,,,,,3.62800026,2.6799998,,,,,3.62800026,2.4400001,
,,,3.63200021,2.3999999,,,,,3.63200021,2.3999999,,,,,3.63200021,2.5599999,,,,,3.63200021,2.6399999,
,,,3.63600016,2.3599999,,,,,3.63600016,2.4400001,,,,,3.63600016,2.75999999,,,,,3.63600016,2.4400001,
,,,3.64000010,2.3599999,,,,,3.64000010,2.3999999,,,,,3.64000010,2.5999999,,,,,3.64000010,2.3199999,
,,,3.64400029,2.3599999,,,,,3.64400029,2.4400001,,,,,3.64400029,2.5599999,,,,,3.64400029,2.2800000,
,,,3.64800024,2.3599999,,,,,3.64800024,2.3999999,,,,,3.64800024,2.6399999,,,,,3.64800024,2.4400001,
,,,3.65200019,2.3599999,,,,,3.65200019,2.4400001,,,,,3.65200019,2.75999999,,,,,3.65200019,2.4400001,
,,,3.65600014,2.3599999,,,,,3.65600014,2.4400001,,,,,3.65600014,2.6399999,,,,,3.65600014,2.4400001,
,,,3.66000009,2.3599999,,,,,3.66000009,2.4400001,,,,,3.66000009,2.6399999,,,,,3.66000009,2.3599999,
,,,3.66400027,2.3599999,,,,,3.66400027,2.4400001,,,,,3.66400027,2.5999999,,,,,3.66400027,2.4400001,
,,,3.66800022,2.3599999,,,,,3.66800022,2.3999999,,,,,3.66800022,2.75999999,,,,,3.66800022,2.3999999,
,,,3.67200017,2.3599999,,,,,3.67200017,2.3999999,,,,,3.67200017,2.5999999,,,,,3.67200017,2.4800000,
,,,3.67600012,2.3599999,,,,,3.67600012,2.4400001,,,,,3.67600012,2.6399999,,,,,3.67600012,2.4800000,
,,,3.68000007,2.3599999,,,,,3.68000007,2.4400001,,,,,3.68000007,2.72000003,,,,,3.68000007,2.3999999,
,,,3.68400025,2.3599999,,,,,3.68400025,2.3999999,,,,,3.68400025,2.75999999,,,,,3.68400025,2.5200000,
,,,3.68800020,2.3599999,,,,,3.68800020,2.4400001,,,,,3.68800020,2.5999999,,,,,3.68800020,2.3999999,
,,,3.69200015,2.3599999,,,,,3.69200015,2.4400001,,,,,3.69200015,2.6399999,,,,,3.69200015,2.4800000,
,,,3.69600010,2.3599999,,,,,3.69600010,2.4400001,,,,,3.69600010,2.6399999,,,,,3.69600010,2.5200000,
,,,3.70000029,2.3599999,,,,,3.70000029,2.3999999,,,,,3.70000029,2.6399999,,,,,3.70000029,2.4400001,
,,,3.70400023,2.3599999,,,,,3.70400023,2.4400001,,,,,3.70400023,2.6399999,,,,,3.70400023,2.4800000,
,,,3.70800018,2.3599999,,,,,3.70800018,2.3999999,,,,,3.70800018,2.6799998,,,,,3.70800018,2.4400001,
,,,3.71200013,2.3599999,,,,,3.71200013,2.3999999,,,,,3.71200013,2.6399999,,,,,3.71200013,2.4800000,
,,,3.71600008,2.3599999,,,,,3.71600008,2.3999999,,,,,3.71600008,2.6399999,,,,,3.71600008,2.4800000,
,,,3.72000027,2.3599999,,,,,3.72000027,2.4400001,,,,,3.72000027,2.4800000,,,,,3.72000027,2.3999999,
,,,3.72400022,2.3599999,,,,,3.72400022,2.4400001,,,,,3.72400022,2.6399999,,,,,3.72400022,2.5999999,
,,,3.72800016,2.3599999,,,,,3.72800016,2.3999999,,,,,3.72800016,2.5999999,,,,,3.72800016,2.3199999,
,,,3.73200011,2.3599999,,,,,3.73200011,2.4400001,,,,,3.73200011,2.4800000,,,,,3.73200011,2.4800000,
,,,3.73600006,2.3599999,,,,,3.73600006,2.4400001,,,,,3.73600006,2.4800000,,,,,3.73600006,2.4400001,
,,,3.74000025,2.3599999,,,,,3.74000025,2.4400001,,,,,3.74000025,2.72000003,,,,,3.74000025,2.3999999,
,,,3.74400020,2.3599999,,,,,3.74400020,2.4800000,,,,,3.74400020,2.6399999,,,,,3.74400020,2.4400001,
,,,3.74800014,2.3599999,,,,,3.74800014,2.3999999,,,,,3.74800014,2.5999999,,,,,3.74800014,2.4800000,
,,,3.75200009,2.3599999,,,,,3.75200009,2.4400001,,,,,3.75200009,2.75999999,,,,,3.75200009,2.5999999,
,,,3.75600028,2.3599999,,,,,3.75600028,2.3999999,,,,,3.75600028,2.72000003,,,,,3.75600028,2.4400001,
,,,3.76000023,2.3599999,,,,,3.76000023,2.4400001,,,,,3.76000023,2.6799998,,,,,3.76000023,2.4400001,
,,,3.76400018,2.3599999,,,,,3.76400018,2.3999999,,,,,3.76400018,2.6399999,,,,,3.76400018,2.4400001,
,,,3.76800013,2.3999999,,,,,3.76800013,2.4400001,,,,,3.76800013,2.5999999,,,,,3.76800013,2.3599999,
,,,3.77200007,2.3599999,,,,,3.77200007,2.4400001,,,,,3.77200007,2.4800000,,,,,3.77200007,2.5999999,
,,,3.77600026,2.3599999,,,,,3.77600026,2.4400001,,,,,3.77600026,2.6399999,,,,,3.77600026,2.3999999,
,,,3.78000021,2.3599999,,,,,3.78000021,2.3999999,,,,,3.78000021,2.75999999,,,,,3.78000021,2.4400001,
,,,3.78400016,2.3599999,,,,,3.78400016,2.3999999,,,,,3.78400016,2.79999995,,,,,3.78400016,2.3599999,
,,,3.78800011,2.3599999,,,,,3.78800011,2.3999999,,,,,3.78800011,2.6399999,,,,,3.78800011,2.3999999,
,,,3.79200029,2.3599999,,,,,3.79200029,2.4400001,,,,,3.79200029,2.5999999,,,,,3.79200029,2.4800000,
,,,3.79600024,2.3599999,,,,,3.79600024,2.3999999,,,,,3.79600024,2.6399999,,,,,3.79600024,2.3999999,
,,,3.80000019,2.3599999,,,,,3.80000019,2.4400001,,,,,3.80000019,2.6399999,,,,,3.80000019,2.3999999,
,,,3.80400014,2.3999999,,,,,3.80400014,2.4400001,,,,,3.80400014,2.6399999,,,,,3.80400014,2.2800000,
,,,3.80800009,2.3599999,,,,,3.80800009,2.4400001,,,,,3.80800009,2.75999999,,,,,3.80800009,2.4400001,
,,,3.81200027,2.3599999,,,,,3.81200027,2.3999999,,,,,3.81200027,2.5200000,,,,,3.81200027,2.3999999,
,,,3.81600022,2.3599999,,,,,3.81600022,2.3999999,,,,,3.81600022,2.75999999,,,,,3.81600022,2.3599999,
,,,3.82000017,2.3599999,,,,,3.82000017,2.4400001,,,,,3.82000017,2.5999999,,,,,3.82000017,2.3599999,
,,,3.82400012,2.3599999,,,,,3.82400012,2.4400001,,,,,3.82400012,2.6799998,,,,,3.82400012,2.3999999,
,,,3.82800007,2.3599999,,,,,3.82800007,2.4400001,,,,,3.82800007,2.79999995,,,,,3.82800007,2.3199999,
,,,3.83200026,2.3599999,,,,,3.83200026,2.4400001,,,,,3.83200026,2.72000003,,,,,3.83200026,2.3599999,
,,,3.83600020,2.3599999,,,,,3.83600020,2.4400001,,,,,3.83600020,2.5200000,,,,,3.83600020,2.4400001,
,,,3.84000015,2.3599999,,,,,3.84000015,2.4400001,,,,,3.84000015,2.6799998,,,,,3.84000015,2.3599999,
,,,3.84400010,2.3599999,,,,,3.84400010,2.4400001,,,,,3.84400010,2.6399999,,,,,3.84400010,2.3599999,
,,,3.84800029,2.3599999,,,,,3.84800029,2.4400001,,,,,3.84800029,2.5999999,,,,,3.84800029,2.3199999,
,,,3.85200024,2.3999999,,,,,3.85200024,2.4400001,,,,,3.85200024,2.5200000,,,,,3.85200024,2.3599999,
,,,3.85600019,2.3999999,,,,,3.85600019,2.4400001,,,,,3.85600019,2.4800000,,,,,3.85600019,2.2400000,
,,,3.86000013,2.3599999,,,,,3.86000013,2.4400001,,,,,3.86000013,2.6399999,,,,,3.86000013,2.3999999,
,,,3.86400008,2.3599999,,,,,3.86400008,2.4400001,,,,,3.86400008,2.5999999,,,,,3.86400008,2.3999999,
,,,3.86800027,2.3599999,,,,,3.86800027,2.3999999,,,,,3.86800027,2.5599999,,,,,3.86800027,2.3599999,
,,,3.87200022,2.3599999,,,,,3.87200022,2.3999999,,,,,3.87200022,2.5599999,,,,,3.87200022,2.4400001,
,,,3.87600017,2.3599999,,,,,3.87600017,2.3999999,,,,,3.87600017,2.5200000,,,,,3.87600017,2.4400001,
,,,3.88000011,2.3599999,,,,,3.88000011,2.4400001,,,,,3.88000011,2.4400001,,,,,3.88000011,2.3199999,
,,,3.88400030,2.3599999,,,,,3.88400030,2.4400001,,,,,3.88400030,2.5599999,,,,,3.88400030,2.3999999,
,,,3.88800025,2.3599999,,,,,3.88800025,2.4400001,,,,,3.88800025,2.72000003,,,,,3.88800025,2.3999999,
,,,3.89200020,2.3999999,,,,,3.89200020,2.4400001,,,,,3.89200020,2.6399999,,,,,3.89200020,2.4400001,
,,,3.89600015,2.3599999,,,,,3.89600015,2.4400001,,,,,3.89600015,2.6399999,,,,,3.89600015,2.3199999,
,,,3.90000010,2.3599999,,,,,3.90000010,2.3999999,,,,,3.90000010,2.6399999,,,,,3.90000010,2.3999999,
,,,3.90400028,2.3999999,,,,,3.90400028,2.4400001,,,,,3.90400028,2.6399999,,,,,3.90400028,2.3599999,
,,,3.90800023,2.3599999,,,,,3.90800023,2.3999999,,,,,3.90800023,2.6799998,,,,,3.90800023,2.5200000,
,,,3.91200018,2.3599999,,,,,3.91200018,2.4400001,,,,,3.91200018,2.6799998,,,,,3.91200018,2.4400001,
,,,3.91600013,2.3999999,,,,,3.91600013,2.3599999,,,,,3.91600013,2.5599999,,,,,3.91600013,2.4400001,
,,,3.92000008,2.3599999,,,,,3.92000008,2.3999999,,,,,3.92000008,2.6399999,,,,,3.92000008,2.3999999,
,,,3.92400026,2.3999999,,,,,3.92400026,2.4400001,,,,,3.92400026,2.6399999,,,,,3.92400026,2.4400001,
,,,3.92800021,2.3599999,,,,,3.92800021,2.4400001,,,,,3.92800021,2.5599999,,,,,3.92800021,2.4800000,
,,,3.93200016,2.3599999,,,,,3.93200016,2.3999999,,,,,3.93200016,2.5999999,,,,,3.93200016,2.3599999,
,,,3.93600011,2.3599999,,,,,3.93600011,2.3999999,,,,,3.93600011,2.75999999,,,,,3.93600011,2.3999999,
,,,3.94000030,2.3599999,,,,,3.94000030,2.3999999,,,,,3.94000030,2.5999999,,,,,3.94000030,2.4400001,
,,,3.94400024,2.3599999,,,,,3.94400024,2.4400001,,,,,3.94400024,2.5200000,,,,,3.94400024,2.3199999,
,,,3.94800019,2.3599999,,,,,3.94800019,2.4800000,,,,,3.94800019,2.5999999,,,,,3.94800019,2.4800000,
,,,3.95200014,2.3599999,,,,,3.95200014,2.3999999,,,,,3.95200014,2.4800000,,,,,3.95200014,2.3599999,
,,,3.95600009,2.3599999,,,,,3.95600009,2.3999999,,,,,3.95600009,2.5999999,,,,,3.95600009,2.4400001,
,,,3.96000028,2.3599999,,,,,3.96000028,2.3999999,,,,,3.96000028,2.6799998,,,,,3.96000028,2.4400001,
,,,3.96400023,2.3599999,,,,,3.96400023,2.3999999,,,,,3.96400023,2.5200000,,,,,3.96400023,2.3199999,
,,,3.96800017,2.3599999,,,,,3.96800017,2.4400001,,,,,3.96800017,2.6799998,,,,,3.96800017,2.4400001,
,,,3.97200012,2.3599999,,,,,3.97200012,2.4400001,,,,,3.97200012,2.6399999,,,,,3.97200012,2.4400001,
,,,3.97600007,2.3599999,,,,,3.97600007,2.3999999,,,,,3.97600007,2.6799998,,,,,3.97600007,2.3599999,
,,,3.98000026,2.3599999,,,,,3.98000026,2.3999999,,,,,3.98000026,2.6399999,,,,,3.98000026,2.3999999,
,,,3.98400021,2.3599999,,,,,3.98400021,2.4400001,,,,,3.98400021,2.5599999,,,,,3.98400021,2.3999999,
,,,3.98800015,2.3599999,,,,,3.98800015,2.3999999,,,,,3.98800015,2.5999999,,,,,3.98800015,2.3599999,
,,,3.99200010,2.3599999,,,,,3.99200010,2.3999999,,,,,3.99200010,2.6399999,,,,,3.99200010,2.3999999,
,,,3.99600029,2.3999999,,,,,3.99600029,2.4400001,,,,,3.99600029,2.72000003,,,,,3.99600029,3.07999992,
,,,4.00000000,2.3599999,,,,,4.00000000,2.4400001,,,,,4.00000000,2.6399999,,,,,4.00000000,2.2800000,
,,,4.00400019,2.3599999,,,,,4.00400019,2.3999999,,,,,4.00400019,2.5999999,,,,,4.00400019,2.5999999,
,,,4.00800037,2.3599999,,,,,4.00800037,2.4400001,,,,,4.00800037,2.5999999,,,,,4.00800037,2.3599999,
,,,4.01200008,2.3599999,,,,,4.01200008,2.3999999,,,,,4.01200008,2.6799998,,,,,4.01200008,2.4400001,
,,,4.01600027,2.3599999,,,,,4.01600027,2.4400001,,,,,4.01600027,2.6799998,,,,,4.01600027,2.3999999,
,,,4.01999998,2.3599999,,,,,4.01999998,2.3999999,,,,,4.01999998,2.6399999,,,,,4.01999998,2.3599999,
,,,4.02400017,2.3599999,,,,,4.02400017,2.3999999,,,,,4.02400017,2.6399999,,,,,4.02400017,2.4400001,
,,,4.02800035,2.3599999,,,,,4.02800035,2.3999999,,,,,4.02800035,2.6799998,,,,,4.02800035,2.4800000,
,,,4.03200006,2.3599999,,,,,4.03200006,2.3999999,,,,,4.03200006,2.6799998,,,,,4.03200006,2.4800000,
,,,4.03600025,2.3599999,,,,,4.03600025,2.3999999,,,,,4.03600025,2.5200000,,,,,4.03600025,2.3599999,
,,,4.03999996,2.3599999,,,,,4.03999996,2.3999999,,,,,4.03999996,2.4800000,,,,,4.03999996,2.3599999,
,,,4.04400015,2.3999999,,,,,4.04400015,2.3999999,,,,,4.04400015,2.6399999,,,,,4.04400015,2.4400001,
,,,4.04800034,2.3599999,,,,,4.04800034,2.3599999,,,,,4.04800034,2.6399999,,,,,4.04800034,2.2000000,
,,,4.05200005,2.3999999,,,,,4.05200005,2.4400001,,,,,4.05200005,2.5999999,,,,,4.05200005,2.4400001,
,,,4.05600023,2.3599999,,,,,4.05600023,2.4400001,,,,,4.05600023,2.75999999,,,,,4.05600023,2.3999999,
,,,4.06000042,2.3599999,,,,,4.06000042,2.4400001,,,,,4.06000042,2.75999999,,,,,4.06000042,2.3599999,
,,,4.06400013,2.3599999,,,,,4.06400013,2.4400001,,,,,4.06400013,2.91999984,,,,,4.06400013,2.3599999,
,,,4.06800032,2.3599999,,,,,4.06800032,2.3999999,,,,,4.06800032,2.72000003,,,,,4.06800032,2.3599999,
,,,4.07200003,2.3599999,,,,,4.07200003,2.4400001,,,,,4.07200003,2.6799998,,,,,4.07200003,2.4800000,
,,,4.07600021,2.3599999,,,,,4.07600021,2.4400001,,,,,4.07600021,2.72000003,,,,,4.07600021,2.2800000,
,,,4.08000040,2.3599999,,,,,4.08000040,2.3999999,,,,,4.08000040,2.79999995,,,,,4.08000040,2.3999999,
,,,4.08400011,2.3599999,,,,,4.08400011,2.4400001,,,,,4.08400011,2.75999999,,,,,4.08400011,2.3999999,
,,,4.08800030,2.3599999,,,,,4.08800030,2.3999999,,,,,4.08800030,2.79999995,,,,,4.08800030,2.3599999,
,,,4.09200001,2.3599999,,,,,4.09200001,2.3999999,,,,,4.09200001,2.79999995,,,,,4.09200001,2.3599999,
,,,4.09600019,2.3599999,,,,,4.09600019,2.3999999,,,,,4.09600019,2.6799998,,,,,4.09600019,2.3199999,
,,,4.10000038,2.3599999,,,,,4.10000038,2.3999999,,,,,4.10000038,2.75999999,,,,,4.10000038,2.3599999,
,,,4.10400009,2.3599999,,,,,4.10400009,2.3999999,,,,,4.10400009,2.75999999,,,,,4.10400009,2.2800000,
,,,4.10800028,2.3599999,,,,,4.10800028,2.3999999,,,,,4.10800028,2.72000003,,,,,4.10800028,2.3999999,
,,,4.11199999,2.3599999,,,,,4.11199999,2.3999999,,,,,4.11199999,2.6799998,,,,,4.11199999,2.3999999,
,,,4.11600018,2.3599999,,,,,4.11600018,2.4400001,,,,,4.11600018,2.6799998,,,,,4.11600018,2.3199999,
,,,4.12000036,2.3599999,,,,,4.12000036,2.3999999,,,,,4.12000036,2.72000003,,,,,4.12000036,2.3599999,
,,,4.12400007,2.3599999,,,,,4.12400007,2.3999999,,,,,4.12400007,2.6799998,,,,,4.12400007,2.3199999,
,,,4.12800026,2.3599999,,,,,4.12800026,2.3999999,,,,,4.12800026,2.75999999,,,,,4.12800026,2.4400001,
,,,4.13199997,2.3599999,,,,,4.13199997,2.3999999,,,,,4.13199997,2.87999988,,,,,4.13199997,2.4800000,
,,,4.13600016,2.3599999,,,,,4.13600016,2.3999999,,,,,4.13600016,2.6799998,,,,,4.13600016,2.3199999,
,,,4.14000034,2.3999999,,,,,4.14000034,2.3599999,,,,,4.14000034,2.6799998,,,,,4.14000034,2.4400001,
,,,4.14400005,2.3599999,,,,,4.14400005,2.3999999,,,,,4.14400005,2.83999991,,,,,4.14400005,2.4400001,
,,,4.14800024,2.3599999,,,,,4.14800024,2.3999999,,,,,4.14800024,2.72000003,,,,,4.14800024,2.4400001,
,,,4.15200043,2.3599999,,,,,4.15200043,2.3999999,,,,,4.15200043,2.75999999,,,,,4.15200043,2.4400001,
,,,4.15600014,2.3599999,,,,,4.15600014,2.3999999,,,,,4.15600014,2.75999999,,,,,4.15600014,2.3599999,
,,,4.16000032,2.3599999,,,,,4.16000032,2.3999999,,,,,4.16000032,2.75999999,,,,,4.16000032,2.4400001,
,,,4.16400003,2.3599999,,,,,4.16400003,2.3999999,,,,,4.16400003,2.79999995,,,,,4.16400003,2.3199999,
,,,4.16800022,2.3599999,,,,,4.16800022,2.3999999,,,,,4.16800022,2.6399999,,,,,4.16800022,2.3999999,
,,,4.17200041,2.3599999,,,,,4.17200041,2.3999999,,,,,4.17200041,2.75999999,,,,,4.17200041,2.3999999,
,,,4.17600012,2.3999999,,,,,4.17600012,2.4400001,,,,,4.17600012,2.75999999,,,,,4.17600012,2.4400001,
,,,4.18000031,2.3599999,,,,,4.18000031,2.4400001,,,,,4.18000031,2.75999999,,,,,4.18000031,2.3999999,
,,,4.18400002,2.3599999,,,,,4.18400002,2.3999999,,,,,4.18400002,2.79999995,,,,,4.18400002,2.4400001,
,,,4.18800020,2.3599999,,,,,4.18800020,2.3999999,,,,,4.18800020,2.72000003,,,,,4.18800020,2.5200000,
,,,4.19200039,2.3599999,,,,,4.19200039,2.3999999,,,,,4.19200039,2.75999999,,,,,4.19200039,2.4400001,
,,,4.19600010,2.3599999,,,,,4.19600010,2.3999999,,,,,4.19600010,2.72000003,,,,,4.19600010,2.4800000,
,,,4.20000029,2.3599999,,,,,4.20000029,2.3999999,,,,,4.20000029,2.72000003,,,,,4.20000029,2.3999999,
,,,4.20400000,2.3599999,,,,,4.20400000,2.3999999,,,,,4.20400000,2.75999999,,,,,4.20400000,2.4400001,
,,,4.20800018,2.3599999,,,,,4.20800018,2.3999999,,,,,4.20800018,2.72000003,,,,,4.20800018,2.4400001,
,,,4.21200037,2.3599999,,,,,4.21200037,2.4400001,,,,,4.21200037,2.6799998,,,,,4.21200037,2.4400001,
,,,4.21600008,2.3599999,,,,,4.21600008,2.4400001,,,,,4.21600008,2.6399999,,,,,4.21600008,2.3999999,
,,,4.22000027,2.3999999,,,,,4.22000027,2.3999999,,,,,4.22000027,2.75999999,,,,,4.22000027,2.3999999,
,,,4.22399998,2.3599999,,,,,4.22399998,2.3999999,,,,,4.22399998,2.5999999,,,,,4.22399998,2.3999999,
,,,4.22800016,2.3999999,,,,,4.22800016,2.4400001,,,,,4.22800016,2.83999991,,,,,4.22800016,2.4400001,
,,,4.23200035,2.3599999,,,,,4.23200035,2.4400001,,,,,4.23200035,2.6399999,,,,,4.23200035,2.2800000,
,,,4.23600006,2.3599999,,,,,4.23600006,2.3999999,,,,,4.23600006,2.6799998,,,,,4.23600006,2.3999999,
,,,4.24000025,2.3599999,,,,,4.24000025,2.3999999,,,,,4.24000025,2.6399999,,,,,4.24000025,2.3199999,
,,,4.24400043,2.3599999,,,,,4.24400043,2.4400001,,,,,4.24400043,2.72000003,,,,,4.24400043,2.4400001,
,,,4.24800014,2.3599999,,,,,4.24800014,2.4400001,,,,,4.24800014,2.6399999,,,,,4.24800014,2.5599999,
,,,4.25200033,2.3999999,,,,,4.25200033,2.3999999,,,,,4.25200033,2.72000003,,,,,4.25200033,2.3999999,
,,,4.25600004,2.3599999,,,,,4.25600004,2.3999999,,,,,4.25600004,2.5200000,,,,,4.25600004,2.3599999,
,,,4.26000023,2.3599999,,,,,4.26000023,2.3999999,,,,,4.26000023,2.5599999,,,,,4.26000023,2.2400000,
,,,4.26400042,2.3599999,,,,,4.26400042,2.4400001,,,,,4.26400042,2.6799998,,,,,4.26400042,2.4800000,
,,,4.26800013,2.3599999,,,,,4.26800013,2.3999999,,,,,4.26800013,2.6799998,,,,,4.26800013,2.3599999,
,,,4.27200031,2.3999999,,,,,4.27200031,2.3999999,,,,,4.27200031,2.5200000,,,,,4.27200031,2.3999999,
,,,4.27600002,2.3599999,,,,,4.27600002,2.4400001,,,,,4.27600002,2.6799998,,,,,4.27600002,2.3999999,
,,,4.28000021,2.3599999,,,,,4.28000021,2.4400001,,,,,4.28000021,2.72000003,,,,,4.28000021,2.4400001,
,,,4.28400040,2.3599999,,,,,4.28400040,2.3999999,,,,,4.28400040,2.6399999,,,,,4.28400040,2.5999999,
,,,4.28800011,2.3599999,,,,,4.28800011,2.4400001,,,,,4.28800011,2.5999999,,,,,4.28800011,2.4400001,
,,,4.29200029,2.3599999,,,,,4.29200029,2.3999999,,,,,4.29200029,2.6399999,,,,,4.29200029,2.4400001,
,,,4.29600000,2.3599999,,,,,4.29600000,2.4400001,,,,,4.29600000,2.79999995,,,,,4.29600000,2.4400001,
,,,4.30000019,2.3599999,,,,,4.30000019,2.4400001,,,,,4.30000019,2.4800000,,,,,4.30000019,2.3599999,
,,,4.30400038,2.3599999,,,,,4.30400038,2.3999999,,,,,4.30400038,2.5599999,,,,,4.30400038,2.2800000,
,,,4.30800009,2.3599999,,,,,4.30800009,2.3999999,,,,,4.30800009,2.5599999,,,,,4.30800009,2.4800000,
,,,4.31200027,2.3599999,,,,,4.31200027,2.3999999,,,,,4.31200027,2.5599999,,,,,4.31200027,2.4400001,
,,,4.31599998,2.3599999,,,,,4.31599998,2.3599999,,,,,4.31599998,2.6799998,,,,,4.31599998,2.5200000,
,,,4.32000017,2.3599999,,,,,4.32000017,2.3999999,,,,,4.32000017,2.75999999,,,,,4.32000017,2.3599999,
,,,4.32400036,2.3599999,,,,,4.32400036,2.3999999,,,,,4.32400036,2.83999991,,,,,4.32400036,2.4400001,
,,,4.32800007,2.3599999,,,,,4.32800007,2.4400001,,,,,4.32800007,2.6799998,,,,,4.32800007,2.4400001,
,,,4.33200026,2.3599999,,,,,4.33200026,2.3999999,,,,,4.33200026,2.75999999,,,,,4.33200026,2.5200000,
,,,4.33600044,2.3599999,,,,,4.33600044,2.3999999,,,,,4.33600044,2.6799998,,,,,4.33600044,2.4400001,
,,,4.34000015,2.3999999,,,,,4.34000015,2.3999999,,,,,4.34000015,2.75999999,,,,,4.34000015,2.3999999,
,,,4.34400034,2.3599999,,,,,4.34400034,2.4400001,,,,,4.34400034,2.5599999,,,,,4.34400034,2.4800000,
,,,4.34800005,2.3599999,,,,,4.34800005,2.4400001,,,,,4.34800005,2.75999999,,,,,4.34800005,2.5200000,
,,,4.35200024,2.3599999,,,,,4.35200024,2.3999999,,,,,4.35200024,2.87999988,,,,,4.35200024,2.5599999,
,,,4.35600042,2.3599999,,,,,4.35600042,2.3999999,,,,,4.35600042,2.79999995,,,,,4.35600042,2.4800000,
,,,4.36000013,2.3599999,,,,,4.36000013,2.3999999,,,,,4.36000013,2.6399999,,,,,4.36000013,2.4800000,
,,,4.36400032,2.3599999,,,,,4.36400032,2.4400001,,,,,4.36400032,2.72000003,,,,,4.36400032,2.4800000,
,,,4.36800003,2.3599999,,,,,4.36800003,2.4400001,,,,,4.36800003,2.6399999,,,,,4.36800003,2.4800000,
,,,4.37200022,2.3999999,,,,,4.37200022,2.4400001,,,,,4.37200022,2.72000003,,,,,4.37200022,2.4800000,
,,,4.37600040,2.3599999,,,,,4.37600040,2.3999999,,,,,4.37600040,2.75999999,,,,,4.37600040,2.4400001,
,,,4.38000011,2.3599999,,,,,4.38000011,2.3999999,,,,,4.38000011,2.72000003,,,,,4.38000011,2.3599999,
,,,4.38400030,2.3599999,,,,,4.38400030,2.4400001,,,,,4.38400030,2.72000003,,,,,4.38400030,2.5200000,
,,,4.38800001,2.3599999,,,,,4.38800001,2.4400001,,,,,4.38800001,2.75999999,,,,,4.38800001,2.4400001,
,,,4.39200020,2.3599999,,,,,4.39200020,2.3999999,,,,,4.39200020,2.87999988,,,,,4.39200020,2.5599999,
,,,4.39600039,2.3599999,,,,,4.39600039,2.4400001,,,,,4.39600039,2.6799998,,,,,4.39600039,2.3199999,
,,,4.40000010,2.3599999,,,,,4.40000010,2.4400001,,,,,4.40000010,2.6799998,,,,,4.40000010,2.4800000,
,,,4.40400028,2.3599999,,,,,4.40400028,2.4400001,,,,,4.40400028,2.75999999,,,,,4.40400028,2.4400001,
,,,4.40799999,2.3599999,,,,,4.40799999,2.4400001,,,,,4.40799999,2.72000003,,,,,4.40799999,2.5599999,
,,,4.41200018,2.3599999,,,,,4.41200018,2.3999999,,,,,4.41200018,2.83999991,,,,,4.41200018,2.4800000,
,,,4.41600037,2.3599999,,,,,4.41600037,2.3999999,,,,,4.41600037,2.79999995,,,,,4.41600037,2.4400001,
,,,4.42000008,2.3599999,,,,,4.42000008,2.3999999,,,,,4.42000008,2.6399999,,,,,4.42000008,2.4800000,
,,,4.42400026,2.3599999,,,,,4.42400026,2.4400001,,,,,4.42400026,2.6399999,,,,,4.42400026,2.5200000,
,,,4.42799997,2.3599999,,,,,4.42799997,2.4400001,,,,,4.42799997,2.75999999,,,,,4.42799997,2.3599999,
,,,4.43200016,2.3999999,,,,,4.43200016,2.3999999,,,,,4.43200016,2.72000003,,,,,4.43200016,2.4400001,
,,,4.43600035,2.3599999,,,,,4.43600035,2.4400001,,,,,4.43600035,2.79999995,,,,,4.43600035,2.3999999,
,,,4.44000006,2.3599999,,,,,4.44000006,2.4400001,,,,,4.44000006,2.6799998,,,,,4.44000006,2.4400001,
,,,4.44400024,2.3599999,,,,,4.44400024,2.3999999,,,,,4.44400024,2.72000003,,,,,4.44400024,2.4400001,
,,,4.44800043,2.3599999,,,,,4.44800043,2.4400001,,,,,4.44800043,2.75999999,,,,,4.44800043,2.5599999,
,,,4.45200014,2.3599999,,,,,4.45200014,2.3999999,,,,,4.45200014,2.72000003,,,,,4.45200014,2.5599999,
,,,4.45600033,2.3599999,,,,,4.45600033,2.4400001,,,,,4.45600033,2.6799998,,,,,4.45600033,2.4800000,
,,,4.46000004,2.3599999,,,,,4.46000004,2.3999999,,,,,4.46000004,2.75999999,,,,,4.46000004,2.4400001,
,,,4.46400023,2.3599999,,,,,4.46400023,2.4400001,,,,,4.46400023,2.72000003,,,,,4.46400023,2.4800000,
,,,4.46800041,2.3599999,,,,,4.46800041,2.4400001,,,,,4.46800041,2.79999995,,,,,4.46800041,2.3599999,
,,,4.47200012,2.3599999,,,,,4.47200012,2.4400001,,,,,4.47200012,2.75999999,,,,,4.47200012,2.4400001,
,,,4.47600031,2.3599999,,,,,4.47600031,2.4400001,,,,,4.47600031,2.72000003,,,,,4.47600031,2.3599999,
,,,4.48000002,2.3599999,,,,,4.48000002,2.4400001,,,,,4.48000002,2.79999995,,,,,4.48000002,2.4400001,
,,,4.48400021,2.3599999,,,,,4.48400021,2.3999999,,,,,4.48400021,2.75999999,,,,,4.48400021,2.5200000,
,,,4.48800039,2.3599999,,,,,4.48800039,2.4400001,,,,,4.48800039,2.6399999,,,,,4.48800039,2.4400001,
,,,4.49200010,2.3599999,,,,,4.49200010,2.3999999,,,,,4.49200010,2.83999991,,,,,4.49200010,2.3999999,
,,,4.49600029,2.3599999,,,,,4.49600029,2.4400001,,,,,4.49600029,2.75999999,,,,,4.49600029,3.15999985,
,,,4.50000000,2.3599999,,,,,4.50000000,2.4400001,,,,,4.50000000,2.72000003,,,,,4.50000000,2.4400001,
,,,4.50400019,2.3599999,,,,,4.50400019,2.3599999,,,,,4.50400019,2.72000003,,,,,4.50400019,2.5599999,
,,,4.50800037,2.3599999,,,,,4.50800037,2.4400001,,,,,4.50800037,2.6799998,,,,,4.50800037,2.5200000,
,,,4.51200008,2.3999999,,,,,4.51200008,2.3999999,,,,,4.51200008,2.6399999,,,,,4.51200008,2.4400001,
,,,4.51600027,2.3599999,,,,,4.51600027,2.4400001,,,,,4.51600027,2.6799998,,,,,4.51600027,2.4800000,
,,,4.51999998,2.3599999,,,,,4.51999998,2.3999999,,,,,4.51999998,2.79999995,,,,,4.51999998,2.4800000,
,,,4.52400017,2.3599999,,,,,4.52400017,2.4400001,,,,,4.52400017,2.83999991,,,,,4.52400017,2.5200000,
,,,4.52800035,2.3999999,,,,,4.52800035,2.3999999,,,,,4.52800035,2.83999991,,,,,4.52800035,2.4400001,
,,,4.53200006,2.3599999,,,,,4.53200006,2.4400001,,,,,4.53200006,2.83999991,,,,,4.53200006,2.4400001,
,,,4.53600025,2.3599999,,,,,4.53600025,2.3999999,,,,,4.53600025,2.79999995,,,,,4.53600025,2.4800000,
,,,4.54000044,2.3999999,,,,,4.54000044,2.3999999,,,,,4.54000044,2.6799998,,,,,4.54000044,2.4400001,
,,,4.54400015,2.3599999,,,,,4.54400015,2.3999999,,,,,4.54400015,2.75999999,,,,,4.54400015,2.4400001,
,,,4.54800034,2.3999999,,,,,4.54800034,2.3999999,,,,,4.54800034,2.6399999,,,,,4.54800034,2.4800000,
,,,4.55200005,2.3599999,,,,,4.55200005,2.4400001,,,,,4.55200005,2.6399999,,,,,4.55200005,2.4800000,
,,,4.55600023,2.3599999,,,,,4.55600023,2.4400001,,,,,4.55600023,2.6799998,,,,,4.55600023,2.5200000,
,,,4.56000042,2.3599999,,,,,4.56000042,2.3999999,,,,,4.56000042,2.75999999,,,,,4.56000042,2.3999999,
,,,4.56400013,2.3599999,,,,,4.56400013,2.4400001,,,,,4.56400013,2.83999991,,,,,4.56400013,2.5200000,
,,,4.56800032,2.3599999,,,,,4.56800032,2.4400001,,,,,4.56800032,2.75999999,,,,,4.56800032,2.4800000,
,,,4.57200003,2.3599999,,,,,4.57200003,2.3999999,,,,,4.57200003,2.79999995,,,,,4.57200003,2.4400001,
,,,4.57600021,2.3599999,,,,,4.57600021,2.3999999,,,,,4.57600021,2.79999995,,,,,4.57600021,2.4800000,
,,,4.58000040,2.3599999,,,,,4.58000040,2.4400001,,,,,4.58000040,2.87999988,,,,,4.58000040,2.4400001,
,,,4.58400011,2.3599999,,,,,4.58400011,2.3599999,,,,,4.58400011,2.83999991,,,,,4.58400011,2.3999999,
,,,4.58800030,2.3999999,,,,,4.58800030,2.3999999,,,,,4.58800030,2.75999999,,,,,4.58800030,2.4800000,
,,,4.59200001,2.3599999,,,,,4.59200001,2.4400001,,,,,4.59200001,2.96000004,,,,,4.59200001,2.4400001,
,,,4.59600019,2.3599999,,,,,4.59600019,2.4400001,,,,,4.59600019,2.75999999,,,,,4.59600019,2.4800000,
,,,4.60000038,2.3599999,,,,,4.60000038,2.4400001,,,,,4.60000038,2.83999991,,,,,4.60000038,2.3999999,
,,,4.60400009,2.3599999,,,,,4.60400009,2.4400001,,,,,4.60400009,2.79999995,,,,,4.60400009,2.5200000,
,,,4.60800028,2.3599999,,,,,4.60800028,2.4400001,,,,,4.60800028,2.75999999,,,,,4.60800028,2.4800000,
,,,4.61199999,2.3599999,,,,,4.61199999,2.3999999,,,,,4.61199999,2.6799998,,,,,4.61199999,2.4400001,
,,,4.61600018,2.3599999,,,,,4.61600018,2.4400001,,,,,4.61600018,2.83999991,,,,,4.61600018,2.4400001,
,,,4.62000036,2.3599999,,,,,4.62000036,2.4400001,,,,,4.62000036,2.79999995,,,,,4.62000036,2.4800000,
,,,4.62400007,2.3599999,,,,,4.62400007,2.4400001,,,,,4.62400007,2.72000003,,,,,4.62400007,2.4800000,
,,,4.62800026,2.3599999,,,,,4.62800026,2.4400001,,,,,4.62800026,2.72000003,,,,,4.62800026,2.3199999,
,,,4.63200045,2.3599999,,,,,4.63200045,2.3999999,,,,,4.63200045,2.79999995,,,,,4.63200045,2.5200000,
,,,4.63600016,2.3599999,,,,,4.63600016,2.3999999,,,,,4.63600016,2.79999995,,,,,4.63600016,2.4400001,
,,,4.64000034,2.3599999,,,,,4.64000034,2.3999999,,,,,4.64000034,2.6799998,,,,,4.64000034,2.3999999,
,,,4.64400005,2.3599999,,,,,4.64400005,2.3999999,,,,,4.64400005,2.83999991,,,,,4.64400005,2.4800000,
,,,4.64800024,2.3599999,,,,,4.64800024,2.3999999,,,,,4.64800024,2.91999984,,,,,4.64800024,2.5200000,
,,,4.65200043,2.3999999,,,,,4.65200043,2.4400001,,,,,4.65200043,2.83999991,,,,,4.65200043,2.5599999,
,,,4.65600014,2.3599999,,,,,4.65600014,2.3999999,,,,,4.65600014,2.72000003,,,,,4.65600014,2.4800000,
,,,4.66000032,2.3599999,,,,,4.66000032,2.3999999,,,,,4.66000032,2.75999999,,,,,4.66000032,2.4800000,
,,,4.66400003,2.3599999,,,,,4.66400003,2.3999999,,,,,4.66400003,2.75999999,,,,,4.66400003,2.4800000,
,,,4.66800022,2.3599999,,,,,4.66800022,2.4400001,,,,,4.66800022,2.79999995,,,,,4.66800022,2.4800000,
,,,4.67200041,2.3599999,,,,,4.67200041,2.3999999,,,,,4.67200041,2.83999991,,,,,4.67200041,2.6399999,
,,,4.67600012,2.3599999,,,,,4.67600012,2.4400001,,,,,4.67600012,2.83999991,,,,,4.67600012,2.4800000,
,,,4.68000031,2.3599999,,,,,4.68000031,2.3999999,,,,,4.68000031,2.75999999,,,,,4.68000031,2.4400001,
,,,4.68400002,2.3599999,,,,,4.68400002,2.3999999,,,,,4.68400002,2.83999991,,,,,4.68400002,2.5599999,
,,,4.68800020,2.3599999,,,,,4.68800020,2.3999999,,,,,4.68800020,2.6399999,,,,,4.68800020,2.3599999,
,,,4.69200039,2.3599999,,,,,4.69200039,2.4400001,,,,,4.69200039,2.75999999,,,,,4.69200039,2.5200000,
,,,4.69600010,2.3599999,,,,,4.69600010,2.4400001,,,,,4.69600010,2.6799998,,,,,4.69600010,2.4400001,
,,,4.70000029,2.3599999,,,,,4.70000029,2.3999999,,,,,4.70000029,2.72000003,,,,,4.70000029,2.3999999,
,,,4.70400000,2.3599999,,,,,4.70400000,2.4400001,,,,,4.70400000,2.5599999,,,,,4.70400000,2.4800000,
,,,4.70800018,2.3599999,,,,,4.70800018,2.3999999,,,,,4.70800018,2.72000003,,,,,4.70800018,2.4400001,
,,,4.71200037,2.3599999,,,,,4.71200037,2.4400001,,,,,4.71200037,2.75999999,,,,,4.71200037,2.5599999,
,,,4.71600008,2.3999999,,,,,4.71600008,2.4400001,,,,,4.71600008,2.75999999,,,,,4.71600008,2.4800000,
,,,4.72000027,2.3599999,,,,,4.72000027,2.4400001,,,,,4.72000027,2.83999991,,,,,4.72000027,2.3999999,
,,,4.72400045,2.3599999,,,,,4.72400045,2.3999999,,,,,4.72400045,2.6399999,,,,,4.72400045,2.5200000,
,,,4.72800016,2.3599999,,,,,4.72800016,2.4400001,,,,,4.72800016,2.72000003,,,,,4.72800016,2.4800000,
,,,4.73200035,2.3599999,,,,,4.73200035,2.4400001,,,,,4.73200035,2.72000003,,,,,4.73200035,2.4400001,
,,,4.73600006,2.3999999,,,,,4.73600006,2.3999999,,,,,4.73600006,2.6799998,,,,,4.73600006,2.3599999,
,,,4.74000025,2.3599999,,,,,4.74000025,2.3999999,,,,,4.74000025,2.5599999,,,,,4.74000025,2.3999999,
,,,4.74400043,2.3599999,,,,,4.74400043,2.4400001,,,,,4.74400043,2.5599999,,,,,4.74400043,2.2800000,
,,,4.74800014,2.3599999,,,,,4.74800014,2.3999999,,,,,4.74800014,2.6799998,,,,,4.74800014,2.5200000,
,,,4.75200033,2.3999999,,,,,4.75200033,2.3999999,,,,,4.75200033,2.87999988,,,,,4.75200033,2.3999999,
,,,4.75600004,2.3599999,,,,,4.75600004,2.3999999,,,,,4.75600004,2.5599999,,,,,4.75600004,2.4800000,
,,,4.76000023,2.3599999,,,,,4.76000023,2.4400001,,,,,4.76000023,2.5999999,,,,,4.76000023,2.4800000,
,,,4.76400042,2.3599999,,,,,4.76400042,2.3999999,,,,,4.76400042,2.6799998,,,,,4.76400042,2.4400001,
,,,4.76800013,2.3599999,,,,,4.76800013,2.4400001,,,,,4.76800013,2.75999999,,,,,4.76800013,2.5200000,
,,,4.77200031,2.3999999,,,,,4.77200031,2.4400001,,,,,4.77200031,2.5999999,,,,,4.77200031,2.3599999,
,,,4.77600002,2.3999999,,,,,4.77600002,2.4400001,,,,,4.77600002,2.5599999,,,,,4.77600002,2.4400001,
,,,4.78000021,2.3999999,,,,,4.78000021,2.4400001,,,,,4.78000021,2.91999984,,,,,4.78000021,2.4800000,
,,,4.78400040,2.3599999,,,,,4.78400040,2.3999999,,,,,4.78400040,2.5999999,,,,,4.78400040,2.3999999,
,,,4.78800011,2.3599999,,,,,4.78800011,2.4400001,,,,,4.78800011,2.79999995,,,,,4.78800011,2.4400001,
,,,4.79200029,2.3599999,,,,,4.79200029,2.3599999,,,,,4.79200029,2.5999999,,,,,4.79200029,2.5200000,
,,,4.79600000,2.3599999,,,,,4.79600000,2.3999999,,,,,4.79600000,2.91999984,,,,,4.79600000,2.4800000,
,,,4.80000019,2.3999999,,,,,4.80000019,2.3999999,,,,,4.80000019,2.6399999,,,,,4.80000019,2.3599999,
,,,4.80400038,2.3599999,,,,,4.80400038,2.3999999,,,,,4.80400038,2.75999999,,,,,4.80400038,2.3599999,
,,,4.80800009,2.3999999,,,,,4.80800009,2.3599999,,,,,4.80800009,2.91999984,,,,,4.80800009,2.3999999,
,,,4.81200027,2.3599999,,,,,4.81200027,2.3999999,,,,,4.81200027,2.79999995,,,,,4.81200027,2.3599999,
,,,4.81600046,2.3599999,,,,,4.81600046,2.3999999,,,,,4.81600046,2.87999988,,,,,4.81600046,2.3999999,
,,,4.82000017,2.3599999,,,,,4.82000017,2.3599999,,,,,4.82000017,2.72000003,,,,,4.82000017,2.3599999,
,,,4.82400036,2.3599999,,,,,4.82400036,2.3999999,,,,,4.82400036,2.91999984,,,,,4.82400036,2.4400001,
,,,4.82800007,2.3599999,,,,,4.82800007,2.3999999,,,,,4.82800007,2.72000003,,,,,4.82800007,2.3599999,
,,,4.83200026,2.3599999,,,,,4.83200026,2.3999999,,,,,4.83200026,2.6799998,,,,,4.83200026,2.3599999,
,,,4.83600044,2.3599999,,,,,4.83600044,2.3999999,,,,,4.83600044,2.72000003,,,,,4.83600044,2.4400001,
,,,4.84000015,2.3599999,,,,,4.84000015,2.3599999,,,,,4.84000015,2.6399999,,,,,4.84000015,2.3599999,
,,,4.84400034,2.3599999,,,,,4.84400034,2.4400001,,,,,4.84400034,2.6399999,,,,,4.84400034,2.3999999,
,,,4.84800005,2.3599999,,,,,4.84800005,2.3999999,,,,,4.84800005,2.75999999,,,,,4.84800005,2.3999999,
,,,4.85200024,2.3599999,,,,,4.85200024,2.3599999,,,,,4.85200024,2.72000003,,,,,4.85200024,2.3999999,
,,,4.85600042,2.3599999,,,,,4.85600042,2.3999999,,,,,4.85600042,2.6399999,,,,,4.85600042,2.4400001,
,,,4.86000013,2.3999999,,,,,4.86000013,2.3999999,,,,,4.86000013,2.6399999,,,,,4.86000013,2.2000000,
,,,4.86400032,2.3599999,,,,,4.86400032,2.3999999,,,,,4.86400032,2.91999984,,,,,4.86400032,2.3199999,
,,,4.86800003,2.3599999,,,,,4.86800003,2.3999999,,,,,4.86800003,2.79999995,,,,,4.86800003,2.4400001,
,,,4.87200022,2.3599999,,,,,4.87200022,2.4400001,,,,,4.87200022,2.75999999,,,,,4.87200022,2.3599999,
,,,4.87600040,2.3599999,,,,,4.87600040,2.3599999,,,,,4.87600040,2.6799998,,,,,4.87600040,2.3999999,
,,,4.88000011,2.3599999,,,,,4.88000011,2.3999999,,,,,4.88000011,2.6399999,,,,,4.88000011,2.2800000,
,,,4.88400030,2.3599999,,,,,4.88400030,2.4400001,,,,,4.88400030,2.5599999,,,,,4.88400030,2.4800000,
,,,4.88800001,2.3599999,,,,,4.88800001,2.3599999,,,,,4.88800001,2.79999995,,,,,4.88800001,2.3599999,
,,,4.89200020,2.3599999,,,,,4.89200020,2.3999999,,,,,4.89200020,2.79999995,,,,,4.89200020,2.2400000,
,,,4.89600039,2.3599999,,,,,4.89600039,2.3999999,,,,,4.89600039,2.6799998,,,,,4.89600039,2.3599999,
,,,4.90000010,2.3599999,,,,,4.90000010,2.3999999,,,,,4.90000010,2.6799998,,,,,4.90000010,2.3199999,
,,,4.90400028,2.3599999,,,,,4.90400028,2.3999999,,,,,4.90400028,2.83999991,,,,,4.90400028,2.4400001,
,,,4.90800047,2.3599999,,,,,4.90800047,2.3999999,,,,,4.90800047,2.6399999,,,,,4.90800047,2.3599999,
,,,4.91200018,2.3599999,,,,,4.91200018,2.4400001,,,,,4.91200018,2.6799998,,,,,4.91200018,2.3599999,
,,,4.91600037,2.3999999,,,,,4.91600037,2.3999999,,,,,4.91600037,2.6399999,,,,,4.91600037,2.4400001,
,,,4.92000008,2.3599999,,,,,4.92000008,2.3999999,,,,,4.92000008,2.79999995,,,,,4.92000008,2.3999999,
,,,4.92400026,2.3599999,,,,,4.92400026,2.3999999,,,,,4.92400026,2.72000003,,,,,4.92400026,2.4400001,
,,,4.92800045,2.3599999,,,,,4.92800045,2.3999999,,,,,4.92800045,2.79999995,,,,,4.92800045,2.3199999,
,,,4.93200016,2.3599999,,,,,4.93200016,2.3999999,,,,,4.93200016,2.4800000,,,,,4.93200016,2.3999999,
,,,4.93600035,2.3599999,,,,,4.93600035,2.4400001,,,,,4.93600035,2.6799998,,,,,4.93600035,2.4400001,
,,,4.94000006,2.3599999,,,,,4.94000006,2.3999999,,,,,4.94000006,2.6399999,,,,,4.94000006,2.3199999,
,,,4.94400024,2.3599999,,,,,4.94400024,2.4400001,,,,,4.94400024,2.5999999,,,,,4.94400024,2.6399999,
,,,4.94800043,2.3599999,,,,,4.94800043,2.3999999,,,,,4.94800043,2.75999999,,,,,4.94800043,2.5599999,
,,,4.95200014,2.3999999,,,,,4.95200014,2.3999999,,,,,4.95200014,2.6799998,,,,,4.95200014,2.3599999,
,,,4.95600033,2.3599999,,,,,4.95600033,2.4400001,,,,,4.95600033,2.6799998,,,,,4.95600033,2.3599999,
,,,4.96000004,2.3599999,,,,,4.96000004,2.4400001,,,,,4.96000004,2.72000003,,,,,4.96000004,2.3599999,
,,,4.96400023,2.3599999,,,,,4.96400023,2.4400001,,,,,4.96400023,2.6399999,,,,,4.96400023,2.3599999,
,,,4.96800041,2.3599999,,,,,4.96800041,2.3999999,,,,,4.96800041,2.75999999,,,,,4.96800041,2.3199999,
,,,4.97200012,2.3999999,,,,,4.97200012,2.4400001,,,,,4.97200012,2.5599999,,,,,4.97200012,2.5200000,
,,,4.97600031,2.3599999,,,,,4.97600031,2.3999999,,,,,4.97600031,2.3999999,,,,,4.97600031,2.3199999,
,,,4.98000002,2.3599999,,,,,4.98000002,2.4400001,,,,,4.98000002,2.6399999,,,,,4.98000002,2.3999999,
,,,4.98400021,2.3999999,,,,,4.98400021,2.4400001,,,,,4.98400021,2.6399999,,,,,4.98400021,2.4400001,
,,,4.98800039,2.3599999,,,,,4.98800039,2.4400001,,,,,4.98800039,2.75999999,,,,,4.98800039,2.3199999,
,,,4.99200010,2.3599999,,,,,4.99200010,2.4400001,,,,,4.99200010,2.6399999,,,,,4.99200010,2.3999999,
,,,4.99600029,2.3599999,,,,,4.99600029,2.4400001,,,,,4.99600029,2.6799998,,,,,4.99600029,3.00000000,
,,,5.00000000,2.3999999,,,,,5.00000000,2.4400001,,,,,5.00000000,2.72000003,,,,,5.00000000,2.3199999,
,,,5.00400019,2.3599999,,,,,5.00400019,2.4400001,,,,,5.00400019,2.83999991,,,,,5.00400019,2.3599999,
,,,5.00800037,2.3599999,,,,,5.00800037,2.4400001,,,,,5.00800037,2.6399999,,,,,5.00800037,2.3199999,
,,,5.01200008,2.3599999,,,,,5.01200008,2.3999999,,,,,5.01200008,2.75999999,,,,,5.01200008,2.3999999,
,,,5.01600027,2.3599999,,,,,5.01600027,2.3999999,,,,,5.01600027,2.72000003,,,,,5.01600027,2.3199999,
,,,5.02000046,2.3999999,,,,,5.02000046,2.3999999,,,,,5.02000046,2.6799998,,,,,5.02000046,2.3599999,
,,,5.02400017,2.3599999,,,,,5.02400017,2.4400001,,,,,5.02400017,2.6399999,,,,,5.02400017,2.3199999,
,,,5.02800035,2.3599999,,,,,5.02800035,2.4400001,,,,,5.02800035,2.5999999,,,,,5.02800035,2.3999999,
,,,5.03200006,2.3599999,,,,,5.03200006,2.4400001,,,,,5.03200006,2.6399999,,,,,5.03200006,2.3999999,
,,,5.03600025,2.3599999,,,,,5.03600025,2.4400001,,,,,5.03600025,2.83999991,,,,,5.03600025,2.3599999,
,,,5.04000044,2.3999999,,,,,5.04000044,2.4400001,,,,,5.04000044,2.75999999,,,,,5.04000044,2.3599999,
,,,5.04400015,2.3599999,,,,,5.04400015,2.4400001,,,,,5.04400015,2.83999991,,,,,5.04400015,2.4400001,
,,,5.04800034,2.3599999,,,,,5.04800034,2.4400001,,,,,5.04800034,2.6799998,,,,,5.04800034,2.4400001,
,,,5.05200005,2.3599999,,,,,5.05200005,2.4400001,,,,,5.05200005,2.75999999,,,,,5.05200005,2.4400001,
,,,5.05600023,2.3599999,,,,,5.05600023,2.3999999,,,,,5.05600023,2.6399999,,,,,5.05600023,2.3999999,
,,,5.06000042,2.3999999,,,,,5.06000042,2.4400001,,,,,5.06000042,2.75999999,,,,,5.06000042,2.4400001,
,,,5.06400013,2.3599999,,,,,5.06400013,2.3999999,,,,,5.06400013,2.72000003,,,,,5.06400013,2.3999999,
,,,5.06800032,2.3599999,,,,,5.06800032,2.4400001,,,,,5.06800032,2.79999995,,,,,5.06800032,2.2800000,
,,,5.07200003,2.3599999,,,,,5.07200003,2.4400001,,,,,5.07200003,2.6799998,,,,,5.07200003,2.3599999,
,,,5.07600021,2.3599999,,,,,5.07600021,2.4400001,,,,,5.07600021,2.75999999,,,,,5.07600021,2.2800000,
,,,5.08000040,2.3999999,,,,,5.08000040,2.4400001,,,,,5.08000040,2.72000003,,,,,5.08000040,2.3199999,
,,,5.08400011,2.3999999,,,,,5.08400011,2.4400001,,,,,5.08400011,2.5599999,,,,,5.08400011,2.4400001,
,,,5.08800030,2.3599999,,,,,5.08800030,2.4400001,,,,,5.08800030,2.72000003,,,,,5.08800030,2.3599999,
,,,5.09200001,2.3999999,,,,,5.09200001,2.3999999,,,,,5.09200001,2.75999999,,,,,5.09200001,2.3999999,
,,,5.09600019,2.3599999,,,,,5.09600019,2.3999999,,,,,5.09600019,2.79999995,,,,,5.09600019,2.3999999,
,,,5.10000038,2.3599999,,,,,5.10000038,2.4400001,,,,,5.10000038,2.79999995,,,,,5.10000038,2.3599999,
,,,5.10400009,2.3999999,,,,,5.10400009,2.4400001,,,,,5.10400009,2.6399999,,,,,5.10400009,2.4800000,
,,,5.10800028,2.3599999,,,,,5.10800028,2.3999999,,,,,5.10800028,2.75999999,,,,,5.10800028,2.5200000,
,,,5.11200047,2.3599999,,,,,5.11200047,2.4400001,,,,,5.11200047,2.6399999,,,,,5.11200047,2.4800000,
,,,5.11600018,2.3599999,,,,,5.11600018,2.3999999,,,,,5.11600018,2.75999999,,,,,5.11600018,2.4800000,
,,,5.12000036,2.3599999,,,,,5.12000036,2.4400001,,,,,5.12000036,2.72000003,,,,,5.12000036,2.4400001,
,,,5.12400007,2.3599999,,,,,5.12400007,2.3999999,,,,,5.12400007,2.6399999,,,,,5.12400007,2.4400001,
,,,5.12800026,2.3999999,,,,,5.12800026,2.4400001,,,,,5.12800026,2.79999995,,,,,5.12800026,2.5200000,
,,,5.13200045,2.3999999,,,,,5.13200045,2.3999999,,,,,5.13200045,2.75999999,,,,,5.13200045,2.3599999,
,,,5.13600016,2.3999999,,,,,5.13600016,2.3999999,,,,,5.13600016,2.79999995,,,,,5.13600016,2.3599999,
,,,5.14000034,2.3599999,,,,,5.14000034,2.3599999,,,,,5.14000034,2.6799998,,,,,5.14000034,2.3999999,
,,,5.14400005,2.3599999,,,,,5.14400005,2.3999999,,,,,5.14400005,2.79999995,,,,,5.14400005,2.4400001,
,,,5.14800024,2.3599999,,,,,5.14800024,2.3999999,,,,,5.14800024,2.75999999,,,,,5.14800024,2.5200000,
,,,5.15200043,2.3599999,,,,,5.15200043,2.3999999,,,,,5.15200043,2.75999999,,,,,5.15200043,2.4400001,
,,,5.15600014,2.3599999,,,,,5.15600014,2.3999999,,,,,5.15600014,2.72000003,,,,,5.15600014,2.4800000,
,,,5.16000032,2.3599999,,,,,5.16000032,2.3999999,,,,,5.16000032,2.75999999,,,,,5.16000032,2.3599999,
,,,5.16400003,2.3599999,,,,,5.16400003,2.4400001,,,,,5.16400003,2.6799998,,,,,5.16400003,2.5200000,
,,,5.16800022,2.3599999,,,,,5.16800022,2.4400001,,,,,5.16800022,2.72000003,,,,,5.16800022,2.5200000,
,,,5.17200041,2.3599999,,,,,5.17200041,2.4400001,,,,,5.17200041,2.72000003,,,,,5.17200041,2.4400001,
,,,5.17600012,2.3599999,,,,,5.17600012,2.4400001,,,,,5.17600012,2.72000003,,,,,5.17600012,2.4400001,
,,,5.18000031,2.3999999,,,,,5.18000031,2.4400001,,,,,5.18000031,2.72000003,,,,,5.18000031,2.3999999,
,,,5.18400002,2.3599999,,,,,5.18400002,2.4400001,,,,,5.18400002,2.72000003,,,,,5.18400002,2.4400001,
,,,5.18800020,2.3599999,,,,,5.18800020,2.3999999,,,,,5.18800020,2.6799998,,,,,5.18800020,2.5200000,
,,,5.19200039,2.3599999,,,,,5.19200039,2.4400001,,,,,5.19200039,2.6799998,,,,,5.19200039,2.4800000,
,,,5.19600010,2.3599999,,,,,5.19600010,2.4400001,,,,,5.19600010,2.79999995,,,,,5.19600010,2.4800000,
,,,5.20000029,2.3599999,,,,,5.20000029,2.3999999,,,,,5.20000029,2.75999999,,,,,5.20000029,2.4400001,
,,,5.20400047,2.3599999,,,,,5.20400047,2.3999999,,,,,5.20400047,2.5999999,,,,,5.20400047,2.3999999,
,,,5.20800018,2.3599999,,,,,5.20800018,2.4400001,,,,,5.20800018,2.79999995,,,,,5.20800018,2.4400001,
,,,5.21200037,2.3599999,,,,,5.21200037,2.3999999,,,,,5.21200037,2.6799998,,,,,5.21200037,2.4400001,
,,,5.21600008,2.3599999,,,,,5.21600008,2.4400001,,,,,5.21600008,2.6399999,,,,,5.21600008,2.4800000,
,,,5.22000027,2.3599999,,,,,5.22000027,2.3999999,,,,,5.22000027,2.79999995,,,,,5.22000027,2.3599999,
,,,5.22400045,2.3599999,,,,,5.22400045,2.3999999,,,,,5.22400045,2.6799998,,,,,5.22400045,2.4800000,
,,,5.22800016,2.3599999,,,,,5.22800016,2.3999999,,,,,5.22800016,2.75999999,,,,,5.22800016,2.4400001,
,,,5.23200035,2.3999999,,,,,5.23200035,2.4400001,,,,,5.23200035,2.72000003,,,,,5.23200035,2.4400001,
,,,5.23600006,2.3599999,,,,,5.23600006,2.3999999,,,,,5.23600006,2.6399999,,,,,5.23600006,2.5200000,
,,,5.24000025,2.3599999,,,,,5.24000025,2.4400001,,,,,5.24000025,2.6399999,,,,,5.24000025,2.3599999,
,,,5.24400043,2.3599999,,,,,5.24400043,2.4400001,,,,,5.24400043,2.75999999,,,,,5.24400043,2.3599999,
,,,5.24800014,2.3999999,,,,,5.24800014,2.3999999,,,,,5.24800014,2.5999999,,,,,5.24800014,2.4400001,
,,,5.25200033,2.3999999,,,,,5.25200033,2.4400001,,,,,5.25200033,2.6399999,,,,,5.25200033,2.3999999,
,,,5.25600004,2.3599999,,,,,5.25600004,2.4400001,,,,,5.25600004,2.6799998,,,,,5.25600004,2.4800000,
,,,5.26000023,2.3599999,,,,,5.26000023,2.4400001,,,,,5.26000023,2.6399999,,,,,5.26000023,2.4400001,
,,,5.26400042,2.3599999,,,,,5.26400042,2.3999999,,,,,5.26400042,2.6399999,,,,,5.26400042,2.3999999,
,,,5.26800013,2.3599999,,,,,5.26800013,2.3999999,,,,,5.26800013,2.79999995,,,,,5.26800013,2.3599999,
,,,5.27200031,2.3599999,,,,,5.27200031,2.3999999,,,,,5.27200031,2.72000003,,,,,5.27200031,2.4400001,
,,,5.27600002,2.3599999,,,,,5.27600002,2.4400001,,,,,5.27600002,2.6399999,,,,,5.27600002,2.3599999,
,,,5.28000021,2.3599999,,,,,5.28000021,2.4400001,,,,,5.28000021,2.72000003,,,,,5.28000021,2.3599999,
,,,5.28400040,2.3599999,,,,,5.28400040,2.4400001,,,,,5.28400040,2.72000003,,,,,5.28400040,2.4800000,
,,,5.28800011,2.3599999,,,,,5.28800011,2.4400001,,,,,5.28800011,2.6799998,,,,,5.28800011,2.4800000,
,,,5.29200029,2.3599999,,,,,5.29200029,2.3999999,,,,,5.29200029,2.72000003,,,,,5.29200029,2.5599999,
,,,5.29600048,2.3599999,,,,,5.29600048,2.3999999,,,,,5.29600048,2.6399999,,,,,5.29600048,2.3999999,
,,,5.30000019,2.3599999,,,,,5.30000019,2.3999999,,,,,5.30000019,2.79999995,,,,,5.30000019,2.5200000,
,,,5.30400038,2.3599999,,,,,5.30400038,2.4400001,,,,,5.30400038,2.6399999,,,,,5.30400038,2.4800000,
,,,5.30800009,2.3599999,,,,,5.30800009,2.4400001,,,,,5.30800009,2.6399999,,,,,5.30800009,2.4400001,
,,,5.31200027,2.3599999,,,,,5.31200027,2.3999999,,,,,5.31200027,2.72000003,,,,,5.31200027,2.4800000,
,,,5.31600046,2.3599999,,,,,5.31600046,2.4400001,,,,,5.31600046,2.6399999,,,,,5.31600046,2.4400001,
,,,5.32000017,2.3599999,,,,,5.32000017,2.3999999,,,,,5.32000017,2.72000003,,,,,5.32000017,2.3999999,
,,,5.32400036,2.6399999,,,,,5.32400036,2.2400000,,,,,5.32400036,2.72000003,,,,,5.32400036,2.3999999,
,,,5.32800007,2.3599999,,,,,5.32800007,2.3999999,,,,,5.32800007,2.6799998,,,,,5.32800007,2.4800000,
,,,5.33200026,2.3999999,,,,,5.33200026,2.3999999,,,,,5.33200026,4.79999971,,,,,5.33200026,0.0,
,,,5.33600044,2.3599999,,,,,5.33600044,2.3999999,,,,,5.33600044,2.6799998,,,,,5.33600044,1.3199999,
,,,5.34000015,2.3599999,,,,,5.34000015,2.4400001,,,,,5.34000015,2.72000003,,,,,5.34000015,2.6799998,
,,,5.34400034,2.3599999,,,,,5.34400034,2.3999999,,,,,5.34400034,2.75999999,,,,,5.34400034,2.6799998,
,,,5.34800005,2.3599999,,,,,5.34800005,2.4400001,,,,,5.34800005,2.6399999,,,,,5.34800005,2.72000003,
,,,5.35200024,2.3599999,,,,,5.35200024,2.3999999,,,,,5.35200024,2.79999995,,,,,5.35200024,2.6399999,
,,,5.35600042,2.3599999,,,,,5.35600042,2.4400001,,,,,5.35600042,2.5599999,,,,,5.35600042,2.5599999,
,,,5.36000013,2.3599999,,,,,5.36000013,2.3999999,,,,,5.36000013,2.5599999,,,,,5.36000013,2.6799998,
,,,5.36400032,2.3599999,,,,,5.36400032,2.4400001,,,,,5.36400032,2.6399999,,,,,5.36400032,2.6799998,
,,,5.36800003,2.3599999,,,,,5.36800003,2.4400001,,,,,5.36800003,2.79999995,,,,,5.36800003,2.79999995,
,,,5.37200022,2.3999999,,,,,5.37200022,2.3599999,,,,,5.37200022,2.75999999,,,,,5.37200022,2.6799998,
,,,5.37600040,2.3599999,,,,,5.37600040,2.4400001,,,,,5.37600040,2.6799998,,,,,5.37600040,2.5599999,
,,,5.38000011,2.3599999,,,,,5.38000011,2.3999999,,,,,5.38000011,2.5999999,,,,,5.38000011,2.5999999,
,,,5.38400030,2.3599999,,,,,5.38400030,2.3999999,,,,,5.38400030,2.5999999,,,,,5.38400030,2.6799998,
,,,5.38800049,2.3599999,,,,,5.38800049,2.3999999,,,,,5.38800049,2.72000003,,,,,5.38800049,2.6799998,
,,,5.39200020,2.3599999,,,,,5.39200020,2.3999999,,,,,5.39200020,2.5999999,,,,,5.39200020,2.72000003,
,,,5.39600039,2.3999999,,,,,5.39600039,2.3999999,,,,,5.39600039,2.6399999,,,,,5.39600039,2.5599999,
,,,5.40000010,2.3599999,,,,,5.40000010,2.4400001,,,,,5.40000010,2.5999999,,,,,5.40000010,2.5200000,
,,,5.40400028,2.3599999,,,,,5.40400028,2.4400001,,,,,5.40400028,2.6399999,,,,,5.40400028,2.5599999,
,,,5.40800047,2.3599999,,,,,5.40800047,2.3999999,,,,,5.40800047,2.79999995,,,,,5.40800047,2.6399999,
,,,5.41200018,2.3599999,,,,,5.41200018,2.3999999,,,,,5.41200018,2.5999999,,,,,5.41200018,2.5200000,
,,,5.41600037,2.3599999,,,,,5.41600037,2.3999999,,,,,5.41600037,2.5599999,,,,,5.41600037,2.5999999,
,,,5.42000008,2.3599999,,,,,5.42000008,2.3999999,,,,,5.42000008,2.6399999,,,,,5.42000008,2.4800000,
,,,5.42400026,2.3599999,,,,,5.42400026,2.3999999,,,,,5.42400026,2.79999995,,,,,5.42400026,2.5200000,
,,,5.42800045,2.3599999,,,,,5.42800045,2.3999999,,,,,5.42800045,2.6399999,,,,,5.42800045,2.5599999,
,,,5.43200016,2.3599999,,,,,5.43200016,2.3999999,,,,,5.43200016,2.72000003,,,,,5.43200016,2.4800000,
,,,5.43600035,2.3599999,,,,,5.43600035,2.4400001,,,,,5.43600035,2.6399999,,,,,5.43600035,2.5200000,
,,,5.44000006,2.3599999,,,,,5.44000006,2.4400001,,,,,5.44000006,2.6399999,,,,,5.44000006,2.5200000,
,,,5.44400024,2.3599999,,,,,5.44400024,2.3999999,,,,,5.44400024,2.75999999,,,,,5.44400024,2.5599999,
,,,5.44800043,2.3599999,,,,,5.44800043,2.3999999,,,,,5.44800043,2.75999999,,,,,5.44800043,2.5599999,
,,,5.45200014,2.3599999,,,,,5.45200014,2.3999999,,,,,5.45200014,2.6399999,,,,,5.45200014,2.4800000,
,,,5.45600033,2.3599999,,,,,5.45600033,2.3999999,,,,,5.45600033,2.6799998,,,,,5.45600033,2.4800000,
,,,5.46000004,2.3599999,,,,,5.46000004,2.3999999,,,,,5.46000004,2.5999999,,,,,5.46000004,2.5200000,
,,,5.46400023,2.3599999,,,,,5.46400023,2.4400001,,,,,5.46400023,2.6399999,,,,,5.46400023,2.5200000,
,,,5.46800041,2.3999999,,,,,5.46800041,2.3999999,,,,,5.46800041,2.5200000,,,,,5.46800041,2.4800000,
,,,5.47200012,2.3599999,,,,,5.47200012,2.4400001,,,,,5.47200012,2.79999995,,,,,5.47200012,2.4800000,
,,,5.47600031,2.3599999,,,,,5.47600031,2.3999999,,,,,5.47600031,2.5599999,,,,,5.47600031,2.5200000,
,,,5.48000050,2.3599999,,,,,5.48000050,2.3999999,,,,,5.48000050,2.4800000,,,,,5.48000050,2.3599999,
,,,5.48400021,2.3599999,,,,,5.48400021,2.3999999,,,,,5.48400021,2.6399999,,,,,5.48400021,2.5599999,
,,,5.48800039,2.3599999,,,,,5.48800039,2.3999999,,,,,5.48800039,2.5999999,,,,,5.48800039,2.5200000,
,,,5.49200010,2.3599999,,,,,5.49200010,2.4400001,,,,,5.49200010,2.5999999,,,,,5.49200010,2.5599999,
,,,5.49600029,2.3599999,,,,,5.49600029,2.4400001,,,,,5.49600029,2.5599999,,,,,5.49600029,3.19999981,
,,,5.50000048,2.3599999,,,,,5.50000048,2.4400001,,,,,5.50000048,2.72000003,,,,,5.50000048,2.4400001,
,,,5.50400019,2.3599999,,,,,5.50400019,2.4400001,,,,,5.50400019,2.5599999,,,,,5.50400019,2.5200000,
,,,5.50800037,2.3599999,,,,,5.50800037,2.3999999,,,,,5.50800037,2.75999999,,,,,5.50800037,2.4400001,
,,,5.51200008,2.3599999,,,,,5.51200008,2.3999999,,,,,5.51200008,2.6399999,,,,,5.51200008,2.4800000,
,,,5.51600027,2.3599999,,,,,5.51600027,2.4400001,,,,,5.51600027,2.4800000,,,,,5.51600027,2.5200000,
,,,5.52000046,2.3599999,,,,,5.52000046,2.3999999,,,,,5.52000046,2.6799998,,,,,5.52000046,2.3999999,
,,,5.52400017,2.3599999,,,,,5.52400017,2.3999999,,,,,5.52400017,2.5599999,,,,,5.52400017,2.4800000,
,,,5.52800035,2.3599999,,,,,5.52800035,2.3999999,,,,,5.52800035,2.5999999,,,,,5.52800035,2.4800000,
,,,5.53200006,2.3599999,,,,,5.53200006,2.4400001,,,,,5.53200006,2.4800000,,,,,5.53200006,2.5599999,
,,,5.53600025,2.3599999,,,,,5.53600025,2.4400001,,,,,5.53600025,2.5999999,,,,,5.53600025,2.5200000,
,,,5.54000044,2.3599999,,,,,5.54000044,2.4400001,,,,,5.54000044,2.6399999,,,,,5.54000044,2.4400001,
,,,5.54400015,2.3599999,,,,,5.54400015,2.3999999,,,,,5.54400015,2.6799998,,,,,5.54400015,2.5200000,
,,,5.54800034,2.3599999,,,,,5.54800034,2.4400001,,,,,5.54800034,2.5999999,,,,,5.54800034,2.4400001,
,,,5.55200005,2.3599999,,,,,5.55200005,2.4400001,,,,,5.55200005,2.6399999,,,,,5.55200005,2.5599999,
,,,5.55600023,2.3599999,,,,,5.55600023,2.4400001,,,,,5.55600023,2.6399999,,,,,5.55600023,2.5599999,
,,,5.56000042,2.3599999,,,,,5.56000042,2.4400001,,,,,5.56000042,2.5599999,,,,,5.56000042,2.3599999,
,,,5.56400013,2.3599999,,,,,5.56400013,2.4400001,,,,,5.56400013,2.5599999,,,,,5.56400013,2.6399999,
,,,5.56800032,2.3999999,,,,,5.56800032,2.4400001,,,,,5.56800032,2.6799998,,,,,5.56800032,2.5200000,
,,,5.57200003,2.3599999,,,,,5.57200003,2.3999999,,,,,5.57200003,2.5599999,,,,,5.57200003,2.4800000,
,,,5.57600021,2.3599999,,,,,5.57600021,2.4400001,,,,,5.57600021,2.6399999,,,,,5.57600021,2.4800000,
,,,5.58000040,2.3599999,,,,,5.58000040,2.4400001,,,,,5.58000040,2.72000003,,,,,5.58000040,2.4800000,
,,,5.58400011,2.3599999,,,,,5.58400011,2.4400001,,,,,5.58400011,2.5599999,,,,,5.58400011,2.5599999,
,,,5.58800030,2.3999999,,,,,5.58800030,2.4400001,,,,,5.58800030,2.6399999,,,,,5.58800030,2.5200000,
,,,5.59200048,2.3999999,,,,,5.59200048,2.4400001,,,,,5.59200048,2.6799998,,,,,5.59200048,2.5200000,
,,,5.59600019,2.3599999,,,,,5.59600019,2.3999999,,,,,5.59600019,2.6399999,,,,,5.59600019,2.4800000,
,,,5.60000038,2.3599999,,,,,5.60000038,2.3999999,,,,,5.60000038,2.6399999,,,,,5.60000038,2.3999999,
,,,5.60400009,2.3599999,,,,,5.60400009,2.3999999,,,,,5.60400009,2.6399999,,,,,5.60400009,2.4400001,
,,,5.60800028,2.3599999,,,,,5.60800028,2.3999999,,,,,5.60800028,2.6799998,,,,,5.60800028,2.4800000,
,,,5.61200047,2.3599999,,,,,5.61200047,2.4400001,,,,,5.61200047,2.6399999,,,,,5.61200047,2.5200000,
,,,5.61600018,2.3599999,,,,,5.61600018,2.3999999,,,,,5.61600018,2.79999995,,,,,5.61600018,2.3599999,
,,,5.62000036,2.3599999,,,,,5.62000036,2.3999999,,,,,5.62000036,2.6799998,,,,,5.62000036,2.3999999,
,,,5.62400007,2.3599999,,,,,5.62400007,2.3999999,,,,,5.62400007,2.6399999,,,,,5.62400007,2.4400001,
,,,5.62800026,2.3599999,,,,,5.62800026,2.3999999,,,,,5.62800026,2.6399999,,,,,5.62800026,2.6399999,
,,,5.63200045,2.3599999,,,,,5.63200045,2.4400001,,,,,5.63200045,2.72000003,,,,,5.63200045,2.5599999,
,,,5.63600016,2.3599999,,,,,5.63600016,2.3999999,,,,,5.63600016,2.5999999,,,,,5.63600016,2.4400001,
,,,5.64000034,2.3599999,,,,,5.64000034,2.3999999,,,,,5.64000034,2.79999995,,,,,5.64000034,2.4400001,
,,,5.64400005,2.3599999,,,,,5.64400005,2.3999999,,,,,5.64400005,2.6399999,,,,,5.64400005,2.4400001,
,,,5.64800024,2.3599999,,,,,5.64800024,2.4400001,,,,,5.64800024,2.6799998,,,,,5.64800024,2.4800000,
,,,5.65200043,2.3599999,,,,,5.65200043,2.3599999,,,,,5.65200043,2.6799998,,,,,5.65200043,2.4400001,
,,,5.65600014,2.3599999,,,,,5.65600014,2.4400001,,,,,5.65600014,2.6799998,,,,,5.65600014,2.3999999,
,,,5.66000032,2.3599999,,,,,5.66000032,2.3999999,,,,,5.66000032,2.6399999,,,,,5.66000032,2.4400001,
,,,5.66400003,2.3599999,,,,,5.66400003,2.4400001,,,,,5.66400003,2.72000003,,,,,5.66400003,2.3199999,
,,,5.66800022,2.3599999,,,,,5.66800022,2.3999999,,,,,5.66800022,2.87999988,,,,,5.66800022,2.3999999,
,,,5.67200041,2.3599999,,,,,5.67200041,2.3999999,,,,,5.67200041,2.87999988,,,,,5.67200041,2.4800000,
,,,5.67600012,2.3599999,,,,,5.67600012,2.4400001,,,,,5.67600012,2.5999999,,,,,5.67600012,2.4400001,
,,,5.68000031,2.3599999,,,,,5.68000031,2.3999999,,,,,5.68000031,2.72000003,,,,,5.68000031,2.3999999,
,,,5.68400049,2.3599999,,,,,5.68400049,2.3999999,,,,,5.68400049,2.83999991,,,,,5.68400049,2.4400001,
,,,5.68800020,2.3599999,,,,,5.68800020,2.3999999,,,,,5.68800020,2.79999995,,,,,5.68800020,2.4800000,
,,,5.69200039,2.3599999,,,,,5.69200039,2.3999999,,,,,5.69200039,2.6399999,,,,,5.69200039,2.3999999,
,,,5.69600010,2.3599999,,,,,5.69600010,2.3999999,,,,,5.69600010,2.75999999,,,,,5.69600010,2.4400001,
,,,5.70000029,2.3599999,,,,,5.70000029,2.3999999,,,,,5.70000029,2.6399999,,,,,5.70000029,2.4800000,
,,,5.70400047,2.3599999,,,,,5.70400047,2.4800000,,,,,5.70400047,2.6799998,,,,,5.70400047,2.3599999,
,,,5.70800018,2.3599999,,,,,5.70800018,2.3999999,,,,,5.70800018,2.75999999,,,,,5.70800018,2.3999999,
,,,5.71200037,2.3599999,,,,,5.71200037,2.4400001,,,,,5.71200037,2.72000003,,,,,5.71200037,2.5999999,
,,,5.71600008,2.3599999,,,,,5.71600008,2.4400001,,,,,5.71600008,2.72000003,,,,,5.71600008,2.4800000,
,,,5.72000027,2.3599999,,,,,5.72000027,2.4400001,,,,,5.72000027,2.87999988,,,,,5.72000027,2.4800000,
,,,5.72400045,2.3599999,,,,,5.72400045,2.3999999,,,,,5.72400045,2.6399999,,,,,5.72400045,2.4400001,
,,,5.72800016,2.3599999,,,,,5.72800016,2.3999999,,,,,5.72800016,2.6399999,,,,,5.72800016,2.5200000,
,,,5.73200035,2.3599999,,,,,5.73200035,2.4400001,,,,,5.73200035,2.72000003,,,,,5.73200035,2.4400001,
,,,5.73600006,2.3599999,,,,,5.73600006,2.3999999,,,,,5.73600006,2.72000003,,,,,5.73600006,2.4400001,
,,,5.74000025,2.3599999,,,,,5.74000025,2.3999999,,,,,5.74000025,2.72000003,,,,,5.74000025,2.5599999,
,,,5.74400043,2.3599999,,,,,5.74400043,2.4400001,,,,,5.74400043,2.5999999,,,,,5.74400043,2.3999999,
,,,5.74800014,2.3599999,,,,,5.74800014,2.3999999,,,,,5.74800014,2.75999999,,,,,5.74800014,2.5599999,
,,,5.75200033,2.3599999,,,,,5.75200033,2.4400001,,,,,5.75200033,2.72000003,,,,,5.75200033,2.3999999,
,,,5.75600004,2.3999999,,,,,5.75600004,2.4400001,,,,,5.75600004,2.75999999,,,,,5.75600004,2.5200000,
,,,5.76000023,2.3599999,,,,,5.76000023,2.4400001,,,,,5.76000023,2.5999999,,,,,5.76000023,2.4400001,
,,,5.76400042,2.3599999,,,,,5.76400042,2.3999999,,,,,5.76400042,2.79999995,,,,,5.76400042,2.5200000,
,,,5.76800013,2.3999999,,,,,5.76800013,2.3999999,,,,,5.76800013,2.72000003,,,,,5.76800013,2.4400001,
,,,5.77200031,2.3599999,,,,,5.77200031,2.4400001,,,,,5.77200031,2.91999984,,,,,5.77200031,2.4800000,
,,,5.77600050,2.3599999,,,,,5.77600050,2.3999999,,,,,5.77600050,2.6799998,,,,,5.77600050,2.4400001,
,,,5.78000021,2.3599999,,,,,5.78000021,2.4400001,,,,,5.78000021,2.6399999,,,,,5.78000021,2.4400001,
,,,5.78400040,2.3599999,,,,,5.78400040,2.4400001,,,,,5.78400040,2.6399999,,,,,5.78400040,2.3999999,
,,,5.78800011,2.3599999,,,,,5.78800011,2.3999999,,,,,5.78800011,2.5999999,,,,,5.78800011,2.4800000,
,,,5.79200029,2.3599999,,,,,5.79200029,2.3999999,,,,,5.79200029,2.6399999,,,,,5.79200029,2.3999999,
,,,5.79600048,2.3599999,,,,,5.79600048,2.4400001,,,,,5.79600048,2.6799998,,,,,5.79600048,2.3999999,
,,,5.80000019,2.3599999,,,,,5.80000019,2.4400001,,,,,5.80000019,2.83999991,,,,,5.80000019,2.3199999,
,,,5.80400038,2.3599999,,,,,5.80400038,2.3999999,,,,,5.80400038,2.83999991,,,,,5.80400038,2.3199999,
,,,5.80800009,2.3599999,,,,,5.80800009,2.4400001,,,,,5.80800009,2.5999999,,,,,5.80800009,2.4400001,
,,,5.81200027,2.3599999,,,,,5.81200027,2.4400001,,,,,5.81200027,2.5200000,,,,,5.81200027,2.3599999,
,,,5.81600046,2.3599999,,,,,5.81600046,2.4400001,,,,,5.81600046,2.79999995,,,,,5.81600046,2.3999999,
,,,5.82000017,2.3599999,,,,,5.82000017,2.4400001,,,,,5.82000017,2.79999995,,,,,5.82000017,2.4400001,
,,,5.82400036,2.3599999,,,,,5.82400036,2.3999999,,,,,5.82400036,2.5999999,,,,,5.82400036,2.3999999,
,,,5.82800007,2.3599999,,,,,5.82800007,2.3999999,,,,,5.82800007,2.6799998,,,,,5.82800007,2.3999999,
,,,5.83200026,2.3599999,,,,,5.83200026,2.3999999,,,,,5.83200026,2.75999999,,,,,5.83200026,2.4400001,
,,,5.83600044,2.3599999,,,,,5.83600044,2.3999999,,,,,5.83600044,2.79999995,,,,,5.83600044,2.4400001,
,,,5.84000015,2.3599999,,,,,5.84000015,2.3999999,,,,,5.84000015,2.72000003,,,,,5.84000015,2.4400001,
,,,5.84400034,2.3999999,,,,,5.84400034,2.4400001,,,,,5.84400034,2.79999995,,,,,5.84400034,2.72000003,
,,,5.84800005,2.3599999,,,,,5.84800005,2.3999999,,,,,5.84800005,3.03999996,,,,,5.84800005,2.3999999,
,,,5.85200024,2.3599999,,,,,5.85200024,2.4400001,,,,,5.85200024,2.6799998,,,,,5.85200024,2.2800000,
,,,5.85600042,2.3599999,,,,,5.85600042,2.4400001,,,,,5.85600042,2.5999999,,,,,5.85600042,2.3599999,
,,,5.86000013,2.3599999,,,,,5.86000013,2.3999999,,,,,5.86000013,2.75999999,,,,,5.86000013,2.2400000,
,,,5.86400032,2.3599999,,,,,5.86400032,2.3999999,,,,,5.86400032,2.6399999,,,,,5.86400032,2.6399999,
,,,5.86800051,2.3599999,,,,,5.86800051,2.3999999,,,,,5.86800051,2.75999999,,,,,5.86800051,2.3199999,
,,,5.87200022,2.3599999,,,,,5.87200022,2.3999999,,,,,5.87200022,2.91999984,,,,,5.87200022,2.3199999,
,,,5.87600040,2.3599999,,,,,5.87600040,2.3999999,,,,,5.87600040,2.6399999,,,,,5.87600040,2.3599999,
,,,5.88000011,2.3599999,,,,,5.88000011,2.3999999,,,,,5.88000011,2.83999991,,,,,5.88000011,2.3199999,
,,,5.88400030,2.3599999,,,,,5.88400030,2.4400001,,,,,5.88400030,2.75999999,,,,,5.88400030,2.6799998,
,,,5.88800049,2.3599999,,,,,5.88800049,2.3999999,,,,,5.88800049,2.72000003,,,,,5.88800049,2.4800000,
,,,5.89200020,2.3599999,,,,,5.89200020,2.3999999,,,,,5.89200020,2.79999995,,,,,5.89200020,2.3999999,
,,,5.89600039,2.3599999,,,,,5.89600039,2.4400001,,,,,5.89600039,2.75999999,,,,,5.89600039,2.3199999,
,,,5.90000010,2.3599999,,,,,5.90000010,2.3999999,,,,,5.90000010,2.72000003,,,,,5.90000010,2.2400000,
,,,5.90400028,2.3599999,,,,,5.90400028,2.3999999,,,,,5.90400028,2.72000003,,,,,5.90400028,2.4800000,
,,,5.90800047,2.3599999,,,,,5.90800047,2.3999999,,,,,5.90800047,2.6799998,,,,,5.90800047,2.3199999,
,,,5.91200018,2.3999999,,,,,5.91200018,2.3999999,,,,,5.91200018,2.79999995,,,,,5.91200018,2.4400001,
,,,5.91600037,2.3599999,,,,,5.91600037,2.4400001,,,,,5.91600037,2.75999999,,,,,5.91600037,2.3199999,
,,,5.92000008,2.3999999,,,,,5.92000008,2.3999999,,,,,5.92000008,2.75999999,,,,,5.92000008,2.3199999,
,,,5.92400026,2.3599999,,,,,5.92400026,2.3199999,,,,,5.92400026,2.75999999,,,,,5.92400026,2.4400001,
,,,5.92800045,2.3599999,,,,,5.92800045,2.4400001,,,,,5.92800045,2.79999995,,,,,5.92800045,2.3999999,
,,,5.93200016,2.3599999,,,,,5.93200016,2.4400001,,,,,5.93200016,2.72000003,,,,,5.93200016,2.3599999,
,,,5.93600035,2.3599999,,,,,5.93600035,2.3999999,,,,,5.93600035,2.72000003,,,,,5.93600035,2.3599999,
,,,5.94000006,2.3999999,,,,,5.94000006,2.4400001,,,,,5.94000006,2.72000003,,,,,5.94000006,2.2800000,
,,,5.94400024,2.3599999,,,,,5.94400024,2.3999999,,,,,5.94400024,2.6399999,,,,,5.94400024,2.2800000,
,,,5.94800043,2.3599999,,,,,5.94800043,2.4400001,,,,,5.94800043,2.87999988,,,,,5.94800043,2.3599999,
,,,5.95200014,2.3599999,,,,,5.95200014,2.4400001,,,,,5.95200014,2.5999999,,,,,5.95200014,2.3999999,
,,,5.95600033,2.3599999,,,,,5.95600033,2.4400001,,,,,5.95600033,2.6399999,,,,,5.95600033,2.3199999,
,,,5.96000051,2.3599999,,,,,5.96000051,2.4400001,,,,,5.96000051,2.6799998,,,,,5.96000051,2.3599999,
,,,5.96400023,2.3599999,,,,,5.96400023,2.4400001,,,,,5.96400023,2.72000003,,,,,5.96400023,2.4400001,
,,,5.96800041,2.3999999,,,,,5.96800041,2.4400001,,,,,5.96800041,2.72000003,,,,,5.96800041,2.3999999,
,,,5.97200012,2.3599999,,,,,5.97200012,2.4400001,,,,,5.97200012,2.6399999,,,,,5.97200012,2.3199999,
,,,5.97600031,2.3599999,,,,,5.97600031,2.3999999,,,,,5.97600031,2.6399999,,,,,5.97600031,2.3599999,
,,,5.98000050,2.3599999,,,,,5.98000050,2.4400001,,,,,5.98000050,2.79999995,,,,,5.98000050,2.3999999,
,,,5.98400021,2.3599999,,,,,5.98400021,2.3999999,,,,,5.98400021,2.87999988,,,,,5.98400021,2.3199999,
,,,5.98800039,2.3599999,,,,,5.98800039,2.4400001,,,,,5.98800039,2.75999999,,,,,5.98800039,2.4400001,
,,,5.99200010,2.3599999,,,,,5.99200010,2.4400001,,,,,5.99200010,2.5999999,,,,,5.99200010,2.3999999,
,,,5.99600029,2.3599999,,,,,5.99600029,2.4400001,,,,,5.99600029,2.72000003,,,,,5.99600029,3.03999996,
,,,6.00000048,2.3599999,,,,,6.00000048,2.3999999,,,,,6.00000048,2.6399999,,,,,6.00000048,2.3599999,
,,,6.00400019,2.3599999,,,,,6.00400019,2.3999999,,,,,6.00400019,2.72000003,,,,,6.00400019,2.3599999,
,,,6.00800037,2.3599999,,,,,6.00800037,2.4400001,,,,,6.00800037,2.72000003,,,,,6.00800037,2.3999999,
,,,6.01200008,2.3599999,,,,,6.01200008,2.3999999,,,,,6.01200008,2.75999999,,,,,6.01200008,2.3999999,
,,,6.01600027,2.3599999,,,,,6.01600027,2.4400001,,,,,6.01600027,2.75999999,,,,,6.01600027,2.2800000,
,,,6.02000046,2.3599999,,,,,6.02000046,2.3999999,,,,,6.02000046,2.4800000,,,,,6.02000046,2.2800000,
,,,6.02400017,2.3599999,,,,,6.02400017,2.4400001,,,,,6.02400017,2.5999999,,,,,6.02400017,2.3999999,
,,,6.02800035,2.3599999,,,,,6.02800035,2.3999999,,,,,6.02800035,2.72000003,,,,,6.02800035,2.4400001,
,,,6.03200006,2.3599999,,,,,6.03200006,2.3999999,,,,,6.03200006,2.83999991,,,,,6.03200006,2.3999999,
,,,6.03600025,2.3599999,,,,,6.03600025,2.4400001,,,,,6.03600025,2.75999999,,,,,6.03600025,2.2800000,
,,,6.04000044,2.3599999,,,,,6.04000044,2.3999999,,,,,6.04000044,2.6399999,,,,,6.04000044,2.3599999,
,,,6.04400015,2.3599999,,,,,6.04400015,2.3999999,,,,,6.04400015,2.72000003,,,,,6.04400015,2.2800000,
,,,6.04800034,2.3599999,,,,,6.04800034,2.3999999,,,,,6.04800034,2.79999995,,,,,6.04800034,2.4400001,
,,,6.05200052,2.3599999,,,,,6.05200052,2.3999999,,,,,6.05200052,2.87999988,,,,,6.05200052,2.3199999,
,,,6.05600023,2.3599999,,,,,6.05600023,2.3599999,,,,,6.05600023,2.5999999,,,,,6.05600023,2.3999999,
,,,6.06000042,2.3599999,,,,,6.06000042,2.3999999,,,,,6.06000042,2.5999999,,,,,6.06000042,2.3199999,
,,,6.06400013,2.3599999,,,,,6.06400013,2.4400001,,,,,6.06400013,2.79999995,,,,,6.06400013,2.3199999,
,,,6.06800032,2.3599999,,,,,6.06800032,2.4400001,,,,,6.06800032,2.79999995,,,,,6.06800032,2.4800000,
,,,6.07200050,2.3599999,,,,,6.07200050,2.3999999,,,,,6.07200050,2.6799998,,,,,6.07200050,2.4800000,
,,,6.07600021,2.3599999,,,,,6.07600021,2.3999999,,,,,6.07600021,2.79999995,,,,,6.07600021,2.4400001,
,,,6.08000040,2.3599999,,,,,6.08000040,2.4400001,,,,,6.08000040,2.6399999,,,,,6.08000040,2.3199999,
,,,6.08400011,2.3599999,,,,,6.08400011,2.4400001,,,,,6.08400011,2.75999999,,,,,6.08400011,2.4800000,
,,,6.08800030,2.3599999,,,,,6.08800030,2.4400001,,,,,6.08800030,2.72000003,,,,,6.08800030,2.5200000,
,,,6.09200048,2.3599999,,,,,6.09200048,2.3999999,,,,,6.09200048,2.87999988,,,,,6.09200048,2.4400001,
,,,6.09600019,2.3599999,,,,,6.09600019,2.3999999,,,,,6.09600019,2.72000003,,,,,6.09600019,2.4800000,
,,,6.10000038,2.3599999,,,,,6.10000038,2.4400001,,,,,6.10000038,2.5599999,,,,,6.10000038,2.3199999,
,,,6.10400009,2.3599999,,,,,6.10400009,2.3999999,,,,,6.10400009,2.75999999,,,,,6.10400009,2.3599999,
,,,6.10800028,2.3599999,,,,,6.10800028,2.4400001,,,,,6.10800028,2.75999999,,,,,6.10800028,2.3999999,
,,,6.11200047,2.3599999,,,,,6.11200047,2.3999999,,,,,6.11200047,2.79999995,,,,,6.11200047,2.4800000,
,,,6.11600018,2.3599999,,,,,6.11600018,2.3999999,,,,,6.11600018,2.75999999,,,,,6.11600018,2.3599999,
,,,6.12000036,2.3599999,,,,,6.12000036,2.3999999,,,,,6.12000036,2.6399999,,,,,6.12000036,2.4400001,
,,,6.12400007,2.3599999,,,,,6.12400007,2.3999999,,,,,6.12400007,2.87999988,,,,,6.12400007,2.3199999,
,,,6.12800026,2.3599999,,,,,6.12800026,2.4400001,,,,,6.12800026,2.6799998,,,,,6.12800026,2.4800000,
,,,6.13200045,2.3599999,,,,,6.13200045,2.3999999,,,,,6.13200045,2.79999995,,,,,6.13200045,2.4400001,
,,,6.13600016,2.3599999,,,,,6.13600016,2.3999999,,,,,6.13600016,2.91999984,,,,,6.13600016,2.3599999,
,,,6.14000034,2.3599999,,,,,6.14000034,2.3999999,,,,,6.14000034,2.91999984,,,,,6.14000034,2.3599999,
,,,6.14400005,2.3599999,,,,,6.14400005,2.4400001,,,,,6.14400005,2.83999991,,,,,6.14400005,2.4800000,
,,,6.14800024,2.3599999,,,,,6.14800024,2.3999999,,,,,6.14800024,2.75999999,,,,,6.14800024,2.4800000,
,,,6.15200043,2.3999999,,,,,6.15200043,2.4400001,,,,,6.15200043,2.91999984,,,,,6.15200043,2.4400001,
,,,6.15600014,2.3599999,,,,,6.15600014,2.4400001,,,,,6.15600014,2.87999988,,,,,6.15600014,2.4400001,
,,,6.16000032,2.3599999,,,,,6.16000032,2.3999999,,,,,6.16000032,2.75999999,,,,,6.16000032,2.3599999,
,,,6.16400051,2.3599999,,,,,6.16400051,2.3999999,,,,,6.16400051,3.00000000,,,,,6.16400051,2.3999999,
,,,6.16800022,2.3999999,,,,,6.16800022,2.3999999,,,,,6.16800022,2.96000004,,,,,6.16800022,2.4400001,
,,,6.17200041,2.3599999,,,,,6.17200041,2.3999999,,,,,6.17200041,2.79999995,,,,,6.17200041,2.3599999,
,,,6.17600012,2.3599999,,,,,6.17600012,2.4400001,,,,,6.17600012,2.75999999,,,,,6.17600012,2.4400001,
,,,6.18000031,2.3999999,,,,,6.18000031,2.4400001,,,,,6.18000031,2.79999995,,,,,6.18000031,2.3199999,
,,,6.18400049,2.3599999,,,,,6.18400049,2.4400001,,,,,6.18400049,2.79999995,,,,,6.18400049,2.3599999,
,,,6.18800020,2.3599999,,,,,6.18800020,2.4400001,,,,,6.18800020,2.6799998,,,,,6.18800020,2.3999999,
,,,6.19200039,2.3599999,,,,,6.19200039,2.4400001,,,,,6.19200039,2.79999995,,,,,6.19200039,2.4400001,
,,,6.19600010,2.3599999,,,,,6.19600010,2.4400001,,,,,6.19600010,2.83999991,,,,,6.19600010,2.3199999,
,,,6.20000029,2.3999999,,,,,6.20000029,2.3599999,,,,,6.20000029,2.87999988,,,,,6.20000029,2.3599999,
,,,6.20400047,2.3599999,,,,,6.20400047,2.3999999,,,,,6.20400047,2.75999999,,,,,6.20400047,2.3599999,
,,,6.20800018,2.3599999,,,,,6.20800018,2.3999999,,,,,6.20800018,2.79999995,,,,,6.20800018,2.3599999,
,,,6.21200037,2.3599999,,,,,6.21200037,2.3599999,,,,,6.21200037,3.00000000,,,,,6.21200037,2.4400001,
,,,6.21600008,2.3599999,,,,,6.21600008,2.4400001,,,,,6.21600008,2.79999995,,,,,6.21600008,2.2400000,
,,,6.22000027,2.3599999,,,,,6.22000027,2.4400001,,,,,6.22000027,2.6799998,,,,,6.22000027,2.3599999,
,,,6.22400045,2.3599999,,,,,6.22400045,2.3999999,,,,,6.22400045,2.83999991,,,,,6.22400045,2.3599999,
,,,6.22800016,2.3599999,,,,,6.22800016,2.4400001,,,,,6.22800016,2.75999999,,,,,6.22800016,2.3199999,
,,,6.23200035,2.3599999,,,,,6.23200035,2.3999999,,,,,6.23200035,2.79999995,,,,,6.23200035,2.4400001,
,,,6.23600006,2.3599999,,,,,6.23600006,2.3999999,,,,,6.23600006,3.00000000,,,,,6.23600006,2.3599999,
,,,6.24000025,2.3599999,,,,,6.24000025,2.4400001,,,,,6.24000025,2.5999999,,,,,6.24000025,2.3999999,
,,,6.24400043,2.3599999,,,,,6.24400043,2.3999999,,,,,6.24400043,2.5599999,,,,,6.24400043,2.2400000,
,,,6.24800014,2.3599999,,,,,6.24800014,2.3999999,,,,,6.24800014,2.5599999,,,,,6.24800014,2.4400001,
,,,6.25200033,2.3599999,,,,,6.25200033,2.3999999,,,,,6.25200033,2.72000003,,,,,6.25200033,2.2400000,
,,,6.25600052,2.3599999,,,,,6.25600052,2.3999999,,,,,6.25600052,2.75999999,,,,,6.25600052,2.3599999,
,,,6.26000023,2.3599999,,,,,6.26000023,2.3999999,,,,,6.26000023,2.72000003,,,,,6.26000023,2.3999999,
,,,6.26400042,2.3599999,,,,,6.26400042,2.4400001,,,,,6.26400042,2.75999999,,,,,6.26400042,2.4800000,
,,,6.26800013,2.3599999,,,,,6.26800013,2.4400001,,,,,6.26800013,2.83999991,,,,,6.26800013,2.3999999,
,,,6.27200031,2.3599999,,,,,6.27200031,2.4400001,,,,,6.27200031,2.79999995,,,,,6.27200031,2.4400001,
,,,6.27600050,2.3599999,,,,,6.27600050,2.3999999,,,,,6.27600050,2.72000003,,,,,6.27600050,2.3999999,
,,,6.28000021,2.3999999,,,,,6.28000021,2.3999999,,,,,6.28000021,2.5599999,,,,,6.28000021,2.4400001,
,,,6.28400040,2.3599999,,,,,6.28400040,2.4400001,,,,,6.28400040,2.75999999,,,,,6.28400040,2.4400001,
,,,6.28800011,2.3999999,,,,,6.28800011,2.4400001,,,,,6.28800011,2.72000003,,,,,6.28800011,2.4400001,
,,,6.29200029,2.3599999,,,,,6.29200029,2.3599999,,,,,6.29200029,2.72000003,,,,,6.29200029,2.4400001,
,,,6.29600048,2.3599999,,,,,6.29600048,2.4400001,,,,,6.29600048,2.72000003,,,,,6.29600048,2.4400001,
,,,6.30000019,2.3599999,,,,,6.30000019,2.3599999,,,,,6.30000019,2.75999999,,,,,6.30000019,2.4800000,
,,,6.30400038,2.3599999,,,,,6.30400038,2.3999999,,,,,6.30400038,2.6799998,,,,,6.30400038,2.4400001,
,,,6.30800009,2.3599999,,,,,6.30800009,2.3999999,,,,,6.30800009,2.79999995,,,,,6.30800009,2.3999999,
,,,6.31200027,2.3599999,,,,,6.31200027,2.3999999,,,,,6.31200027,2.79999995,,,,,6.31200027,2.6399999,
,,,6.31600046,2.3599999,,,,,6.31600046,2.3999999,,,,,6.31600046,2.6799998,,,,,6.31600046,2.3599999,
,,,6.32000017,2.3599999,,,,,6.32000017,2.4400001,,,,,6.32000017,2.79999995,,,,,6.32000017,2.4400001,
,,,6.32400036,2.3999999,,,,,6.32400036,2.3999999,,,,,6.32400036,2.96000004,,,,,6.32400036,2.4800000,
,,,6.32800007,2.3599999,,,,,6.32800007,2.3999999,,,,,6.32800007,2.75999999,,,,,6.32800007,2.5200000,
,,,6.33200026,2.3599999,,,,,6.33200026,2.3999999,,,,,6.33200026,2.91999984,,,,,6.33200026,2.4400001,
,,,6.33600044,2.3599999,,,,,6.33600044,2.4400001,,,,,6.33600044,2.87999988,,,,,6.33600044,2.4400001,
,,,6.34000015,2.3599999,,,,,6.34000015,2.3599999,,,,,6.34000015,2.6399999,,,,,6.34000015,2.4800000,
,,,6.34400034,2.3599999,,,,,6.34400034,2.3999999,,,,,6.34400034,2.79999995,,,,,6.34400034,2.4800000,
,,,6.34800053,2.3599999,,,,,6.34800053,2.4400001,,,,,6.34800053,2.79999995,,,,,6.34800053,2.5200000,
,,,6.35200024,2.3599999,,,,,6.35200024,2.4800000,,,,,6.35200024,2.79999995,,,,,6.35200024,2.4800000,
,,,6.35600042,2.3999999,,,,,6.35600042,2.4400001,,,,,6.35600042,2.79999995,,,,,6.35600042,2.4800000,
,,,6.36000013,2.3599999,,,,,6.36000013,2.4400001,,,,,6.36000013,2.72000003,,,,,6.36000013,2.4800000,
,,,6.36400032,2.3999999,,,,,6.36400032,2.3599999,,,,,6.36400032,2.6799998,,,,,6.36400032,2.5599999,
,,,6.36800051,2.3599999,,,,,6.36800051,2.3999999,,,,,6.36800051,2.87999988,,,,,6.36800051,2.4800000,
,,,6.37200022,2.3599999,,,,,6.37200022,2.3999999,,,,,6.37200022,2.75999999,,,,,6.37200022,2.4800000,
,,,6.37600040,2.3599999,,,,,6.37600040,2.3999999,,,,,6.37600040,2.75999999,,,,,6.37600040,2.4800000,
,,,6.38000011,2.3599999,,,,,6.38000011,2.3999999,,,,,6.38000011,2.75999999,,,,,6.38000011,2.4400001,
,,,6.38400030,2.3599999,,,,,6.38400030,2.3999999,,,,,6.38400030,2.6799998,,,,,6.38400030,2.4800000,
,,,6.38800049,2.3599999,,,,,6.38800049,2.4400001,,,,,6.38800049,2.72000003,,,,,6.38800049,2.4800000,
,,,6.39200020,2.3599999,,,,,6.39200020,2.3999999,,,,,6.39200020,2.75999999,,,,,6.39200020,2.3999999,
,,,6.39600039,2.3599999,,,,,6.39600039,2.3999999,,,,,6.39600039,2.96000004,,,,,6.39600039,2.4800000,
,,,6.40000010,2.3599999,,,,,6.40000010,2.3999999,,,,,6.40000010,2.87999988,,,,,6.40000010,2.4800000,
,,,6.40400028,2.3599999,,,,,6.40400028,2.4400001,,,,,6.40400028,2.79999995,,,,,6.40400028,2.5200000,
,,,6.40800047,2.3599999,,,,,6.40800047,2.3999999,,,,,6.40800047,2.87999988,,,,,6.40800047,2.5999999,
,,,6.41200018,2.3599999,,,,,6.41200018,2.3599999,,,,,6.41200018,2.5999999,,,,,6.41200018,2.5200000,
,,,6.41600037,2.3599999,,,,,6.41600037,2.3999999,,,,,6.41600037,2.75999999,,,,,6.41600037,2.4800000,
,,,6.42000008,2.3999999,,,,,6.42000008,2.3999999,,,,,6.42000008,2.83999991,,,,,6.42000008,2.3599999,
,,,6.42400026,2.3999999,,,,,6.42400026,2.3999999,,,,,6.42400026,2.83999991,,,,,6.42400026,2.5999999,
,,,6.42800045,2.3599999,,,,,6.42800045,2.4400001,,,,,6.42800045,2.79999995,,,,,6.42800045,2.5999999,
,,,6.43200016,2.3999999,,,,,6.43200016,2.3999999,,,,,6.43200016,2.79999995,,,,,6.43200016,2.4400001,
,,,6.43600035,2.3599999,,,,,6.43600035,2.3999999,,,,,6.43600035,2.75999999,,,,,6.43600035,2.4800000,
,,,6.44000053,2.3599999,,,,,6.44000053,2.4400001,,,,,6.44000053,2.79999995,,,,,6.44000053,2.3999999,
,,,6.44400024,2.3599999,,,,,6.44400024,2.3999999,,,,,6.44400024,2.79999995,,,,,6.44400024,2.6399999,
,,,6.44800043,2.3599999,,,,,6.44800043,2.3999999,,,,,6.44800043,2.79999995,,,,,6.44800043,2.5200000,
,,,6.45200014,2.3599999,,,,,6.45200014,2.4400001,,,,,6.45200014,2.87999988,,,,,6.45200014,2.4400001,
,,,6.45600033,2.3599999,,,,,6.45600033,2.3999999,,,,,6.45600033,2.79999995,,,,,6.45600033,2.5200000,
,,,6.46000051,2.3599999,,,,,6.46000051,2.4400001,,,,,6.46000051,2.91999984,,,,,6.46000051,2.5200000,
,,,6.46400023,2.3999999,,,,,6.46400023,2.4400001,,,,,6.46400023,2.6799998,,,,,6.46400023,2.4800000,
,,,6.46800041,2.3599999,,,,,6.46800041,2.3599999,,,,,6.46800041,2.91999984,,,,,6.46800041,2.5599999,
,,,6.47200012,2.3599999,,,,,6.47200012,2.3999999,,,,,6.47200012,2.83999991,,,,,6.47200012,2.5599999,
,,,6.47600031,2.3599999,,,,,6.47600031,2.3999999,,,,,6.47600031,2.91999984,,,,,6.47600031,2.4400001,
,,,6.48000050,2.3599999,,,,,6.48000050,2.4400001,,,,,6.48000050,2.72000003,,,,,6.48000050,2.4800000,
,,,6.48400021,2.3599999,,,,,6.48400021,2.3999999,,,,,6.48400021,2.72000003,,,,,6.48400021,2.5999999,
,,,6.48800039,2.3599999,,,,,6.48800039,2.4400001,,,,,6.48800039,2.75999999,,,,,6.48800039,2.5599999,
,,,6.49200010,2.3599999,,,,,6.49200010,2.3999999,,,,,6.49200010,2.83999991,,,,,6.49200010,2.5999999,
,,,6.49600029,2.3599999,,,,,6.49600029,2.4400001,,,,,6.49600029,2.79999995,,,,,6.49600029,3.15999985,
,,,6.50000048,2.3599999,,,,,6.50000048,2.4400001,,,,,6.50000048,2.5999999,,,,,6.50000048,2.4400001,
,,,6.50400019,2.3599999,,,,,6.50400019,2.3999999,,,,,6.50400019,2.79999995,,,,,6.50400019,2.5200000,
,,,6.50800037,2.3599999,,,,,6.50800037,2.3999999,,,,,6.50800037,2.91999984,,,,,6.50800037,2.5599999,
,,,6.51200008,2.3599999,,,,,6.51200008,2.4400001,,,,,6.51200008,2.91999984,,,,,6.51200008,2.5200000,
,,,6.51600027,2.3999999,,,,,6.51600027,2.4400001,,,,,6.51600027,2.79999995,,,,,6.51600027,2.4400001,
,,,6.52000046,2.3599999,,,,,6.52000046,2.4400001,,,,,6.52000046,2.87999988,,,,,6.52000046,2.4800000,
,,,6.52400017,2.3999999,,,,,6.52400017,2.4400001,,,,,6.52400017,2.6799998,,,,,6.52400017,2.6799998,
,,,6.52800035,2.3599999,,,,,6.52800035,2.4400001,,,,,6.52800035,2.83999991,,,,,6.52800035,2.4800000,
,,,6.53200054,2.3599999,,,,,6.53200054,2.4400001,,,,,6.53200054,2.87999988,,,,,6.53200054,2.5599999,
,,,6.53600025,2.3599999,,,,,6.53600025,2.4400001,,,,,6.53600025,2.79999995,,,,,6.53600025,2.4800000,
,,,6.54000044,2.3599999,,,,,6.54000044,2.3999999,,,,,6.54000044,2.6399999,,,,,6.54000044,2.4400001,
,,,6.54400015,2.3599999,,,,,6.54400015,2.3999999,,,,,6.54400015,2.72000003,,,,,6.54400015,2.4800000,
,,,6.54800034,2.3599999,,,,,6.54800034,2.3999999,,,,,6.54800034,2.75999999,,,,,6.54800034,2.5599999,
,,,6.55200052,2.3599999,,,,,6.55200052,2.4400001,,,,,6.55200052,2.91999984,,,,,6.55200052,2.4400001,
,,,6.55600023,2.3599999,,,,,6.55600023,2.4400001,,,,,6.55600023,2.72000003,,,,,6.55600023,2.3599999,
,,,6.56000042,2.3999999,,,,,6.56000042,2.3999999,,,,,6.56000042,2.83999991,,,,,6.56000042,2.4800000,
,,,6.56400013,2.3599999,,,,,6.56400013,2.4400001,,,,,6.56400013,2.87999988,,,,,6.56400013,2.4400001,
,,,6.56800032,2.3999999,,,,,6.56800032,2.4400001,,,,,6.56800032,2.83999991,,,,,6.56800032,2.5200000,
,,,6.57200050,2.3599999,,,,,6.57200050,2.4400001,,,,,6.57200050,2.79999995,,,,,6.57200050,2.4400001,
,,,6.57600021,2.3599999,,,,,6.57600021,2.4400001,,,,,6.57600021,2.79999995,,,,,6.57600021,2.3599999,
,,,6.58000040,2.3599999,,,,,6.58000040,2.4400001,,,,,6.58000040,2.75999999,,,,,6.58000040,2.4400001,
,,,6.58400011,2.3599999,,,,,6.58400011,2.4400001,,,,,6.58400011,2.75999999,,,,,6.58400011,2.4800000,
,,,6.58800030,2.3599999,,,,,6.58800030,2.3999999,,,,,6.58800030,2.83999991,,,,,6.58800030,2.4800000,
,,,6.59200048,2.3599999,,,,,6.59200048,2.4400001,,,,,6.59200048,2.87999988,,,,,6.59200048,2.3999999,
,,,6.59600019,2.3599999,,,,,6.59600019,2.3999999,,,,,6.59600019,2.79999995,,,,,6.59600019,2.4400001,
,,,6.60000038,2.3599999,,,,,6.60000038,2.3999999,,,,,6.60000038,2.75999999,,,,,6.60000038,2.4800000,
,,,6.60400009,2.3599999,,,,,6.60400009,2.4400001,,,,,6.60400009,2.79999995,,,,,6.60400009,2.5200000,
,,,6.60800028,2.3599999,,,,,6.60800028,2.3999999,,,,,6.60800028,2.6799998,,,,,6.60800028,2.5999999,
,,,6.61200047,2.3599999,,,,,6.61200047,2.4400001,,,,,6.61200047,2.6399999,,,,,6.61200047,2.5599999,
,,,6.61600018,2.3599999,,,,,6.61600018,2.4400001,,,,,6.61600018,2.79999995,,,,,6.61600018,2.3999999,
,,,6.62000036,2.3599999,,,,,6.62000036,2.3999999,,,,,6.62000036,2.83999991,,,,,6.62000036,2.4800000,
,,,6.62400055,2.3599999,,,,,6.62400055,2.4400001,,,,,6.62400055,2.83999991,,,,,6.62400055,2.3199999,
,,,6.62800026,2.3599999,,,,,6.62800026,2.4400001,,,,,6.62800026,2.87999988,,,,,6.62800026,2.5200000,
,,,6.63200045,2.3599999,,,,,6.63200045,2.3999999,,,,,6.63200045,2.72000003,,,,,6.63200045,2.4400001,
,,,6.63600016,2.3599999,,,,,6.63600016,2.4400001,,,,,6.63600016,2.79999995,,,,,6.63600016,2.4800000,
,,,6.64000034,2.3599999,,,,,6.64000034,2.4400001,,,,,6.64000034,2.79999995,,,,,6.64000034,2.4800000,
,,,6.64400053,2.3599999,,,,,6.64400053,2.3999999,,,,,6.64400053,2.79999995,,,,,6.64400053,2.3999999,
,,,6.64800024,2.3599999,,,,,6.64800024,2.3999999,,,,,6.64800024,2.91999984,,,,,6.64800024,2.5200000,
,,,6.65200043,2.3999999,,,,,6.65200043,2.4400001,,,,,6.65200043,2.79999995,,,,,6.65200043,2.4800000,
,,,6.65600014,2.3599999,,,,,6.65600014,2.4400001,,,,,6.65600014,2.6399999,,,,,6.65600014,2.3599999,
,,,6.66000032,2.3599999,,,,,6.66000032,2.4400001,,,,,6.66000032,2.79999995,,,,,6.66000032,2.4400001,
,,,6.66400051,2.3599999,,,,,6.66400051,2.4400001,,,,,6.66400051,2.75999999,,,,,6.66400051,2.4800000,
,,,6.66800022,2.3999999,,,,,6.66800022,2.4400001,,,,,6.66800022,2.72000003,,,,,6.66800022,2.5599999,
,,,6.67200041,2.3599999,,,,,6.67200041,2.3999999,,,,,6.67200041,2.5999999,,,,,6.67200041,2.5599999,
,,,6.67600012,2.3599999,,,,,6.67600012,2.4400001,,,,,6.67600012,2.91999984,,,,,6.67600012,2.3999999,
,,,6.68000031,2.3599999,,,,,6.68000031,2.3999999,,,,,6.68000031,3.00000000,,,,,6.68000031,2.2800000,
,,,6.68400049,2.3599999,,,,,6.68400049,2.4400001,,,,,6.68400049,2.79999995,,,,,6.68400049,2.6799998,
,,,6.68800020,2.3599999,,,,,6.68800020,2.3999999,,,,,6.68800020,2.75999999,,,,,6.68800020,2.3199999,
,,,6.69200039,2.3599999,,,,,6.69200039,2.3999999,,,,,6.69200039,2.83999991,,,,,6.69200039,2.5200000,
,,,6.69600010,2.3599999,,,,,6.69600010,2.4800000,,,,,6.69600010,2.87999988,,,,,6.69600010,2.4400001,
,,,6.70000029,2.3599999,,,,,6.70000029,2.4400001,,,,,6.70000029,2.79999995,,,,,6.70000029,2.3199999,
,,,6.70400047,2.3599999,,,,,6.70400047,2.3999999,,,,,6.70400047,2.96000004,,,,,6.70400047,2.4800000,
,,,6.70800018,2.3599999,,,,,6.70800018,2.4400001,,,,,6.70800018,2.87999988,,,,,6.70800018,2.5200000,
,,,6.71200037,2.3599999,,,,,6.71200037,2.3999999,,,,,6.71200037,2.79999995,,,,,6.71200037,2.4800000,
,,,6.71600056,2.3599999,,,,,6.71600056,2.4400001,,,,,6.71600056,2.75999999,,,,,6.71600056,2.3999999,
,,,6.72000027,2.3599999,,,,,6.72000027,2.3999999,,,,,6.72000027,2.75999999,,,,,6.72000027,2.5200000,
,,,6.72400045,2.3599999,,,,,6.72400045,2.3999999,,,,,6.72400045,2.91999984,,,,,6.72400045,2.5200000,
,,,6.72800016,2.3599999,,,,,6.72800016,2.4400001,,,,,6.72800016,2.6799998,,,,,6.72800016,2.4800000,
,,,6.73200035,2.3599999,,,,,6.73200035,2.3999999,,,,,6.73200035,2.83999991,,,,,6.73200035,2.4800000,
,,,6.73600054,2.3599999,,,,,6.73600054,2.4400001,,,,,6.73600054,2.6799998,,,,,6.73600054,2.3599999,
,,,6.74000025,2.3599999,,,,,6.74000025,2.4400001,,,,,6.74000025,2.5599999,,,,,6.74000025,2.4400001,
,,,6.74400043,2.3599999,,,,,6.74400043,2.4400001,,,,,6.74400043,2.91999984,,,,,6.74400043,2.2800000,
,,,6.74800014,2.3599999,,,,,6.74800014,2.4400001,,,,,6.74800014,2.5999999,,,,,6.74800014,3.03999996,
,,,6.75200033,2.3599999,,,,,6.75200033,2.4400001,,,,,6.75200033,2.4400001,,,,,6.75200033,3.95999980,
,,,6.75600052,2.3599999,,,,,6.75600052,2.4400001,,,,,6.75600052,2.4400001,,,,,6.75600052,4.19999981,
,,,6.76000023,2.3599999,,,,,6.76000023,2.3999999,,,,,6.76000023,2.4800000,,,,,6.76000023,3.63999987,
,,,6.76400042,2.3599999,,,,,6.76400042,2.4400001,,,,,6.76400042,2.4800000,,,,,6.76400042,3.87999988,
,,,6.76800013,2.3599999,,,,,6.76800013,2.4400001,,,,,6.76800013,2.5599999,,,,,6.76800013,4.00000000,
,,,6.77200031,2.3599999,,,,,6.77200031,2.4400001,,,,,6.77200031,2.4400001,,,,,6.77200031,3.72000003,
,,,6.77600050,2.3599999,,,,,6.77600050,2.3599999,,,,,6.77600050,2.6799998,,,,,6.77600050,3.87999988,
,,,6.78000021,2.3599999,,,,,6.78000021,2.4400001,,,,,6.78000021,2.6399999,,,,,6.78000021,3.63999987,
,,,6.78400040,2.3599999,,,,,6.78400040,2.4400001,,,,,6.78400040,2.6399999,,,,,6.78400040,3.51999998,
,,,6.78800011,2.3999999,,,,,6.78800011,2.3999999,,,,,6.78800011,2.5200000,,,,,6.78800011,3.39999986,
,,,6.79200029,2.3999999,,,,,6.79200029,2.4400001,,,,,6.79200029,2.96000004,,,,,6.79200029,2.2000000,
,,,6.79600048,2.3599999,,,,,6.79600048,2.3999999,,,,,6.79600048,3.03999996,,,,,6.79600048,1.4399999,
,,,6.80000019,2.3999999,,,,,6.80000019,2.3999999,,,,,6.80000019,2.91999984,,,,,6.80000019,1.6799999,
,,,6.80400038,2.3599999,,,,,6.80400038,2.3999999,,,,,6.80400038,3.11999989,,,,,6.80400038,1.7199999,
,,,6.80800009,2.3599999,,,,,6.80800009,2.3999999,,,,,6.80800009,3.00000000,,,,,6.80800009,1.7199999,
,,,6.81200027,2.3599999,,,,,6.81200027,2.3999999,,,,,6.81200027,3.00000000,,,,,6.81200027,1.6799999,
,,,6.81600046,2.3599999,,,,,6.81600046,2.3999999,,,,,6.81600046,3.19999981,,,,,6.81600046,1.6400000,
,,,6.82000017,2.3599999,,,,,6.82000017,2.3999999,,,,,6.82000017,2.75999999,,,,,6.82000017,1.7199999,
,,,6.82400036,2.3999999,,,,,6.82400036,2.3999999,,,,,6.82400036,3.03999996,,,,,6.82400036,1.8399999,
,,,6.82800055,2.3999999,,,,,6.82800055,2.3999999,,,,,6.82800055,2.83999991,,,,,6.82800055,1.8000000,
,,,6.83200026,2.3999999,,,,,6.83200026,2.3999999,,,,,6.83200026,3.00000000,,,,,6.83200026,1.9200000,
,,,6.83600044,2.3599999,,,,,6.83600044,2.4400001,,,,,6.83600044,2.96000004,,,,,6.83600044,1.8800000,
,,,6.84000015,2.3599999,,,,,6.84000015,2.3999999,,,,,6.84000015,2.96000004,,,,,6.84000015,1.8000000,
,,,6.84400034,2.3999999,,,,,6.84400034,2.3999999,,,,,6.84400034,3.00000000,,,,,6.84400034,1.8800000,
,,,6.84800053,2.3599999,,,,,6.84800053,2.3999999,,,,,6.84800053,2.79999995,,,,,6.84800053,2.1199999,
,,,6.85200024,2.3599999,,,,,6.85200024,2.3999999,,,,,6.85200024,2.91999984,,,,,6.85200024,2.0000000,
,,,6.85600042,2.3599999,,,,,6.85600042,2.4400001,,,,,6.85600042,3.00000000,,,,,6.85600042,2.0000000,
,,,6.86000013,2.3599999,,,,,6.86000013,2.3599999,,,,,6.86000013,2.87999988,,,,,6.86000013,1.9599999,
,,,6.86400032,2.3999999,,,,,6.86400032,2.3999999,,,,,6.86400032,2.91999984,,,,,6.86400032,2.1199999,
,,,6.86800051,2.3999999,,,,,6.86800051,2.3999999,,,,,6.86800051,2.79999995,,,,,6.86800051,2.1599998,
,,,6.87200022,2.3999999,,,,,6.87200022,2.4400001,,,,,6.87200022,3.03999996,,,,,6.87200022,2.0799999,
,,,6.87600040,2.3599999,,,,,6.87600040,2.3999999,,,,,6.87600040,3.11999989,,,,,6.87600040,2.0799999,
,,,6.88000011,2.3999999,,,,,6.88000011,2.4400001,,,,,6.88000011,2.91999984,,,,,6.88000011,2.1199999,
,,,6.88400030,2.3599999,,,,,6.88400030,2.3599999,,,,,6.88400030,2.91999984,,,,,6.88400030,2.1599998,
,,,6.88800049,2.3599999,,,,,6.88800049,2.3999999,,,,,6.88800049,2.96000004,,,,,6.88800049,2.2000000,
,,,6.89200020,2.3599999,,,,,6.89200020,2.3999999,,,,,6.89200020,2.91999984,,,,,6.89200020,2.0400000,
,,,6.89600039,2.3999999,,,,,6.89600039,2.3599999,,,,,6.89600039,2.83999991,,,,,6.89600039,2.1199999,
,,,6.90000010,2.3999999,,,,,6.90000010,2.3999999,,,,,6.90000010,2.79999995,,,,,6.90000010,2.1599998,
,,,6.90400028,2.3999999,,,,,6.90400028,2.3999999,,,,,6.90400028,2.83999991,,,,,6.90400028,2.0799999,
,,,6.90800047,2.3599999,,,,,6.90800047,2.3999999,,,,,6.90800047,2.87999988,,,,,6.90800047,2.0799999,
,,,6.91200018,2.3599999,,,,,6.91200018,2.4400001,,,,,6.91200018,2.87999988,,,,,6.91200018,2.3199999,
,,,6.91600037,2.3599999,,,,,6.91600037,2.3599999,,,,,6.91600037,2.75999999,,,,,6.91600037,2.1199999,
,,,6.92000055,2.3599999,,,,,6.92000055,2.3599999,,,,,6.92000055,2.96000004,,,,,6.92000055,2.2800000,
,,,6.92400026,2.3599999,,,,,6.92400026,2.4400001,,,,,6.92400026,2.83999991,,,,,6.92400026,2.2800000,
,,,6.92800045,2.3599999,,,,,6.92800045,2.4400001,,,,,6.92800045,2.75999999,,,,,6.92800045,2.2800000,
,,,6.93200016,2.3999999,,,,,6.93200016,2.3999999,,,,,6.93200016,2.6399999,,,,,6.93200016,2.1599998,
,,,6.93600035,2.3599999,,,,,6.93600035,2.3999999,,,,,6.93600035,2.6799998,,,,,6.93600035,2.2400000,
,,,6.94000053,2.3599999,,,,,6.94000053,2.4400001,,,,,6.94000053,2.72000003,,,,,6.94000053,2.2400000,
,,,6.94400024,2.3599999,,,,,6.94400024,2.3999999,,,,,6.94400024,2.6799998,,,,,6.94400024,2.2800000,
,,,6.94800043,2.3999999,,,,,6.94800043,2.4800000,,,,,6.94800043,2.91999984,,,,,6.94800043,2.3199999,
,,,6.95200014,2.3599999,,,,,6.95200014,2.3999999,,,,,6.95200014,2.83999991,,,,,6.95200014,2.2400000,
,,,6.95600033,2.3999999,,,,,6.95600033,2.3999999,,,,,6.95600033,3.03999996,,,,,6.95600033,2.3999999,
,,,6.96000051,2.3599999,,,,,6.96000051,2.3999999,,,,,6.96000051,2.72000003,,,,,6.96000051,2.2800000,
,,,6.96400023,2.3999999,,,,,6.96400023,2.4400001,,,,,6.96400023,2.6799998,,,,,6.96400023,2.3199999,
,,,6.96800041,2.3999999,,,,,6.96800041,2.4400001,,,,,6.96800041,2.75999999,,,,,6.96800041,2.3599999,
,,,6.97200012,2.3599999,,,,,6.97200012,2.3999999,,,,,6.97200012,2.96000004,,,,,6.97200012,2.3199999,
,,,6.97600031,2.3599999,,,,,6.97600031,2.4400001,,,,,6.97600031,2.91999984,,,,,6.97600031,2.2000000,
,,,6.98000050,2.3599999,,,,,6.98000050,2.3999999,,,,,6.98000050,2.6799998,,,,,6.98000050,2.3999999,
,,,6.98400021,2.3599999,,,,,6.98400021,2.3999999,,,,,6.98400021,2.79999995,,,,,6.98400021,2.2400000,
,,,6.98800039,2.3599999,,,,,6.98800039,2.3999999,,,,,6.98800039,2.75999999,,,,,6.98800039,2.3999999,
,,,6.99200010,2.3599999,,,,,6.99200010,2.3999999,,,,,6.99200010,2.83999991,,,,,6.99200010,2.3199999,
,,,6.99600029,2.3599999,,,,,6.99600029,2.4400001,,,,,6.99600029,2.79999995,,,,,6.99600029,3.03999996,
,,,7.00000048,2.3599999,,,,,7.00000048,2.3999999,,,,,7.00000048,2.72000003,,,,,7.00000048,2.2800000,
,,,7.00400019,2.3599999,,,,,7.00400019,2.3999999,,,,,7.00400019,2.6799998,,,,,7.00400019,2.5200000,
,,,7.00800037,2.3999999,,,,,7.00800037,2.4400001,,,,,7.00800037,2.6799998,,,,,7.00800037,2.4400001,
,,,7.01200056,2.3599999,,,,,7.01200056,2.4400001,,,,,7.01200056,2.79999995,,,,,7.01200056,2.3599999,
,,,7.01600027,2.3599999,,,,,7.01600027,2.4400001,,,,,7.01600027,2.87999988,,,,,7.01600027,2.3999999,
,,,7.02000046,2.3599999,,,,,7.02000046,2.4400001,,,,,7.02000046,2.72000003,,,,,7.02000046,2.4400001,
,,,7.02400017,2.3999999,,,,,7.02400017,2.3999999,,,,,7.02400017,2.91999984,,,,,7.02400017,2.4400001,
,,,7.02800035,2.3599999,,,,,7.02800035,2.3999999,,,,,7.02800035,2.91999984,,,,,7.02800035,2.5200000,
,,,7.03200054,2.3599999,,,,,7.03200054,2.4400001,,,,,7.03200054,2.72000003,,,,,7.03200054,2.3599999,
,,,7.03600025,2.3999999,,,,,7.03600025,2.4400001,,,,,7.03600025,2.79999995,,,,,7.03600025,2.4400001,
,,,7.04000044,2.3999999,,,,,7.04000044,2.4400001,,,,,7.04000044,2.6799998,,,,,7.04000044,2.4400001,
,,,7.04400015,2.3599999,,,,,7.04400015,2.3999999,,,,,7.04400015,2.79999995,,,,,7.04400015,2.4800000,
,,,7.04800034,2.3999999,,,,,7.04800034,2.4400001,,,,,7.04800034,2.79999995,,,,,7.04800034,2.4400001,
,,,7.05200052,2.3599999,,,,,7.05200052,2.3999999,,,,,7.05200052,2.87999988,,,,,7.05200052,2.3199999,
,,,7.05600023,2.3599999,,,,,7.05600023,2.3999999,,,,,7.05600023,2.72000003,,,,,7.05600023,2.3999999,
,,,7.06000042,2.3599999,,,,,7.06000042,2.4400001,,,,,7.06000042,2.6399999,,,,,7.06000042,2.3599999,
,,,7.06400013,2.3599999,,,,,7.06400013,2.4400001,,,,,7.06400013,2.6399999,,,,,7.06400013,2.4400001,
,,,7.06800032,2.3599999,,,,,7.06800032,2.3999999,,,,,7.06800032,2.79999995,,,,,7.06800032,2.4800000,
,,,7.07200050,2.3599999,,,,,7.07200050,2.3999999,,,,,7.07200050,2.79999995,,,,,7.07200050,2.2800000,
,,,7.07600021,2.3999999,,,,,7.07600021,2.3999999,,,,,7.07600021,2.83999991,,,,,7.07600021,2.3999999,
,,,7.08000040,2.3599999,,,,,7.08000040,2.3999999,,,,,7.08000040,2.83999991,,,,,7.08000040,2.2800000,
,,,7.08400011,2.3599999,,,,,7.08400011,2.3999999,,,,,7.08400011,2.83999991,,,,,7.08400011,2.4400001,
,,,7.08800030,2.3599999,,,,,7.08800030,2.3999999,,,,,7.08800030,2.6799998,,,,,7.08800030,2.3199999,
,,,7.09200048,2.3999999,,,,,7.09200048,2.3999999,,,,,7.09200048,2.83999991,,,,,7.09200048,2.4400001,
,,,7.09600019,2.3599999,,,,,7.09600019,2.4400001,,,,,7.09600019,2.79999995,,,,,7.09600019,2.3599999,
,,,7.10000038,2.3999999,,,,,7.10000038,2.4400001,,,,,7.10000038,2.87999988,,,,,7.10000038,2.3999999,
,,,7.10400057,2.3599999,,,,,7.10400057,2.3999999,,,,,7.10400057,2.6399999,,,,,7.10400057,2.4400001,
,,,7.10800028,2.3599999,,,,,7.10800028,2.4400001,,,,,7.10800028,2.72000003,,,,,7.10800028,2.6399999,
,,,7.11200047,2.3199999,,,,,7.11200047,2.4400001,,,,,7.11200047,2.75999999,,,,,7.11200047,2.3999999,
,,,7.11600018,2.3599999,,,,,7.11600018,2.3999999,,,,,7.11600018,2.96000004,,,,,7.11600018,2.5200000,
,,,7.12000036,2.3599999,,,,,7.12000036,2.3999999,,,,,7.12000036,2.75999999,,,,,7.12000036,2.3599999,
,,,7.12400055,2.3599999,,,,,7.12400055,2.4400001,,,,,7.12400055,2.79999995,,,,,7.12400055,2.3599999,
,,,7.12800026,2.3599999,,,,,7.12800026,2.3999999,,,,,7.12800026,2.75999999,,,,,7.12800026,2.4400001,
,,,7.13200045,2.3599999,,,,,7.13200045,2.3999999,,,,,7.13200045,2.75999999,,,,,7.13200045,2.5200000,
,,,7.13600016,2.3599999,,,,,7.13600016,2.4400001,,,,,7.13600016,2.75999999,,,,,7.13600016,2.4800000,
,,,7.14000034,2.3599999,,,,,7.14000034,2.3999999,,,,,7.14000034,2.6799998,,,,,7.14000034,2.3199999,
,,,7.14400053,2.3999999,,,,,7.14400053,2.4400001,,,,,7.14400053,2.72000003,,,,,7.14400053,2.4800000,
,,,7.14800024,2.3599999,,,,,7.14800024,2.3999999,,,,,7.14800024,2.79999995,,,,,7.14800024,2.4800000,
,,,7.15200043,2.3599999,,,,,7.15200043,2.4400001,,,,,7.15200043,2.79999995,,,,,7.15200043,2.5200000,
,,,7.15600014,2.3999999,,,,,7.15600014,2.4400001,,,,,7.15600014,2.75999999,,,,,7.15600014,2.4400001,
,,,7.16000032,2.3599999,,,,,7.16000032,2.4400001,,,,,7.16000032,2.6799998,,,,,7.16000032,2.3199999,
,,,7.16400051,2.3599999,,,,,7.16400051,2.3999999,,,,,7.16400051,2.87999988,,,,,7.16400051,2.3599999,
,,,7.16800022,2.3599999,,,,,7.16800022,2.3999999,,,,,7.16800022,2.72000003,,,,,7.16800022,2.5200000,
,,,7.17200041,2.3599999,,,,,7.17200041,2.4400001,,,,,7.17200041,2.79999995,,,,,7.17200041,2.3199999,
,,,7.17600012,2.3599999,,,,,7.17600012,2.4400001,,,,,7.17600012,2.79999995,,,,,7.17600012,2.4400001,
,,,7.18000031,2.3599999,,,,,7.18000031,2.4400001,,,,,7.18000031,2.79999995,,,,,7.18000031,2.4400001,
,,,7.18400049,2.3599999,,,,,7.18400049,2.3999999,,,,,7.18400049,2.79999995,,,,,7.18400049,2.5999999,
,,,7.18800020,2.3599999,,,,,7.18800020,2.3999999,,,,,7.18800020,2.87999988,,,,,7.18800020,2.4400001,
,,,7.19200039,2.3599999,,,,,7.19200039,2.3999999,,,,,7.19200039,2.91999984,,,,,7.19200039,2.3199999,
,,,7.19600058,2.3599999,,,,,7.19600058,2.4400001,,,,,7.19600058,2.91999984,,,,,7.19600058,2.3999999,
,,,7.20000029,2.3599999,,,,,7.20000029,2.4400001,,,,,7.20000029,2.79999995,,,,,7.20000029,2.3199999,
,,,7.20400047,2.3599999,,,,,7.20400047,2.4400001,,,,,7.20400047,2.83999991,,,,,7.20400047,2.4800000,
,,,7.20800018,2.3599999,,,,,7.20800018,2.4400001,,,,,7.20800018,2.79999995,,,,,7.20800018,2.5200000,
,,,7.21200037,2.3999999,,,,,7.21200037,2.4800000,,,,,7.21200037,2.75999999,,,,,7.21200037,2.4400001,
,,,7.21600056,2.3599999,,,,,7.21600056,2.4400001,,,,,7.21600056,2.72000003,,,,,7.21600056,2.4400001,
,,,7.22000027,2.3599999,,,,,7.22000027,2.4400001,,,,,7.22000027,2.79999995,,,,,7.22000027,2.4800000,
,,,7.22400045,2.3599999,,,,,7.22400045,2.3999999,,,,,7.22400045,2.79999995,,,,,7.22400045,2.3599999,
,,,7.22800016,2.3599999,,,,,7.22800016,2.4400001,,,,,7.22800016,2.5999999,,,,,7.22800016,2.5200000,
,,,7.23200035,2.3599999,,,,,7.23200035,2.4400001,,,,,7.23200035,2.72000003,,,,,7.23200035,2.4400001,
,,,7.23600054,2.3999999,,,,,7.23600054,2.3999999,,,,,7.23600054,2.6399999,,,,,7.23600054,2.3999999,
,,,7.24000025,2.3599999,,,,,7.24000025,2.4400001,,,,,7.24000025,2.75999999,,,,,7.24000025,2.4400001,
,,,7.24400043,2.3599999,,,,,7.24400043,2.4400001,,,,,7.24400043,2.6799998,,,,,7.24400043,2.3199999,
,,,7.24800014,2.3599999,,,,,7.24800014,2.4400001,,,,,7.24800014,2.79999995,,,,,7.24800014,2.5599999,
,,,7.25200033,2.3599999,,,,,7.25200033,2.4400001,,,,,7.25200033,2.91999984,,,,,7.25200033,2.3999999,
,,,7.25600052,2.3599999,,,,,7.25600052,2.4400001,,,,,7.25600052,2.5999999,,,,,7.25600052,2.3999999,
,,,7.26000023,2.3599999,,,,,7.26000023,2.3999999,,,,,7.26000023,2.72000003,,,,,7.26000023,2.3999999,
,,,7.26400042,2.3599999,,,,,7.26400042,2.4400001,,,,,7.26400042,2.79999995,,,,,7.26400042,2.3599999,
,,,7.26800013,2.3999999,,,,,7.26800013,2.4400001,,,,,7.26800013,2.72000003,,,,,7.26800013,2.5200000,
,,,7.27200031,2.3999999,,,,,7.27200031,2.4800000,,,,,7.27200031,2.72000003,,,,,7.27200031,2.4400001,
,,,7.27600050,2.3599999,,,,,7.27600050,2.4400001,,,,,7.27600050,2.6799998,,,,,7.27600050,2.4400001,
,,,7.28000021,2.3599999,,,,,7.28000021,2.4400001,,,,,7.28000021,2.79999995,,,,,7.28000021,2.3199999,
,,,7.28400040,2.3599999,,,,,7.28400040,2.4400001,,,,,7.28400040,2.72000003,,,,,7.28400040,2.4400001,
,,,7.28800058,2.3599999,,,,,7.28800058,2.3999999,,,,,7.28800058,2.6799998,,,,,7.28800058,2.4800000,
,,,7.29200029,2.3599999,,,,,7.29200029,2.3999999,,,,,7.29200029,2.79999995,,,,,7.29200029,2.3199999,
,,,7.29600048,2.3599999,,,,,7.29600048,2.4400001,,,,,7.29600048,2.79999995,,,,,7.29600048,2.4400001,
,,,7.30000019,2.3599999,,,,,7.30000019,2.4400001,,,,,7.30000019,2.79999995,,,,,7.30000019,2.3999999,
,,,7.30400038,2.3599999,,,,,7.30400038,2.4800000,,,,,7.30400038,2.79999995,,,,,7.30400038,2.4400001,
,,,7.30800056,2.3599999,,,,,7.30800056,2.3999999,,,,,7.30800056,2.72000003,,,,,7.30800056,2.4800000,
,,,7.31200027,2.3599999,,,,,7.31200027,2.3999999,,,,,7.31200027,2.79999995,,,,,7.31200027,2.3599999,
,,,7.31600046,2.3599999,,,,,7.31600046,2.3999999,,,,,7.31600046,2.83999991,,,,,7.31600046,2.4800000,
,,,7.32000017,2.3599999,,,,,7.32000017,2.3999999,,,,,7.32000017,2.79999995,,,,,7.32000017,2.4400001,
,,,7.32400036,2.3599999,,,,,7.32400036,2.4400001,,,,,7.32400036,2.72000003,,,,,7.32400036,2.4400001,
,,,7.32800055,2.3599999,,,,,7.32800055,2.4400001,,,,,7.32800055,2.79999995,,,,,7.32800055,2.5999999,
,,,7.33200026,2.3599999,,,,,7.33200026,2.3999999,,,,,7.33200026,2.75999999,,,,,7.33200026,2.4400001,
,,,7.33600044,2.3599999,,,,,7.33600044,2.3999999,,,,,7.33600044,3.11999989,,,,,7.33600044,0.0,
,,,7.34000015,2.3599999,,,,,7.34000015,2.3999999,,,,,7.34000015,2.79999995,,,,,7.34000015,2.5200000,
,,,7.34400034,2.3599999,,,,,7.34400034,2.3999999,,,,,7.34400034,2.5599999,,,,,7.34400034,2.6799998,
,,,7.34800053,2.3599999,,,,,7.34800053,2.4400001,,,,,7.34800053,2.79999995,,,,,7.34800053,2.79999995,
,,,7.35200024,2.3599999,,,,,7.35200024,2.3999999,,,,,7.35200024,2.6799998,,,,,7.35200024,2.5200000,
,,,7.35600042,2.3599999,,,,,7.35600042,2.3999999,,,,,7.35600042,2.6399999,,,,,7.35600042,2.6399999,
,,,7.36000013,2.3599999,,,,,7.36000013,2.3999999,,,,,7.36000013,2.6799998,,,,,7.36000013,2.72000003,
,,,7.36400032,2.3999999,,,,,7.36400032,2.3999999,,,,,7.36400032,2.6799998,,,,,7.36400032,2.79999995,
,,,7.36800051,2.3599999,,,,,7.36800051,2.4400001,,,,,7.36800051,2.75999999,,,,,7.36800051,2.6399999,
,,,7.37200022,2.3599999,,,,,7.37200022,2.4800000,,,,,7.37200022,2.75999999,,,,,7.37200022,2.5599999,
,,,7.37600040,2.3599999,,,,,7.37600040,2.3999999,,,,,7.37600040,2.83999991,,,,,7.37600040,2.6399999,
,,,7.38000011,2.3599999,,,,,7.38000011,2.4400001,,,,,7.38000011,2.79999995,,,,,7.38000011,2.5599999,
,,,7.38400030,2.3599999,,,,,7.38400030,2.3999999,,,,,7.38400030,2.79999995,,,,,7.38400030,2.6799998,
,,,7.38800049,2.3599999,,,,,7.38800049,2.3999999,,,,,7.38800049,2.6799998,,,,,7.38800049,2.6399999,
,,,7.392000198,2.3599999,,,,,7.392000198,2.3599999,,,,,7.392000198,2.6399999,,,,,7.392000198,2.5999999,
,,,7.396000385,2.3599999,,,,,7.396000385,2.3999999,,,,,7.396000385,2.72000003,,,,,7.396000385,2.5599999,
,,,7.400000572,2.3999999,,,,,7.400000572,2.4400001,,,,,7.400000572,2.87999988,,,,,7.400000572,2.5200000,
,,,7.404000282,2.3599999,,,,,7.404000282,2.3999999,,,,,7.404000282,2.6399999,,,,,7.404000282,2.72000003,
,,,7.408000469,2.3599999,,,,,7.408000469,2.4400001,,,,,7.408000469,2.79999995,,,,,7.408000469,2.5999999,
,,,7.412000179,2.3599999,,,,,7.412000179,2.3999999,,,,,7.412000179,2.72000003,,,,,7.412000179,2.4800000,
,,,7.416000366,2.3599999,,,,,7.416000366,2.4400001,,,,,7.416000366,2.75999999,,,,,7.416000366,2.5599999,
,,,7.420000553,2.3599999,,,,,7.420000553,2.3999999,,,,,7.420000553,2.83999991,,,,,7.420000553,2.5999999,
,,,7.424000263,2.3599999,,,,,7.424000263,2.3999999,,,,,7.424000263,2.6799998,,,,,7.424000263,2.5999999,
,,,7.428000450,2.3599999,,,,,7.428000450,2.3999999,,,,,7.428000450,2.83999991,,,,,7.428000450,2.5599999,
,,,7.432000160,2.3599999,,,,,7.432000160,2.4400001,,,,,7.432000160,2.6399999,,,,,7.432000160,2.5200000,
,,,7.436000347,2.3599999,,,,,7.436000347,2.3999999,,,,,7.436000347,2.83999991,,,,,7.436000347,2.4800000,
,,,7.440000534,2.3599999,,,,,7.440000534,2.4400001,,,,,7.440000534,2.79999995,,,,,7.440000534,2.4800000,
,,,7.444000244,2.3599999,,,,,7.444000244,2.4400001,,,,,7.444000244,2.79999995,,,,,7.444000244,2.4800000,
,,,7.448000431,2.3599999,,,,,7.448000431,2.4400001,,,,,7.448000431,2.75999999,,,,,7.448000431,2.4800000,
,,,7.452000141,2.3599999,,,,,7.452000141,2.4400001,,,,,7.452000141,2.6799998,,,,,7.452000141,2.5200000,
,,,7.456000328,2.3599999,,,,,7.456000328,2.4400001,,,,,7.456000328,2.6399999,,,,,7.456000328,2.4800000,
,,,7.460000515,2.3599999,,,,,7.460000515,2.3999999,,,,,7.460000515,2.72000003,,,,,7.460000515,2.5599999,
,,,7.464000225,2.3599999,,,,,7.464000225,2.3999999,,,,,7.464000225,2.87999988,,,,,7.464000225,2.5599999,
,,,7.468000412,2.3599999,,,,,7.468000412,2.4400001,,,,,7.468000412,2.6399999,,,,,7.468000412,2.4400001,
,,,7.472000122,2.3599999,,,,,7.472000122,2.3999999,,,,,7.472000122,2.6799998,,,,,7.472000122,2.3999999,
,,,7.476000309,2.3599999,,,,,7.476000309,2.3999999,,,,,7.476000309,2.83999991,,,,,7.476000309,2.4400001,
,,,7.480000496,2.3599999,,,,,7.480000496,2.4400001,,,,,7.480000496,2.91999984,,,,,7.480000496,2.4800000,
,,,7.484000206,2.3599999,,,,,7.484000206,2.4400001,,,,,7.484000206,2.72000003,,,,,7.484000206,2.4400001,
,,,7.488000393,2.3599999,,,,,7.488000393,2.4400001,,,,,7.488000393,2.6799998,,,,,7.488000393,2.5200000,
,,,7.492000580,2.3599999,,,,,7.492000580,2.3999999,,,,,7.492000580,2.79999995,,,,,7.492000580,2.4800000,
,,,7.496000290,2.3599999,,,,,7.496000290,2.4400001,,,,,7.496000290,2.6799998,,,,,7.496000290,3.00000000,
,,,7.500000477,2.3599999,,,,,7.500000477,2.3999999,,,,,7.500000477,2.87999988,,,,,7.500000477,2.4800000,
,,,7.504000187,2.3599999,,,,,7.504000187,2.4400001,,,,,7.504000187,2.6799998,,,,,7.504000187,2.4800000,
,,,7.508000374,2.3599999,,,,,7.508000374,2.3999999,,,,,7.508000374,2.72000003,,,,,7.508000374,2.75999999,
,,,7.512000561,2.3599999,,,,,7.512000561,2.3999999,,,,,7.512000561,2.72000003,,,,,7.512000561,2.3599999,
,,,7.516000271,2.3599999,,,,,7.516000271,2.4400001,,,,,7.516000271,2.6399999,,,,,7.516000271,2.3599999,
,,,7.520000458,2.3599999,,,,,7.520000458,2.4400001,,,,,7.520000458,2.5999999,,,,,7.520000458,2.4800000,
,,,7.524000168,2.3599999,,,,,7.524000168,2.4400001,,,,,7.524000168,2.75999999,,,,,7.524000168,2.4400001,
,,,7.528000355,2.3599999,,,,,7.528000355,2.4400001,,,,,7.528000355,2.6399999,,,,,7.528000355,2.4800000,
,,,7.532000542,2.3599999,,,,,7.532000542,2.4400001,,,,,7.532000542,2.5999999,,,,,7.532000542,2.4400001,
,,,7.536000252,2.3599999,,,,,7.536000252,2.4400001,,,,,7.536000252,2.83999991,,,,,7.536000252,2.5200000,
,,,7.540000439,2.3999999,,,,,7.540000439,2.4400001,,,,,7.540000439,2.75999999,,,,,7.540000439,2.4800000,
,,,7.544000149,2.3599999,,,,,7.544000149,2.3999999,,,,,7.544000149,2.79999995,,,,,7.544000149,2.4400001,
,,,7.548000336,2.3599999,,,,,7.548000336,2.3999999,,,,,7.548000336,2.83999991,,,,,7.548000336,2.5999999,
,,,7.552000523,2.3599999,,,,,7.552000523,2.4400001,,,,,7.552000523,2.75999999,,,,,7.552000523,2.4800000,
,,,7.556000233,2.3599999,,,,,7.556000233,2.3999999,,,,,7.556000233,2.5999999,,,,,7.556000233,2.4400001,
,,,7.560000420,2.3599999,,,,,7.560000420,2.4400001,,,,,7.560000420,2.72000003,,,,,7.560000420,2.4400001,
,,,7.564000130,2.3599999,,,,,7.564000130,2.4400001,,,,,7.564000130,2.6799998,,,,,7.564000130,2.4400001,
,,,7.568000317,2.3599999,,,,,7.568000317,2.4400001,,,,,7.568000317,2.6399999,,,,,7.568000317,2.4400001,
,,,7.572000504,2.3599999,,,,,7.572000504,2.4400001,,,,,7.572000504,2.72000003,,,,,7.572000504,2.3599999,
,,,7.576000214,2.3599999,,,,,7.576000214,2.3999999,,,,,7.576000214,2.5999999,,,,,7.576000214,2.3999999,
,,,7.580000401,2.3599999,,,,,7.580000401,2.3999999,,,,,7.580000401,2.6399999,,,,,7.580000401,2.4400001,
,,,7.584000587,2.3599999,,,,,7.584000587,2.3999999,,,,,7.584000587,2.5999999,,,,,7.584000587,2.4800000,
,,,7.588000298,2.3599999,,,,,7.588000298,2.4400001,,,,,7.588000298,2.6399999,,,,,7.588000298,2.5599999,
,,,7.592000484,2.3599999,,,,,7.592000484,2.4400001,,,,,7.592000484,2.72000003,,,,,7.592000484,2.4800000,
,,,7.596000195,2.3599999,,,,,7.596000195,2.4400001,,,,,7.596000195,2.72000003,,,,,7.596000195,2.3999999,
,,,7.600000381,2.3599999,,,,,7.600000381,2.4400001,,,,,7.600000381,2.6399999,,,,,7.600000381,2.4800000,
,,,7.604000568,2.3599999,,,,,7.604000568,2.3999999,,,,,7.604000568,2.79999995,,,,,7.604000568,2.4800000,
,,,7.608000278,2.3599999,,,,,7.608000278,2.4400001,,,,,7.608000278,2.5999999,,,,,7.608000278,2.5599999,
,,,7.612000465,2.3599999,,,,,7.612000465,2.4400001,,,,,7.612000465,2.75999999,,,,,7.612000465,2.5599999,
,,,7.616000175,2.3599999,,,,,7.616000175,2.4400001,,,,,7.616000175,2.5599999,,,,,7.616000175,2.3599999,
,,,7.620000362,2.3599999,,,,,7.620000362,2.3999999,,,,,7.620000362,2.72000003,,,,,7.620000362,2.4400001,
,,,7.624000549,2.3599999,,,,,7.624000549,2.4400001,,,,,7.624000549,2.6799998,,,,,7.624000549,2.4400001,
,,,7.628000259,2.3599999,,,,,7.628000259,2.3999999,,,,,7.628000259,2.75999999,,,,,7.628000259,2.4800000,
,,,7.632000446,2.3599999,,,,,7.632000446,2.3999999,,,,,7.632000446,2.87999988,,,,,7.632000446,2.3599999,
,,,7.636000156,2.3599999,,,,,7.636000156,2.3999999,,,,,7.636000156,2.75999999,,,,,7.636000156,2.4800000,
,,,7.640000343,2.3599999,,,,,7.640000343,2.3999999,,,,,7.640000343,2.79999995,,,,,7.640000343,2.5999999,
,,,7.644000530,2.3599999,,,,,7.644000530,2.3999999,,,,,7.644000530,2.91999984,,,,,7.644000530,2.4400001,
,,,7.648000240,2.3599999,,,,,7.648000240,2.4400001,,,,,7.648000240,2.6399999,,,,,7.648000240,2.4400001,
,,,7.652000427,2.3599999,,,,,7.652000427,2.3999999,,,,,7.652000427,2.75999999,,,,,7.652000427,2.4400001,
,,,7.656000137,2.3599999,,,,,7.656000137,2.3999999,,,,,7.656000137,2.79999995,,,,,7.656000137,2.4400001,
,,,7.660000324,2.3599999,,,,,7.660000324,2.4400001,,,,,7.660000324,2.83999991,,,,,7.660000324,2.3199999,
,,,7.664000511,2.3599999,,,,,7.664000511,2.3999999,,,,,7.664000511,2.72000003,,,,,7.664000511,2.4400001,
,,,7.668000221,2.3599999,,,,,7.668000221,2.4400001,,,,,7.668000221,2.75999999,,,,,7.668000221,2.4400001,
,,,7.672000408,2.3599999,,,,,7.672000408,2.4400001,,,,,7.672000408,2.79999995,,,,,7.672000408,2.3599999,
,,,7.676000595,2.3599999,,,,,7.676000595,2.3999999,,,,,7.676000595,2.79999995,,,,,7.676000595,2.4400001,
,,,7.680000305,2.3999999,,,,,7.680000305,2.4400001,,,,,7.680000305,2.87999988,,,,,7.680000305,2.3999999,
,,,7.684000492,2.3599999,,,,,7.684000492,2.3999999,,,,,7.684000492,2.79999995,,,,,7.684000492,2.3999999,
,,,7.688000202,2.3599999,,,,,7.688000202,2.3999999,,,,,7.688000202,2.75999999,,,,,7.688000202,2.4400001,
,,,7.692000389,2.3599999,,,,,7.692000389,2.3999999,,,,,7.692000389,2.72000003,,,,,7.692000389,2.4400001,
,,,7.696000576,2.3599999,,,,,7.696000576,2.4400001,,,,,7.696000576,2.6399999,,,,,7.696000576,2.3999999,
,,,7.700000286,2.3999999,,,,,7.700000286,2.3999999,,,,,7.700000286,2.75999999,,,,,7.700000286,2.4400001,
,,,7.704000473,2.3599999,,,,,7.704000473,2.3999999,,,,,7.704000473,2.83999991,,,,,7.704000473,2.4400001,
,,,7.708000183,2.3999999,,,,,7.708000183,2.4400001,,,,,7.708000183,2.91999984,,,,,7.708000183,2.4400001,
,,,7.712000370,2.3599999,,,,,7.712000370,2.3999999,,,,,7.712000370,2.6799998,,,,,7.712000370,2.5999999,
,,,7.716000557,2.3599999,,,,,7.716000557,2.4400001,,,,,7.716000557,2.72000003,,,,,7.716000557,2.5200000,
,,,7.720000267,2.3599999,,,,,7.720000267,2.3999999,,,,,7.720000267,2.6399999,,,,,7.720000267,2.3599999,
,,,7.724000454,2.3599999,,,,,7.724000454,2.3999999,,,,,7.724000454,2.91999984,,,,,7.724000454,2.5200000,
,,,7.728000164,2.3999999,,,,,7.728000164,2.4400001,,,,,7.728000164,2.83999991,,,,,7.728000164,2.4400001,
,,,7.732000351,2.3599999,,,,,7.732000351,2.3999999,,,,,7.732000351,2.72000003,,,,,7.732000351,2.4800000,
,,,7.736000538,2.3599999,,,,,7.736000538,2.3999999,,,,,7.736000538,2.72000003,,,,,7.736000538,2.3999999,
,,,7.740000248,2.3599999,,,,,7.740000248,2.4400001,,,,,7.740000248,2.79999995,,,,,7.740000248,2.3199999,
,,,7.744000435,2.3599999,,,,,7.744000435,2.3999999,,,,,7.744000435,2.79999995,,,,,7.744000435,2.3199999,
,,,7.748000145,2.3599999,,,,,7.748000145,2.3999999,,,,,7.748000145,2.72000003,,,,,7.748000145,2.4400001,
,,,7.752000332,2.3599999,,,,,7.752000332,2.4400001,,,,,7.752000332,2.83999991,,,,,7.752000332,2.3199999,
,,,7.756000519,2.3599999,,,,,7.756000519,2.3999999,,,,,7.756000519,2.87999988,,,,,7.756000519,2.2800000,
,,,7.760000229,2.3599999,,,,,7.760000229,2.3999999,,,,,7.760000229,2.6399999,,,,,7.760000229,2.3599999,
,,,7.764000416,2.3599999,,,,,7.764000416,2.3999999,,,,,7.764000416,2.87999988,,,,,7.764000416,2.6799998,
,,,7.768000603,2.3999999,,,,,7.768000603,2.4400001,,,,,7.768000603,2.6399999,,,,,7.768000603,2.3999999,
,,,7.772000313,2.3599999,,,,,7.772000313,2.3999999,,,,,7.772000313,2.72000003,,,,,7.772000313,2.4800000,
,,,7.776000500,2.3599999,,,,,7.776000500,2.3999999,,,,,7.776000500,2.83999991,,,,,7.776000500,2.2800000,
,,,7.780000210,2.3599999,,,,,7.780000210,2.4400001,,,,,7.780000210,2.6399999,,,,,7.780000210,2.2400000,
,,,7.784000397,2.3599999,,,,,7.784000397,2.3999999,,,,,7.784000397,2.79999995,,,,,7.784000397,2.4400001,
,,,7.788000584,2.3599999,,,,,7.788000584,2.3999999,,,,,7.788000584,2.75999999,,,,,7.788000584,2.4400001,
,,,7.792000294,2.3599999,,,,,7.792000294,2.4400001,,,,,7.792000294,2.83999991,,,,,7.792000294,2.3199999,
,,,7.796000481,2.3599999,,,,,7.796000481,2.3999999,,,,,7.796000481,2.83999991,,,,,7.796000481,2.2800000,
,,,7.800000191,2.3599999,,,,,7.800000191,2.4400001,,,,,7.800000191,2.96000004,,,,,7.800000191,2.3599999,
,,,7.804000378,2.3599999,,,,,7.804000378,2.3999999,,,,,7.804000378,2.75999999,,,,,7.804000378,2.5999999,
,,,7.808000565,2.3599999,,,,,7.808000565,2.3999999,,,,,7.808000565,2.79999995,,,,,7.808000565,2.3599999,
,,,7.812000275,2.3599999,,,,,7.812000275,2.3999999,,,,,7.812000275,2.75999999,,,,,7.812000275,2.2800000,
,,,7.816000462,2.3599999,,,,,7.816000462,2.3999999,,,,,7.816000462,2.6399999,,,,,7.816000462,2.3199999,
,,,7.820000172,2.3599999,,,,,7.820000172,2.3999999,,,,,7.820000172,2.83999991,,,,,7.820000172,2.4400001,
,,,7.824000359,2.3599999,,,,,7.824000359,2.3999999,,,,,7.824000359,2.79999995,,,,,7.824000359,2.3599999,
,,,7.828000546,2.3999999,,,,,7.828000546,2.3999999,,,,,7.828000546,2.72000003,,,,,7.828000546,2.4800000,
,,,7.832000256,2.3599999,,,,,7.832000256,2.3999999,,,,,7.832000256,2.75999999,,,,,7.832000256,2.3199999,
,,,7.836000443,2.3599999,,,,,7.836000443,2.3999999,,,,,7.836000443,2.72000003,,,,,7.836000443,2.3199999,
,,,7.840000153,2.3599999,,,,,7.840000153,2.3999999,,,,,7.840000153,2.83999991,,,,,7.840000153,2.3999999,
,,,7.844000340,2.3599999,,,,,7.844000340,2.3599999,,,,,7.844000340,2.75999999,,,,,7.844000340,2.3999999,
,,,7.848000526,2.3599999,,,,,7.848000526,2.3999999,,,,,7.848000526,2.79999995,,,,,7.848000526,2.4800000,
,,,7.852000237,2.3599999,,,,,7.852000237,2.3999999,,,,,7.852000237,2.75999999,,,,,7.852000237,2.3199999,
,,,7.856000423,2.3599999,,,,,7.856000423,2.3999999,,,,,7.856000423,2.79999995,,,,,7.856000423,2.3199999,
,,,7.860000610,2.3599999,,,,,7.860000610,2.3999999,,,,,7.860000610,2.75999999,,,,,7.860000610,2.3199999,
,,,7.864000320,2.3599999,,,,,7.864000320,2.4400001,,,,,7.864000320,2.72000003,,,,,7.864000320,2.4400001,
,,,7.868000507,2.3599999,,,,,7.868000507,2.3999999,,,,,7.868000507,2.75999999,,,,,7.868000507,2.4400001,
,,,7.872000217,2.3599999,,,,,7.872000217,2.4400001,,,,,7.872000217,2.79999995,,,,,7.872000217,2.3199999,
,,,7.876000404,2.3599999,,,,,7.876000404,2.4400001,,,,,7.876000404,2.6399999,,,,,7.876000404,2.3199999,
,,,7.880000591,2.3599999,,,,,7.880000591,2.3999999,,,,,7.880000591,2.75999999,,,,,7.880000591,2.4400001,
,,,7.884000301,2.3599999,,,,,7.884000301,2.3999999,,,,,7.884000301,2.72000003,,,,,7.884000301,2.4400001,
,,,7.888000488,2.3599999,,,,,7.888000488,2.3999999,,,,,7.888000488,2.72000003,,,,,7.888000488,2.3999999,
,,,7.892000198,2.3599999,,,,,7.892000198,2.3999999,,,,,7.892000198,2.87999988,,,,,7.892000198,2.3999999,
,,,7.896000385,2.3599999,,,,,7.896000385,2.3999999,,,,,7.896000385,2.79999995,,,,,7.896000385,2.3199999,
,,,7.900000572,2.3599999,,,,,7.900000572,2.4400001,,,,,7.900000572,2.83999991,,,,,7.900000572,2.3999999,
,,,7.904000282,2.3599999,,,,,7.904000282,2.3999999,,,,,7.904000282,2.72000003,,,,,7.904000282,2.4400001,
,,,7.908000469,2.3599999,,,,,7.908000469,2.3999999,,,,,7.908000469,2.75999999,,,,,7.908000469,2.4400001,
,,,7.912000179,2.3599999,,,,,7.912000179,2.3999999,,,,,7.912000179,2.6799998,,,,,7.912000179,2.3599999,
,,,7.916000366,2.3599999,,,,,7.916000366,2.4400001,,,,,7.916000366,2.75999999,,,,,7.916000366,2.2800000,
,,,7.920000553,2.3599999,,,,,7.920000553,2.3999999,,,,,7.920000553,2.91999984,,,,,7.920000553,2.3599999,
,,,7.924000263,2.3599999,,,,,7.924000263,2.3999999,,,,,7.924000263,2.6799998,,,,,7.924000263,2.3199999,
,,,7.928000450,2.3599999,,,,,7.928000450,2.3999999,,,,,7.928000450,2.6799998,,,,,7.928000450,2.3999999,
,,,7.932000160,2.3599999,,,,,7.932000160,2.4800000,,,,,7.932000160,2.6399999,,,,,7.932000160,2.2800000,
,,,7.936000347,2.3599999,,,,,7.936000347,2.3999999,,,,,7.936000347,2.87999988,,,,,7.936000347,2.3999999,
,,,7.940000534,2.3599999,,,,,7.940000534,2.3999999,,,,,7.940000534,2.83999991,,,,,7.940000534,2.3599999,
,,,7.944000244,2.3599999,,,,,7.944000244,2.3999999,,,,,7.944000244,2.79999995,,,,,7.944000244,2.3999999,
,,,7.948000431,2.3599999,,,,,7.948000431,2.4400001,,,,,7.948000431,2.75999999,,,,,7.948000431,2.4400001,
,,,7.952000141,2.3599999,,,,,7.952000141,2.4400001,,,,,7.952000141,2.6399999,,,,,7.952000141,2.4400001,
,,,7.956000328,2.3999999,,,,,7.956000328,2.3999999,,,,,7.956000328,2.75999999,,,,,7.956000328,2.3599999,
,,,7.960000515,2.3599999,,,,,7.960000515,2.4400001,,,,,7.960000515,2.75999999,,,,,7.960000515,2.3199999,
,,,7.964000225,2.3599999,,,,,7.964000225,2.3999999,,,,,7.964000225,2.6799998,,,,,7.964000225,2.3999999,
,,,7.968000412,2.3999999,,,,,7.968000412,2.3999999,,,,,7.968000412,2.5599999,,,,,7.968000412,2.3599999,
,,,7.972000599,2.3999999,,,,,7.972000599,2.4400001,,,,,7.972000599,2.72000003,,,,,7.972000599,2.2400000,
,,,7.976000309,2.3599999,,,,,7.976000309,2.4400001,,,,,7.976000309,2.6399999,,,,,7.976000309,2.3199999,
,,,7.980000496,2.3599999,,,,,7.980000496,2.3999999,,,,,7.980000496,2.72000003,,,,,7.980000496,2.3199999,
,,,7.984000206,2.3599999,,,,,7.984000206,2.4400001,,,,,7.984000206,2.6799998,,,,,7.984000206,2.4400001,
,,,7.988000393,2.3599999,,,,,7.988000393,2.4400001,,,,,7.988000393,2.6399999,,,,,7.988000393,2.4800000,
,,,7.992000580,2.3599999,,,,,7.992000580,2.4400001,,,,,7.992000580,2.72000003,,,,,7.992000580,2.3999999,
,,,7.996000290,2.3599999,,,,,7.996000290,2.4400001,,,,,7.996000290,2.6399999,,,,,7.996000290,3.03999996,
,,,8.000000000,2.3599999,,,,,8.000000000,2.4400001,,,,,8.000000000,2.72000003,,,,,8.000000000,2.3999999,
,,,8.004000664,2.3599999,,,,,8.004000664,2.4400001,,,,,8.004000664,2.6799998,,,,,8.004000664,2.4400001,
,,,8.008000374,2.3599999,,,,,8.008000374,2.4400001,,,,,8.008000374,2.72000003,,,,,8.008000374,2.4400001,
,,,8.012000084,2.3599999,,,,,8.012000084,2.3999999,,,,,8.012000084,2.5599999,,,,,8.012000084,2.4400001,
,,,8.016000748,2.3599999,,,,,8.016000748,2.4400001,,,,,8.016000748,2.87999988,,,,,8.016000748,2.3999999,
,,,8.020000458,2.3599999,,,,,8.020000458,2.4400001,,,,,8.020000458,2.75999999,,,,,8.020000458,2.3199999,
,,,8.024000168,2.3599999,,,,,8.024000168,2.4400001,,,,,8.024000168,2.72000003,,,,,8.024000168,2.3999999,
,,,8.028000832,2.3599999,,,,,8.028000832,2.3999999,,,,,8.028000832,2.6399999,,,,,8.028000832,2.4400001,
,,,8.032000542,2.3599999,,,,,8.032000542,2.3999999,,,,,8.032000542,2.6399999,,,,,8.032000542,2.3999999,
,,,8.036000252,2.3599999,,,,,8.036000252,2.4400001,,,,,8.036000252,2.5999999,,,,,8.036000252,2.3199999,
,,,8.039999962,2.3599999,,,,,8.039999962,2.4400001,,,,,8.039999962,2.79999995,,,,,8.039999962,2.3199999,
,,,8.044000626,2.3599999,,,,,8.044000626,2.4400001,,,,,8.044000626,2.5999999,,,,,8.044000626,2.3999999,
,,,8.048000336,2.3599999,,,,,8.048000336,2.4400001,,,,,8.048000336,2.72000003,,,,,8.048000336,2.5200000,
,,,8.052000046,2.3599999,,,,,8.052000046,2.3999999,,,,,8.052000046,2.79999995,,,,,8.052000046,2.3599999,
,,,8.056000710,2.3599999,,,,,8.056000710,2.4400001,,,,,8.056000710,2.72000003,,,,,8.056000710,2.4800000,
,,,8.060000420,2.3599999,,,,,8.060000420,2.4400001,,,,,8.060000420,2.6399999,,,,,8.060000420,2.4400001,
,,,8.064000130,2.3599999,,,,,8.064000130,2.4400001,,,,,8.064000130,2.5999999,,,,,8.064000130,2.3999999,
,,,8.068000793,2.3599999,,,,,8.068000793,2.4400001,,,,,8.068000793,2.83999991,,,,,8.068000793,2.3599999,
,,,8.072000504,2.3999999,,,,,8.072000504,2.3999999,,,,,8.072000504,2.5599999,,,,,8.072000504,2.3599999,
,,,8.076000214,2.3599999,,,,,8.076000214,2.4400001,,,,,8.076000214,2.72000003,,,,,8.076000214,2.3199999,
,,,8.079999924,2.3599999,,,,,8.079999924,2.3999999,,,,,8.079999924,2.6799998,,,,,8.079999924,2.3199999,
,,,8.084000587,2.3599999,,,,,8.084000587,2.4400001,,,,,8.084000587,2.75999999,,,,,8.084000587,2.3199999,
,,,8.088000298,2.3599999,,,,,8.088000298,2.4400001,,,,,8.088000298,2.72000003,,,,,8.088000298,2.3999999,
,,,8.092000008,2.3599999,,,,,8.092000008,2.3999999,,,,,8.092000008,2.75999999,,,,,8.092000008,2.3199999,
,,,8.096000671,2.3599999,,,,,8.096000671,2.3999999,,,,,8.096000671,2.6399999,,,,,8.096000671,2.3999999,
,,,8.100000381,2.3599999,,,,,8.100000381,2.4400001,,,,,8.100000381,2.79999995,,,,,8.100000381,2.3599999,
,,,8.104000092,2.3599999,,,,,8.104000092,2.4400001,,,,,8.104000092,2.6799998,,,,,8.104000092,2.4800000,
,,,8.108000755,2.3999999,,,,,8.108000755,2.4400001,,,,,8.108000755,2.72000003,,,,,8.108000755,2.4400001,
,,,8.112000465,2.3199999,,,,,8.112000465,2.4400001,,,,,8.112000465,2.79999995,,,,,8.112000465,2.5200000,
,,,8.116000175,2.3599999,,,,,8.116000175,2.4400001,,,,,8.116000175,2.72000003,,,,,8.116000175,2.2400000,
,,,8.120000839,2.3599999,,,,,8.120000839,2.4400001,,,,,8.120000839,2.75999999,,,,,8.120000839,2.3599999,
,,,8.124000549,2.3599999,,,,,8.124000549,2.3999999,,,,,8.124000549,2.83999991,,,,,8.124000549,2.3199999,
,,,8.128000259,2.3599999,,,,,8.128000259,2.4400001,,,,,8.128000259,2.5999999,,,,,8.128000259,2.3999999,
,,,8.131999969,2.3199999,,,,,8.131999969,2.3999999,,,,,8.131999969,2.87999988,,,,,8.131999969,2.3999999,
,,,8.136000633,2.3599999,,,,,8.136000633,2.4400001,,,,,8.136000633,2.83999991,,,,,8.136000633,2.2800000,
,,,8.140000343,2.3599999,,,,,8.140000343,2.4400001,,,,,8.140000343,2.79999995,,,,,8.140000343,2.4400001,
,,,8.144000053,2.3599999,,,,,8.144000053,2.4400001,,,,,8.144000053,2.79999995,,,,,8.144000053,2.4400001,
,,,8.148000717,2.3599999,,,,,8.148000717,2.4400001,,,,,8.148000717,2.87999988,,,,,8.148000717,2.3999999,
,,,8.152000427,2.3599999,,,,,8.152000427,2.4400001,,,,,8.152000427,2.91999984,,,,,8.152000427,2.3599999,
,,,8.156000137,2.3599999,,,,,8.156000137,2.4400001,,,,,8.156000137,2.72000003,,,,,8.156000137,2.3599999,
,,,8.160000801,2.3599999,,,,,8.160000801,2.4400001,,,,,8.160000801,2.72000003,,,,,8.160000801,2.3599999,
,,,8.164000511,2.3599999,,,,,8.164000511,2.3999999,,,,,8.164000511,2.91999984,,,,,8.164000511,2.2800000,
,,,8.168000221,2.3599999,,,,,8.168000221,2.4400001,,,,,8.168000221,2.75999999,,,,,8.168000221,2.4800000,
,,,8.171999931,2.3599999,,,,,8.171999931,2.3999999,,,,,8.171999931,2.83999991,,,,,8.171999931,2.5200000,
,,,8.176000595,2.3599999,,,,,8.176000595,2.4400001,,,,,8.176000595,2.5599999,,,,,8.176000595,2.3999999,
,,,8.180000305,2.3599999,,,,,8.180000305,2.4400001,,,,,8.180000305,2.79999995,,,,,8.180000305,2.3599999,
,,,8.184000015,2.3599999,,,,,8.184000015,2.4400001,,,,,8.184000015,2.75999999,,,,,8.184000015,2.3999999,
,,,8.188000679,2.3599999,,,,,8.188000679,2.4400001,,,,,8.188000679,2.87999988,,,,,8.188000679,2.4400001,
,,,8.192000389,2.3599999,,,,,8.192000389,2.4400001,,,,,8.192000389,2.79999995,,,,,8.192000389,2.3999999,
,,,8.196000099,2.3599999,,,,,8.196000099,2.3999999,,,,,8.196000099,2.87999988,,,,,8.196000099,2.3999999,
,,,8.200000763,2.3599999,,,,,8.200000763,2.4400001,,,,,8.200000763,2.79999995,,,,,8.200000763,2.3599999,
,,,8.204000473,2.3599999,,,,,8.204000473,2.4400001,,,,,8.204000473,2.72000003,,,,,8.204000473,2.3199999,
,,,8.208000183,2.3599999,,,,,8.208000183,2.4400001,,,,,8.208000183,2.75999999,,,,,8.208000183,2.3999999,
,,,8.212000847,2.3599999,,,,,8.212000847,2.4400001,,,,,8.212000847,2.6799998,,,,,8.212000847,2.4800000,
,,,8.216000557,2.3599999,,,,,8.216000557,2.4400001,,,,,8.216000557,2.72000003,,,,,8.216000557,2.3199999,
,,,8.220000267,2.3599999,,,,,8.220000267,2.4400001,,,,,8.220000267,2.72000003,,,,,8.220000267,2.3599999,
,,,8.223999977,2.3599999,,,,,8.223999977,2.4400001,,,,,8.223999977,2.6799998,,,,,8.223999977,2.4400001,
,,,8.228000641,2.3999999,,,,,8.228000641,2.4400001,,,,,8.228000641,2.75999999,,,,,8.228000641,2.4400001,
,,,8.232000351,2.3599999,,,,,8.232000351,2.3999999,,,,,8.232000351,2.6399999,,,,,8.232000351,2.3199999,
,,,8.236000061,2.3599999,,,,,8.236000061,2.4400001,,,,,8.236000061,2.79999995,,,,,8.236000061,2.3999999,
,,,8.240000725,2.3599999,,,,,8.240000725,2.4400001,,,,,8.240000725,2.75999999,,,,,8.240000725,2.4400001,
,,,8.244000435,2.3599999,,,,,8.244000435,2.4400001,,,,,8.244000435,2.6399999,,,,,8.244000435,2.2800000,
,,,8.248000145,2.3599999,,,,,8.248000145,2.4400001,,,,,8.248000145,2.6799998,,,,,8.248000145,2.4400001,
,,,8.252000809,2.3599999,,,,,8.252000809,2.4400001,,,,,8.252000809,2.79999995,,,,,8.252000809,2.3599999,
,,,8.256000519,2.3599999,,,,,8.256000519,2.4400001,,,,,8.256000519,2.72000003,,,,,8.256000519,2.3199999,
,,,8.260000229,2.3599999,,,,,8.260000229,2.3999999,,,,,8.260000229,2.72000003,,,,,8.260000229,2.3599999,
,,,8.263999939,2.3999999,,,,,8.263999939,2.4400001,,,,,8.263999939,2.91999984,,,,,8.263999939,2.3199999,
,,,8.268000603,2.3599999,,,,,8.268000603,2.3999999,,,,,8.268000603,2.75999999,,,,,8.268000603,2.4400001,
,,,8.272000313,2.3599999,,,,,8.272000313,2.3599999,,,,,8.272000313,2.79999995,,,,,8.272000313,2.4800000,
,,,8.276000023,2.3599999,,,,,8.276000023,2.3999999,,,,,8.276000023,2.79999995,,,,,8.276000023,2.2800000,
,,,8.280000687,2.3599999,,,,,8.280000687,2.3999999,,,,,8.280000687,2.83999991,,,,,8.280000687,2.3999999,
,,,8.284000397,2.3599999,,,,,8.284000397,2.4400001,,,,,8.284000397,2.72000003,,,,,8.284000397,2.3599999,
,,,8.288000107,2.3599999,,,,,8.288000107,2.3999999,,,,,8.288000107,2.87999988,,,,,8.288000107,2.4800000,
,,,8.292000771,2.3999999,,,,,8.292000771,2.3999999,,,,,8.292000771,2.79999995,,,,,8.292000771,2.4400001,
,,,8.296000481,2.3599999,,,,,8.296000481,2.3999999,,,,,8.296000481,2.83999991,,,,,8.296000481,2.4400001,
,,,8.300000191,2.3999999,,,,,8.300000191,2.3999999,,,,,8.300000191,2.83999991,,,,,8.300000191,2.4400001,
,,,8.304000854,2.3999999,,,,,8.304000854,2.3999999,,,,,8.304000854,2.87999988,,,,,8.304000854,2.4400001,
,,,8.308000565,2.3599999,,,,,8.308000565,2.5200000,,,,,8.308000565,2.75999999,,,,,8.308000565,2.4800000,
,,,8.312000275,2.3599999,,,,,8.312000275,2.4400001,,,,,8.312000275,2.83999991,,,,,8.312000275,2.3999999,
,,,8.315999985,2.3599999,,,,,8.315999985,2.3999999,,,,,8.315999985,2.79999995,,,,,8.315999985,2.4800000,
,,,8.320000648,2.3599999,,,,,8.320000648,2.3999999,,,,,8.320000648,2.79999995,,,,,8.320000648,2.4400001,
,,,8.324000359,2.3599999,,,,,8.324000359,2.4400001,,,,,8.324000359,2.75999999,,,,,8.324000359,2.5599999,
,,,8.328000069,2.3599999,,,,,8.328000069,2.3999999,,,,,8.328000069,2.75999999,,,,,8.328000069,2.4400001,
,,,8.332000732,2.3599999,,,,,8.332000732,2.4400001,,,,,8.332000732,2.72000003,,,,,8.332000732,2.5200000,
,,,8.336000443,2.3599999,,,,,8.336000443,2.3999999,,,,,8.336000443,2.6799998,,,,,8.336000443,2.4800000,
,,,8.340000153,2.3999999,,,,,8.340000153,2.4400001,,,,,8.340000153,2.91999984,,,,,8.340000153,2.5200000,
,,,8.344000816,2.3599999,,,,,8.344000816,2.3999999,,,,,8.344000816,2.79999995,,,,,8.344000816,2.5200000,
,,,8.348000526,2.3599999,,,,,8.348000526,2.4400001,,,,,8.348000526,2.91999984,,,,,8.348000526,2.4400001,
,,,8.352000237,2.3999999,,,,,8.352000237,2.4400001,,,,,8.352000237,2.91999984,,,,,8.352000237,2.4800000,
,,,8.355999947,2.3599999,,,,,8.355999947,2.3999999,,,,,8.355999947,2.79999995,,,,,8.355999947,2.4800000,
,,,8.360000610,2.3599999,,,,,8.360000610,2.3999999,,,,,8.360000610,3.03999996,,,,,8.360000610,2.5200000,
,,,8.364000320,2.3599999,,,,,8.364000320,2.4400001,,,,,8.364000320,2.75999999,,,,,8.364000320,2.5599999,
,,,8.368000031,2.3599999,,,,,8.368000031,2.3999999,,,,,8.368000031,2.83999991,,,,,8.368000031,2.5200000,
,,,8.372000694,2.3599999,,,,,8.372000694,2.3999999,,,,,8.372000694,2.87999988,,,,,8.372000694,2.5200000,
,,,8.376000404,2.3599999,,,,,8.376000404,2.4400001,,,,,8.376000404,2.87999988,,,,,8.376000404,2.4400001,
,,,8.380000114,2.3599999,,,,,8.380000114,2.3999999,,,,,8.380000114,2.83999991,,,,,8.380000114,2.4400001,
,,,8.384000778,2.3599999,,,,,8.384000778,2.3999999,,,,,8.384000778,3.00000000,,,,,8.384000778,2.5200000,
,,,8.388000488,2.3599999,,,,,8.388000488,2.3599999,,,,,8.388000488,2.91999984,,,,,8.388000488,2.4400001,
,,,8.392000198,2.3599999,,,,,8.392000198,2.3999999,,,,,8.392000198,2.91999984,,,,,8.392000198,2.5599999,
,,,8.396000862,2.3599999,,,,,8.396000862,2.4400001,,,,,8.396000862,2.79999995,,,,,8.396000862,2.3199999,
,,,8.400000572,2.3599999,,,,,8.400000572,2.3999999,,,,,8.400000572,2.96000004,,,,,8.400000572,2.4800000,
,,,8.404000282,2.3999999,,,,,8.404000282,2.4400001,,,,,8.404000282,2.91999984,,,,,8.404000282,2.4400001,
,,,8.407999992,2.3599999,,,,,8.407999992,2.3999999,,,,,8.407999992,2.79999995,,,,,8.407999992,2.6799998,
,,,8.412000656,2.3599999,,,,,8.412000656,2.3599999,,,,,8.412000656,2.72000003,,,,,8.412000656,2.6399999,
,,,8.416000366,2.3599999,,,,,8.416000366,2.3599999,,,,,8.416000366,2.87999988,,,,,8.416000366,2.4400001,
,,,8.420000076,2.3599999,,,,,8.420000076,2.3999999,,,,,8.420000076,2.87999988,,,,,8.420000076,2.3599999,
,,,8.424000740,2.3599999,,,,,8.424000740,2.3999999,,,,,8.424000740,2.83999991,,,,,8.424000740,2.4800000,
,,,8.428000450,2.3599999,,,,,8.428000450,2.4400001,,,,,8.428000450,2.96000004,,,,,8.428000450,2.5200000,
,,,8.432000160,2.3599999,,,,,8.432000160,2.3999999,,,,,8.432000160,2.75999999,,,,,8.432000160,2.4800000,
,,,8.436000824,2.3599999,,,,,8.436000824,2.4400001,,,,,8.436000824,2.75999999,,,,,8.436000824,2.3199999,
,,,8.440000534,2.3599999,,,,,8.440000534,2.3999999,,,,,8.440000534,2.83999991,,,,,8.440000534,2.4400001,
,,,8.444000244,2.3599999,,,,,8.444000244,2.4400001,,,,,8.444000244,3.00000000,,,,,8.444000244,2.4400001,
,,,8.447999954,2.3599999,,,,,8.447999954,2.3999999,,,,,8.447999954,2.87999988,,,,,8.447999954,2.4800000,
,,,8.452000618,2.3599999,,,,,8.452000618,2.4800000,,,,,8.452000618,2.75999999,,,,,8.452000618,2.5200000,
,,,8.456000328,2.3599999,,,,,8.456000328,2.4400001,,,,,8.456000328,2.79999995,,,,,8.456000328,2.2400000,
,,,8.460000038,2.3599999,,,,,8.460000038,2.3999999,,,,,8.460000038,2.91999984,,,,,8.460000038,2.4400001,
,,,8.464000702,2.3599999,,,,,8.464000702,2.4400001,,,,,8.464000702,2.83999991,,,,,8.464000702,2.3999999,
,,,8.468000412,2.3599999,,,,,8.468000412,2.4400001,,,,,8.468000412,2.91999984,,,,,8.468000412,2.3199999,
,,,8.472000122,2.3599999,,,,,8.472000122,2.4400001,,,,,8.472000122,2.79999995,,,,,8.472000122,2.5999999,
,,,8.476000786,2.3599999,,,,,8.476000786,2.4400001,,,,,8.476000786,2.6799998,,,,,8.476000786,2.3599999,
,,,8.480000496,2.3599999,,,,,8.480000496,2.3999999,,,,,8.480000496,2.72000003,,,,,8.480000496,2.4800000,
,,,8.484000206,2.3599999,,,,,8.484000206,2.3999999,,,,,8.484000206,2.87999988,,,,,8.484000206,2.4800000,
,,,8.488000870,2.3599999,,,,,8.488000870,2.3999999,,,,,8.488000870,2.79999995,,,,,8.488000870,2.5200000,
,,,8.492000580,2.3599999,,,,,8.492000580,2.3999999,,,,,8.492000580,2.72000003,,,,,8.492000580,2.4400001,
,,,8.496000290,2.3599999,,,,,8.496000290,2.3999999,,,,,8.496000290,2.6799998,,,,,8.496000290,3.07999992,
,,,8.500000000,2.3599999,,,,,8.500000000,2.3999999,,,,,8.500000000,2.72000003,,,,,8.500000000,2.4400001,
,,,8.504000664,2.3599999,,,,,8.504000664,2.3999999,,,,,8.504000664,2.83999991,,,,,8.504000664,2.3999999,
,,,8.508000374,2.3599999,,,,,8.508000374,2.3999999,,,,,8.508000374,2.72000003,,,,,8.508000374,2.3599999,
,,,8.512000084,2.3599999,,,,,8.512000084,2.4400001,,,,,8.512000084,2.75999999,,,,,8.512000084,2.4800000,
,,,8.516000748,2.3999999,,,,,8.516000748,2.4400001,,,,,8.516000748,2.6399999,,,,,8.516000748,2.2800000,
,,,8.520000458,2.3599999,,,,,8.520000458,2.4400001,,,,,8.520000458,2.83999991,,,,,8.520000458,2.4400001,
,,,8.524000168,2.3599999,,,,,8.524000168,2.3999999,,,,,8.524000168,2.6799998,,,,,8.524000168,2.4800000,
,,,8.528000832,2.3599999,,,,,8.528000832,2.4400001,,,,,8.528000832,2.6799998,,,,,8.528000832,2.5200000,
,,,8.532000542,2.3599999,,,,,8.532000542,2.4400001,,,,,8.532000542,2.83999991,,,,,8.532000542,2.3599999,
,,,8.536000252,2.3599999,,,,,8.536000252,2.4400001,,,,,8.536000252,2.87999988,,,,,8.536000252,2.5999999,
,,,8.539999962,2.3599999,,,,,8.539999962,2.4400001,,,,,8.539999962,2.96000004,,,,,8.539999962,2.5200000,
,,,8.544000626,2.3599999,,,,,8.544000626,2.4400001,,,,,8.544000626,2.87999988,,,,,8.544000626,2.5200000,
,,,8.548000336,2.3599999,,,,,8.548000336,2.4400001,,,,,8.548000336,2.87999988,,,,,8.548000336,2.4400001,
,,,8.552000046,2.3599999,,,,,8.552000046,2.4400001,,,,,8.552000046,2.83999991,,,,,8.552000046,2.3199999,
,,,8.556000710,2.3599999,,,,,8.556000710,2.4400001,,,,,8.556000710,2.79999995,,,,,8.556000710,2.4400001,
,,,8.560000420,2.3599999,,,,,8.560000420,2.4400001,,,,,8.560000420,2.83999991,,,,,8.560000420,2.4800000,
,,,8.564000130,2.3599999,,,,,8.564000130,2.4400001,,,,,8.564000130,2.91999984,,,,,8.564000130,2.3999999,
,,,8.568000793,2.3599999,,,,,8.568000793,2.4400001,,,,,8.568000793,2.75999999,,,,,8.568000793,2.4800000,
,,,8.572000504,2.3999999,,,,,8.572000504,2.4400001,,,,,8.572000504,2.75999999,,,,,8.572000504,2.3599999,
,,,8.576000214,2.3599999,,,,,8.576000214,2.3999999,,,,,8.576000214,2.72000003,,,,,8.576000214,2.2800000,
,,,8.580000877,2.3599999,,,,,8.580000877,2.4400001,,,,,8.580000877,2.72000003,,,,,8.580000877,2.3999999,
,,,8.584000587,2.3599999,,,,,8.584000587,2.4400001,,,,,8.584000587,2.83999991,,,,,8.584000587,2.5200000,
,,,8.588000298,2.3599999,,,,,8.588000298,2.3999999,,,,,8.588000298,2.6399999,,,,,8.588000298,2.3999999,
,,,8.592000008,2.3599999,,,,,8.592000008,2.3999999,,,,,8.592000008,2.75999999,,,,,8.592000008,2.4400001,
,,,8.596000671,2.3599999,,,,,8.596000671,2.4400001,,,,,8.596000671,2.72000003,,,,,8.596000671,2.3199999,
,,,8.600000381,2.3599999,,,,,8.600000381,2.4400001,,,,,8.600000381,2.6799998,,,,,8.600000381,2.4800000,
,,,8.604000092,2.3599999,,,,,8.604000092,2.4400001,,,,,8.604000092,2.83999991,,,,,8.604000092,2.5599999,
,,,8.608000755,2.3599999,,,,,8.608000755,2.4800000,,,,,8.608000755,2.6799998,,,,,8.608000755,2.5599999,
,,,8.612000465,2.3599999,,,,,8.612000465,2.4400001,,,,,8.612000465,2.79999995,,,,,8.612000465,2.4800000,
,,,8.616000175,2.3599999,,,,,8.616000175,2.4400001,,,,,8.616000175,2.79999995,,,,,8.616000175,2.3599999,
,,,8.620000839,2.3599999,,,,,8.620000839,2.4400001,,,,,8.620000839,2.79999995,,,,,8.620000839,2.5200000,
,,,8.624000549,2.3999999,,,,,8.624000549,2.4400001,,,,,8.624000549,2.6799998,,,,,8.624000549,2.5200000,
,,,8.628000259,2.3599999,,,,,8.628000259,2.3999999,,,,,8.628000259,2.75999999,,,,,8.628000259,2.4800000,
,,,8.631999969,2.3599999,,,,,8.631999969,2.3999999,,,,,8.631999969,2.83999991,,,,,8.631999969,2.3999999,
,,,8.636000633,2.3599999,,,,,8.636000633,2.3999999,,,,,8.636000633,2.75999999,,,,,8.636000633,2.3599999,
,,,8.640000343,2.3599999,,,,,8.640000343,2.4400001,,,,,8.640000343,2.6799998,,,,,8.640000343,2.3999999,
,,,8.644000053,2.3599999,,,,,8.644000053,2.4400001,,,,,8.644000053,2.6399999,,,,,8.644000053,2.4400001,
,,,8.648000717,2.3599999,,,,,8.648000717,2.3999999,,,,,8.648000717,2.6799998,,,,,8.648000717,2.5200000,
,,,8.652000427,2.3599999,,,,,8.652000427,2.3999999,,,,,8.652000427,2.6399999,,,,,8.652000427,2.6399999,
,,,8.656000137,2.3599999,,,,,8.656000137,2.4400001,,,,,8.656000137,2.96000004,,,,,8.656000137,2.4400001,
,,,8.660000801,2.3599999,,,,,8.660000801,2.4400001,,,,,8.660000801,2.87999988,,,,,8.660000801,2.4400001,
,,,8.664000511,-2.1199999,,,,,8.664000511,-2.1199999,,,,,8.664000511,2.79999995,,,,,8.664000511,2.5200000,
,,,8.668000221,-2.1199999,,,,,8.668000221,-2.1199999,,,,,8.668000221,2.79999995,,,,,8.668000221,2.4800000,
,,,8.672000885,-2.1199999,,,,,8.672000885,-2.1199999,,,,,8.672000885,-2.1199999,,,,,8.672000885,-2.1199999,
,,,8.676000595,-2.1199999,,,,,8.676000595,-2.1199999,,,,,8.676000595,-2.1199999,,,,,8.676000595,-2.1199999,
,,,8.680000305,-2.1199999,,,,,8.680000305,-2.1199999,,,,,8.680000305,-2.1199999,,,,,8.680000305,-2.1199999,
,,,8.684000015,-2.1199999,,,,,8.684000015,-2.1199999,,,,,8.684000015,-2.1199999,,,,,8.684000015,-2.1199999,
,,,8.688000679,-2.1199999,,,,,8.688000679,-2.1199999,,,,,8.688000679,-2.1199999,,,,,8.688000679,-2.1199999,
,,,8.692000389,-2.1199999,,,,,8.692000389,-2.1199999,,,,,8.692000389,-2.1199999,,,,,8.692000389,-2.1199999,
,,,8.696000099,-2.1199999,,,,,8.696000099,-2.1199999,,,,,8.696000099,-2.1199999,,,,,8.696000099,-2.1199999,
,,,8.700000763,-2.1199999,,,,,8.700000763,-2.1199999,,,,,8.700000763,-2.1199999,,,,,8.700000763,-2.1199999,
,,,8.704000473,-2.1199999,,,,,8.704000473,-2.1199999,,,,,8.704000473,-2.1199999,,,,,8.704000473,-2.1199999,
,,,8.708000183,-2.1199999,,,,,8.708000183,-2.1199999,,,,,8.708000183,-2.1199999,,,,,8.708000183,-2.1199999,
,,,8.712000847,-2.1199999,,,,,8.712000847,-2.1199999,,,,,8.712000847,-2.1199999,,,,,8.712000847,-2.1199999,
,,,8.716000557,-2.1199999,,,,,8.716000557,-2.1199999,,,,,8.716000557,-2.1199999,,,,,8.716000557,-2.1199999,
,,,8.720000267,-2.1199999,,,,,8.720000267,-2.1199999,,,,,8.720000267,-2.1199999,,,,,8.720000267,-2.1199999,
,,,8.723999977,-2.1199999,,,,,8.723999977,-2.1199999,,,,,8.723999977,-2.1199999,,,,,8.723999977,-2.1199999,
,,,8.728000641,-2.1199999,,,,,8.728000641,-2.1199999,,,,,8.728000641,-2.1199999,,,,,8.728000641,-2.1199999,
,,,8.732000351,-2.1199999,,,,,8.732000351,-2.1199999,,,,,8.732000351,-2.1199999,,,,,8.732000351,-2.1199999,
,,,8.736000061,-2.1199999,,,,,8.736000061,-2.1199999,,,,,8.736000061,-2.1199999,,,,,8.736000061,-2.1199999,
,,,8.740000725,-2.1199999,,,,,8.740000725,-2.1199999,,,,,8.740000725,-2.1199999,,,,,8.740000725,-2.1199999,
,,,8.744000435,-2.1199999,,,,,8.744000435,-2.1199999,,,,,8.744000435,-2.1199999,,,,,8.744000435,-2.1199999,
,,,8.748000145,-2.1199999,,,,,8.748000145,-2.1199999,,,,,8.748000145,-2.1199999,,,,,8.748000145,-2.1199999,
,,,8.752000809,-2.1199999,,,,,8.752000809,-2.1199999,,,,,8.752000809,-2.1199999,,,,,8.752000809,-2.1199999,
,,,8.756000519,-2.1199999,,,,,8.756000519,-2.1199999,,,,,8.756000519,-2.1199999,,,,,8.756000519,-2.1199999,
,,,8.760000229,-2.1199999,,,,,8.760000229,-2.1199999,,,,,8.760000229,-2.1199999,,,,,8.760000229,-2.1199999,
,,,8.764000893,-2.1199999,,,,,8.764000893,-2.1199999,,,,,8.764000893,-2.1199999,,,,,8.764000893,-2.1199999,
,,,8.768000603,-2.1199999,,,,,8.768000603,-2.1199999,,,,,8.768000603,-2.1199999,,,,,8.768000603,-2.1199999,
,,,8.772000313,-2.1199999,,,,,8.772000313,-2.1199999,,,,,8.772000313,-2.1199999,,,,,8.772000313,-2.1199999,
,,,8.776000023,-2.1199999,,,,,8.776000023,-2.1199999,,,,,8.776000023,-2.1199999,,,,,8.776000023,-2.1199999,
,,,8.780000687,-2.1199999,,,,,8.780000687,-2.1199999,,,,,8.780000687,-2.1199999,,,,,8.780000687,-2.1199999,
,,,8.784000397,-2.1199999,,,,,8.784000397,-2.1199999,,,,,8.784000397,-2.1199999,,,,,8.784000397,-2.1199999,
,,,8.788000107,-2.1199999,,,,,8.788000107,-2.1199999,,,,,8.788000107,-2.1199999,,,,,8.788000107,-2.1199999,
,,,8.792000771,-2.1199999,,,,,8.792000771,-2.1199999,,,,,8.792000771,-2.1199999,,,,,8.792000771,-2.1199999,
,,,8.796000481,-2.1199999,,,,,8.796000481,-2.1199999,,,,,8.796000481,-2.1199999,,,,,8.796000481,-2.1199999,
,,,8.800000191,-2.1199999,,,,,8.800000191,-2.1199999,,,,,8.800000191,-2.1199999,,,,,8.800000191,-2.1199999,
,,,8.804000854,-2.1199999,,,,,8.804000854,-2.1199999,,,,,8.804000854,-2.1199999,,,,,8.804000854,-2.1199999,
,,,8.808000565,-2.1199999,,,,,8.808000565,-2.1199999,,,,,8.808000565,-2.1199999,,,,,8.808000565,-2.1199999,
,,,8.812000275,-2.1199999,,,,,8.812000275,-2.1199999,,,,,8.812000275,-2.1199999,,,,,8.812000275,-2.1199999,
,,,8.815999985,-2.1199999,,,,,8.815999985,-2.1199999,,,,,8.815999985,-2.1199999,,,,,8.815999985,-2.1199999,
,,,8.820000648,-2.1199999,,,,,8.820000648,-2.1199999,,,,,8.820000648,-2.1199999,,,,,8.820000648,-2.1199999,
,,,8.824000359,-2.1199999,,,,,8.824000359,-2.1199999,,,,,8.824000359,-2.1199999,,,,,8.824000359,-2.1199999,
,,,8.828000069,-2.1199999,,,,,8.828000069,-2.1199999,,,,,8.828000069,-2.1199999,,,,,8.828000069,-2.1199999,
,,,8.832000732,-2.1199999,,,,,8.832000732,-2.1199999,,,,,8.832000732,-2.1199999,,,,,8.832000732,-2.1199999,
,,,8.836000443,-2.1199999,,,,,8.836000443,-2.1199999,,,,,8.836000443,-2.1199999,,,,,8.836000443,-2.1199999,
,,,8.840000153,-2.1199999,,,,,8.840000153,-2.1199999,,,,,8.840000153,-2.1199999,,,,,8.840000153,-2.1199999,
,,,8.844000816,-2.1199999,,,,,8.844000816,-2.1199999,,,,,8.844000816,-2.1199999,,,,,8.844000816,-2.1199999,
,,,8.848000526,-2.1199999,,,,,8.848000526,-2.1199999,,,,,8.848000526,-2.1199999,,,,,8.848000526,-2.1199999,
,,,8.852000237,-2.1199999,,,,,8.852000237,-2.1199999,,,,,8.852000237,-2.1199999,,,,,8.852000237,-2.1199999,
,,,8.855999947,-2.1199999,,,,,8.855999947,-2.1199999,,,,,8.855999947,-2.1199999,,,,,8.855999947,-2.1199999,
,,,8.860000610,-2.1199999,,,,,8.860000610,-2.1199999,,,,,8.860000610,-2.1199999,,,,,8.860000610,-2.1199999,
,,,8.864000320,-2.1199999,,,,,8.864000320,-2.1199999,,,,,8.864000320,-2.1199999,,,,,8.864000320,-2.1199999,
,,,8.868000031,-2.1199999,,,,,8.868000031,-2.1199999,,,,,8.868000031,-2.1199999,,,,,8.868000031,-2.1199999,
,,,8.872000694,-2.1199999,,,,,8.872000694,-2.1199999,,,,,8.872000694,-2.1199999,,,,,8.872000694,-2.1199999,
,,,8.876000404,-2.1199999,,,,,8.876000404,-2.1199999,,,,,8.876000404,-2.1199999,,,,,8.876000404,-2.1199999,
,,,8.880000114,-2.1199999,,,,,8.880000114,-2.1199999,,,,,8.880000114,-2.1199999,,,,,8.880000114,-2.1199999,
,,,8.884000778,-2.1199999,,,,,8.884000778,-2.1199999,,,,,8.884000778,-2.1199999,,,,,8.884000778,-2.1199999,
,,,8.888000488,-2.1199999,,,,,8.888000488,-2.1199999,,,,,8.888000488,-2.1199999,,,,,8.888000488,-2.1199999,
,,,8.892000198,-2.1199999,,,,,8.892000198,-2.1199999,,,,,8.892000198,-2.1199999,,,,,8.892000198,-2.1199999,
,,,8.896000862,-2.1199999,,,,,8.896000862,-2.1199999,,,,,8.896000862,-2.1199999,,,,,8.896000862,-2.1199999,
,,,8.900000572,-2.1199999,,,,,8.900000572,-2.1199999,,,,,8.900000572,-2.1199999,,,,,8.900000572,-2.1199999,
,,,8.904000282,-2.1199999,,,,,8.904000282,-2.1199999,,,,,8.904000282,-2.1199999,,,,,8.904000282,-2.1199999,
,,,8.907999992,-2.1199999,,,,,8.907999992,-2.1199999,,,,,8.907999992,-2.1199999,,,,,8.907999992,-2.1199999,
,,,8.912000656,-2.1199999,,,,,8.912000656,-2.1199999,,,,,8.912000656,-2.1199999,,,,,8.912000656,-2.1199999,
,,,8.916000366,-2.1199999,,,,,8.916000366,-2.1199999,,,,,8.916000366,-2.1199999,,,,,8.916000366,-2.1199999,
,,,8.920000076,-2.1199999,,,,,8.920000076,-2.1199999,,,,,8.920000076,-2.1199999,,,,,8.920000076,-2.1199999,
,,,8.924000740,-2.1199999,,,,,8.924000740,-2.1199999,,,,,8.924000740,-2.1199999,,,,,8.924000740,-2.1199999,
,,,8.928000450,-2.1199999,,,,,8.928000450,-2.1199999,,,,,8.928000450,-2.1199999,,,,,8.928000450,-2.1199999,
,,,8.932000160,-2.1199999,,,,,8.932000160,-2.1199999,,,,,8.932000160,-2.1199999,,,,,8.932000160,-2.1199999,
,,,8.936000824,-2.1199999,,,,,8.936000824,-2.1199999,,,,,8.936000824,-2.1199999,,,,,8.936000824,-2.1199999,
,,,8.940000534,-2.1199999,,,,,8.940000534,-2.1199999,,,,,8.940000534,-2.1199999,,,,,8.940000534,-2.1199999,
,,,8.944000244,-2.1199999,,,,,8.944000244,-2.1199999,,,,,8.944000244,-2.1199999,,,,,8.944000244,-2.1199999,
,,,8.947999954,-2.1199999,,,,,8.947999954,-2.1199999,,,,,8.947999954,-2.1199999,,,,,8.947999954,-2.1199999,
,,,8.952000618,-2.1199999,,,,,8.952000618,-2.1199999,,,,,8.952000618,-2.1199999,,,,,8.952000618,-2.1199999,
,,,8.956000328,-2.1199999,,,,,8.956000328,-2.1199999,,,,,8.956000328,-2.1199999,,,,,8.956000328,-2.1199999,
,,,8.960000038,-2.1199999,,,,,8.960000038,-2.1199999,,,,,8.960000038,-2.1199999,,,,,8.960000038,-2.1199999,
,,,8.964000702,-2.1199999,,,,,8.964000702,-2.1199999,,,,,8.964000702,-2.1199999,,,,,8.964000702,-2.1199999,
,,,8.968000412,-2.1199999,,,,,8.968000412,-2.1199999,,,,,8.968000412,-2.1199999,,,,,8.968000412,-2.1199999,
,,,8.972000122,-2.1199999,,,,,8.972000122,-2.1199999,,,,,8.972000122,-2.1199999,,,,,8.972000122,-2.1199999,
,,,8.976000786,-2.1199999,,,,,8.976000786,-2.1199999,,,,,8.976000786,-2.1199999,,,,,8.976000786,-2.1199999,
,,,8.980000496,-2.1199999,,,,,8.980000496,-2.1199999,,,,,8.980000496,-2.1199999,,,,,8.980000496,-2.1199999,
,,,8.984000206,-2.1199999,,,,,8.984000206,-2.1199999,,,,,8.984000206,-2.1199999,,,,,8.984000206,-2.1199999,
,,,8.988000870,-2.1199999,,,,,8.988000870,-2.1199999,,,,,8.988000870,-2.1199999,,,,,8.988000870,-2.1199999,
,,,8.992000580,-2.1199999,,,,,8.992000580,-2.1199999,,,,,8.992000580,-2.1199999,,,,,8.992000580,-2.1199999,
,,,8.996000290,-2.1199999,,,,,8.996000290,-2.1199999,,,,,8.996000290,-2.1199999,,,,,8.996000290,-2.1199999,
,,,9.000000000,-2.1199999,,,,,9.000000000,-2.1199999,,,,,9.000000000,-2.1199999,,,,,9.000000000,-2.1199999,
,,,9.004000664,-2.1199999,,,,,9.004000664,-2.1199999,,,,,9.004000664,-2.1199999,,,,,9.004000664,-2.1199999,
,,,9.008000374,-2.1199999,,,,,9.008000374,-2.1199999,,,,,9.008000374,-2.1199999,,,,,9.008000374,-2.1199999,
,,,9.012000084,-2.1199999,,,,,9.012000084,-2.1199999,,,,,9.012000084,-2.1199999,,,,,9.012000084,-2.1199999,
,,,9.016000748,-2.1199999,,,,,9.016000748,-2.1199999,,,,,9.016000748,-2.1199999,,,,,9.016000748,-2.1199999,
,,,9.020000458,-2.1199999,,,,,9.020000458,-2.1199999,,,,,9.020000458,-2.1199999,,,,,9.020000458,-2.1199999,
,,,9.024000168,-2.1199999,,,,,9.024000168,-2.1199999,,,,,9.024000168,-2.1199999,,,,,9.024000168,-2.1199999,
,,,9.028000832,-2.1199999,,,,,9.028000832,-2.1199999,,,,,9.028000832,-2.1199999,,,,,9.028000832,-2.1199999,
,,,9.032000542,-2.1199999,,,,,9.032000542,-2.1199999,,,,,9.032000542,-2.1199999,,,,,9.032000542,-2.1199999,
,,,9.036000252,-2.1199999,,,,,9.036000252,-2.1199999,,,,,9.036000252,-2.1199999,,,,,9.036000252,-2.1199999,
,,,9.039999962,-2.1199999,,,,,9.039999962,-2.1199999,,,,,9.039999962,-2.1199999,,,,,9.039999962,-2.1199999,
,,,9.044000626,-2.1199999,,,,,9.044000626,-2.1199999,,,,,9.044000626,-2.1199999,,,,,9.044000626,-2.1199999,
,,,9.048000336,-2.1199999,,,,,9.048000336,-2.1199999,,,,,9.048000336,-2.1199999,,,,,9.048000336,-2.1199999,
,,,9.052000046,-2.1199999,,,,,9.052000046,-2.1199999,,,,,9.052000046,-2.1199999,,,,,9.052000046,-2.1199999,
,,,9.056000710,-2.1199999,,,,,9.056000710,-2.1199999,,,,,9.056000710,-2.1199999,,,,,9.056000710,-2.1199999,
,,,9.060000420,-2.1199999,,,,,9.060000420,-2.1199999,,,,,9.060000420,-2.1199999,,,,,9.060000420,-2.1199999,
,,,9.064000130,-2.1199999,,,,,9.064000130,-2.1199999,,,,,9.064000130,-2.1199999,,,,,9.064000130,-2.1199999,
,,,9.068000793,-2.1199999,,,,,9.068000793,-2.1199999,,,,,9.068000793,-2.1199999,,,,,9.068000793,-2.1199999,
,,,9.072000504,-2.1199999,,,,,9.072000504,-2.1199999,,,,,9.072000504,-2.1199999,,,,,9.072000504,-2.1199999,
,,,9.076000214,-2.1199999,,,,,9.076000214,-2.1199999,,,,,9.076000214,-2.1199999,,,,,9.076000214,-2.1199999,
,,,9.080000877,-2.1199999,,,,,9.080000877,-2.1199999,,,,,9.080000877,-2.1199999,,,,,9.080000877,-2.1199999,
,,,9.084000587,-2.1199999,,,,,9.084000587,-2.1199999,,,,,9.084000587,-2.1199999,,,,,9.084000587,-2.1199999,
,,,9.088000298,-2.1199999,,,,,9.088000298,-2.1199999,,,,,9.088000298,-2.1199999,,,,,9.088000298,-2.1199999,
,,,9.092000008,-2.1199999,,,,,9.092000008,-2.1199999,,,,,9.092000008,-2.1199999,,,,,9.092000008,-2.1199999,
,,,9.096000671,-2.1199999,,,,,9.096000671,-2.1199999,,,,,9.096000671,-2.1199999,,,,,9.096000671,-2.1199999,
,,,9.100000381,-2.1199999,,,,,9.100000381,-2.1199999,,,,,9.100000381,-2.1199999,,,,,9.100000381,-2.1199999,
,,,9.104000092,-2.1199999,,,,,9.104000092,-2.1199999,,,,,9.104000092,-2.1199999,,,,,9.104000092,-2.1199999,
,,,9.108000755,-2.1199999,,,,,9.108000755,-2.1199999,,,,,9.108000755,-2.1199999,,,,,9.108000755,-2.1199999,
,,,9.112000465,-2.1199999,,,,,9.112000465,-2.1199999,,,,,9.112000465,-2.1199999,,,,,9.112000465,-2.1199999,
,,,9.116000175,-2.1199999,,,,,9.116000175,-2.1199999,,,,,9.116000175,-2.1199999,,,,,9.116000175,-2.1199999,
,,,9.120000839,-2.1199999,,,,,9.120000839,-2.1199999,,,,,9.120000839,-2.1199999,,,,,9.120000839,-2.1199999,
,,,9.124000549,-2.1199999,,,,,9.124000549,-2.1199999,,,,,9.124000549,-2.1199999,,,,,9.124000549,-2.1199999,
,,,9.128000259,-2.1199999,,,,,9.128000259,-2.1199999,,,,,9.128000259,-2.1199999,,,,,9.128000259,-2.1199999,
,,,9.131999969,-2.1199999,,,,,9.131999969,-2.1199999,,,,,9.131999969,-2.1199999,,,,,9.131999969,-2.1199999,
,,,9.136000633,-2.1199999,,,,,9.136000633,-2.1199999,,,,,9.136000633,-2.1199999,,,,,9.136000633,-2.1199999,
,,,9.140000343,-2.1199999,,,,,9.140000343,-2.1199999,,,,,9.140000343,-2.1199999,,,,,9.140000343,-2.1199999,
,,,9.144000053,-2.1199999,,,,,9.144000053,-2.1199999,,,,,9.144000053,-2.1199999,,,,,9.144000053,-2.1199999,
,,,9.148000717,-2.1199999,,,,,9.148000717,-2.1199999,,,,,9.148000717,-2.1199999,,,,,9.148000717,-2.1199999,
,,,9.152000427,-2.1199999,,,,,9.152000427,-2.1199999,,,,,9.152000427,-2.1199999,,,,,9.152000427,-2.1199999,
,,,9.156000137,-2.1199999,,,,,9.156000137,-2.1199999,,,,,9.156000137,-2.1199999,,,,,9.156000137,-2.1199999,
,,,9.160000801,-2.1199999,,,,,9.160000801,-2.1199999,,,,,9.160000801,-2.1199999,,,,,9.160000801,-2.1199999,
,,,9.164000511,-2.1199999,,,,,9.164000511,-2.1199999,,,,,9.164000511,-2.1199999,,,,,9.164000511,-2.1199999,
,,,9.168000221,-2.1199999,,,,,9.168000221,-2.1199999,,,,,9.168000221,-2.1199999,,,,,9.168000221,-2.1199999,
,,,9.172000885,-2.1199999,,,,,9.172000885,-2.1199999,,,,,9.172000885,-2.1199999,,,,,9.172000885,-2.1199999,
,,,9.176000595,-2.1199999,,,,,9.176000595,-2.1199999,,,,,9.176000595,-2.1199999,,,,,9.176000595,-2.1199999,
,,,9.180000305,-2.1199999,,,,,9.180000305,-2.1199999,,,,,9.180000305,-2.1199999,,,,,9.180000305,-2.1199999,
,,,9.184000015,-2.1199999,,,,,9.184000015,-2.1199999,,,,,9.184000015,-2.1199999,,,,,9.184000015,-2.1199999,
,,,9.188000679,-2.1199999,,,,,9.188000679,-2.1199999,,,,,9.188000679,-2.1199999,,,,,9.188000679,-2.1199999,
,,,9.192000389,-2.1199999,,,,,9.192000389,-2.1199999,,,,,9.192000389,-2.1199999,,,,,9.192000389,-2.1199999,
,,,9.196000099,-2.1199999,,,,,9.196000099,-2.1199999,,,,,9.196000099,-2.1199999,,,,,9.196000099,-2.1199999,
,,,9.200000763,-2.1199999,,,,,9.200000763,-2.1199999,,,,,9.200000763,-2.1199999,,,,,9.200000763,-2.1199999,
,,,9.204000473,-2.1199999,,,,,9.204000473,-2.1199999,,,,,9.204000473,-2.1199999,,,,,9.204000473,-2.1199999,
,,,9.208000183,-2.1199999,,,,,9.208000183,-2.1199999,,,,,9.208000183,-2.1199999,,,,,9.208000183,-2.1199999,
,,,9.212000847,-2.1199999,,,,,9.212000847,-2.1199999,,,,,9.212000847,-2.1199999,,,,,9.212000847,-2.1199999,
,,,9.216000557,-2.1199999,,,,,9.216000557,-2.1199999,,,,,9.216000557,-2.1199999,,,,,9.216000557,-2.1199999,
,,,9.220000267,-2.1199999,,,,,9.220000267,-2.1199999,,,,,9.220000267,-2.1199999,,,,,9.220000267,-2.1199999,
,,,9.223999977,-2.1199999,,,,,9.223999977,-2.1199999,,,,,9.223999977,-2.1199999,,,,,9.223999977,-2.1199999,
,,,9.228000641,-2.1199999,,,,,9.228000641,-2.1199999,,,,,9.228000641,-2.1199999,,,,,9.228000641,-2.1199999,
,,,9.232000351,-2.1199999,,,,,9.232000351,-2.1199999,,,,,9.232000351,-2.1199999,,,,,9.232000351,-2.1199999,
,,,9.236000061,-2.1199999,,,,,9.236000061,-2.1199999,,,,,9.236000061,-2.1199999,,,,,9.236000061,-2.1199999,
,,,9.240000725,-2.1199999,,,,,9.240000725,-2.1199999,,,,,9.240000725,-2.1199999,,,,,9.240000725,-2.1199999,
,,,9.244000435,-2.1199999,,,,,9.244000435,-2.1199999,,,,,9.244000435,-2.1199999,,,,,9.244000435,-2.1199999,
,,,9.248000145,-2.1199999,,,,,9.248000145,-2.1199999,,,,,9.248000145,-2.1199999,,,,,9.248000145,-2.1199999,
,,,9.252000809,-2.1199999,,,,,9.252000809,-2.1199999,,,,,9.252000809,-2.1199999,,,,,9.252000809,-2.1199999,
,,,9.256000519,-2.1199999,,,,,9.256000519,-2.1199999,,,,,9.256000519,-2.1199999,,,,,9.256000519,-2.1199999,
,,,9.260000229,-2.1199999,,,,,9.260000229,-2.1199999,,,,,9.260000229,-2.1199999,,,,,9.260000229,-2.1199999,
,,,9.264000893,-2.1199999,,,,,9.264000893,-2.1199999,,,,,9.264000893,-2.1199999,,,,,9.264000893,-2.1199999,
,,,9.268000603,-2.1199999,,,,,9.268000603,-2.1199999,,,,,9.268000603,-2.1199999,,,,,9.268000603,-2.1199999,
,,,9.272000313,-2.1199999,,,,,9.272000313,-2.1199999,,,,,9.272000313,-2.1199999,,,,,9.272000313,-2.1199999,
,,,9.276000023,-2.1199999,,,,,9.276000023,-2.1199999,,,,,9.276000023,-2.1199999,,,,,9.276000023,-2.1199999,
,,,9.280000687,-2.1199999,,,,,9.280000687,-2.1199999,,,,,9.280000687,-2.1199999,,,,,9.280000687,-2.1199999,
,,,9.284000397,-2.1199999,,,,,9.284000397,-2.1199999,,,,,9.284000397,-2.1199999,,,,,9.284000397,-2.1199999,
,,,9.288000107,-2.1199999,,,,,9.288000107,-2.1199999,,,,,9.288000107,-2.1199999,,,,,9.288000107,-2.1199999,
,,,9.292000771,-2.1199999,,,,,9.292000771,-2.1199999,,,,,9.292000771,-2.1199999,,,,,9.292000771,-2.1199999,
,,,9.296000481,-2.1199999,,,,,9.296000481,-2.1199999,,,,,9.296000481,-2.1199999,,,,,9.296000481,-2.1199999,
,,,9.300000191,-2.1199999,,,,,9.300000191,-2.1199999,,,,,9.300000191,-2.1199999,,,,,9.300000191,-2.1199999,
,,,9.304000854,-2.1199999,,,,,9.304000854,-2.1199999,,,,,9.304000854,-2.1199999,,,,,9.304000854,-2.1199999,
,,,9.308000565,-2.1199999,,,,,9.308000565,-2.1199999,,,,,9.308000565,-2.1199999,,,,,9.308000565,-2.1199999,
,,,9.312000275,-2.1199999,,,,,9.312000275,-2.1199999,,,,,9.312000275,-2.1199999,,,,,9.312000275,-2.1199999,
,,,9.315999985,-2.1199999,,,,,9.315999985,-2.1199999,,,,,9.315999985,-2.1199999,,,,,9.315999985,-2.1199999,
,,,9.320000648,-2.1199999,,,,,9.320000648,-2.1199999,,,,,9.320000648,-2.1199999,,,,,9.320000648,-2.1199999,
,,,9.324000359,-2.1199999,,,,,9.324000359,-2.1199999,,,,,9.324000359,-2.1199999,,,,,9.324000359,-2.1199999,
,,,9.328000069,-2.1199999,,,,,9.328000069,-2.1199999,,,,,9.328000069,-2.1199999,,,,,9.328000069,-2.1199999,
,,,9.332000732,-2.1199999,,,,,9.332000732,-2.1199999,,,,,9.332000732,-2.1199999,,,,,9.332000732,-2.1199999,
,,,9.336000443,-2.1199999,,,,,9.336000443,-2.1199999,,,,,9.336000443,-2.1199999,,,,,9.336000443,-2.1199999,
,,,9.340000153,-2.1199999,,,,,9.340000153,-2.1199999,,,,,9.340000153,-2.1199999,,,,,9.340000153,-2.1199999,
,,,9.344000816,-2.1199999,,,,,9.344000816,-2.1199999,,,,,9.344000816,-2.1199999,,,,,9.344000816,-2.1199999,
,,,9.348000526,-2.1199999,,,,,9.348000526,-2.1199999,,,,,9.348000526,-2.1199999,,,,,9.348000526,-2.1199999,
,,,9.352000237,-2.1199999,,,,,9.352000237,-2.1199999,,,,,9.352000237,-2.1199999,,,,,9.352000237,-2.1199999,
,,,9.356000900,-2.1199999,,,,,9.356000900,-2.1199999,,,,,9.356000900,-2.1199999,,,,,9.356000900,-2.1199999,
,,,9.360000610,-2.1199999,,,,,9.360000610,-2.1199999,,,,,9.360000610,-2.1199999,,,,,9.360000610,-2.1199999,
,,,9.364000320,-2.1199999,,,,,9.364000320,-2.1199999,,,,,9.364000320,-2.1199999,,,,,9.364000320,-2.1199999,
,,,9.368000031,-2.1199999,,,,,9.368000031,-2.1199999,,,,,9.368000031,-2.1199999,,,,,9.368000031,-2.1199999,
,,,9.372000694,-2.1199999,,,,,9.372000694,-2.1199999,,,,,9.372000694,-2.1199999,,,,,9.372000694,-2.1199999,
,,,9.376000404,-2.1199999,,,,,9.376000404,-2.1199999,,,,,9.376000404,-2.1199999,,,,,9.376000404,-2.1199999,
,,,9.380000114,-2.1199999,,,,,9.380000114,-2.1199999,,,,,9.380000114,-2.1199999,,,,,9.380000114,-2.1199999,
,,,9.384000778,-2.1199999,,,,,9.384000778,-2.1199999,,,,,9.384000778,-2.1199999,,,,,9.384000778,-2.1199999,
,,,9.388000488,-2.1199999,,,,,9.388000488,-2.1199999,,,,,9.388000488,-2.1199999,,,,,9.388000488,-2.1199999,
,,,9.392000198,-2.1199999,,,,,9.392000198,-2.1199999,,,,,9.392000198,-2.1199999,,,,,9.392000198,-2.1199999,
,,,9.396000862,-2.1199999,,,,,9.396000862,-2.1199999,,,,,9.396000862,-2.1199999,,,,,9.396000862,-2.1199999,
,,,9.400000572,-2.1199999,,,,,9.400000572,-2.1199999,,,,,9.400000572,-2.1199999,,,,,9.400000572,-2.1199999,
,,,9.404000282,-2.1199999,,,,,9.404000282,-2.1199999,,,,,9.404000282,-2.1199999,,,,,9.404000282,-2.1199999,
,,,9.407999992,-2.1199999,,,,,9.407999992,-2.1199999,,,,,9.407999992,-2.1199999,,,,,9.407999992,-2.1199999,
,,,9.412000656,-2.1199999,,,,,9.412000656,-2.1199999,,,,,9.412000656,-2.1199999,,,,,9.412000656,-2.1199999,
,,,9.416000366,-2.1199999,,,,,9.416000366,-2.1199999,,,,,9.416000366,-2.1199999,,,,,9.416000366,-2.1199999,
,,,9.420000076,-2.1199999,,,,,9.420000076,-2.1199999,,,,,9.420000076,-2.1199999,,,,,9.420000076,-2.1199999,
,,,9.424000740,-2.1199999,,,,,9.424000740,-2.1199999,,,,,9.424000740,-2.1199999,,,,,9.424000740,-2.1199999,
,,,9.428000450,-2.1199999,,,,,9.428000450,-2.1199999,,,,,9.428000450,-2.1199999,,,,,9.428000450,-2.1199999,
,,,9.432000160,-2.1199999,,,,,9.432000160,-2.1199999,,,,,9.432000160,-2.1199999,,,,,9.432000160,-2.1199999,
,,,9.436000824,-2.1199999,,,,,9.436000824,-2.1199999,,,,,9.436000824,-2.1199999,,,,,9.436000824,-2.1199999,
,,,9.440000534,-2.1199999,,,,,9.440000534,-2.1199999,,,,,9.440000534,-2.1199999,,,,,9.440000534,-2.1199999,
,,,9.444000244,-2.1199999,,,,,9.444000244,-2.1199999,,,,,9.444000244,-2.1199999,,,,,9.444000244,-2.1199999,
,,,9.448000908,-2.1199999,,,,,9.448000908,-2.1199999,,,,,9.448000908,-2.1199999,,,,,9.448000908,-2.1199999,
,,,9.452000618,-2.1199999,,,,,9.452000618,-2.1199999,,,,,9.452000618,-2.1199999,,,,,9.452000618,-2.1199999,
,,,9.456000328,-2.1199999,,,,,9.456000328,-2.1199999,,,,,9.456000328,-2.1199999,,,,,9.456000328,-2.1199999,
,,,9.460000038,-2.1199999,,,,,9.460000038,-2.1199999,,,,,9.460000038,-2.1199999,,,,,9.460000038,-2.1199999,
,,,9.464000702,-2.1199999,,,,,9.464000702,-2.1199999,,,,,9.464000702,-2.1199999,,,,,9.464000702,-2.1199999,
,,,9.468000412,-2.1199999,,,,,9.468000412,-2.1199999,,,,,9.468000412,-2.1199999,,,,,9.468000412,-2.1199999,
,,,9.472000122,-2.1199999,,,,,9.472000122,-2.1199999,,,,,9.472000122,-2.1199999,,,,,9.472000122,-2.1199999,
,,,9.476000786,-2.1199999,,,,,9.476000786,-2.1199999,,,,,9.476000786,-2.1199999,,,,,9.476000786,-2.1199999,
,,,9.480000496,-2.1199999,,,,,9.480000496,-2.1199999,,,,,9.480000496,-2.1199999,,,,,9.480000496,-2.1199999,
,,,9.484000206,-2.1199999,,,,,9.484000206,-2.1199999,,,,,9.484000206,-2.1199999,,,,,9.484000206,-2.1199999,
,,,9.488000870,-2.1199999,,,,,9.488000870,-2.1199999,,,,,9.488000870,-2.1199999,,,,,9.488000870,-2.1199999,
,,,9.492000580,-2.1199999,,,,,9.492000580,-2.1199999,,,,,9.492000580,-2.1199999,,,,,9.492000580,-2.1199999,
,,,9.496000290,-2.1199999,,,,,9.496000290,-2.1199999,,,,,9.496000290,-2.1199999,,,,,9.496000290,-2.1199999,
,,,9.500000000,-2.1199999,,,,,9.500000000,-2.1199999,,,,,9.500000000,-2.1199999,,,,,9.500000000,-2.1199999,
,,,9.504000664,-2.1199999,,,,,9.504000664,-2.1199999,,,,,9.504000664,-2.1199999,,,,,9.504000664,-2.1199999,
,,,9.508000374,-2.1199999,,,,,9.508000374,-2.1199999,,,,,9.508000374,-2.1199999,,,,,9.508000374,-2.1199999,
,,,9.512000084,-2.1199999,,,,,9.512000084,-2.1199999,,,,,9.512000084,-2.1199999,,,,,9.512000084,-2.1199999,
,,,9.516000748,-2.1199999,,,,,9.516000748,-2.1199999,,,,,9.516000748,-2.1199999,,,,,9.516000748,-2.1199999,
,,,9.520000458,-2.1199999,,,,,9.520000458,-2.1199999,,,,,9.520000458,-2.1199999,,,,,9.520000458,-2.1199999,
,,,9.524000168,-2.1199999,,,,,9.524000168,-2.1199999,,,,,9.524000168,-2.1199999,,,,,9.524000168,-2.1199999,
,,,9.528000832,-2.1199999,,,,,9.528000832,-2.1199999,,,,,9.528000832,-2.1199999,,,,,9.528000832,-2.1199999,
,,,9.532000542,-2.1199999,,,,,9.532000542,-2.1199999,,,,,9.532000542,-2.1199999,,,,,9.532000542,-2.1199999,
,,,9.536000252,-2.1199999,,,,,9.536000252,-2.1199999,,,,,9.536000252,-2.1199999,,,,,9.536000252,-2.1199999,
,,,9.540000916,-2.1199999,,,,,9.540000916,-2.1199999,,,,,9.540000916,-2.1199999,,,,,9.540000916,-2.1199999,
,,,9.544000626,-2.1199999,,,,,9.544000626,-2.1199999,,,,,9.544000626,-2.1199999,,,,,9.544000626,-2.1199999,
,,,9.548000336,-2.1199999,,,,,9.548000336,-2.1199999,,,,,9.548000336,-2.1199999,,,,,9.548000336,-2.1199999,
,,,9.552000046,-2.1199999,,,,,9.552000046,-2.1199999,,,,,9.552000046,-2.1199999,,,,,9.552000046,-2.1199999,
,,,9.556000710,-2.1199999,,,,,9.556000710,-2.1199999,,,,,9.556000710,-2.1199999,,,,,9.556000710,-2.1199999,
,,,9.560000420,-2.1199999,,,,,9.560000420,-2.1199999,,,,,9.560000420,-2.1199999,,,,,9.560000420,-2.1199999,
,,,9.564000130,-2.1199999,,,,,9.564000130,-2.1199999,,,,,9.564000130,-2.1199999,,,,,9.564000130,-2.1199999,
,,,9.568000793,-2.1199999,,,,,9.568000793,-2.1199999,,,,,9.568000793,-2.1199999,,,,,9.568000793,-2.1199999,
,,,9.572000504,-2.1199999,,,,,9.572000504,-2.1199999,,,,,9.572000504,-2.1199999,,,,,9.572000504,-2.1199999,
,,,9.576000214,-2.1199999,,,,,9.576000214,-2.1199999,,,,,9.576000214,-2.1199999,,,,,9.576000214,-2.1199999,
,,,9.580000877,-2.1199999,,,,,9.580000877,-2.1199999,,,,,9.580000877,-2.1199999,,,,,9.580000877,-2.1199999,
,,,9.584000587,-2.1199999,,,,,9.584000587,-2.1199999,,,,,9.584000587,-2.1199999,,,,,9.584000587,-2.1199999,
,,,9.588000298,-2.1199999,,,,,9.588000298,-2.1199999,,,,,9.588000298,-2.1199999,,,,,9.588000298,-2.1199999,
,,,9.592000008,-2.1199999,,,,,9.592000008,-2.1199999,,,,,9.592000008,-2.1199999,,,,,9.592000008,-2.1199999,
,,,9.596000671,-2.1199999,,,,,9.596000671,-2.1199999,,,,,9.596000671,-2.1199999,,,,,9.596000671,-2.1199999,
,,,9.600000381,-2.1199999,,,,,9.600000381,-2.1199999,,,,,9.600000381,-2.1199999,,,,,9.600000381,-2.1199999,
,,,9.604000092,-2.1199999,,,,,9.604000092,-2.1199999,,,,,9.604000092,-2.1199999,,,,,9.604000092,-2.1199999,
,,,9.608000755,-2.1199999,,,,,9.608000755,-2.1199999,,,,,9.608000755,-2.1199999,,,,,9.608000755,-2.1199999,
,,,9.612000465,-2.1199999,,,,,9.612000465,-2.1199999,,,,,9.612000465,-2.1199999,,,,,9.612000465,-2.1199999,
,,,9.616000175,-2.1199999,,,,,9.616000175,-2.1199999,,,,,9.616000175,-2.1199999,,,,,9.616000175,-2.1199999,
,,,9.620000839,-2.1199999,,,,,9.620000839,-2.1199999,,,,,9.620000839,-2.1199999,,,,,9.620000839,-2.1199999,
,,,9.624000549,-2.1199999,,,,,9.624000549,-2.1199999,,,,,9.624000549,-2.1199999,,,,,9.624000549,-2.1199999,
,,,9.628000259,-2.1199999,,,,,9.628000259,-2.1199999,,,,,9.628000259,-2.1199999,,,,,9.628000259,-2.1199999,
,,,9.632000923,-2.1199999,,,,,9.632000923,-2.1199999,,,,,9.632000923,-2.1199999,,,,,9.632000923,-2.1199999,
,,,9.636000633,-2.1199999,,,,,9.636000633,-2.1199999,,,,,9.636000633,-2.1199999,,,,,9.636000633,-2.1199999,
,,,9.640000343,-2.1199999,,,,,9.640000343,-2.1199999,,,,,9.640000343,-2.1199999,,,,,9.640000343,-2.1199999,
,,,9.644000053,-2.1199999,,,,,9.644000053,-2.1199999,,,,,9.644000053,-2.1199999,,,,,9.644000053,-2.1199999,
,,,9.648000717,-2.1199999,,,,,9.648000717,-2.1199999,,,,,9.648000717,-2.1199999,,,,,9.648000717,-2.1199999,
,,,9.652000427,-2.1199999,,,,,9.652000427,-2.1199999,,,,,9.652000427,-2.1199999,,,,,9.652000427,-2.1199999,
,,,9.656000137,-2.1199999,,,,,9.656000137,-2.1199999,,,,,9.656000137,-2.1199999,,,,,9.656000137,-2.1199999,
,,,9.660000801,-2.1199999,,,,,9.660000801,-2.1199999,,,,,9.660000801,-2.1199999,,,,,9.660000801,-2.1199999,
,,,9.664000511,2.3599999,,,,,9.664000511,2.4400001,,,,,9.664000511,-2.1199999,,,,,9.664000511,-2.1199999,
,,,9.668000221,2.3599999,,,,,9.668000221,2.4400001,,,,,9.668000221,-2.1199999,,,,,9.668000221,-2.1199999,
,,,9.672000885,2.3599999,,,,,9.672000885,2.4400001,,,,,9.672000885,2.72000003,,,,,9.672000885,2.5599999,
,,,9.676000595,2.3599999,,,,,9.676000595,2.4400001,,,,,9.676000595,2.79999995,,,,,9.676000595,2.5200000,
,,,9.680000305,2.3599999,,,,,9.680000305,2.4400001,,,,,9.680000305,2.5200000,,,,,9.680000305,2.4800000,
,,,9.684000015,2.3999999,,,,,9.684000015,2.3999999,,,,,9.684000015,2.72000003,,,,,9.684000015,2.4800000,
,,,9.688000679,2.3599999,,,,,9.688000679,2.3999999,,,,,9.688000679,2.6799998,,,,,9.688000679,2.5200000,
,,,9.692000389,2.3599999,,,,,9.692000389,2.4400001,,,,,9.692000389,2.72000003,,,,,9.692000389,2.4800000,
,,,9.696000099,2.3599999,,,,,9.696000099,2.4400001,,,,,9.696000099,2.5999999,,,,,9.696000099,2.4400001,
,,,9.700000763,2.3999999,,,,,9.700000763,2.4400001,,,,,9.700000763,2.79999995,,,,,9.700000763,2.4400001,
,,,9.704000473,2.3599999,,,,,9.704000473,2.3999999,,,,,9.704000473,2.5599999,,,,,9.704000473,2.4800000,
,,,9.708000183,2.3599999,,,,,9.708000183,2.4400001,,,,,9.708000183,2.91999984,,,,,9.708000183,2.5200000,
,,,9.712000847,2.3599999,,,,,9.712000847,2.4400001,,,,,9.712000847,2.75999999,,,,,9.712000847,2.5200000,
,,,9.716000557,2.3599999,,,,,9.716000557,2.4400001,,,,,9.716000557,2.6399999,,,,,9.716000557,2.5200000,
,,,9.720000267,2.3599999,,,,,9.720000267,2.4400001,,,,,9.720000267,2.6399999,,,,,9.720000267,2.4400001,
,,,9.724000931,2.3599999,,,,,9.724000931,2.3999999,,,,,9.724000931,2.6399999,,,,,9.724000931,2.5200000,
,,,9.728000641,2.3599999,,,,,9.728000641,2.3999999,,,,,9.728000641,2.79999995,,,,,9.728000641,2.4400001,
,,,9.732000351,2.3599999,,,,,9.732000351,2.4400001,,,,,9.732000351,2.5599999,,,,,9.732000351,2.4800000,
,,,9.736000061,2.3599999,,,,,9.736000061,2.4400001,,,,,9.736000061,2.6799998,,,,,9.736000061,2.4400001,
,,,9.740000725,2.3999999,,,,,9.740000725,2.3999999,,,,,9.740000725,2.72000003,,,,,9.740000725,2.4800000,
,,,9.744000435,2.3599999,,,,,9.744000435,2.3999999,,,,,9.744000435,2.6399999,,,,,9.744000435,2.3999999,
,,,9.748000145,2.3599999,,,,,9.748000145,2.3999999,,,,,9.748000145,2.6399999,,,,,9.748000145,2.4800000,
,,,9.752000809,2.3599999,,,,,9.752000809,2.3999999,,,,,9.752000809,2.6799998,,,,,9.752000809,2.4400001,
,,,9.756000519,2.3599999,,,,,9.756000519,2.3999999,,,,,9.756000519,2.72000003,,,,,9.756000519,2.4400001,
,,,9.760000229,2.3599999,,,,,9.760000229,2.4400001,,,,,9.760000229,2.6399999,,,,,9.760000229,2.4400001,
,,,9.764000893,2.3599999,,,,,9.764000893,2.3999999,,,,,9.764000893,2.75999999,,,,,9.764000893,2.3999999,
,,,9.768000603,2.3599999,,,,,9.768000603,2.4400001,,,,,9.768000603,2.75999999,,,,,9.768000603,2.4800000,
,,,9.772000313,2.3599999,,,,,9.772000313,2.3999999,,,,,9.772000313,2.72000003,,,,,9.772000313,2.4400001,
,,,9.776000023,2.3599999,,,,,9.776000023,2.3999999,,,,,9.776000023,2.5599999,,,,,9.776000023,2.4400001,
,,,9.780000687,2.3599999,,,,,9.780000687,2.4400001,,,,,9.780000687,2.79999995,,,,,9.780000687,2.3599999,
,,,9.784000397,2.3999999,,,,,9.784000397,2.4800000,,,,,9.784000397,2.75999999,,,,,9.784000397,2.3999999,
,,,9.788000107,2.3599999,,,,,9.788000107,2.4400001,,,,,9.788000107,2.5999999,,,,,9.788000107,2.3599999,
,,,9.792000771,2.3599999,,,,,9.792000771,2.4400001,,,,,9.792000771,2.6799998,,,,,9.792000771,2.3599999,
,,,9.796000481,2.3599999,,,,,9.796000481,2.4400001,,,,,9.796000481,2.75999999,,,,,9.796000481,2.4400001,
,,,9.800000191,2.3599999,,,,,9.800000191,2.4400001,,,,,9.800000191,2.79999995,,,,,9.800000191,2.4400001,
,,,9.804000854,2.3599999,,,,,9.804000854,2.3999999,,,,,9.804000854,2.5999999,,,,,9.804000854,2.3999999,
,,,9.808000565,2.3199999,,,,,9.808000565,2.3999999,,,,,9.808000565,2.6399999,,,,,9.808000565,2.2400000,
,,,9.812000275,2.3599999,,,,,9.812000275,2.4400001,,,,,9.812000275,2.5999999,,,,,9.812000275,2.4800000,
,,,9.816000938,2.3599999,,,,,9.816000938,2.3999999,,,,,9.816000938,2.72000003,,,,,9.816000938,2.4800000,
,,,9.820000648,2.3599999,,,,,9.820000648,2.4400001,,,,,9.820000648,2.75999999,,,,,9.820000648,2.3599999,
,,,9.824000359,2.3599999,,,,,9.824000359,2.4400001,,,,,9.824000359,2.6399999,,,,,9.824000359,2.3999999,
,,,9.828000069,2.3999999,,,,,9.828000069,2.3999999,,,,,9.828000069,2.5200000,,,,,9.828000069,2.3599999,
,,,9.832000732,2.3599999,,,,,9.832000732,2.4400001,,,,,9.832000732,2.6799998,,,,,9.832000732,2.3999999,
,,,9.836000443,2.3999999,,,,,9.836000443,2.4400001,,,,,9.836000443,2.6399999,,,,,9.836000443,2.4800000,
,,,9.840000153,2.3599999,,,,,9.840000153,2.3999999,,,,,9.840000153,2.72000003,,,,,9.840000153,2.3199999,
,,,9.844000816,2.3599999,,,,,9.844000816,2.4400001,,,,,9.844000816,2.83999991,,,,,9.844000816,2.3999999,
,,,9.848000526,2.3599999,,,,,9.848000526,2.4400001,,,,,9.848000526,2.6799998,,,,,9.848000526,2.3199999,
,,,9.852000237,2.3599999,,,,,9.852000237,2.3999999,,,,,9.852000237,2.6399999,,,,,9.852000237,2.3199999,
,,,9.856000900,2.3999999,,,,,9.856000900,2.3999999,,,,,9.856000900,2.5999999,,,,,9.856000900,2.3999999,
,,,9.860000610,2.3599999,,,,,9.860000610,2.4400001,,,,,9.860000610,2.6399999,,,,,9.860000610,2.3599999,
,,,9.864000320,2.3599999,,,,,9.864000320,2.4400001,,,,,9.864000320,2.6399999,,,,,9.864000320,2.2800000,
,,,9.868000031,2.3599999,,,,,9.868000031,2.4400001,,,,,9.868000031,2.5599999,,,,,9.868000031,2.2800000,
,,,9.872000694,2.3999999,,,,,9.872000694,2.4400001,,,,,9.872000694,2.6799998,,,,,9.872000694,2.3199999,
,,,9.876000404,2.3599999,,,,,9.876000404,2.4400001,,,,,9.876000404,2.75999999,,,,,9.876000404,2.3599999,
,,,9.880000114,2.3599999,,,,,9.880000114,2.3999999,,,,,9.880000114,2.6399999,,,,,9.880000114,2.3199999,
,,,9.884000778,2.3599999,,,,,9.884000778,2.4400001,,,,,9.884000778,2.6799998,,,,,9.884000778,2.3999999,
,,,9.888000488,2.3599999,,,,,9.888000488,2.3999999,,,,,9.888000488,2.83999991,,,,,9.888000488,2.3199999,
,,,9.892000198,2.3599999,,,,,9.892000198,2.4400001,,,,,9.892000198,2.6799998,,,,,9.892000198,2.3199999,
,,,9.896000862,2.3599999,,,,,9.896000862,2.3999999,,,,,9.896000862,2.72000003,,,,,9.896000862,2.3599999,
,,,9.900000572,2.3999999,,,,,9.900000572,2.4400001,,,,,9.900000572,2.6799998,,,,,9.900000572,2.3199999,
,,,9.904000282,2.3599999,,,,,9.904000282,2.4400001,,,,,9.904000282,2.75999999,,,,,9.904000282,2.3599999,
,,,9.908000946,2.3599999,,,,,9.908000946,2.3999999,,,,,9.908000946,2.72000003,,,,,9.908000946,2.3599999,
,,,9.912000656,2.3599999,,,,,9.912000656,2.4400001,,,,,9.912000656,2.6399999,,,,,9.912000656,2.3999999,
,,,9.916000366,2.3599999,,,,,9.916000366,2.4400001,,,,,9.916000366,2.6399999,,,,,9.916000366,2.3999999,
,,,9.920000076,2.3599999,,,,,9.920000076,2.4400001,,,,,9.920000076,2.75999999,,,,,9.920000076,2.3599999,
,,,9.924000740,2.3599999,,,,,9.924000740,2.3999999,,,,,9.924000740,2.72000003,,,,,9.924000740,2.3999999,
,,,9.928000450,2.3599999,,,,,9.928000450,2.4400001,,,,,9.928000450,2.75999999,,,,,9.928000450,2.3599999,
,,,9.932000160,2.3599999,,,,,9.932000160,2.4400001,,,,,9.932000160,2.6799998,,,,,9.932000160,2.4800000,
,,,9.936000824,2.3599999,,,,,9.936000824,2.4400001,,,,,9.936000824,2.83999991,,,,,9.936000824,2.4800000,
,,,9.940000534,2.3599999,,,,,9.940000534,2.4400001,,,,,9.940000534,2.5999999,,,,,9.940000534,2.3999999,
,,,9.944000244,2.3599999,,,,,9.944000244,2.3999999,,,,,9.944000244,2.83999991,,,,,9.944000244,2.3599999,
,,,9.948000908,2.3999999,,,,,9.948000908,2.4400001,,,,,9.948000908,2.75999999,,,,,9.948000908,2.4400001,
,,,9.952000618,2.3599999,,,,,9.952000618,2.4400001,,,,,9.952000618,2.72000003,,,,,9.952000618,2.4400001,
,,,9.956000328,2.3599999,,,,,9.956000328,2.4400001,,,,,9.956000328,2.6799998,,,,,9.956000328,2.2800000,
,,,9.960000038,2.3599999,,,,,9.960000038,2.4400001,,,,,9.960000038,2.91999984,,,,,9.960000038,2.3999999,
,,,9.964000702,2.3599999,,,,,9.964000702,2.4400001,,,,,9.964000702,2.91999984,,,,,9.964000702,2.3599999,
,,,9.968000412,2.3599999,,,,,9.968000412,2.4400001,,,,,9.968000412,2.72000003,,,,,9.968000412,2.2400000,
,,,9.972000122,2.3599999,,,,,9.972000122,2.4400001,,,,,9.972000122,2.79999995,,,,,9.972000122,3.15999985,
,,,9.976000786,2.3599999,,,,,9.976000786,2.3999999,,,,,9.976000786,2.72000003,,,,,9.976000786,2.4400001,
,,,9.980000496,2.3599999,,,,,9.980000496,2.3999999,,,,,9.980000496,2.79999995,,,,,9.980000496,2.3999999,
,,,9.984000206,2.3599999,,,,,9.984000206,2.4400001,,,,,9.984000206,2.75999999,,,,,9.984000206,2.3199999,
,,,9.988000870,2.3999999,,,,,9.988000870,2.4400001,,,,,9.988000870,2.75999999,,,,,9.988000870,2.3599999,
,,,9.992000580,2.3599999,,,,,9.992000580,2.4400001,,,,,9.992000580,2.83999991,,,,,9.992000580,2.4800000,
,,,9.996000290,2.3599999,,,,,9.996000290,2.4400001,,,,,9.996000290,2.75999999,,,,,9.996000290,2.3199999,
